customer_id,age,income,region,occupation,score,target,ead,shap_age,shap_income,shap_region,shap_occupation
1,58,126820,North,Business,0.16239780813448107,0,162727,-0.05,-0.1,0.02,0.03
2,69,66023,North,Business,0.12256463161084011,0,114925,-0.05,-0.1,0.02,0.03
3,50,143707,East,Business,0.5834959481464843,0,280608,-0.15,-0.25,0.05,0.1
4,57,52747,East,Salaried,0.28242799368681437,0,169346,-0.05,-0.1,0.02,0.03
5,32,119092,North,Salaried,0.16820964947491662,0,191699,-0.05,-0.1,0.02,0.03
6,43,123969,East,Salaried,0.10638650088808568,0,170174,-0.05,-0.1,0.02,0.03
7,37,130077,North,Business,0.17289443511522495,0,247629,-0.05,-0.1,0.02,0.03
8,33,90757,North,Salaried,0.4369139098379994,0,87065,-0.05,-0.1,0.02,0.03
9,43,82606,East,Salaried,0.1353970008207678,0,51016,-0.05,-0.1,0.02,0.03
10,50,73247,North,Business,0.31587685295563195,0,244776,-0.05,-0.1,0.02,0.03
11,58,101214,North,Salaried,0.10625456269647758,0,243664,-0.05,-0.1,0.02,0.03
12,60,112002,East,Business,0.6120572031542851,1,279312,-0.15,-0.25,0.05,0.1
13,68,114505,North,Business,0.4452413703502375,0,163569,-0.05,-0.1,0.02,0.03
14,36,41837,South,Salaried,0.6312958305066868,0,143335,0.2,0.2,0.1,0.05
15,64,120592,North,Salaried,0.48868483815564157,0,148806,-0.05,-0.1,0.02,0.03
16,68,50206,North,Business,0.11016765069763808,0,100015,-0.05,-0.1,0.02,0.03
17,61,137939,East,Salaried,0.19971689165954998,0,214899,-0.05,-0.1,0.02,0.03
18,36,125450,North,Business,0.45218713560610313,0,223629,-0.05,-0.1,0.02,0.03
19,35,145003,East,Business,0.17462802355441434,1,202906,-0.05,-0.1,0.02,0.03
20,57,71976,North,Business,0.1440207698110707,0,242445,-0.05,-0.1,0.02,0.03
21,29,34474,West,SelfEmp,0.6517380326327977,1,214856,0.35,0.25,0.15,0.2
22,62,148098,East,Business,0.19765020889910967,0,111087,-0.05,-0.1,0.02,0.03
23,41,102733,North,Business,0.38490823596977686,0,143264,-0.05,-0.1,0.02,0.03
24,31,50854,North,Business,0.46330635438666146,0,100859,-0.05,-0.1,0.02,0.03
25,35,137455,North,Business,0.1323413305330861,0,193760,-0.05,-0.1,0.02,0.03
26,53,102083,East,Business,0.2595297769778212,0,72671,-0.05,-0.1,0.02,0.03
27,35,101663,North,Salaried,0.33635717727529674,0,174249,-0.05,-0.1,0.02,0.03
28,48,61411,East,Salaried,0.16974657160199658,0,121295,-0.05,-0.1,0.02,0.03
29,69,87504,North,Business,0.39408644769630885,0,71918,-0.05,-0.1,0.02,0.03
30,64,66646,East,Business,0.4268888800804863,0,161472,-0.05,-0.1,0.02,0.03
31,41,70932,North,Business,0.35324058290930715,0,167858,-0.05,-0.1,0.02,0.03
32,45,116690,East,Business,0.261803250848876,1,210371,-0.05,-0.1,0.02,0.03
33,37,35539,South,Salaried,0.7746385471317698,0,128354,0.2,0.2,0.1,0.05
34,54,132018,North,Salaried,0.21356838989498628,0,127505,-0.05,-0.1,0.02,0.03
35,45,100108,North,Business,0.3848716885390143,0,141412,-0.05,-0.1,0.02,0.03
36,37,52399,South,Salaried,0.7360426307641406,0,150271,0.2,0.2,0.1,0.05
37,41,90818,East,Salaried,0.20018472744223367,0,97333,-0.05,-0.1,0.02,0.03
38,37,69738,North,Business,0.2400313630778703,0,220862,-0.05,-0.1,0.02,0.03
39,34,143179,North,Business,0.21230894497634234,0,159616,-0.05,-0.1,0.02,0.03
40,25,35757,West,SelfEmp,0.7425396750638611,1,138711,0.35,0.25,0.15,0.2
41,60,116235,North,Business,0.2177795568278343,0,56102,-0.05,-0.1,0.02,0.03
42,32,76641,North,Business,0.47446190966431245,0,232957,-0.05,-0.1,0.02,0.03
43,44,41093,South,Salaried,0.639661695324041,1,90729,0.2,0.2,0.1,0.05
44,46,77751,North,Salaried,0.38099363359484373,0,104748,-0.05,-0.1,0.02,0.03
45,55,100993,North,Business,0.4652962210225885,0,160627,-0.05,-0.1,0.02,0.03
46,30,127575,East,Business,0.41831706777444044,1,236838,-0.05,-0.1,0.02,0.03
47,22,38121,West,SelfEmp,0.7596185307545218,1,238834,0.35,0.25,0.15,0.2
48,51,105609,East,Business,0.20010054420634563,0,234078,-0.05,-0.1,0.02,0.03
49,66,130135,North,Business,0.1863284109987373,0,137235,-0.05,-0.1,0.02,0.03
50,61,106179,East,Salaried,0.37980488430687753,0,144476,-0.05,-0.1,0.02,0.03
51,59,141794,North,Business,0.2083329005048297,0,162566,-0.05,-0.1,0.02,0.03
52,55,58308,East,Salaried,0.2713257899760431,0,166352,-0.05,-0.1,0.02,0.03
53,30,37805,South,Salaried,0.573468322520323,1,136556,0.2,0.2,0.1,0.05
54,45,63500,North,Business,0.3217416210045603,0,240710,-0.05,-0.1,0.02,0.03
55,23,38284,West,SelfEmp,0.6800411619514106,1,129435,0.35,0.25,0.15,0.2
56,21,43525,West,SelfEmp,0.8638651460027518,0,215435,0.35,0.25,0.15,0.2
57,25,48805,West,SelfEmp,0.7584629123094933,1,143049,0.35,0.25,0.15,0.2
58,65,118385,East,Salaried,0.1061218161161539,1,59823,-0.05,-0.1,0.02,0.03
59,34,66364,East,Business,0.12822749896017194,0,144704,-0.05,-0.1,0.02,0.03
60,61,110890,East,Business,0.37086733695319274,0,141680,-0.05,-0.1,0.02,0.03
61,66,147856,North,Business,0.46214025678242554,0,158940,-0.05,-0.1,0.02,0.03
62,63,102161,East,Business,0.41168893969307013,0,177350,-0.15,-0.25,0.05,0.1
63,28,48132,West,SelfEmp,0.8612188277423637,1,185953,0.35,0.25,0.15,0.2
64,36,53267,East,Salaried,0.23933464178127895,1,57543,-0.05,-0.1,0.02,0.03
65,50,139084,North,Business,0.17097581751188912,0,97295,-0.05,-0.1,0.02,0.03
66,64,135999,East,Business,0.20000657968644187,0,188429,-0.05,-0.1,0.02,0.03
67,41,86208,North,Salaried,0.3959635041789499,0,236141,-0.05,-0.1,0.02,0.03
68,49,96959,North,Business,0.21905406980372435,0,129459,-0.05,-0.1,0.02,0.03
69,29,49466,West,SelfEmp,0.6728216691965334,1,202637,0.35,0.25,0.15,0.2
70,48,110921,North,Business,0.2793782087913279,0,192202,-0.05,-0.1,0.02,0.03
71,65,117192,East,Business,0.4340393806052344,1,171689,-0.15,-0.25,0.05,0.1
72,25,48714,West,SelfEmp,0.871926045689575,1,126801,0.35,0.25,0.15,0.2
73,38,73625,East,Business,0.44674748212433657,0,71677,-0.05,-0.1,0.02,0.03
74,38,143105,North,Business,0.1586419286768102,0,104693,-0.05,-0.1,0.02,0.03
75,30,133285,East,Salaried,0.4788994309535435,1,141267,-0.05,-0.1,0.02,0.03
76,60,84578,North,Business,0.32336169989432206,0,236201,-0.05,-0.1,0.02,0.03
77,32,136188,North,Business,0.28746425679765053,0,236843,-0.05,-0.1,0.02,0.03
78,68,102224,North,Salaried,0.19500258851698798,0,78016,-0.05,-0.1,0.02,0.03
79,30,32105,South,Salaried,0.5530386186724541,0,114620,0.2,0.2,0.1,0.05
80,45,143045,North,Salaried,0.46764628611146375,0,211426,-0.05,-0.1,0.02,0.03
81,47,121726,North,Salaried,0.3782994755938469,0,160133,-0.05,-0.1,0.02,0.03
82,45,91430,North,Salaried,0.21238527583689215,1,71447,-0.05,-0.1,0.02,0.03
83,53,116203,North,Business,0.1678719615582262,0,152023,-0.05,-0.1,0.02,0.03
84,57,77355,North,Salaried,0.2039799451417051,0,171790,-0.05,-0.1,0.02,0.03
85,62,105284,East,Salaried,0.3738924690215517,0,215421,-0.05,-0.1,0.02,0.03
86,26,30713,West,SelfEmp,0.7541597644346199,1,195672,0.35,0.25,0.15,0.2
87,59,73793,North,Salaried,0.16593370445480038,0,111813,-0.05,-0.1,0.02,0.03
88,61,112292,East,Salaried,0.25719577959154366,0,96540,-0.05,-0.1,0.02,0.03
89,29,32266,West,SelfEmp,0.6834630297001583,1,167926,0.35,0.25,0.15,0.2
90,46,110100,North,Salaried,0.49865473482956213,0,73524,-0.05,-0.1,0.02,0.03
91,39,82201,North,Salaried,0.19643393293185274,0,215888,-0.05,-0.1,0.02,0.03
92,42,107091,East,Salaried,0.3686802737623427,0,86187,-0.05,-0.1,0.02,0.03
93,68,64489,East,Business,0.29048427871560567,0,213121,-0.05,-0.1,0.02,0.03
94,34,74285,North,Salaried,0.33598235885505445,0,65254,-0.05,-0.1,0.02,0.03
95,50,127709,East,Salaried,0.1851856646035643,0,128587,-0.05,-0.1,0.02,0.03
96,63,123553,East,Salaried,0.27498996880949167,1,144456,-0.05,-0.1,0.02,0.03
97,53,92318,East,Business,0.3488346800911494,0,153196,-0.05,-0.1,0.02,0.03
98,37,49856,South,Salaried,0.6730290732698846,1,182468,0.2,0.2,0.1,0.05
99,31,119836,East,Salaried,0.33185997378869536,0,187326,-0.05,-0.1,0.02,0.03
100,36,45183,South,Salaried,0.5879756733780737,1,104071,0.2,0.2,0.1,0.05
101,53,132679,East,Business,0.5234983643072584,1,314506,-0.15,-0.25,0.05,0.1
102,48,107108,North,Business,0.21143613561278346,0,129252,-0.05,-0.1,0.02,0.03
103,34,66907,East,Business,0.2457079444192302,0,162428,-0.05,-0.1,0.02,0.03
104,55,60488,North,Salaried,0.3751138868384333,0,200334,-0.05,-0.1,0.02,0.03
105,46,145257,East,Salaried,0.13380680307227277,0,181374,-0.05,-0.1,0.02,0.03
106,51,58717,East,Business,0.24756545582790898,0,197820,-0.05,-0.1,0.02,0.03
107,28,30126,West,SelfEmp,0.8217913763508328,0,175658,0.35,0.25,0.15,0.2
108,47,138869,North,Salaried,0.19698820145389187,0,161076,-0.05,-0.1,0.02,0.03
109,56,141128,East,Business,0.6522129957633793,0,197915,-0.15,-0.25,0.05,0.1
110,42,56168,East,Business,0.4156684954429354,0,76734,-0.05,-0.1,0.02,0.03
111,51,129905,North,Business,0.33461417386430364,0,150776,-0.05,-0.1,0.02,0.03
112,55,98447,East,Salaried,0.2424386903591385,1,53812,-0.05,-0.1,0.02,0.03
113,51,142436,East,Business,0.19838309135380328,0,237210,-0.05,-0.1,0.02,0.03
114,43,43918,South,Salaried,0.5639133723392439,0,104818,0.2,0.2,0.1,0.05
115,25,35787,West,SelfEmp,0.8993138836920986,0,161427,0.35,0.25,0.15,0.2
116,33,137886,East,Business,0.20316113081797593,0,63234,-0.05,-0.1,0.02,0.03
117,31,50846,North,Business,0.2906477936505648,0,187541,-0.05,-0.1,0.02,0.03
118,33,141922,East,Salaried,0.3944988734793953,0,117584,-0.05,-0.1,0.02,0.03
119,67,51828,East,Salaried,0.4728057369027737,0,97362,-0.05,-0.1,0.02,0.03
120,22,25009,West,SelfEmp,0.7871507794845383,1,159809,0.35,0.25,0.15,0.2
121,31,84387,North,Salaried,0.3726010888895718,0,143070,-0.05,-0.1,0.02,0.03
122,64,143789,North,Salaried,0.44029098400658195,0,92929,-0.05,-0.1,0.02,0.03
123,37,35256,South,Salaried,0.6012504525133093,1,197248,0.2,0.2,0.1,0.05
124,51,55951,North,Business,0.4311763548709968,0,211595,-0.05,-0.1,0.02,0.03
125,34,45524,South,Salaried,0.7536436800578455,0,185881,0.2,0.2,0.1,0.05
126,54,64060,East,Salaried,0.37319282536685294,0,210359,-0.05,-0.1,0.02,0.03
127,67,121520,North,Salaried,0.3010881560369917,0,215088,-0.05,-0.1,0.02,0.03
128,31,68381,North,Business,0.19161015636991854,0,91157,-0.05,-0.1,0.02,0.03
129,36,133122,East,Business,0.1557088290653549,0,121324,-0.05,-0.1,0.02,0.03
130,59,59446,North,Business,0.4990770463695373,0,94028,-0.05,-0.1,0.02,0.03
131,62,117779,East,Business,0.40498347429627624,0,224944,-0.05,-0.1,0.02,0.03
132,42,53710,South,Salaried,0.644705391389229,1,144435,0.2,0.2,0.1,0.05
133,58,70103,North,Salaried,0.1917005580930566,0,70609,-0.05,-0.1,0.02,0.03
134,23,31898,West,SelfEmp,0.7913770868307435,0,220420,0.35,0.25,0.15,0.2
135,39,126325,East,Business,0.2694387449681932,0,140474,-0.05,-0.1,0.02,0.03
136,42,37783,South,Salaried,0.6764721697211166,0,136942,0.2,0.2,0.1,0.05
137,41,89915,East,Business,0.3786603295507569,1,154263,-0.05,-0.1,0.02,0.03
138,57,115310,East,Salaried,0.2696522685209544,0,225399,-0.05,-0.1,0.02,0.03
139,40,63718,North,Business,0.1943624138380325,0,228595,-0.05,-0.1,0.02,0.03
140,38,64622,South,Salaried,0.6278610660114103,1,143374,0.2,0.2,0.1,0.05
141,38,125060,North,Business,0.4211413794392046,0,63224,-0.05,-0.1,0.02,0.03
142,33,64393,South,Salaried,0.7799639041031902,1,88666,0.2,0.2,0.1,0.05
143,46,56783,North,Salaried,0.2809758064530774,0,117526,-0.05,-0.1,0.02,0.03
144,34,52359,South,Salaried,0.6278682927831893,0,84757,0.2,0.2,0.1,0.05
145,67,128356,East,Business,0.5545521047220437,1,169816,-0.15,-0.25,0.05,0.1
146,35,54917,South,Salaried,0.571337417019661,0,100806,0.2,0.2,0.1,0.05
147,42,91949,North,Salaried,0.18396223723823432,1,52079,-0.05,-0.1,0.02,0.03
148,58,140397,East,Business,0.33498144169362976,0,88258,-0.05,-0.1,0.02,0.03
149,31,56645,East,Salaried,0.26030522435013037,0,169614,-0.05,-0.1,0.02,0.03
150,37,42342,South,Salaried,0.7865288655334082,1,179785,0.2,0.2,0.1,0.05
151,63,102603,North,Salaried,0.49157257424638445,0,159575,-0.05,-0.1,0.02,0.03
152,27,47338,West,SelfEmp,0.7077686991470179,1,234684,0.35,0.25,0.15,0.2
153,66,122258,North,Salaried,0.32268863391334646,0,123506,-0.05,-0.1,0.02,0.03
154,43,125039,East,Business,0.43208794582679666,0,177157,-0.05,-0.1,0.02,0.03
155,65,137057,East,Business,0.40390057705322086,0,152198,-0.15,-0.25,0.05,0.1
156,48,63859,North,Business,0.3815784540554038,1,73236,-0.05,-0.1,0.02,0.03
157,31,144914,North,Salaried,0.20722545632915051,0,182351,-0.05,-0.1,0.02,0.03
158,63,112516,East,Salaried,0.4793813227848627,0,211047,-0.05,-0.1,0.02,0.03
159,43,49063,South,Salaried,0.7963418280604337,1,117599,0.2,0.2,0.1,0.05
160,46,52573,North,Business,0.3795383412643618,0,73752,-0.05,-0.1,0.02,0.03
161,40,41372,South,Salaried,0.7228054644024137,0,136133,0.2,0.2,0.1,0.05
162,50,142201,East,Salaried,0.2096220882748824,0,171829,-0.05,-0.1,0.02,0.03
163,52,98756,East,Business,0.1547542520275229,1,79402,-0.05,-0.1,0.02,0.03
164,41,96828,North,Salaried,0.17014851144937984,1,85737,-0.05,-0.1,0.02,0.03
165,31,88709,North,Salaried,0.1331194671700506,0,103276,-0.05,-0.1,0.02,0.03
166,69,139599,East,Salaried,0.38861314444876227,0,166021,-0.05,-0.1,0.02,0.03
167,53,54853,East,Salaried,0.2935019767729651,0,164130,-0.05,-0.1,0.02,0.03
168,46,74058,North,Salaried,0.23369755632678435,0,182596,-0.05,-0.1,0.02,0.03
169,69,87904,North,Salaried,0.3819702198755812,0,160616,-0.05,-0.1,0.02,0.03
170,32,78145,North,Business,0.3778785883417707,0,138929,-0.05,-0.1,0.02,0.03
171,34,34090,South,Salaried,0.7905246964410295,0,116408,0.2,0.2,0.1,0.05
172,41,51341,East,Business,0.4033569655782726,0,61344,-0.05,-0.1,0.02,0.03
173,45,108053,East,Salaried,0.46134552505440996,0,140600,-0.05,-0.1,0.02,0.03
174,61,87641,East,Salaried,0.4997413998263339,0,69541,-0.05,-0.1,0.02,0.03
175,43,87198,North,Salaried,0.21893960294902032,1,91786,-0.05,-0.1,0.02,0.03
176,47,86062,East,Business,0.4378197594140282,0,116150,-0.05,-0.1,0.02,0.03
177,28,48522,West,SelfEmp,0.7901692985008786,1,202050,0.35,0.25,0.15,0.2
178,69,147241,North,Salaried,0.12614253631957695,0,56640,-0.05,-0.1,0.02,0.03
179,51,57564,East,Salaried,0.45439109929447485,0,160017,-0.05,-0.1,0.02,0.03
180,22,29346,West,SelfEmp,0.8686754181710499,1,168543,0.35,0.25,0.15,0.2
181,68,66371,North,Business,0.13541736424544726,0,243259,-0.05,-0.1,0.02,0.03
182,39,100072,North,Salaried,0.30900767665380924,0,52050,-0.05,-0.1,0.02,0.03
183,59,84801,East,Business,0.193443100419964,0,216472,-0.05,-0.1,0.02,0.03
184,38,53895,South,Salaried,0.5811093893242141,0,147364,0.2,0.2,0.1,0.05
185,35,50806,East,Salaried,0.47789280891656416,0,84636,-0.05,-0.1,0.02,0.03
186,36,130435,East,Salaried,0.260632094570195,0,219269,-0.05,-0.1,0.02,0.03
187,39,90042,East,Salaried,0.18819448362807015,0,236626,-0.05,-0.1,0.02,0.03
188,34,100948,East,Salaried,0.18652960921462142,0,243555,-0.05,-0.1,0.02,0.03
189,64,75425,East,Salaried,0.16155836253594202,0,111413,-0.05,-0.1,0.02,0.03
190,54,109720,East,Business,0.4440507265671695,0,204946,-0.05,-0.1,0.02,0.03
191,58,115160,North,Salaried,0.44087741333880315,0,96542,-0.05,-0.1,0.02,0.03
192,34,108762,North,Business,0.2633812852282795,0,202826,-0.05,-0.1,0.02,0.03
193,55,91873,East,Salaried,0.18807328077992455,0,135956,-0.05,-0.1,0.02,0.03
194,69,59516,East,Business,0.33696311386380706,0,182663,-0.05,-0.1,0.02,0.03
195,69,142108,North,Salaried,0.4514519945420632,0,69623,-0.05,-0.1,0.02,0.03
196,42,83130,North,Salaried,0.4720361402038955,0,119274,-0.05,-0.1,0.02,0.03
197,36,113620,North,Salaried,0.44873741109809284,0,97638,-0.05,-0.1,0.02,0.03
198,25,28741,West,SelfEmp,0.8771753273173419,1,246209,0.35,0.25,0.15,0.2
199,58,141659,North,Business,0.21481525326996512,0,247744,-0.05,-0.1,0.02,0.03
200,69,81966,East,Business,0.10362896186109,0,182079,-0.05,-0.1,0.02,0.03
201,43,59257,South,Salaried,0.6580601959731281,0,81435,0.2,0.2,0.1,0.05
202,59,76660,North,Business,0.47489139489458043,0,165953,-0.05,-0.1,0.02,0.03
203,46,130395,East,Salaried,0.33286818407050933,0,70953,-0.05,-0.1,0.02,0.03
204,22,27353,West,SelfEmp,0.8975370931876618,1,141195,0.35,0.25,0.15,0.2
205,64,71427,North,Business,0.10983476658352061,0,57813,-0.05,-0.1,0.02,0.03
206,61,143106,North,Business,0.10041179193825336,0,194097,-0.05,-0.1,0.02,0.03
207,46,139186,North,Salaried,0.16544952847666766,0,125932,-0.05,-0.1,0.02,0.03
208,61,110545,North,Business,0.19202147321257357,0,102930,-0.05,-0.1,0.02,0.03
209,57,83756,North,Salaried,0.2678909267704489,0,98901,-0.05,-0.1,0.02,0.03
210,34,55626,North,Business,0.4576396814716538,0,183052,-0.05,-0.1,0.02,0.03
211,66,131752,East,Business,0.6144772120606743,0,304091,-0.15,-0.25,0.05,0.1
212,37,71563,East,Salaried,0.4474492671822443,0,132970,-0.05,-0.1,0.02,0.03
213,36,111788,East,Business,0.11301047179650077,1,102098,-0.05,-0.1,0.02,0.03
214,64,93224,East,Business,0.4003695505499278,0,178541,-0.15,-0.25,0.05,0.1
215,65,58712,East,Business,0.2966378186965748,0,55109,-0.05,-0.1,0.02,0.03
216,31,104615,East,Salaried,0.49374056296116164,0,207661,-0.05,-0.1,0.02,0.03
217,60,76143,North,Salaried,0.40282370704448933,1,233720,-0.05,-0.1,0.02,0.03
218,26,28762,West,SelfEmp,0.6762325446045437,1,245816,0.35,0.25,0.15,0.2
219,44,124319,East,Business,0.18413983196754746,0,72431,-0.05,-0.1,0.02,0.03
220,62,99153,North,Salaried,0.45301339432784005,0,162755,-0.05,-0.1,0.02,0.03
221,68,131061,North,Business,0.37578598765490634,0,118577,-0.05,-0.1,0.02,0.03
222,21,43279,West,SelfEmp,0.8091075623859092,0,121925,0.35,0.25,0.15,0.2
223,38,76015,North,Business,0.4740807261197839,1,184461,-0.05,-0.1,0.02,0.03
224,36,148762,East,Business,0.3190369504614945,0,83662,-0.05,-0.1,0.02,0.03
225,43,65313,East,Business,0.19884129360405858,0,129148,-0.05,-0.1,0.02,0.03
226,48,70022,East,Business,0.3977116262379823,0,52356,-0.05,-0.1,0.02,0.03
227,47,125717,East,Salaried,0.1913818965325195,1,52920,-0.05,-0.1,0.02,0.03
228,57,129561,North,Salaried,0.1882244499689293,0,161822,-0.05,-0.1,0.02,0.03
229,41,122541,North,Salaried,0.26636294645877634,0,228980,-0.05,-0.1,0.02,0.03
230,49,149259,East,Business,0.44681259844897947,0,122099,-0.05,-0.1,0.02,0.03
231,22,47015,West,SelfEmp,0.8015471783902929,1,196707,0.35,0.25,0.15,0.2
232,41,98364,East,Business,0.4343992255124838,0,69975,-0.05,-0.1,0.02,0.03
233,59,61561,East,Business,0.48855803761665584,0,114324,-0.05,-0.1,0.02,0.03
234,29,27365,West,SelfEmp,0.6743483481383881,1,218317,0.35,0.25,0.15,0.2
235,54,119350,East,Salaried,0.2564326146607043,1,117649,-0.05,-0.1,0.02,0.03
236,34,63760,East,Business,0.15234946428733995,1,168154,-0.05,-0.1,0.02,0.03
237,43,126367,East,Salaried,0.23480127057251454,0,223312,-0.05,-0.1,0.02,0.03
238,37,129530,East,Salaried,0.2010111128301677,0,157803,-0.05,-0.1,0.02,0.03
239,25,44118,West,SelfEmp,0.8159511319054513,1,221872,0.35,0.25,0.15,0.2
240,57,133310,North,Business,0.1823364840147073,0,201409,-0.05,-0.1,0.02,0.03
241,38,97614,North,Business,0.1206787348966108,0,182130,-0.05,-0.1,0.02,0.03
242,34,79856,North,Salaried,0.11662914362015685,0,216129,-0.05,-0.1,0.02,0.03
243,63,95272,East,Salaried,0.4471673178080089,0,187710,-0.05,-0.1,0.02,0.03
244,52,129141,East,Salaried,0.11198943594907118,0,178335,-0.05,-0.1,0.02,0.03
245,37,60225,North,Salaried,0.3923317899483506,0,63669,-0.05,-0.1,0.02,0.03
246,51,98320,North,Salaried,0.47784568778960934,0,236481,-0.05,-0.1,0.02,0.03
247,55,86487,North,Business,0.40740774580951655,0,218280,-0.05,-0.1,0.02,0.03
248,62,81890,North,Business,0.430735553484751,0,208056,-0.05,-0.1,0.02,0.03
249,41,34033,South,Salaried,0.7998534314426666,1,85704,0.2,0.2,0.1,0.05
250,54,122460,North,Salaried,0.32680650439466713,0,206995,-0.05,-0.1,0.02,0.03
251,67,79165,East,Business,0.27526893856479506,1,146652,-0.05,-0.1,0.02,0.03
252,48,67772,North,Salaried,0.1480836221482434,0,141736,-0.05,-0.1,0.02,0.03
253,30,77723,East,Salaried,0.3253755709393835,0,212396,-0.05,-0.1,0.02,0.03
254,61,143680,North,Business,0.10586682281850553,0,241305,-0.05,-0.1,0.02,0.03
255,38,72612,East,Business,0.3076327140544872,0,81348,-0.05,-0.1,0.02,0.03
256,54,82779,North,Business,0.31064951890758385,0,96819,-0.05,-0.1,0.02,0.03
257,52,131709,East,Business,0.4822094783819739,0,214246,-0.05,-0.1,0.02,0.03
258,45,109182,North,Business,0.48186401201332296,0,86914,-0.05,-0.1,0.02,0.03
259,25,41524,West,SelfEmp,0.7379056718099086,1,126012,0.35,0.25,0.15,0.2
260,56,92652,North,Business,0.3156645106701018,0,235763,-0.05,-0.1,0.02,0.03
261,31,94976,North,Business,0.42926960623826416,0,164014,-0.05,-0.1,0.02,0.03
262,68,122588,North,Salaried,0.21811131568812403,0,187513,-0.05,-0.1,0.02,0.03
263,49,62149,North,Business,0.32009061686250473,0,194745,-0.05,-0.1,0.02,0.03
264,42,45222,South,Salaried,0.7094963014483244,1,89435,0.2,0.2,0.1,0.05
265,58,106393,East,Business,0.45243203284821315,0,181401,-0.15,-0.25,0.05,0.1
266,45,84084,East,Business,0.39278322703425383,0,212982,-0.05,-0.1,0.02,0.03
267,47,131571,East,Salaried,0.2695779251653208,0,76160,-0.05,-0.1,0.02,0.03
268,63,144880,North,Salaried,0.1382858222080647,0,66014,-0.05,-0.1,0.02,0.03
269,36,73711,North,Business,0.20275353905828594,0,238856,-0.05,-0.1,0.02,0.03
270,31,67727,North,Salaried,0.37805782161903756,0,213189,-0.05,-0.1,0.02,0.03
271,40,112438,East,Business,0.4274828228476931,0,83893,-0.05,-0.1,0.02,0.03
272,68,89532,East,Business,0.13426329983857221,1,195282,-0.05,-0.1,0.02,0.03
273,62,60106,East,Salaried,0.34686231335825873,0,114315,-0.05,-0.1,0.02,0.03
274,25,27475,West,SelfEmp,0.7084280204776083,1,176549,0.35,0.25,0.15,0.2
275,32,95113,North,Business,0.3677947820792761,1,200273,-0.05,-0.1,0.02,0.03
276,64,59686,East,Business,0.12405693704031409,0,242035,-0.05,-0.1,0.02,0.03
277,58,60526,North,Salaried,0.168191175269567,0,138733,-0.05,-0.1,0.02,0.03
278,45,118619,North,Business,0.3659646897948873,0,131437,-0.05,-0.1,0.02,0.03
279,57,105922,East,Business,0.4969934008633501,1,222395,-0.05,-0.1,0.02,0.03
280,59,148452,East,Business,0.20281890657283197,0,54895,-0.05,-0.1,0.02,0.03
281,41,39715,South,Salaried,0.7271861744357442,1,199264,0.2,0.2,0.1,0.05
282,62,148945,East,Business,0.5142728576532962,0,328936,-0.15,-0.25,0.05,0.1
283,40,88067,East,Salaried,0.47695480764089326,0,140373,-0.05,-0.1,0.02,0.03
284,44,54437,East,Salaried,0.25641710522326977,0,148864,-0.05,-0.1,0.02,0.03
285,31,51932,South,Salaried,0.645155823369145,0,143133,0.2,0.2,0.1,0.05
286,32,144031,North,Business,0.4274940016297081,0,74226,-0.05,-0.1,0.02,0.03
287,31,37373,South,Salaried,0.7939025502149788,0,85656,0.2,0.2,0.1,0.05
288,62,123822,East,Salaried,0.342501175100391,0,195788,-0.05,-0.1,0.02,0.03
289,64,101112,East,Salaried,0.36652275433401593,0,151268,-0.05,-0.1,0.02,0.03
290,29,38891,West,SelfEmp,0.6699913485898255,0,230719,0.35,0.25,0.15,0.2
291,42,124270,East,Business,0.27580467545316406,0,128213,-0.05,-0.1,0.02,0.03
292,22,30179,West,SelfEmp,0.7411995547861324,1,199364,0.35,0.25,0.15,0.2
293,39,105677,North,Business,0.12311222439854666,0,206104,-0.05,-0.1,0.02,0.03
294,38,79794,North,Salaried,0.41307841629765973,0,187478,-0.05,-0.1,0.02,0.03
295,62,147539,East,Salaried,0.19155784193864545,0,215243,-0.05,-0.1,0.02,0.03
296,65,62411,East,Salaried,0.3897269878706645,0,107022,-0.05,-0.1,0.02,0.03
297,64,146774,North,Business,0.29265393861394495,0,126373,-0.05,-0.1,0.02,0.03
298,31,113037,North,Salaried,0.10767691072922268,0,204249,-0.05,-0.1,0.02,0.03
299,68,141012,North,Salaried,0.10484830985755732,0,237604,-0.05,-0.1,0.02,0.03
300,54,143420,East,Business,0.41278996278610985,0,334816,-0.15,-0.25,0.05,0.1
301,50,79300,East,Business,0.16001946587759372,0,214433,-0.05,-0.1,0.02,0.03
302,58,76035,North,Business,0.2569574886113898,1,167360,-0.05,-0.1,0.02,0.03
303,46,53191,North,Salaried,0.3752538824346169,0,187244,-0.05,-0.1,0.02,0.03
304,69,140900,East,Salaried,0.2981808413843927,0,101399,-0.05,-0.1,0.02,0.03
305,66,97099,East,Business,0.5351858970189274,1,328756,-0.15,-0.25,0.05,0.1
306,30,72614,North,Business,0.11666916024095371,0,113530,-0.05,-0.1,0.02,0.03
307,53,139570,East,Salaried,0.48260055931979207,0,225929,-0.05,-0.1,0.02,0.03
308,65,59866,East,Salaried,0.4769261558692771,0,238978,-0.05,-0.1,0.02,0.03
309,34,40759,South,Salaried,0.616261607081251,1,158815,0.2,0.2,0.1,0.05
310,46,67630,East,Business,0.191136967017244,1,232051,-0.05,-0.1,0.02,0.03
311,43,92600,North,Salaried,0.3121208532996633,0,238785,-0.05,-0.1,0.02,0.03
312,65,75227,North,Business,0.1455826538857269,0,89071,-0.05,-0.1,0.02,0.03
313,61,110703,East,Business,0.15123829854648002,0,239351,-0.05,-0.1,0.02,0.03
314,38,72168,East,Salaried,0.32003677618326243,0,142949,-0.05,-0.1,0.02,0.03
315,49,96804,East,Business,0.29841913547195464,0,242404,-0.05,-0.1,0.02,0.03
316,61,98758,North,Salaried,0.20337264811672726,0,150500,-0.05,-0.1,0.02,0.03
317,50,65997,East,Business,0.39139627086464535,0,195643,-0.05,-0.1,0.02,0.03
318,26,45714,West,SelfEmp,0.7173328245755063,1,168908,0.35,0.25,0.15,0.2
319,42,54858,South,Salaried,0.7912824355317492,1,126486,0.2,0.2,0.1,0.05
320,42,53754,North,Salaried,0.3973695144306437,0,199109,-0.05,-0.1,0.02,0.03
321,58,79725,North,Business,0.3545165415916992,0,210878,-0.05,-0.1,0.02,0.03
322,39,52656,South,Salaried,0.7354280153782325,0,118787,0.2,0.2,0.1,0.05
323,39,32520,South,Salaried,0.6887712373255717,0,160102,0.2,0.2,0.1,0.05
324,31,81656,East,Salaried,0.31547826693721565,0,158777,-0.05,-0.1,0.02,0.03
325,41,76832,East,Business,0.39981819378755534,0,196451,-0.05,-0.1,0.02,0.03
326,60,55110,East,Business,0.30082008539537886,0,59596,-0.05,-0.1,0.02,0.03
327,39,116549,North,Business,0.2566102792711318,0,52023,-0.05,-0.1,0.02,0.03
328,39,56661,South,Salaried,0.5917212794637178,1,117804,0.2,0.2,0.1,0.05
329,36,32563,South,Salaried,0.6775274281247063,0,128868,0.2,0.2,0.1,0.05
330,33,86727,East,Business,0.37058717489054493,0,244718,-0.05,-0.1,0.02,0.03
331,23,37080,West,SelfEmp,0.8091226627622885,1,169815,0.35,0.25,0.15,0.2
332,59,71817,East,Salaried,0.41544598586896264,0,107775,-0.05,-0.1,0.02,0.03
333,59,78854,North,Salaried,0.19434303965747485,0,231360,-0.05,-0.1,0.02,0.03
334,40,66184,East,Business,0.35702607981407664,0,84051,-0.05,-0.1,0.02,0.03
335,56,80254,East,Business,0.2535331807732176,0,53471,-0.05,-0.1,0.02,0.03
336,69,120268,East,Business,0.693894014510165,0,243808,-0.15,-0.25,0.05,0.1
337,35,103072,North,Salaried,0.4130327759405352,0,75122,-0.05,-0.1,0.02,0.03
338,34,112812,East,Salaried,0.29236240030122784,0,206351,-0.05,-0.1,0.02,0.03
339,35,76201,East,Business,0.3911757227895061,0,144848,-0.05,-0.1,0.02,0.03
340,65,92821,North,Business,0.1900894809073959,0,188808,-0.05,-0.1,0.02,0.03
341,53,112424,East,Salaried,0.1275832065425685,0,142573,-0.05,-0.1,0.02,0.03
342,27,25162,West,SelfEmp,0.7189030846697364,0,170057,0.35,0.25,0.15,0.2
343,60,59833,North,Salaried,0.20725560803820536,0,55347,-0.05,-0.1,0.02,0.03
344,24,33017,West,SelfEmp,0.8766093633361027,1,167299,0.35,0.25,0.15,0.2
345,56,147798,East,Salaried,0.19471372372455417,0,229402,-0.05,-0.1,0.02,0.03
346,44,115428,East,Business,0.26751732762966457,0,201716,-0.05,-0.1,0.02,0.03
347,47,78228,North,Salaried,0.17923905310389607,0,68322,-0.05,-0.1,0.02,0.03
348,50,79055,East,Salaried,0.17320617769389085,0,210372,-0.05,-0.1,0.02,0.03
349,59,105352,East,Business,0.6551848173523414,0,212032,-0.15,-0.25,0.05,0.1
350,63,121707,East,Salaried,0.12706734476000064,0,136544,-0.05,-0.1,0.02,0.03
351,35,119184,East,Salaried,0.15638385100870772,0,161672,-0.05,-0.1,0.02,0.03
352,63,126943,East,Salaried,0.3603893868603817,0,124071,-0.05,-0.1,0.02,0.03
353,67,80651,North,Business,0.49122472718941146,0,60800,-0.05,-0.1,0.02,0.03
354,56,108708,East,Business,0.4494119060296888,0,311645,-0.15,-0.25,0.05,0.1
355,44,122055,East,Salaried,0.36385174655789687,0,50781,-0.05,-0.1,0.02,0.03
356,69,68489,East,Business,0.32319229551305595,0,203335,-0.05,-0.1,0.02,0.03
357,37,141179,North,Business,0.2991250032137161,0,229635,-0.05,-0.1,0.02,0.03
358,48,56852,North,Salaried,0.18150658365107564,0,172775,-0.05,-0.1,0.02,0.03
359,65,107828,North,Business,0.4191656638463577,0,248893,-0.05,-0.1,0.02,0.03
360,49,135445,East,Business,0.22670467082701068,0,115794,-0.05,-0.1,0.02,0.03
361,69,56629,North,Business,0.180806267360996,0,83380,-0.05,-0.1,0.02,0.03
362,66,117843,East,Business,0.48710235084135556,0,175576,-0.05,-0.1,0.02,0.03
363,45,104400,North,Salaried,0.4936441276145992,0,169052,-0.05,-0.1,0.02,0.03
364,57,51125,East,Salaried,0.3624536072082323,0,189076,-0.05,-0.1,0.02,0.03
365,62,76819,North,Business,0.4561032212071209,0,82994,-0.05,-0.1,0.02,0.03
366,58,99587,East,Business,0.6754623998868325,0,231835,-0.15,-0.25,0.05,0.1
367,31,102142,East,Business,0.22562431799709282,0,227109,-0.05,-0.1,0.02,0.03
368,57,109165,East,Business,0.38480560813231235,0,145648,-0.05,-0.1,0.02,0.03
369,63,95096,North,Salaried,0.1765041671658347,0,134246,-0.05,-0.1,0.02,0.03
370,51,56416,North,Business,0.28851486695926587,1,239139,-0.05,-0.1,0.02,0.03
371,63,51089,North,Business,0.10152685364973886,0,126229,-0.05,-0.1,0.02,0.03
372,30,71447,North,Salaried,0.1308312047805843,0,137960,-0.05,-0.1,0.02,0.03
373,64,146510,East,Business,0.42055162198809387,1,331172,-0.15,-0.25,0.05,0.1
374,43,105267,East,Salaried,0.40642591061412103,0,79516,-0.05,-0.1,0.02,0.03
375,62,136661,North,Salaried,0.32417625239217596,0,196295,-0.05,-0.1,0.02,0.03
376,43,52659,North,Business,0.15153948480010193,0,62109,-0.05,-0.1,0.02,0.03
377,54,73383,East,Business,0.4864973642827193,0,234402,-0.05,-0.1,0.02,0.03
378,32,71778,North,Business,0.1072026222401818,1,229272,-0.05,-0.1,0.02,0.03
379,48,102142,East,Business,0.18737727315332287,0,232947,-0.05,-0.1,0.02,0.03
380,43,36816,South,Salaried,0.6671919913661265,1,175028,0.2,0.2,0.1,0.05
381,43,148344,East,Salaried,0.4611579980767949,0,131768,-0.05,-0.1,0.02,0.03
382,51,113095,North,Salaried,0.13158766487633144,0,147136,-0.05,-0.1,0.02,0.03
383,41,104306,North,Business,0.41566433863549257,0,99812,-0.05,-0.1,0.02,0.03
384,24,37132,West,SelfEmp,0.7997446270443027,1,187580,0.35,0.25,0.15,0.2
385,38,96403,North,Salaried,0.12587475740605264,1,82174,-0.05,-0.1,0.02,0.03
386,35,36317,South,Salaried,0.7434699139325391,0,106649,0.2,0.2,0.1,0.05
387,35,44567,South,Salaried,0.7870270800428606,1,141944,0.2,0.2,0.1,0.05
388,33,68230,North,Business,0.14168992112333909,0,58770,-0.05,-0.1,0.02,0.03
389,31,67569,North,Salaried,0.49353612514217515,0,90197,-0.05,-0.1,0.02,0.03
390,47,76512,North,Business,0.3416286708284877,1,162082,-0.05,-0.1,0.02,0.03
391,30,125868,North,Salaried,0.34900787829189805,0,133375,-0.05,-0.1,0.02,0.03
392,42,136716,East,Salaried,0.10306561305969014,0,218490,-0.05,-0.1,0.02,0.03
393,62,146038,North,Salaried,0.32881945734772033,0,186554,-0.05,-0.1,0.02,0.03
394,29,43184,West,SelfEmp,0.8541705438626795,1,153623,0.35,0.25,0.15,0.2
395,68,99334,North,Salaried,0.29741863213604747,0,131554,-0.05,-0.1,0.02,0.03
396,30,94199,East,Salaried,0.2644084301062183,1,236356,-0.05,-0.1,0.02,0.03
397,62,114089,North,Business,0.4284793130200907,0,173053,-0.05,-0.1,0.02,0.03
398,27,28760,West,SelfEmp,0.8009488632373469,1,189569,0.35,0.25,0.15,0.2
399,62,74995,East,Salaried,0.14841000019407724,0,128931,-0.05,-0.1,0.02,0.03
400,41,94409,North,Salaried,0.3999403057745865,0,217708,-0.05,-0.1,0.02,0.03
401,31,84610,North,Salaried,0.10405247361109736,0,126917,-0.05,-0.1,0.02,0.03
402,36,47154,South,Salaried,0.7309932638665235,1,157313,0.2,0.2,0.1,0.05
403,32,56031,East,Business,0.4280050516477424,0,144475,-0.05,-0.1,0.02,0.03
404,30,98438,North,Salaried,0.11749562892357895,0,169006,-0.05,-0.1,0.02,0.03
405,53,88392,East,Business,0.25495703426746374,0,171251,-0.05,-0.1,0.02,0.03
406,38,86788,East,Business,0.3361142171812639,0,150127,-0.05,-0.1,0.02,0.03
407,57,102395,North,Salaried,0.2723940882053185,0,245119,-0.05,-0.1,0.02,0.03
408,29,26141,West,SelfEmp,0.8263964656609561,1,165734,0.35,0.25,0.15,0.2
409,57,126708,North,Business,0.1179113802018673,0,225251,-0.05,-0.1,0.02,0.03
410,39,90379,East,Business,0.10268415612162399,0,192810,-0.05,-0.1,0.02,0.03
411,67,58767,North,Business,0.245837491279016,0,145040,-0.05,-0.1,0.02,0.03
412,30,48284,South,Salaried,0.7930063141241478,1,99799,0.2,0.2,0.1,0.05
413,40,120188,East,Business,0.11559840502996464,0,164650,-0.05,-0.1,0.02,0.03
414,31,48693,South,Salaried,0.7390534034875442,1,133161,0.2,0.2,0.1,0.05
415,66,121849,East,Salaried,0.2896025713932624,0,247393,-0.05,-0.1,0.02,0.03
416,58,111516,North,Salaried,0.160633717147952,0,217647,-0.05,-0.1,0.02,0.03
417,33,77716,North,Salaried,0.3214845941432045,0,136836,-0.05,-0.1,0.02,0.03
418,32,59569,East,Salaried,0.17784953468194878,0,225021,-0.05,-0.1,0.02,0.03
419,50,124027,North,Salaried,0.3179310630180747,0,211726,-0.05,-0.1,0.02,0.03
420,32,56762,South,Salaried,0.6018272507968896,0,165090,0.2,0.2,0.1,0.05
421,69,124965,North,Business,0.3482641919298336,0,200023,-0.05,-0.1,0.02,0.03
422,21,27660,West,SelfEmp,0.7857561459894158,1,158975,0.35,0.25,0.15,0.2
423,63,74842,East,Salaried,0.28338656982770316,0,94789,-0.05,-0.1,0.02,0.03
424,57,57684,North,Business,0.2103070273005428,0,98651,-0.05,-0.1,0.02,0.03
425,48,110011,East,Business,0.4454190090058181,0,156233,-0.05,-0.1,0.02,0.03
426,40,78064,East,Business,0.2764894854621306,0,194063,-0.05,-0.1,0.02,0.03
427,46,80386,North,Business,0.2823917103039748,0,72190,-0.05,-0.1,0.02,0.03
428,33,91862,North,Salaried,0.18018980621136113,0,132035,-0.05,-0.1,0.02,0.03
429,21,40072,West,SelfEmp,0.8732725512988537,1,168933,0.35,0.25,0.15,0.2
430,34,75518,East,Salaried,0.4705530426920347,0,208175,-0.05,-0.1,0.02,0.03
431,51,136698,North,Business,0.3108904723359201,0,50276,-0.05,-0.1,0.02,0.03
432,31,61944,East,Salaried,0.18428198554688127,1,106622,-0.05,-0.1,0.02,0.03
433,37,134761,North,Business,0.21784775853847727,0,116624,-0.05,-0.1,0.02,0.03
434,66,136156,East,Business,0.4075691128430564,0,61390,-0.05,-0.1,0.02,0.03
435,64,125969,North,Business,0.25964007522948923,0,98511,-0.05,-0.1,0.02,0.03
436,60,51381,North,Salaried,0.31965213451086905,0,111388,-0.05,-0.1,0.02,0.03
437,63,117628,North,Salaried,0.3090306397346981,0,130807,-0.05,-0.1,0.02,0.03
438,31,54297,South,Salaried,0.6105578044561417,1,184769,0.2,0.2,0.1,0.05
439,28,35350,West,SelfEmp,0.7027781177915341,0,188487,0.35,0.25,0.15,0.2
440,56,73782,North,Salaried,0.1904115991263999,0,214276,-0.05,-0.1,0.02,0.03
441,23,38364,West,SelfEmp,0.7540303570177731,0,150750,0.35,0.25,0.15,0.2
442,52,138607,East,Business,0.3343459153814077,0,75235,-0.05,-0.1,0.02,0.03
443,43,81921,East,Business,0.4290139177536787,0,96101,-0.05,-0.1,0.02,0.03
444,33,149532,North,Salaried,0.3882620581132453,0,193309,-0.05,-0.1,0.02,0.03
445,63,98766,North,Salaried,0.39945809365048,0,104238,-0.05,-0.1,0.02,0.03
446,67,93167,East,Business,0.5780457288927804,1,212551,-0.15,-0.25,0.05,0.1
447,35,130811,North,Business,0.22650805989172274,0,69008,-0.05,-0.1,0.02,0.03
448,38,35793,South,Salaried,0.6283369793962859,0,193550,0.2,0.2,0.1,0.05
449,48,52224,East,Business,0.4745284615876627,0,82441,-0.05,-0.1,0.02,0.03
450,21,37091,West,SelfEmp,0.8081779696871503,0,247881,0.35,0.25,0.15,0.2
451,34,42180,South,Salaried,0.7688778066381541,1,198295,0.2,0.2,0.1,0.05
452,46,143635,North,Salaried,0.21922088345577728,0,155426,-0.05,-0.1,0.02,0.03
453,66,95968,North,Business,0.4827199261937145,0,116914,-0.05,-0.1,0.02,0.03
454,47,55355,North,Business,0.4435826741682518,0,77364,-0.05,-0.1,0.02,0.03
455,60,130769,East,Salaried,0.3629413928680515,0,177927,-0.05,-0.1,0.02,0.03
456,65,126396,North,Salaried,0.11437546996862134,0,140887,-0.05,-0.1,0.02,0.03
457,47,73554,East,Business,0.3579330416089256,0,97591,-0.05,-0.1,0.02,0.03
458,30,124083,North,Business,0.1172027807467758,0,76672,-0.05,-0.1,0.02,0.03
459,39,32100,South,Salaried,0.7220111109590035,1,197861,0.2,0.2,0.1,0.05
460,51,58016,East,Business,0.2654570699674541,0,232885,-0.05,-0.1,0.02,0.03
461,53,62828,North,Salaried,0.4853996963550353,0,225936,-0.05,-0.1,0.02,0.03
462,57,93791,North,Salaried,0.30851841906165556,1,53866,-0.05,-0.1,0.02,0.03
463,59,80116,East,Salaried,0.10702094534665157,0,90992,-0.05,-0.1,0.02,0.03
464,36,101955,North,Business,0.328259849552374,0,236740,-0.05,-0.1,0.02,0.03
465,36,106547,North,Salaried,0.10943798585821166,1,77606,-0.05,-0.1,0.02,0.03
466,37,61308,East,Salaried,0.22116629153327705,0,156984,-0.05,-0.1,0.02,0.03
467,63,81131,North,Salaried,0.12388659558835574,0,162217,-0.05,-0.1,0.02,0.03
468,34,76423,East,Business,0.31779293312010515,1,236907,-0.05,-0.1,0.02,0.03
469,46,88458,East,Business,0.3478938285732357,1,163688,-0.05,-0.1,0.02,0.03
470,48,138330,North,Salaried,0.3109060723661026,1,57006,-0.05,-0.1,0.02,0.03
471,30,83840,North,Business,0.2349360564068094,0,68990,-0.05,-0.1,0.02,0.03
472,22,36033,West,SelfEmp,0.6868257610697426,1,125939,0.35,0.25,0.15,0.2
473,62,126721,East,Salaried,0.40443532240955027,0,202697,-0.05,-0.1,0.02,0.03
474,34,114805,East,Business,0.4043417378057983,0,93309,-0.05,-0.1,0.02,0.03
475,59,146258,East,Business,0.27821665549675634,0,189883,-0.05,-0.1,0.02,0.03
476,40,142492,East,Salaried,0.25674331856363153,0,78328,-0.05,-0.1,0.02,0.03
477,52,115851,East,Business,0.6984457881897852,1,165449,-0.15,-0.25,0.05,0.1
478,41,137178,North,Salaried,0.46775496182906906,0,173749,-0.05,-0.1,0.02,0.03
479,55,108627,East,Salaried,0.39284904273718235,0,84064,-0.05,-0.1,0.02,0.03
480,45,105745,East,Salaried,0.25711751032373736,0,126253,-0.05,-0.1,0.02,0.03
481,59,138896,North,Salaried,0.41253953624576256,1,175681,-0.05,-0.1,0.02,0.03
482,51,77691,North,Salaried,0.10361538763171688,0,217849,-0.05,-0.1,0.02,0.03
483,50,68601,East,Business,0.43921683584059357,0,55722,-0.05,-0.1,0.02,0.03
484,56,135867,North,Salaried,0.14740104943926063,0,90695,-0.05,-0.1,0.02,0.03
485,63,117712,East,Salaried,0.4044031693981568,0,59171,-0.05,-0.1,0.02,0.03
486,43,33696,South,Salaried,0.6610913373103786,1,133521,0.2,0.2,0.1,0.05
487,58,125731,North,Salaried,0.26624155836293417,0,113232,-0.05,-0.1,0.02,0.03
488,62,120099,East,Business,0.4305411048848611,0,268474,-0.15,-0.25,0.05,0.1
489,34,84681,North,Salaried,0.1592711712919782,0,207608,-0.05,-0.1,0.02,0.03
490,34,106575,North,Business,0.33203553386778184,0,158946,-0.05,-0.1,0.02,0.03
491,36,53854,South,Salaried,0.7759393929437856,0,87812,0.2,0.2,0.1,0.05
492,33,93798,East,Business,0.29901594085844085,0,70700,-0.05,-0.1,0.02,0.03
493,48,144319,North,Business,0.1828303236843421,0,212627,-0.05,-0.1,0.02,0.03
494,64,96976,North,Salaried,0.4243514324031674,0,211980,-0.05,-0.1,0.02,0.03
495,58,69991,East,Business,0.42991514251111473,0,208128,-0.05,-0.1,0.02,0.03
496,52,93884,North,Salaried,0.15114672048896705,0,99976,-0.05,-0.1,0.02,0.03
497,35,84148,North,Business,0.18022410042919318,0,135076,-0.05,-0.1,0.02,0.03
498,32,107727,North,Business,0.3917379176351986,1,201538,-0.05,-0.1,0.02,0.03
499,34,72412,North,Business,0.2211723622561717,0,204136,-0.05,-0.1,0.02,0.03
500,43,139272,East,Business,0.4607760786996601,0,176479,-0.05,-0.1,0.02,0.03
501,50,140421,North,Business,0.36440570169892816,0,60014,-0.05,-0.1,0.02,0.03
502,61,80881,North,Business,0.33350911220564466,1,62297,-0.05,-0.1,0.02,0.03
503,46,144019,East,Business,0.35286379967458303,0,192180,-0.05,-0.1,0.02,0.03
504,30,32610,South,Salaried,0.6423201925538853,0,175319,0.2,0.2,0.1,0.05
505,44,37263,South,Salaried,0.5745587480472701,0,171118,0.2,0.2,0.1,0.05
506,68,83276,East,Salaried,0.2096286357368764,0,134040,-0.05,-0.1,0.02,0.03
507,35,116899,East,Salaried,0.4426148894991707,0,75675,-0.05,-0.1,0.02,0.03
508,30,62112,North,Business,0.1652141347726364,0,83919,-0.05,-0.1,0.02,0.03
509,48,74618,East,Salaried,0.10456719338162945,0,231517,-0.05,-0.1,0.02,0.03
510,33,138791,North,Salaried,0.42685125680623404,0,153591,-0.05,-0.1,0.02,0.03
511,21,42860,West,SelfEmp,0.8296134868306375,0,231116,0.35,0.25,0.15,0.2
512,64,108002,East,Business,0.15268601143163743,0,171950,-0.05,-0.1,0.02,0.03
513,52,141649,East,Business,0.3690811976835592,0,224598,-0.05,-0.1,0.02,0.03
514,32,61889,East,Salaried,0.46243482419250426,0,87327,-0.05,-0.1,0.02,0.03
515,30,30112,South,Salaried,0.5549489145868136,1,172036,0.2,0.2,0.1,0.05
516,46,69552,North,Salaried,0.45119379879393395,0,50887,-0.05,-0.1,0.02,0.03
517,48,136741,North,Salaried,0.12263426245868625,0,96220,-0.05,-0.1,0.02,0.03
518,36,131486,North,Business,0.4123983574459966,0,172332,-0.05,-0.1,0.02,0.03
519,42,45166,South,Salaried,0.6580047318986265,0,134845,0.2,0.2,0.1,0.05
520,46,60561,East,Business,0.1453214018909857,0,183060,-0.05,-0.1,0.02,0.03
521,69,104256,East,Business,0.5039572503858155,0,209778,-0.15,-0.25,0.05,0.1
522,52,131167,East,Business,0.5892101413476355,0,238229,-0.15,-0.25,0.05,0.1
523,68,144426,North,Salaried,0.48056928833822643,0,161541,-0.05,-0.1,0.02,0.03
524,48,144803,North,Salaried,0.32135160645068295,0,178133,-0.05,-0.1,0.02,0.03
525,39,62360,North,Business,0.3440029668317943,0,218035,-0.05,-0.1,0.02,0.03
526,31,79084,East,Salaried,0.14682641656966747,0,112260,-0.05,-0.1,0.02,0.03
527,51,52994,East,Salaried,0.18105305365413726,0,173489,-0.05,-0.1,0.02,0.03
528,57,112912,North,Salaried,0.3331704227217053,0,115618,-0.05,-0.1,0.02,0.03
529,65,126872,North,Business,0.17541624229970046,0,123903,-0.05,-0.1,0.02,0.03
530,39,132289,North,Business,0.23081785766072713,1,100516,-0.05,-0.1,0.02,0.03
531,57,144574,North,Business,0.27376132760264393,0,140009,-0.05,-0.1,0.02,0.03
532,57,94816,North,Salaried,0.36827021015293027,0,244028,-0.05,-0.1,0.02,0.03
533,30,31134,South,Salaried,0.7346807876816417,1,183998,0.2,0.2,0.1,0.05
534,34,55039,East,Business,0.24194433229845913,0,103053,-0.05,-0.1,0.02,0.03
535,40,117087,East,Business,0.48059628407071486,0,207221,-0.05,-0.1,0.02,0.03
536,65,57610,North,Salaried,0.414707801342851,0,50869,-0.05,-0.1,0.02,0.03
537,56,146007,North,Business,0.24844517537205113,1,210133,-0.05,-0.1,0.02,0.03
538,68,135947,East,Salaried,0.4581384356612678,0,193927,-0.05,-0.1,0.02,0.03
539,31,70025,North,Salaried,0.38218433211339453,0,224499,-0.05,-0.1,0.02,0.03
540,66,141470,East,Business,0.429897294938803,0,96218,-0.05,-0.1,0.02,0.03
541,42,138835,East,Business,0.26305314319186235,0,81707,-0.05,-0.1,0.02,0.03
542,36,43261,South,Salaried,0.5528731183245289,1,147173,0.2,0.2,0.1,0.05
543,42,64800,South,Salaried,0.5964116762253108,0,111174,0.2,0.2,0.1,0.05
544,49,65954,North,Business,0.21567497851837994,0,127243,-0.05,-0.1,0.02,0.03
545,52,107620,North,Salaried,0.13065432259009954,0,183663,-0.05,-0.1,0.02,0.03
546,34,141683,East,Business,0.24940807075987503,0,192159,-0.05,-0.1,0.02,0.03
547,50,50136,East,Salaried,0.4315485105011835,0,213926,-0.05,-0.1,0.02,0.03
548,52,140063,North,Business,0.27568424049988693,0,161900,-0.05,-0.1,0.02,0.03
549,52,73199,East,Business,0.1918392643015875,0,55520,-0.05,-0.1,0.02,0.03
550,50,136465,North,Business,0.41577287767807647,0,114925,-0.05,-0.1,0.02,0.03
551,23,48501,West,SelfEmp,0.6803738477719414,1,210226,0.35,0.25,0.15,0.2
552,58,136313,East,Business,0.5823258049286958,0,219166,-0.15,-0.25,0.05,0.1
553,48,97221,North,Business,0.4839451210853821,0,58328,-0.05,-0.1,0.02,0.03
554,62,99170,North,Business,0.2647458961669984,0,211121,-0.05,-0.1,0.02,0.03
555,30,93937,North,Business,0.4780456755024035,0,209988,-0.05,-0.1,0.02,0.03
556,42,49071,South,Salaried,0.795108892567593,1,138692,0.2,0.2,0.1,0.05
557,32,55126,East,Salaried,0.4805768114902724,0,86413,-0.05,-0.1,0.02,0.03
558,54,100940,North,Salaried,0.45424790569670936,0,228969,-0.05,-0.1,0.02,0.03
559,54,92056,East,Business,0.43444708128289955,0,64671,-0.05,-0.1,0.02,0.03
560,61,133954,East,Business,0.4856526340355535,0,161676,-0.15,-0.25,0.05,0.1
561,51,143160,East,Business,0.6647679630317042,0,219300,-0.15,-0.25,0.05,0.1
562,69,73185,North,Business,0.18138909699903835,0,183653,-0.05,-0.1,0.02,0.03
563,69,126067,North,Business,0.31823407306765916,1,218017,-0.05,-0.1,0.02,0.03
564,44,99683,East,Salaried,0.32362371397864087,0,129698,-0.05,-0.1,0.02,0.03
565,28,39394,West,SelfEmp,0.8266585658668991,1,144123,0.35,0.25,0.15,0.2
566,60,58026,East,Salaried,0.43254708248878804,0,98008,-0.05,-0.1,0.02,0.03
567,22,47844,West,SelfEmp,0.6759196451835692,1,212067,0.35,0.25,0.15,0.2
568,66,118975,North,Business,0.4212008287831349,0,70176,-0.05,-0.1,0.02,0.03
569,23,49255,West,SelfEmp,0.8283089670208342,1,155931,0.35,0.25,0.15,0.2
570,55,125740,East,Business,0.4476036621069055,0,167374,-0.15,-0.25,0.05,0.1
571,55,116025,North,Salaried,0.35295652973135494,0,240121,-0.05,-0.1,0.02,0.03
572,40,82821,East,Business,0.3354019740635955,0,221244,-0.05,-0.1,0.02,0.03
573,61,131609,East,Business,0.5521178940216155,0,177216,-0.15,-0.25,0.05,0.1
574,41,99522,East,Salaried,0.3638043074563081,0,197839,-0.05,-0.1,0.02,0.03
575,32,101877,North,Business,0.19001675046834887,0,87019,-0.05,-0.1,0.02,0.03
576,42,116458,East,Salaried,0.20585401077014295,0,93395,-0.05,-0.1,0.02,0.03
577,35,75939,East,Salaried,0.39913542976482874,0,79063,-0.05,-0.1,0.02,0.03
578,26,26093,West,SelfEmp,0.7538102430835101,0,191246,0.35,0.25,0.15,0.2
579,35,52103,East,Salaried,0.3056804160037357,0,128278,-0.05,-0.1,0.02,0.03
580,67,147537,East,Salaried,0.4250854479572248,0,219509,-0.05,-0.1,0.02,0.03
581,33,39867,South,Salaried,0.6316598123564778,0,184927,0.2,0.2,0.1,0.05
582,32,87228,North,Salaried,0.3284649194489444,0,113344,-0.05,-0.1,0.02,0.03
583,40,111114,North,Salaried,0.26240472068244425,0,144715,-0.05,-0.1,0.02,0.03
584,64,82933,North,Business,0.4666413206569644,0,115206,-0.05,-0.1,0.02,0.03
585,64,96287,North,Salaried,0.2609339820949331,0,125324,-0.05,-0.1,0.02,0.03
586,48,60922,East,Business,0.15537419733175772,0,163711,-0.05,-0.1,0.02,0.03
587,53,83418,East,Business,0.23676211124219615,0,166026,-0.05,-0.1,0.02,0.03
588,50,85595,East,Business,0.44441811980132473,0,129768,-0.05,-0.1,0.02,0.03
589,61,144090,North,Business,0.24497252904633166,0,122567,-0.05,-0.1,0.02,0.03
590,50,141051,North,Salaried,0.37635359062032914,0,128824,-0.05,-0.1,0.02,0.03
591,26,35066,West,SelfEmp,0.8369485874398431,0,159104,0.35,0.25,0.15,0.2
592,41,39941,South,Salaried,0.6949315392743063,1,139821,0.2,0.2,0.1,0.05
593,33,34529,South,Salaried,0.7447756465989468,0,183466,0.2,0.2,0.1,0.05
594,69,116677,East,Business,0.46408521394710267,0,238505,-0.05,-0.1,0.02,0.03
595,42,75380,North,Business,0.35703104412945363,0,158106,-0.05,-0.1,0.02,0.03
596,69,126949,East,Business,0.1266110432843421,0,148000,-0.05,-0.1,0.02,0.03
597,45,75517,East,Salaried,0.18449273258917243,0,247870,-0.05,-0.1,0.02,0.03
598,56,138151,East,Salaried,0.1500882238067326,0,223860,-0.05,-0.1,0.02,0.03
599,60,65160,East,Salaried,0.4389551722285495,0,105571,-0.05,-0.1,0.02,0.03
600,41,128768,North,Business,0.45675724130262507,0,215386,-0.05,-0.1,0.02,0.03
601,36,85179,East,Business,0.2899803861054993,0,52775,-0.05,-0.1,0.02,0.03
602,33,49539,South,Salaried,0.7932691994780746,0,159655,0.2,0.2,0.1,0.05
603,41,40295,South,Salaried,0.5888928592173256,1,194879,0.2,0.2,0.1,0.05
604,59,105863,East,Business,0.2025852244067064,0,239052,-0.05,-0.1,0.02,0.03
605,65,94825,East,Business,0.15876876943350832,0,199886,-0.05,-0.1,0.02,0.03
606,52,97893,East,Salaried,0.22096780451141457,0,191407,-0.05,-0.1,0.02,0.03
607,35,64057,South,Salaried,0.676377190097466,1,103906,0.2,0.2,0.1,0.05
608,27,44600,West,SelfEmp,0.7604366229094268,0,193193,0.35,0.25,0.15,0.2
609,63,142949,North,Salaried,0.3297150300360844,0,95991,-0.05,-0.1,0.02,0.03
610,44,88862,North,Salaried,0.43604323137568,1,81379,-0.05,-0.1,0.02,0.03
611,25,46585,West,SelfEmp,0.7677168390557942,1,156683,0.35,0.25,0.15,0.2
612,48,56587,North,Salaried,0.4439178699246583,0,240246,-0.05,-0.1,0.02,0.03
613,54,85303,North,Salaried,0.48057793026523676,0,218914,-0.05,-0.1,0.02,0.03
614,55,83037,North,Business,0.1919306903190474,0,229992,-0.05,-0.1,0.02,0.03
615,67,53262,East,Business,0.17410814215332948,0,139499,-0.05,-0.1,0.02,0.03
616,63,149023,East,Business,0.4708495127457798,1,189335,-0.05,-0.1,0.02,0.03
617,35,75805,East,Salaried,0.47555798401651006,1,122779,-0.05,-0.1,0.02,0.03
618,60,99500,North,Salaried,0.1700492560521413,0,244472,-0.05,-0.1,0.02,0.03
619,50,126537,East,Salaried,0.3355732299782257,0,65916,-0.05,-0.1,0.02,0.03
620,49,68931,North,Salaried,0.16081942696979673,0,149214,-0.05,-0.1,0.02,0.03
621,57,128897,East,Business,0.6845508829654583,1,224055,-0.15,-0.25,0.05,0.1
622,64,100938,East,Business,0.5769843648405426,0,221128,-0.15,-0.25,0.05,0.1
623,31,126533,East,Salaried,0.33876427621866245,1,220591,-0.05,-0.1,0.02,0.03
624,59,94369,North,Salaried,0.11218547452358406,0,129414,-0.05,-0.1,0.02,0.03
625,48,122307,North,Salaried,0.28733207437352537,0,97574,-0.05,-0.1,0.02,0.03
626,59,103664,North,Business,0.47135340225452305,1,85554,-0.05,-0.1,0.02,0.03
627,45,141400,East,Salaried,0.2862730167049118,0,235272,-0.05,-0.1,0.02,0.03
628,61,115920,East,Business,0.5832312192055116,0,339298,-0.15,-0.25,0.05,0.1
629,60,72800,North,Business,0.3225824823301826,0,238839,-0.05,-0.1,0.02,0.03
630,35,95397,East,Business,0.10766219422050116,0,120453,-0.05,-0.1,0.02,0.03
631,30,50706,South,Salaried,0.6546455713828723,1,173332,0.2,0.2,0.1,0.05
632,69,84642,North,Business,0.3389169681413877,0,242485,-0.05,-0.1,0.02,0.03
633,67,126918,North,Salaried,0.3025321237417071,0,171008,-0.05,-0.1,0.02,0.03
634,42,50307,East,Business,0.31720857234670563,0,208395,-0.05,-0.1,0.02,0.03
635,64,105021,East,Business,0.277119254617495,0,62497,-0.05,-0.1,0.02,0.03
636,62,105755,East,Business,0.24900357262138637,1,225595,-0.05,-0.1,0.02,0.03
637,44,46567,South,Salaried,0.6988032085317187,1,156524,0.2,0.2,0.1,0.05
638,63,55698,East,Business,0.28838410097389344,0,125033,-0.05,-0.1,0.02,0.03
639,69,94041,North,Salaried,0.21770669465484574,0,69738,-0.05,-0.1,0.02,0.03
640,23,37392,West,SelfEmp,0.8158808984783631,1,126305,0.35,0.25,0.15,0.2
641,49,127963,North,Business,0.22555123060601093,0,164816,-0.05,-0.1,0.02,0.03
642,31,54765,North,Business,0.34151879677163843,0,247235,-0.05,-0.1,0.02,0.03
643,43,64812,South,Salaried,0.6828637285473264,1,173326,0.2,0.2,0.1,0.05
644,44,75901,North,Salaried,0.3334420148032399,0,174997,-0.05,-0.1,0.02,0.03
645,52,51987,North,Business,0.14234129435116355,0,95927,-0.05,-0.1,0.02,0.03
646,32,106561,East,Salaried,0.47706367078665224,0,185370,-0.05,-0.1,0.02,0.03
647,34,105161,North,Salaried,0.28559267926675497,0,215100,-0.05,-0.1,0.02,0.03
648,34,66968,North,Business,0.41340003233810274,0,52866,-0.05,-0.1,0.02,0.03
649,57,89019,East,Salaried,0.16900955077854485,0,187150,-0.05,-0.1,0.02,0.03
650,57,119497,East,Salaried,0.11271139374292978,0,133639,-0.05,-0.1,0.02,0.03
651,60,51587,North,Business,0.3094345940885812,0,125886,-0.05,-0.1,0.02,0.03
652,50,55454,North,Business,0.29094015924896055,0,97111,-0.05,-0.1,0.02,0.03
653,30,38848,South,Salaried,0.758647738148818,1,166444,0.2,0.2,0.1,0.05
654,43,92222,East,Salaried,0.3305889750231016,0,99420,-0.05,-0.1,0.02,0.03
655,64,59275,East,Salaried,0.473499769200588,0,122920,-0.05,-0.1,0.02,0.03
656,34,67369,East,Business,0.16448752479004902,0,138209,-0.05,-0.1,0.02,0.03
657,43,108829,North,Salaried,0.2670667983267979,0,62306,-0.05,-0.1,0.02,0.03
658,64,139424,North,Salaried,0.1925920383651953,0,161023,-0.05,-0.1,0.02,0.03
659,28,47908,West,SelfEmp,0.7433644862831763,1,157952,0.35,0.25,0.15,0.2
660,65,111381,East,Business,0.36326392971902943,0,228173,-0.05,-0.1,0.02,0.03
661,65,94827,East,Business,0.6721746833069218,0,264527,-0.15,-0.25,0.05,0.1
662,60,78807,East,Salaried,0.39259454388124637,1,100113,-0.05,-0.1,0.02,0.03
663,68,83769,North,Salaried,0.2142798376179058,0,77877,-0.05,-0.1,0.02,0.03
664,34,131780,North,Salaried,0.3925985856172557,0,105468,-0.05,-0.1,0.02,0.03
665,59,107221,East,Business,0.1948577863910845,0,53164,-0.05,-0.1,0.02,0.03
666,61,69601,North,Business,0.31898859594492746,0,190489,-0.05,-0.1,0.02,0.03
667,32,53722,North,Salaried,0.37867804457469945,0,93856,-0.05,-0.1,0.02,0.03
668,34,109807,East,Business,0.4221720172183917,1,70435,-0.05,-0.1,0.02,0.03
669,40,77386,East,Salaried,0.4990491289005542,0,112993,-0.05,-0.1,0.02,0.03
670,38,55416,South,Salaried,0.5952958197625208,0,165166,0.2,0.2,0.1,0.05
671,52,127853,North,Business,0.1522005056468737,0,135016,-0.05,-0.1,0.02,0.03
672,59,56782,North,Salaried,0.36468747305758265,0,158297,-0.05,-0.1,0.02,0.03
673,40,100772,North,Business,0.48987623841942063,0,178447,-0.05,-0.1,0.02,0.03
674,31,97947,North,Business,0.4707665385324432,0,140895,-0.05,-0.1,0.02,0.03
675,47,111922,North,Salaried,0.3333009569250227,0,129211,-0.05,-0.1,0.02,0.03
676,41,82443,North,Business,0.4895201653428598,0,185994,-0.05,-0.1,0.02,0.03
677,44,82766,East,Salaried,0.1527861278495847,0,204599,-0.05,-0.1,0.02,0.03
678,42,58202,South,Salaried,0.7514122013408355,1,100855,0.2,0.2,0.1,0.05
679,37,88724,East,Business,0.17729976609366727,0,144283,-0.05,-0.1,0.02,0.03
680,52,72927,East,Business,0.3651185096838887,0,176244,-0.05,-0.1,0.02,0.03
681,44,95283,North,Business,0.3211049472134333,0,184164,-0.05,-0.1,0.02,0.03
682,56,73862,East,Salaried,0.15969978789658956,0,53969,-0.05,-0.1,0.02,0.03
683,45,89876,East,Business,0.3339354526755528,0,114140,-0.05,-0.1,0.02,0.03
684,58,85349,East,Business,0.2247647622146821,0,194933,-0.05,-0.1,0.02,0.03
685,44,113928,East,Salaried,0.31823284871682656,0,78164,-0.05,-0.1,0.02,0.03
686,43,33748,South,Salaried,0.5705059213028678,1,124331,0.2,0.2,0.1,0.05
687,39,40374,South,Salaried,0.5793200369501113,1,157986,0.2,0.2,0.1,0.05
688,60,96418,North,Salaried,0.4072021741252839,0,182233,-0.05,-0.1,0.02,0.03
689,53,148064,East,Business,0.35794448912599197,0,53178,-0.05,-0.1,0.02,0.03
690,40,83654,North,Business,0.341276866245867,0,239323,-0.05,-0.1,0.02,0.03
691,21,42755,West,SelfEmp,0.698752245109654,1,141684,0.35,0.25,0.15,0.2
692,31,145849,East,Business,0.1411370368629907,0,159863,-0.05,-0.1,0.02,0.03
693,40,46395,South,Salaried,0.5879438524627756,0,164149,0.2,0.2,0.1,0.05
694,45,64209,East,Business,0.2716249477210664,0,164456,-0.05,-0.1,0.02,0.03
695,28,47240,West,SelfEmp,0.8063325424886135,0,227049,0.35,0.25,0.15,0.2
696,45,149564,East,Salaried,0.43977856249029423,0,137592,-0.05,-0.1,0.02,0.03
697,61,104745,North,Business,0.2645498285650357,0,101033,-0.05,-0.1,0.02,0.03
698,29,28809,West,SelfEmp,0.860503915376686,1,206593,0.35,0.25,0.15,0.2
699,65,113477,North,Business,0.3655297899410901,1,57452,-0.05,-0.1,0.02,0.03
700,66,81899,East,Salaried,0.10987366288983386,0,69053,-0.05,-0.1,0.02,0.03
701,31,33981,South,Salaried,0.7500515869208948,0,175381,0.2,0.2,0.1,0.05
702,33,43731,South,Salaried,0.7317097077620595,0,191971,0.2,0.2,0.1,0.05
703,61,77564,East,Business,0.4783698576128347,0,107823,-0.05,-0.1,0.02,0.03
704,45,55060,East,Salaried,0.3534846399062116,0,84782,-0.05,-0.1,0.02,0.03
705,21,32148,West,SelfEmp,0.8593157517846273,1,205549,0.35,0.25,0.15,0.2
706,41,55256,South,Salaried,0.6651674574583724,1,186244,0.2,0.2,0.1,0.05
707,33,53382,South,Salaried,0.7322348000262894,0,183246,0.2,0.2,0.1,0.05
708,60,63666,North,Business,0.20179253264730412,0,119590,-0.05,-0.1,0.02,0.03
709,42,138314,East,Salaried,0.4595151558949391,0,59726,-0.05,-0.1,0.02,0.03
710,51,84753,North,Salaried,0.2554905391506187,0,75216,-0.05,-0.1,0.02,0.03
711,52,112047,North,Salaried,0.49493446343181835,0,99052,-0.05,-0.1,0.02,0.03
712,32,58179,South,Salaried,0.6956786123361705,0,106681,0.2,0.2,0.1,0.05
713,30,144913,North,Business,0.37287667570203953,0,184066,-0.05,-0.1,0.02,0.03
714,64,142868,North,Business,0.3773688512225236,0,129526,-0.05,-0.1,0.02,0.03
715,48,57130,North,Salaried,0.17465597591907303,0,198955,-0.05,-0.1,0.02,0.03
716,51,125986,East,Business,0.32042038131797296,0,204226,-0.05,-0.1,0.02,0.03
717,42,149227,North,Business,0.3607603462249843,0,89346,-0.05,-0.1,0.02,0.03
718,60,105734,East,Salaried,0.3551096567382367,0,110197,-0.05,-0.1,0.02,0.03
719,48,92431,East,Business,0.3394380429618683,0,230066,-0.05,-0.1,0.02,0.03
720,36,70746,North,Salaried,0.49862626251559294,0,51893,-0.05,-0.1,0.02,0.03
721,66,83367,East,Salaried,0.4900719903902033,0,217477,-0.05,-0.1,0.02,0.03
722,33,59290,East,Salaried,0.37044201032574076,0,176299,-0.05,-0.1,0.02,0.03
723,52,77052,North,Business,0.3338172453037833,1,185705,-0.05,-0.1,0.02,0.03
724,58,96546,North,Business,0.16642100859261455,0,201899,-0.05,-0.1,0.02,0.03
725,45,68157,East,Business,0.26028166673378667,0,195399,-0.05,-0.1,0.02,0.03
726,67,77241,North,Salaried,0.34657127094874807,0,206153,-0.05,-0.1,0.02,0.03
727,27,47744,West,SelfEmp,0.8851259882198507,1,148369,0.35,0.25,0.15,0.2
728,59,107848,East,Business,0.5805420201836342,0,294101,-0.15,-0.25,0.05,0.1
729,62,55867,North,Business,0.16506432604219407,0,177402,-0.05,-0.1,0.02,0.03
730,33,60310,East,Business,0.44876522451220224,0,143948,-0.05,-0.1,0.02,0.03
731,65,58947,North,Salaried,0.3263402241252987,1,98785,-0.05,-0.1,0.02,0.03
732,42,57151,South,Salaried,0.6895880787660285,0,189598,0.2,0.2,0.1,0.05
733,46,102774,East,Business,0.40205344697807843,0,86483,-0.05,-0.1,0.02,0.03
734,60,144337,East,Business,0.5890279380584991,1,245761,-0.15,-0.25,0.05,0.1
735,36,123984,North,Business,0.4950998156396754,0,187605,-0.05,-0.1,0.02,0.03
736,37,127463,East,Salaried,0.3065133196790696,0,153780,-0.05,-0.1,0.02,0.03
737,21,31089,West,SelfEmp,0.8524187590664724,0,128346,0.35,0.25,0.15,0.2
738,50,76140,North,Salaried,0.1528718631015487,0,203267,-0.05,-0.1,0.02,0.03
739,26,49849,West,SelfEmp,0.7998652849146792,0,146347,0.35,0.25,0.15,0.2
740,62,113851,North,Salaried,0.42819503379211,0,77843,-0.05,-0.1,0.02,0.03
741,58,67857,East,Salaried,0.3525835170332082,0,225188,-0.05,-0.1,0.02,0.03
742,45,137902,East,Salaried,0.34203580741621536,0,223686,-0.05,-0.1,0.02,0.03
743,51,122095,North,Salaried,0.41509687532094797,0,127242,-0.05,-0.1,0.02,0.03
744,56,148233,East,Business,0.4240317179828807,0,307550,-0.15,-0.25,0.05,0.1
745,39,54604,South,Salaried,0.6466767642609945,1,197358,0.2,0.2,0.1,0.05
746,58,126946,North,Business,0.20824799787743867,0,87038,-0.05,-0.1,0.02,0.03
747,50,144658,North,Business,0.32954633987083853,0,233791,-0.05,-0.1,0.02,0.03
748,63,146652,East,Business,0.43406219269788604,1,322870,-0.15,-0.25,0.05,0.1
749,29,26813,West,SelfEmp,0.7853175277354195,1,216256,0.35,0.25,0.15,0.2
750,45,59837,East,Business,0.28062623464223,1,147624,-0.05,-0.1,0.02,0.03
751,39,60063,South,Salaried,0.7201395404447755,1,182166,0.2,0.2,0.1,0.05
752,34,76026,North,Business,0.47122070009153927,0,100971,-0.05,-0.1,0.02,0.03
753,29,40451,West,SelfEmp,0.8104548792003589,1,206126,0.35,0.25,0.15,0.2
754,61,128291,East,Salaried,0.10888739281023217,1,248639,-0.05,-0.1,0.02,0.03
755,37,129823,East,Business,0.14590143976553419,0,90644,-0.05,-0.1,0.02,0.03
756,35,55425,South,Salaried,0.7493785113241215,0,180342,0.2,0.2,0.1,0.05
757,44,34683,South,Salaried,0.5681837369446672,1,180088,0.2,0.2,0.1,0.05
758,48,144242,North,Salaried,0.3749182250330071,1,130428,-0.05,-0.1,0.02,0.03
759,58,135760,East,Business,0.5229018607877557,1,342150,-0.15,-0.25,0.05,0.1
760,23,35065,West,SelfEmp,0.8526170543038665,1,228475,0.35,0.25,0.15,0.2
761,48,63851,North,Business,0.44656927341588004,0,195817,-0.05,-0.1,0.02,0.03
762,64,133111,East,Business,0.2610957938987323,0,72837,-0.05,-0.1,0.02,0.03
763,23,45923,West,SelfEmp,0.8985204136613939,1,162422,0.35,0.25,0.15,0.2
764,50,52841,East,Salaried,0.4966131103309547,0,185830,-0.05,-0.1,0.02,0.03
765,52,81658,North,Salaried,0.33560803639236464,1,53729,-0.05,-0.1,0.02,0.03
766,62,133860,North,Salaried,0.32138871048393997,0,153889,-0.05,-0.1,0.02,0.03
767,28,29530,West,SelfEmp,0.7387079638857907,0,204307,0.35,0.25,0.15,0.2
768,56,79320,North,Salaried,0.26496122418714646,0,52159,-0.05,-0.1,0.02,0.03
769,30,44678,South,Salaried,0.6293263693551217,0,147163,0.2,0.2,0.1,0.05
770,31,80232,East,Business,0.2662056252248264,1,155468,-0.05,-0.1,0.02,0.03
771,40,133597,East,Business,0.15143859438422103,0,95201,-0.05,-0.1,0.02,0.03
772,53,113212,North,Business,0.3568346029409596,0,111360,-0.05,-0.1,0.02,0.03
773,63,62632,East,Business,0.3507873738114866,0,106344,-0.05,-0.1,0.02,0.03
774,38,92624,East,Salaried,0.16584820529460192,0,229047,-0.05,-0.1,0.02,0.03
775,63,140456,North,Salaried,0.33519665178553315,0,64175,-0.05,-0.1,0.02,0.03
776,68,130158,East,Business,0.30723099921613795,0,136971,-0.05,-0.1,0.02,0.03
777,29,41862,West,SelfEmp,0.653465533978215,1,217800,0.35,0.25,0.15,0.2
778,55,108755,North,Business,0.2331123475843182,0,243604,-0.05,-0.1,0.02,0.03
779,49,88990,East,Salaried,0.371626641798255,1,55033,-0.05,-0.1,0.02,0.03
780,60,145239,North,Business,0.22789727816307798,0,165828,-0.05,-0.1,0.02,0.03
781,25,36772,West,SelfEmp,0.6561544959603096,1,132940,0.35,0.25,0.15,0.2
782,39,106827,East,Salaried,0.4040022179848394,0,213639,-0.05,-0.1,0.02,0.03
783,68,109199,North,Salaried,0.47381755228620626,0,181250,-0.05,-0.1,0.02,0.03
784,60,72616,North,Business,0.2314232599543194,0,152892,-0.05,-0.1,0.02,0.03
785,42,145865,North,Business,0.18272715725335853,0,94130,-0.05,-0.1,0.02,0.03
786,49,75791,North,Salaried,0.2593122196356218,0,181965,-0.05,-0.1,0.02,0.03
787,65,110863,East,Business,0.6727758083310977,0,151515,-0.15,-0.25,0.05,0.1
788,43,106240,North,Business,0.3566274266739978,0,76928,-0.05,-0.1,0.02,0.03
789,26,45711,West,SelfEmp,0.8530976810465377,1,217871,0.35,0.25,0.15,0.2
790,46,78350,North,Salaried,0.4485260988987414,0,122227,-0.05,-0.1,0.02,0.03
791,37,47297,South,Salaried,0.7862560161451422,0,135192,0.2,0.2,0.1,0.05
792,28,35570,West,SelfEmp,0.7776426021821259,1,213665,0.35,0.25,0.15,0.2
793,26,46692,West,SelfEmp,0.6843250081788925,0,232660,0.35,0.25,0.15,0.2
794,68,54922,East,Salaried,0.4782998808903721,0,145558,-0.05,-0.1,0.02,0.03
795,30,32716,South,Salaried,0.7354944323784965,0,191299,0.2,0.2,0.1,0.05
796,32,70213,North,Business,0.44387183403213315,1,50463,-0.05,-0.1,0.02,0.03
797,52,70008,North,Salaried,0.37065785392793904,0,84980,-0.05,-0.1,0.02,0.03
798,46,143922,East,Salaried,0.4924966389821849,1,170494,-0.05,-0.1,0.02,0.03
799,33,63214,South,Salaried,0.7264088490922455,0,193758,0.2,0.2,0.1,0.05
800,53,97766,East,Business,0.22252039875501503,0,65386,-0.05,-0.1,0.02,0.03
801,65,93254,East,Salaried,0.19951671549567085,1,156337,-0.05,-0.1,0.02,0.03
802,61,125452,East,Business,0.10428611907814359,0,91984,-0.05,-0.1,0.02,0.03
803,29,40708,West,SelfEmp,0.7801359593262146,1,125596,0.35,0.25,0.15,0.2
804,29,46029,West,SelfEmp,0.6657824773019916,1,151105,0.35,0.25,0.15,0.2
805,29,36357,West,SelfEmp,0.7537864134981864,1,247732,0.35,0.25,0.15,0.2
806,66,57951,East,Business,0.36941863125255636,0,112287,-0.05,-0.1,0.02,0.03
807,31,81875,North,Salaried,0.22834181709993745,0,79670,-0.05,-0.1,0.02,0.03
808,34,78307,East,Business,0.2505659850082776,0,76312,-0.05,-0.1,0.02,0.03
809,31,107608,North,Business,0.305191739928363,0,151025,-0.05,-0.1,0.02,0.03
810,35,39824,South,Salaried,0.7310072971932303,0,184544,0.2,0.2,0.1,0.05
811,33,61523,North,Business,0.12920143715985094,0,60400,-0.05,-0.1,0.02,0.03
812,65,78229,East,Business,0.19305465535471,0,185639,-0.05,-0.1,0.02,0.03
813,28,38329,West,SelfEmp,0.7630506197758847,0,210282,0.35,0.25,0.15,0.2
814,46,138721,North,Business,0.10396427819646147,0,222857,-0.05,-0.1,0.02,0.03
815,27,31391,West,SelfEmp,0.7301811311149894,1,233221,0.35,0.25,0.15,0.2
816,30,89405,North,Business,0.44516895740439566,0,154186,-0.05,-0.1,0.02,0.03
817,35,135119,East,Business,0.1274594664591489,1,229893,-0.05,-0.1,0.02,0.03
818,53,125135,North,Salaried,0.1748497081642007,0,222982,-0.05,-0.1,0.02,0.03
819,60,134243,East,Business,0.6423596937051943,1,287152,-0.15,-0.25,0.05,0.1
820,47,102982,East,Salaried,0.22585156357407954,0,116766,-0.05,-0.1,0.02,0.03
821,51,78610,East,Salaried,0.14953841068232698,0,74354,-0.05,-0.1,0.02,0.03
822,30,145027,North,Salaried,0.14746424578981554,0,157392,-0.05,-0.1,0.02,0.03
823,45,124219,North,Salaried,0.29314050976404193,0,130859,-0.05,-0.1,0.02,0.03
824,39,146426,North,Salaried,0.42119252052364153,1,179716,-0.05,-0.1,0.02,0.03
825,44,89725,North,Business,0.40181476636098423,0,151010,-0.05,-0.1,0.02,0.03
826,46,130356,East,Business,0.3618901393993772,0,189392,-0.05,-0.1,0.02,0.03
827,34,60930,South,Salaried,0.6443407941991628,1,150934,0.2,0.2,0.1,0.05
828,42,144598,North,Business,0.48784637556173516,0,99699,-0.05,-0.1,0.02,0.03
829,40,44201,South,Salaried,0.577170634843673,0,186102,0.2,0.2,0.1,0.05
830,58,53225,North,Salaried,0.3514265602589133,0,162224,-0.05,-0.1,0.02,0.03
831,52,138646,North,Business,0.35017338006663745,0,76502,-0.05,-0.1,0.02,0.03
832,43,133123,East,Business,0.24238310938825622,0,185393,-0.05,-0.1,0.02,0.03
833,50,105421,East,Salaried,0.27039900778737125,1,186873,-0.05,-0.1,0.02,0.03
834,41,68984,East,Salaried,0.4037243420600821,0,242319,-0.05,-0.1,0.02,0.03
835,31,136654,East,Business,0.4534735870751959,0,188454,-0.05,-0.1,0.02,0.03
836,55,50992,North,Business,0.3901148337418221,0,200644,-0.05,-0.1,0.02,0.03
837,53,82167,East,Business,0.317589244513987,0,69585,-0.05,-0.1,0.02,0.03
838,53,53720,East,Salaried,0.14459507513551279,0,141229,-0.05,-0.1,0.02,0.03
839,60,91364,East,Business,0.5640031794691935,1,313991,-0.15,-0.25,0.05,0.1
840,30,43865,South,Salaried,0.5915573405129148,0,158929,0.2,0.2,0.1,0.05
841,63,142656,East,Business,0.4344719030085731,0,204675,-0.15,-0.25,0.05,0.1
842,38,127004,North,Salaried,0.286014533688364,0,87394,-0.05,-0.1,0.02,0.03
843,39,43016,South,Salaried,0.722854014378288,1,95792,0.2,0.2,0.1,0.05
844,32,113456,East,Salaried,0.3275821933127403,0,218112,-0.05,-0.1,0.02,0.03
845,32,88762,North,Salaried,0.43317495692746444,1,155315,-0.05,-0.1,0.02,0.03
846,36,124797,East,Business,0.422038924816454,0,195213,-0.05,-0.1,0.02,0.03
847,54,139353,East,Business,0.2549865855287027,0,185654,-0.05,-0.1,0.02,0.03
848,45,87011,East,Salaried,0.39974777465798284,0,152489,-0.05,-0.1,0.02,0.03
849,62,103785,North,Salaried,0.2521927541972143,0,246675,-0.05,-0.1,0.02,0.03
850,40,149841,East,Business,0.29004013627668823,1,157051,-0.05,-0.1,0.02,0.03
851,43,76327,East,Business,0.36669261194303593,0,169779,-0.05,-0.1,0.02,0.03
852,29,47614,West,SelfEmp,0.7105884237841906,1,201149,0.35,0.25,0.15,0.2
853,31,61315,South,Salaried,0.7642411036940597,0,175414,0.2,0.2,0.1,0.05
854,31,141647,East,Business,0.32942531201068403,0,166220,-0.05,-0.1,0.02,0.03
855,42,94387,East,Business,0.23113713515432732,0,145965,-0.05,-0.1,0.02,0.03
856,69,120726,East,Business,0.33356771570445415,0,163204,-0.05,-0.1,0.02,0.03
857,36,42479,South,Salaried,0.756918798695318,0,171828,0.2,0.2,0.1,0.05
858,44,108754,North,Business,0.1846983448209678,0,247780,-0.05,-0.1,0.02,0.03
859,67,84409,East,Salaried,0.2741585293599006,1,79709,-0.05,-0.1,0.02,0.03
860,67,50363,North,Business,0.3128891499424776,0,51936,-0.05,-0.1,0.02,0.03
861,43,41998,South,Salaried,0.6831177269709744,0,199299,0.2,0.2,0.1,0.05
862,31,60825,South,Salaried,0.7279444862477374,0,140241,0.2,0.2,0.1,0.05
863,31,118619,North,Business,0.3366867875569602,0,176218,-0.05,-0.1,0.02,0.03
864,41,89752,East,Business,0.2118545273972825,0,247347,-0.05,-0.1,0.02,0.03
865,69,99327,East,Business,0.45573308640961235,0,269243,-0.15,-0.25,0.05,0.1
866,50,59045,North,Business,0.23880093416488,1,212007,-0.05,-0.1,0.02,0.03
867,38,63440,East,Business,0.43456623863194266,0,127909,-0.05,-0.1,0.02,0.03
868,35,133600,North,Business,0.1252425476462185,0,163783,-0.05,-0.1,0.02,0.03
869,35,135844,North,Business,0.28303013290017276,0,227169,-0.05,-0.1,0.02,0.03
870,29,25755,West,SelfEmp,0.8593681299046937,1,171482,0.35,0.25,0.15,0.2
871,61,96825,East,Salaried,0.14768417713622936,0,91139,-0.05,-0.1,0.02,0.03
872,52,144684,North,Business,0.3190071536239978,1,203857,-0.05,-0.1,0.02,0.03
873,62,101428,East,Business,0.2796314056539504,0,244293,-0.05,-0.1,0.02,0.03
874,53,56727,North,Business,0.24671932825850737,0,222208,-0.05,-0.1,0.02,0.03
875,55,135155,North,Salaried,0.21384015292187242,0,208761,-0.05,-0.1,0.02,0.03
876,66,71341,North,Business,0.40311062415006316,0,249488,-0.05,-0.1,0.02,0.03
877,31,43304,South,Salaried,0.6714085746033351,0,129156,0.2,0.2,0.1,0.05
878,35,45372,South,Salaried,0.6293472125069713,1,148199,0.2,0.2,0.1,0.05
879,41,110289,North,Business,0.4854740754748197,0,61221,-0.05,-0.1,0.02,0.03
880,66,121558,East,Business,0.3302661011989679,0,156749,-0.05,-0.1,0.02,0.03
881,61,93790,North,Salaried,0.3594731813429458,1,183964,-0.05,-0.1,0.02,0.03
882,44,104633,East,Salaried,0.36790178048729916,0,192690,-0.05,-0.1,0.02,0.03
883,65,101028,East,Salaried,0.18361481495436893,0,168422,-0.05,-0.1,0.02,0.03
884,56,92470,East,Salaried,0.15214125201730622,0,128012,-0.05,-0.1,0.02,0.03
885,69,122015,North,Salaried,0.22716186950931344,0,70836,-0.05,-0.1,0.02,0.03
886,62,76331,North,Business,0.2612125245130946,0,185451,-0.05,-0.1,0.02,0.03
887,34,77105,East,Business,0.4005693270125211,1,232639,-0.05,-0.1,0.02,0.03
888,40,92025,East,Business,0.35140086809448157,0,163768,-0.05,-0.1,0.02,0.03
889,39,96762,North,Salaried,0.39541842135878535,0,119202,-0.05,-0.1,0.02,0.03
890,39,121051,East,Business,0.4674086411082071,0,79475,-0.05,-0.1,0.02,0.03
891,41,53681,East,Salaried,0.2738123853217982,0,155386,-0.05,-0.1,0.02,0.03
892,63,84765,East,Salaried,0.3432845507065787,0,77675,-0.05,-0.1,0.02,0.03
893,61,130563,East,Business,0.4899788192419199,0,349519,-0.15,-0.25,0.05,0.1
894,56,54951,North,Business,0.453737371188515,0,177536,-0.05,-0.1,0.02,0.03
895,52,149477,East,Salaried,0.2129255336842881,0,68646,-0.05,-0.1,0.02,0.03
896,28,28815,West,SelfEmp,0.8153356697361811,1,227422,0.35,0.25,0.15,0.2
897,63,127527,North,Business,0.24388794476410786,0,121116,-0.05,-0.1,0.02,0.03
898,33,65823,East,Business,0.2544203742607343,1,147493,-0.05,-0.1,0.02,0.03
899,41,67718,North,Business,0.3907507624559087,0,90633,-0.05,-0.1,0.02,0.03
900,49,111646,North,Business,0.22455277595703374,0,65504,-0.05,-0.1,0.02,0.03
901,42,115938,East,Salaried,0.17707055859468013,0,83635,-0.05,-0.1,0.02,0.03
902,48,83132,East,Salaried,0.10381734122689067,0,238961,-0.05,-0.1,0.02,0.03
903,39,69423,East,Salaried,0.17166556731606036,1,171225,-0.05,-0.1,0.02,0.03
904,56,84235,East,Salaried,0.30862039356438686,0,160310,-0.05,-0.1,0.02,0.03
905,59,136064,North,Salaried,0.4097942412479164,0,85294,-0.05,-0.1,0.02,0.03
906,69,80373,North,Salaried,0.21610204214901177,0,87879,-0.05,-0.1,0.02,0.03
907,58,53626,North,Business,0.29079335704706155,0,197717,-0.05,-0.1,0.02,0.03
908,36,54025,North,Salaried,0.47814865984591115,0,176189,-0.05,-0.1,0.02,0.03
909,49,60725,East,Salaried,0.483548749276164,0,129557,-0.05,-0.1,0.02,0.03
910,48,51407,North,Salaried,0.3350507946460435,0,230775,-0.05,-0.1,0.02,0.03
911,44,63765,South,Salaried,0.5659752355120935,1,107307,0.2,0.2,0.1,0.05
912,34,54502,South,Salaried,0.7282205923361842,1,137716,0.2,0.2,0.1,0.05
913,52,132768,North,Business,0.4750559119831609,0,91662,-0.05,-0.1,0.02,0.03
914,49,75616,North,Salaried,0.3136558784542789,0,227170,-0.05,-0.1,0.02,0.03
915,68,137505,North,Business,0.31528804074739014,0,74099,-0.05,-0.1,0.02,0.03
916,33,37837,South,Salaried,0.6745832570735594,0,196680,0.2,0.2,0.1,0.05
917,53,101012,East,Business,0.4961140682339765,0,58720,-0.05,-0.1,0.02,0.03
918,40,143794,North,Salaried,0.4582905422060458,0,143448,-0.05,-0.1,0.02,0.03
919,53,84812,North,Business,0.41865794760605524,0,246243,-0.05,-0.1,0.02,0.03
920,30,67929,North,Salaried,0.10363481398048653,0,249547,-0.05,-0.1,0.02,0.03
921,61,57194,East,Business,0.3617385838611431,0,79777,-0.05,-0.1,0.02,0.03
922,60,137201,North,Business,0.13697980681482666,0,89422,-0.05,-0.1,0.02,0.03
923,38,81213,East,Salaried,0.3398389040176216,0,219357,-0.05,-0.1,0.02,0.03
924,33,121846,East,Business,0.2773756411344176,0,187450,-0.05,-0.1,0.02,0.03
925,44,57926,South,Salaried,0.5798827173867696,1,198070,0.2,0.2,0.1,0.05
926,28,39336,West,SelfEmp,0.8368243893899643,1,134953,0.35,0.25,0.15,0.2
927,67,56523,East,Salaried,0.26444536679793945,0,79661,-0.05,-0.1,0.02,0.03
928,46,126102,East,Salaried,0.3863938774166896,0,120134,-0.05,-0.1,0.02,0.03
929,63,83477,East,Business,0.4945949606286918,0,189681,-0.05,-0.1,0.02,0.03
930,43,70805,East,Salaried,0.28413162025710603,0,139941,-0.05,-0.1,0.02,0.03
931,32,132428,East,Salaried,0.2391289389732184,0,55495,-0.05,-0.1,0.02,0.03
932,39,56743,North,Business,0.18541714179613655,0,78552,-0.05,-0.1,0.02,0.03
933,68,118948,East,Business,0.5172752280523487,1,216490,-0.15,-0.25,0.05,0.1
934,33,139080,North,Business,0.3866425195840124,0,184199,-0.05,-0.1,0.02,0.03
935,69,118931,East,Business,0.1050385605087148,0,63731,-0.05,-0.1,0.02,0.03
936,64,101024,North,Business,0.10393102102791514,0,194179,-0.05,-0.1,0.02,0.03
937,40,32581,South,Salaried,0.626023658992821,0,88418,0.2,0.2,0.1,0.05
938,41,113044,East,Salaried,0.49494738892488,0,159236,-0.05,-0.1,0.02,0.03
939,42,120601,North,Salaried,0.4007192654347732,0,82940,-0.05,-0.1,0.02,0.03
940,28,35109,West,SelfEmp,0.8722501527036665,1,156713,0.35,0.25,0.15,0.2
941,32,127511,North,Salaried,0.27970726338625473,0,149397,-0.05,-0.1,0.02,0.03
942,69,133448,East,Business,0.4158159299003504,0,254843,-0.15,-0.25,0.05,0.1
943,30,33990,South,Salaried,0.5765534568971141,0,99073,0.2,0.2,0.1,0.05
944,49,106920,North,Business,0.11550277422167299,0,74624,-0.05,-0.1,0.02,0.03
945,51,96705,North,Salaried,0.11375074334069009,0,163012,-0.05,-0.1,0.02,0.03
946,60,126425,North,Business,0.27280422357214507,1,154672,-0.05,-0.1,0.02,0.03
947,35,62930,South,Salaried,0.6721356166100643,1,98316,0.2,0.2,0.1,0.05
948,34,135366,East,Salaried,0.1516344780569847,0,213004,-0.05,-0.1,0.02,0.03
949,27,38737,West,SelfEmp,0.8748531305418313,1,155268,0.35,0.25,0.15,0.2
950,63,86404,North,Business,0.3841406002849329,0,133848,-0.05,-0.1,0.02,0.03
951,68,144979,East,Salaried,0.4156384446595027,0,246106,-0.05,-0.1,0.02,0.03
952,21,49102,West,SelfEmp,0.8936098276596188,0,249626,0.35,0.25,0.15,0.2
953,44,56746,South,Salaried,0.7118355335932729,1,123678,0.2,0.2,0.1,0.05
954,30,111720,North,Business,0.33534627568706266,0,193233,-0.05,-0.1,0.02,0.03
955,39,124308,North,Business,0.28544882973737995,0,229614,-0.05,-0.1,0.02,0.03
956,41,97779,East,Salaried,0.12642212312886403,1,108032,-0.05,-0.1,0.02,0.03
957,34,121356,North,Salaried,0.37981370304620954,0,163689,-0.05,-0.1,0.02,0.03
958,44,148426,East,Salaried,0.10476719319129685,0,211838,-0.05,-0.1,0.02,0.03
959,45,110726,North,Salaried,0.447740920396939,0,61353,-0.05,-0.1,0.02,0.03
960,67,61437,North,Salaried,0.24077190829271072,0,176150,-0.05,-0.1,0.02,0.03
961,57,102658,East,Business,0.5893148179810661,0,244455,-0.15,-0.25,0.05,0.1
962,22,38560,West,SelfEmp,0.781762539123141,1,168733,0.35,0.25,0.15,0.2
963,58,70981,East,Business,0.17529287990761824,0,231062,-0.05,-0.1,0.02,0.03
964,69,147372,East,Business,0.11960185798850942,0,211805,-0.05,-0.1,0.02,0.03
965,38,53320,North,Salaried,0.2096851556496588,0,166528,-0.05,-0.1,0.02,0.03
966,57,110231,North,Salaried,0.370092335024815,0,62963,-0.05,-0.1,0.02,0.03
967,31,126312,North,Salaried,0.3478991417966264,0,127225,-0.05,-0.1,0.02,0.03
968,52,120725,East,Business,0.5736269429079998,0,274481,-0.15,-0.25,0.05,0.1
969,22,28670,West,SelfEmp,0.8522987009141854,1,147027,0.35,0.25,0.15,0.2
970,49,73104,North,Salaried,0.27279574858537636,0,128572,-0.05,-0.1,0.02,0.03
971,32,54141,North,Salaried,0.1870915598731734,0,240252,-0.05,-0.1,0.02,0.03
972,30,109902,East,Salaried,0.49043440967982865,0,209719,-0.05,-0.1,0.02,0.03
973,30,60962,South,Salaried,0.6082197865379538,1,160632,0.2,0.2,0.1,0.05
974,30,74398,East,Salaried,0.4646531654833902,1,113884,-0.05,-0.1,0.02,0.03
975,47,108849,North,Salaried,0.24181928353144297,0,64650,-0.05,-0.1,0.02,0.03
976,41,61801,North,Salaried,0.4789199997680268,0,203470,-0.05,-0.1,0.02,0.03
977,33,40737,South,Salaried,0.7209937824787853,1,130508,0.2,0.2,0.1,0.05
978,64,90733,East,Business,0.1575471865373319,0,182921,-0.05,-0.1,0.02,0.03
979,34,136322,East,Business,0.35737157980693235,0,113668,-0.05,-0.1,0.02,0.03
980,33,60931,North,Business,0.24162582494203766,0,239973,-0.05,-0.1,0.02,0.03
981,53,125199,East,Business,0.4164079523728803,0,347916,-0.15,-0.25,0.05,0.1
982,25,48887,West,SelfEmp,0.7776300653247112,1,159390,0.35,0.25,0.15,0.2
983,66,105809,East,Business,0.36971742948000985,1,71602,-0.05,-0.1,0.02,0.03
984,64,105282,East,Business,0.6395667514391796,0,327274,-0.15,-0.25,0.05,0.1
985,45,104659,East,Salaried,0.27205709283873053,0,80562,-0.05,-0.1,0.02,0.03
986,61,118681,North,Salaried,0.4811337556682338,0,174336,-0.05,-0.1,0.02,0.03
987,65,109025,North,Business,0.46488329471261025,0,249117,-0.05,-0.1,0.02,0.03
988,35,99833,North,Salaried,0.25012853830920556,0,219400,-0.05,-0.1,0.02,0.03
989,36,30719,South,Salaried,0.7838562061121336,0,176881,0.2,0.2,0.1,0.05
990,67,76028,East,Business,0.46504201075324414,0,152511,-0.05,-0.1,0.02,0.03
991,67,107804,East,Salaried,0.36514391505386634,1,234100,-0.05,-0.1,0.02,0.03
992,31,52763,South,Salaried,0.7075437712217604,0,117420,0.2,0.2,0.1,0.05
993,61,73840,East,Salaried,0.14006199900270677,0,212434,-0.05,-0.1,0.02,0.03
994,58,96041,East,Business,0.5198296837092563,0,302131,-0.15,-0.25,0.05,0.1
995,42,65078,East,Salaried,0.4283396037052515,0,51468,-0.05,-0.1,0.02,0.03
996,41,36719,South,Salaried,0.7318692694991242,0,188895,0.2,0.2,0.1,0.05
997,34,100281,East,Business,0.3927490949146003,0,92968,-0.05,-0.1,0.02,0.03
998,59,126870,North,Business,0.33289497952103453,0,223570,-0.05,-0.1,0.02,0.03
999,53,104469,North,Business,0.3381659206480434,1,126298,-0.05,-0.1,0.02,0.03
1000,55,52147,East,Business,0.10666862023985324,0,156170,-0.05,-0.1,0.02,0.03
1001,59,59479,East,Salaried,0.48363369691296143,0,164151,-0.05,-0.1,0.02,0.03
1002,34,56862,East,Business,0.37591649892514645,1,221999,-0.05,-0.1,0.02,0.03
1003,48,92879,East,Business,0.40021766550149507,0,90736,-0.05,-0.1,0.02,0.03
1004,48,124094,East,Salaried,0.2531612056148983,0,202647,-0.05,-0.1,0.02,0.03
1005,57,60100,North,Salaried,0.2662511128116621,0,80988,-0.05,-0.1,0.02,0.03
1006,27,47368,West,SelfEmp,0.7719750488198255,1,128989,0.35,0.25,0.15,0.2
1007,42,89462,North,Business,0.27660156931247,0,242385,-0.05,-0.1,0.02,0.03
1008,67,115641,East,Business,0.33449419951230464,0,113248,-0.05,-0.1,0.02,0.03
1009,58,69641,East,Business,0.23416272539853877,1,201462,-0.05,-0.1,0.02,0.03
1010,43,59493,North,Salaried,0.2826035421366132,0,66984,-0.05,-0.1,0.02,0.03
1011,39,51524,North,Salaried,0.12032103587557691,0,220904,-0.05,-0.1,0.02,0.03
1012,63,120434,East,Salaried,0.13368520447083934,1,159381,-0.05,-0.1,0.02,0.03
1013,48,117906,East,Salaried,0.2225769346200972,1,95890,-0.05,-0.1,0.02,0.03
1014,59,96531,North,Salaried,0.36936789156457306,0,106017,-0.05,-0.1,0.02,0.03
1015,38,62463,South,Salaried,0.7970034905163554,1,113123,0.2,0.2,0.1,0.05
1016,58,112370,East,Business,0.11662393930890343,0,117560,-0.05,-0.1,0.02,0.03
1017,21,38503,West,SelfEmp,0.8256013414665505,1,238423,0.35,0.25,0.15,0.2
1018,26,26906,West,SelfEmp,0.7519844545919603,0,239289,0.35,0.25,0.15,0.2
1019,54,131199,North,Salaried,0.3490187961849127,0,100568,-0.05,-0.1,0.02,0.03
1020,50,144968,North,Salaried,0.43767435832963264,0,175942,-0.05,-0.1,0.02,0.03
1021,65,100715,North,Salaried,0.46310449746007143,0,182851,-0.05,-0.1,0.02,0.03
1022,56,112219,East,Business,0.4651309688409671,0,185030,-0.15,-0.25,0.05,0.1
1023,38,133028,North,Salaried,0.11994405855966571,0,241191,-0.05,-0.1,0.02,0.03
1024,68,86445,East,Salaried,0.4931440471421682,0,74074,-0.05,-0.1,0.02,0.03
1025,31,32786,South,Salaried,0.5623781574255734,0,105988,0.2,0.2,0.1,0.05
1026,50,145251,North,Salaried,0.1288852741340752,0,223688,-0.05,-0.1,0.02,0.03
1027,35,125432,North,Salaried,0.35930278163112883,0,131932,-0.05,-0.1,0.02,0.03
1028,65,123688,East,Business,0.4251372917644785,0,243789,-0.15,-0.25,0.05,0.1
1029,26,41230,West,SelfEmp,0.7132997267532026,0,171586,0.35,0.25,0.15,0.2
1030,49,84206,North,Business,0.3940104596420395,0,85031,-0.05,-0.1,0.02,0.03
1031,45,115867,North,Salaried,0.10025100665138248,1,64591,-0.05,-0.1,0.02,0.03
1032,37,51359,South,Salaried,0.7686915156384984,1,192113,0.2,0.2,0.1,0.05
1033,22,39842,West,SelfEmp,0.8757170058580376,1,214192,0.35,0.25,0.15,0.2
1034,51,131103,North,Business,0.44947121382429955,0,129622,-0.05,-0.1,0.02,0.03
1035,34,70539,North,Business,0.28051407087105595,0,137580,-0.05,-0.1,0.02,0.03
1036,43,145310,North,Salaried,0.42585002241036685,1,174984,-0.05,-0.1,0.02,0.03
1037,43,54700,East,Business,0.43928125142115826,0,220572,-0.05,-0.1,0.02,0.03
1038,62,57910,East,Business,0.3351609299579258,1,129888,-0.05,-0.1,0.02,0.03
1039,35,91954,East,Salaried,0.311104826134579,0,112665,-0.05,-0.1,0.02,0.03
1040,40,116394,East,Business,0.16821521955929036,0,94912,-0.05,-0.1,0.02,0.03
1041,23,38305,West,SelfEmp,0.7225904713416702,1,122850,0.35,0.25,0.15,0.2
1042,65,73535,North,Business,0.19738681762670407,0,149976,-0.05,-0.1,0.02,0.03
1043,67,128082,East,Business,0.21443596881250426,0,149525,-0.05,-0.1,0.02,0.03
1044,44,65385,North,Business,0.373330545051092,0,167369,-0.05,-0.1,0.02,0.03
1045,60,134585,East,Salaried,0.3076827898413841,0,184585,-0.05,-0.1,0.02,0.03
1046,62,128590,East,Business,0.6929468983443661,0,181007,-0.15,-0.25,0.05,0.1
1047,22,49712,West,SelfEmp,0.8147254516437143,0,129107,0.35,0.25,0.15,0.2
1048,51,143650,East,Salaried,0.14402950407242288,0,66138,-0.05,-0.1,0.02,0.03
1049,68,142259,East,Salaried,0.14606231496114816,0,198394,-0.05,-0.1,0.02,0.03
1050,44,133569,North,Business,0.22539094393858017,0,240707,-0.05,-0.1,0.02,0.03
1051,67,103014,North,Business,0.31313885291330396,0,129553,-0.05,-0.1,0.02,0.03
1052,42,41492,South,Salaried,0.7391347918065603,1,100365,0.2,0.2,0.1,0.05
1053,64,124632,North,Salaried,0.33190857670499185,0,178692,-0.05,-0.1,0.02,0.03
1054,57,91034,North,Salaried,0.397341158228005,0,88098,-0.05,-0.1,0.02,0.03
1055,50,53771,East,Business,0.10634073689275053,0,108436,-0.05,-0.1,0.02,0.03
1056,43,142103,North,Salaried,0.4946277963117306,0,181001,-0.05,-0.1,0.02,0.03
1057,37,123970,North,Business,0.24775646578204552,0,51541,-0.05,-0.1,0.02,0.03
1058,32,79283,East,Salaried,0.232663137670807,0,52972,-0.05,-0.1,0.02,0.03
1059,56,108653,East,Business,0.6910350659255295,0,253376,-0.15,-0.25,0.05,0.1
1060,26,39706,West,SelfEmp,0.6724555323564012,1,196631,0.35,0.25,0.15,0.2
1061,53,76469,East,Business,0.47499246895964187,0,173637,-0.05,-0.1,0.02,0.03
1062,31,30555,South,Salaried,0.5734082233334074,0,189543,0.2,0.2,0.1,0.05
1063,52,109274,East,Business,0.13616759111666432,1,103019,-0.05,-0.1,0.02,0.03
1064,43,85281,East,Business,0.37271419911538184,1,89220,-0.05,-0.1,0.02,0.03
1065,56,129971,North,Salaried,0.42126820465309245,0,200630,-0.05,-0.1,0.02,0.03
1066,55,104712,North,Business,0.2446429273701558,0,236278,-0.05,-0.1,0.02,0.03
1067,57,110926,East,Salaried,0.14854876981944787,1,232225,-0.05,-0.1,0.02,0.03
1068,54,100182,East,Business,0.10158397720485711,0,240830,-0.05,-0.1,0.02,0.03
1069,49,92578,East,Business,0.3602897537335201,0,52413,-0.05,-0.1,0.02,0.03
1070,68,92105,East,Business,0.5500871556034539,0,208408,-0.15,-0.25,0.05,0.1
1071,39,63560,South,Salaried,0.7300278333787364,1,95762,0.2,0.2,0.1,0.05
1072,44,108703,North,Business,0.14624224424460489,0,113230,-0.05,-0.1,0.02,0.03
1073,43,87792,East,Business,0.28919623747926104,0,154292,-0.05,-0.1,0.02,0.03
1074,40,104703,East,Business,0.49256856996881015,0,162551,-0.05,-0.1,0.02,0.03
1075,59,107089,North,Salaried,0.43421608981748305,1,64779,-0.05,-0.1,0.02,0.03
1076,35,71630,East,Salaried,0.325062169161097,0,244794,-0.05,-0.1,0.02,0.03
1077,69,117359,North,Salaried,0.2728464947207717,1,74161,-0.05,-0.1,0.02,0.03
1078,52,117313,North,Salaried,0.2278883397359417,0,157800,-0.05,-0.1,0.02,0.03
1079,53,148273,East,Business,0.41316944570302894,0,209978,-0.05,-0.1,0.02,0.03
1080,67,141271,East,Salaried,0.25047618750784884,0,78511,-0.05,-0.1,0.02,0.03
1081,46,53232,North,Business,0.3682909301770404,0,150128,-0.05,-0.1,0.02,0.03
1082,58,83172,East,Salaried,0.13374835857540202,0,80348,-0.05,-0.1,0.02,0.03
1083,37,94553,North,Salaried,0.2261665565034734,0,172761,-0.05,-0.1,0.02,0.03
1084,21,38322,West,SelfEmp,0.7465920342842017,1,130292,0.35,0.25,0.15,0.2
1085,68,67207,East,Salaried,0.17597389746440803,0,157293,-0.05,-0.1,0.02,0.03
1086,64,69276,East,Salaried,0.3541711682811888,0,161695,-0.05,-0.1,0.02,0.03
1087,58,131335,North,Business,0.38389483392040813,0,124123,-0.05,-0.1,0.02,0.03
1088,27,29326,West,SelfEmp,0.8801927124090189,0,228775,0.35,0.25,0.15,0.2
1089,63,91964,North,Salaried,0.18362325151234649,0,106747,-0.05,-0.1,0.02,0.03
1090,42,141228,East,Business,0.4203210751914098,0,198199,-0.05,-0.1,0.02,0.03
1091,49,96761,East,Salaried,0.23534714637008636,1,209599,-0.05,-0.1,0.02,0.03
1092,54,133276,North,Salaried,0.3325815791714497,1,70842,-0.05,-0.1,0.02,0.03
1093,42,63435,South,Salaried,0.722542767651083,0,165990,0.2,0.2,0.1,0.05
1094,61,53650,East,Salaried,0.20644318246771967,0,189861,-0.05,-0.1,0.02,0.03
1095,30,47459,South,Salaried,0.7375402082386503,0,129961,0.2,0.2,0.1,0.05
1096,56,56895,East,Salaried,0.4674989219217006,0,104847,-0.05,-0.1,0.02,0.03
1097,58,88931,East,Salaried,0.36413433220565106,0,189143,-0.05,-0.1,0.02,0.03
1098,58,120248,East,Business,0.18331107006141834,0,70982,-0.05,-0.1,0.02,0.03
1099,38,60150,East,Business,0.25422100059666775,1,189665,-0.05,-0.1,0.02,0.03
1100,35,140347,North,Business,0.1232951323281101,0,201733,-0.05,-0.1,0.02,0.03
1101,34,43703,South,Salaried,0.7461014164021,1,197491,0.2,0.2,0.1,0.05
1102,39,105991,North,Business,0.13021330766276307,0,158435,-0.05,-0.1,0.02,0.03
1103,38,118921,North,Salaried,0.311813446008983,0,225295,-0.05,-0.1,0.02,0.03
1104,49,118274,East,Salaried,0.15760128956792885,1,51909,-0.05,-0.1,0.02,0.03
1105,60,125386,East,Business,0.4364384682464406,1,244672,-0.05,-0.1,0.02,0.03
1106,27,48351,West,SelfEmp,0.6978105322690303,1,179010,0.35,0.25,0.15,0.2
1107,49,51067,East,Business,0.45327722116944347,1,65187,-0.05,-0.1,0.02,0.03
1108,56,111245,North,Salaried,0.40654051222295606,0,238297,-0.05,-0.1,0.02,0.03
1109,35,98506,North,Business,0.3599808392663556,0,222903,-0.05,-0.1,0.02,0.03
1110,50,136338,East,Salaried,0.3490301591331127,0,119893,-0.05,-0.1,0.02,0.03
1111,31,32739,South,Salaried,0.6459022600887896,1,101168,0.2,0.2,0.1,0.05
1112,39,145046,East,Salaried,0.187079919542893,1,132212,-0.05,-0.1,0.02,0.03
1113,54,146134,North,Business,0.41218845535206194,0,248880,-0.05,-0.1,0.02,0.03
1114,53,138074,North,Business,0.36335983815081674,0,249899,-0.05,-0.1,0.02,0.03
1115,52,88889,North,Salaried,0.18265727395668213,0,55409,-0.05,-0.1,0.02,0.03
1116,60,145359,East,Salaried,0.3988944552158201,0,200840,-0.05,-0.1,0.02,0.03
1117,36,56442,South,Salaried,0.6679246917228024,0,122406,0.2,0.2,0.1,0.05
1118,21,40764,West,SelfEmp,0.6562043028612873,0,164645,0.35,0.25,0.15,0.2
1119,66,135501,North,Business,0.2304424226555174,0,66709,-0.05,-0.1,0.02,0.03
1120,68,88674,East,Business,0.48822186829139835,0,174476,-0.05,-0.1,0.02,0.03
1121,36,115480,North,Salaried,0.3236546625851874,0,167265,-0.05,-0.1,0.02,0.03
1122,40,96412,North,Business,0.21784133317618243,0,123704,-0.05,-0.1,0.02,0.03
1123,56,113888,North,Business,0.4019730159140201,1,218756,-0.05,-0.1,0.02,0.03
1124,54,107857,North,Business,0.16193655785898198,0,152390,-0.05,-0.1,0.02,0.03
1125,68,72995,North,Business,0.1677689608372988,0,214909,-0.05,-0.1,0.02,0.03
1126,45,95687,East,Salaried,0.24819657482380572,0,60514,-0.05,-0.1,0.02,0.03
1127,44,116133,East,Business,0.36766166221394037,0,158684,-0.05,-0.1,0.02,0.03
1128,29,34599,West,SelfEmp,0.6943037642196981,1,247602,0.35,0.25,0.15,0.2
1129,59,75570,East,Salaried,0.14700073608494935,0,226604,-0.05,-0.1,0.02,0.03
1130,69,60416,North,Salaried,0.4777854751528152,0,186824,-0.05,-0.1,0.02,0.03
1131,39,76986,East,Business,0.4598402379052944,0,249542,-0.05,-0.1,0.02,0.03
1132,66,70800,East,Business,0.3913975735389761,0,196510,-0.05,-0.1,0.02,0.03
1133,53,97279,East,Salaried,0.36074723745904236,0,135184,-0.05,-0.1,0.02,0.03
1134,65,109321,East,Business,0.3771513710786609,0,66934,-0.05,-0.1,0.02,0.03
1135,65,51587,North,Salaried,0.4719166890522012,1,177159,-0.05,-0.1,0.02,0.03
1136,60,106572,North,Business,0.2799215962817715,0,76370,-0.05,-0.1,0.02,0.03
1137,35,61586,East,Salaried,0.2990117264109811,0,140715,-0.05,-0.1,0.02,0.03
1138,36,71390,East,Business,0.22824796262009073,0,188905,-0.05,-0.1,0.02,0.03
1139,43,45754,South,Salaried,0.6899293589820784,1,115282,0.2,0.2,0.1,0.05
1140,49,74124,North,Salaried,0.4027156891609588,0,135395,-0.05,-0.1,0.02,0.03
1141,43,30864,South,Salaried,0.711591278030914,0,157514,0.2,0.2,0.1,0.05
1142,27,38772,West,SelfEmp,0.8018679384771423,1,224885,0.35,0.25,0.15,0.2
1143,45,99573,East,Salaried,0.19327502176864653,0,232058,-0.05,-0.1,0.02,0.03
1144,46,98825,East,Salaried,0.2189573328247959,0,165074,-0.05,-0.1,0.02,0.03
1145,23,45864,West,SelfEmp,0.738882449288002,0,221505,0.35,0.25,0.15,0.2
1146,68,83734,East,Salaried,0.22110704304697004,0,184704,-0.05,-0.1,0.02,0.03
1147,49,88452,North,Business,0.19092882842801098,0,177880,-0.05,-0.1,0.02,0.03
1148,51,99297,East,Business,0.44281161133223124,0,245282,-0.05,-0.1,0.02,0.03
1149,36,68895,North,Business,0.40890702273500235,0,73762,-0.05,-0.1,0.02,0.03
1150,46,144937,East,Business,0.10691521790534529,0,209297,-0.05,-0.1,0.02,0.03
1151,49,122379,East,Salaried,0.47338204209994095,0,199123,-0.05,-0.1,0.02,0.03
1152,42,127400,North,Business,0.455413315409794,0,151551,-0.05,-0.1,0.02,0.03
1153,32,61113,South,Salaried,0.7986410641711312,0,117563,0.2,0.2,0.1,0.05
1154,64,121492,North,Business,0.32315167343115425,0,186262,-0.05,-0.1,0.02,0.03
1155,41,58549,South,Salaried,0.6930787964075191,0,131259,0.2,0.2,0.1,0.05
1156,21,47322,West,SelfEmp,0.800456587158262,1,200865,0.35,0.25,0.15,0.2
1157,58,100617,East,Business,0.19291586163858107,1,84457,-0.05,-0.1,0.02,0.03
1158,50,113171,East,Business,0.1658923584324247,0,162743,-0.05,-0.1,0.02,0.03
1159,34,35660,South,Salaried,0.6281783237853645,0,114470,0.2,0.2,0.1,0.05
1160,68,111716,North,Salaried,0.22637432895425472,0,131238,-0.05,-0.1,0.02,0.03
1161,62,85169,North,Salaried,0.23318264574856729,0,242844,-0.05,-0.1,0.02,0.03
1162,45,148843,North,Salaried,0.22513785120226726,0,147648,-0.05,-0.1,0.02,0.03
1163,43,64938,South,Salaried,0.7470998827362282,0,193096,0.2,0.2,0.1,0.05
1164,50,144924,North,Business,0.4095980349176036,0,68320,-0.05,-0.1,0.02,0.03
1165,38,122833,North,Salaried,0.1942263738378005,1,75368,-0.05,-0.1,0.02,0.03
1166,51,122918,East,Business,0.4728516399122612,0,135269,-0.05,-0.1,0.02,0.03
1167,51,106733,East,Business,0.45917279985010506,0,178363,-0.15,-0.25,0.05,0.1
1168,37,86145,North,Salaried,0.30461025632379723,1,227476,-0.05,-0.1,0.02,0.03
1169,44,55738,South,Salaried,0.5898487211928506,0,146324,0.2,0.2,0.1,0.05
1170,39,59569,East,Business,0.4637774656146525,0,158073,-0.05,-0.1,0.02,0.03
1171,35,131741,East,Business,0.2727674124583315,0,68706,-0.05,-0.1,0.02,0.03
1172,35,96910,North,Salaried,0.3941913553332991,1,219087,-0.05,-0.1,0.02,0.03
1173,51,62818,North,Business,0.19356912831175396,0,122204,-0.05,-0.1,0.02,0.03
1174,31,84959,North,Business,0.20559020788393198,0,76708,-0.05,-0.1,0.02,0.03
1175,63,54922,North,Business,0.17713584357689827,0,163319,-0.05,-0.1,0.02,0.03
1176,66,142264,North,Salaried,0.1300491640618037,0,152781,-0.05,-0.1,0.02,0.03
1177,40,117853,East,Business,0.24328761649722913,0,206097,-0.05,-0.1,0.02,0.03
1178,32,104545,East,Salaried,0.40235455182712654,0,61294,-0.05,-0.1,0.02,0.03
1179,47,141549,North,Salaried,0.37222673654428606,0,169943,-0.05,-0.1,0.02,0.03
1180,32,100411,North,Business,0.19239172421122547,0,232792,-0.05,-0.1,0.02,0.03
1181,50,131867,North,Business,0.18022586383522798,0,143293,-0.05,-0.1,0.02,0.03
1182,37,58314,South,Salaried,0.6828002617048992,1,145629,0.2,0.2,0.1,0.05
1183,56,93220,East,Business,0.45113892440662573,0,151448,-0.05,-0.1,0.02,0.03
1184,38,99228,East,Business,0.4447500596063233,0,184418,-0.05,-0.1,0.02,0.03
1185,21,44532,West,SelfEmp,0.6623373909243553,1,155393,0.35,0.25,0.15,0.2
1186,51,114204,East,Salaried,0.4468608604004488,0,171939,-0.05,-0.1,0.02,0.03
1187,21,44344,West,SelfEmp,0.8705587702551913,1,196733,0.35,0.25,0.15,0.2
1188,45,97553,North,Business,0.4633461041652327,0,59852,-0.05,-0.1,0.02,0.03
1189,45,89994,North,Salaried,0.38105183057516634,1,174210,-0.05,-0.1,0.02,0.03
1190,59,61595,North,Business,0.21926014251062226,0,158237,-0.05,-0.1,0.02,0.03
1191,44,143382,North,Business,0.1302521455338198,0,103175,-0.05,-0.1,0.02,0.03
1192,40,138220,North,Business,0.43116998181812505,0,228002,-0.05,-0.1,0.02,0.03
1193,69,122800,East,Business,0.6804466121331403,1,172369,-0.15,-0.25,0.05,0.1
1194,34,69510,North,Salaried,0.42193312691858886,0,70460,-0.05,-0.1,0.02,0.03
1195,44,77328,East,Salaried,0.13335162150750382,1,158241,-0.05,-0.1,0.02,0.03
1196,47,122258,East,Salaried,0.42833609468194045,0,197000,-0.05,-0.1,0.02,0.03
1197,66,110612,East,Business,0.6300305069015006,0,324428,-0.15,-0.25,0.05,0.1
1198,66,130758,East,Business,0.1832927234432858,0,119672,-0.05,-0.1,0.02,0.03
1199,31,139110,North,Salaried,0.44625801454909275,0,243435,-0.05,-0.1,0.02,0.03
1200,24,30328,West,SelfEmp,0.7876726361736986,0,239998,0.35,0.25,0.15,0.2
1201,42,104951,North,Salaried,0.13052098166963183,0,60435,-0.05,-0.1,0.02,0.03
1202,65,137794,East,Salaried,0.21371531563818374,0,208696,-0.05,-0.1,0.02,0.03
1203,40,107745,East,Business,0.16147365432289873,0,179560,-0.05,-0.1,0.02,0.03
1204,54,71514,East,Salaried,0.16024438122740767,1,59304,-0.05,-0.1,0.02,0.03
1205,61,120320,East,Salaried,0.15419780757153792,0,145044,-0.05,-0.1,0.02,0.03
1206,64,74722,North,Salaried,0.29617963869438,0,238704,-0.05,-0.1,0.02,0.03
1207,30,114857,East,Salaried,0.47732404474965995,0,182267,-0.05,-0.1,0.02,0.03
1208,58,61415,North,Salaried,0.23512681732862561,0,242385,-0.05,-0.1,0.02,0.03
1209,32,43275,South,Salaried,0.5548615646048867,0,145908,0.2,0.2,0.1,0.05
1210,30,124051,East,Salaried,0.35496184490447347,0,111264,-0.05,-0.1,0.02,0.03
1211,24,46198,West,SelfEmp,0.7650160291868905,1,203346,0.35,0.25,0.15,0.2
1212,28,25010,West,SelfEmp,0.8046462872680289,1,160232,0.35,0.25,0.15,0.2
1213,38,75651,East,Business,0.2809256140205342,0,180697,-0.05,-0.1,0.02,0.03
1214,58,139297,North,Business,0.21017196145578915,1,87067,-0.05,-0.1,0.02,0.03
1215,61,128262,East,Business,0.5840205539566513,0,302606,-0.15,-0.25,0.05,0.1
1216,39,57689,East,Salaried,0.26636546171900377,0,97734,-0.05,-0.1,0.02,0.03
1217,40,52228,South,Salaried,0.6792794827142299,0,177091,0.2,0.2,0.1,0.05
1218,68,79545,North,Business,0.14530790122587434,0,249847,-0.05,-0.1,0.02,0.03
1219,53,63746,East,Business,0.29279796709314687,0,77632,-0.05,-0.1,0.02,0.03
1220,47,108182,East,Business,0.3216504653433097,0,105381,-0.05,-0.1,0.02,0.03
1221,38,129646,North,Salaried,0.1505133890338276,1,74544,-0.05,-0.1,0.02,0.03
1222,60,115715,East,Business,0.34958380377280573,0,163759,-0.05,-0.1,0.02,0.03
1223,62,138084,East,Business,0.5853439583767859,1,220880,-0.15,-0.25,0.05,0.1
1224,50,148421,East,Business,0.33372789270508363,0,185549,-0.05,-0.1,0.02,0.03
1225,38,73396,East,Business,0.12804059210697682,0,192326,-0.05,-0.1,0.02,0.03
1226,61,118916,East,Salaried,0.2833013259060192,0,68263,-0.05,-0.1,0.02,0.03
1227,41,108418,North,Salaried,0.3998902987134173,0,236905,-0.05,-0.1,0.02,0.03
1228,47,128315,East,Business,0.2298821337033056,1,233276,-0.05,-0.1,0.02,0.03
1229,58,101529,North,Salaried,0.2885465937631374,0,200616,-0.05,-0.1,0.02,0.03
1230,55,75287,North,Salaried,0.29456201421447126,0,137228,-0.05,-0.1,0.02,0.03
1231,32,102726,East,Salaried,0.18982378770755856,0,107893,-0.05,-0.1,0.02,0.03
1232,55,128182,East,Business,0.14504369173968829,1,190548,-0.05,-0.1,0.02,0.03
1233,36,119918,East,Business,0.4774212582597638,1,178022,-0.05,-0.1,0.02,0.03
1234,69,93013,East,Salaried,0.3446622702584057,0,229000,-0.05,-0.1,0.02,0.03
1235,36,63754,South,Salaried,0.687158576298646,0,187532,0.2,0.2,0.1,0.05
1236,42,49797,South,Salaried,0.6137955571935577,0,96105,0.2,0.2,0.1,0.05
1237,43,45863,South,Salaried,0.6558395068376965,1,126940,0.2,0.2,0.1,0.05
1238,39,69642,North,Business,0.2893739734376195,0,164614,-0.05,-0.1,0.02,0.03
1239,38,43313,South,Salaried,0.7548569634175913,0,118598,0.2,0.2,0.1,0.05
1240,53,131060,East,Business,0.36741867804559414,0,203463,-0.05,-0.1,0.02,0.03
1241,30,130618,East,Business,0.46158122607595575,0,182669,-0.05,-0.1,0.02,0.03
1242,55,74815,North,Salaried,0.4142676599511277,0,242896,-0.05,-0.1,0.02,0.03
1243,42,141861,East,Salaried,0.13169984245197153,0,75457,-0.05,-0.1,0.02,0.03
1244,34,128627,East,Business,0.15898104018996048,0,116249,-0.05,-0.1,0.02,0.03
1245,59,70372,East,Salaried,0.4033539086359671,0,50037,-0.05,-0.1,0.02,0.03
1246,21,26832,West,SelfEmp,0.7760175199371061,1,246279,0.35,0.25,0.15,0.2
1247,30,121947,North,Business,0.13119754656376365,0,241256,-0.05,-0.1,0.02,0.03
1248,32,101248,North,Business,0.23962096978462055,1,242328,-0.05,-0.1,0.02,0.03
1249,41,39581,South,Salaried,0.618676258201786,0,199627,0.2,0.2,0.1,0.05
1250,22,31786,West,SelfEmp,0.8284752333491495,1,202896,0.35,0.25,0.15,0.2
1251,21,46327,West,SelfEmp,0.7160032115179733,1,194519,0.35,0.25,0.15,0.2
1252,45,128561,North,Business,0.479566487275486,0,236256,-0.05,-0.1,0.02,0.03
1253,57,119180,North,Business,0.42536275742587193,0,183180,-0.05,-0.1,0.02,0.03
1254,56,125787,East,Salaried,0.1860975282003815,0,193074,-0.05,-0.1,0.02,0.03
1255,50,129305,East,Salaried,0.4687949903860691,0,115226,-0.05,-0.1,0.02,0.03
1256,65,111365,East,Salaried,0.29572909899004857,0,106221,-0.05,-0.1,0.02,0.03
1257,35,53957,South,Salaried,0.7188830921550142,0,126874,0.2,0.2,0.1,0.05
1258,64,128467,East,Business,0.49396590640676186,0,119778,-0.05,-0.1,0.02,0.03
1259,55,80782,East,Business,0.28153862552276465,0,174225,-0.05,-0.1,0.02,0.03
1260,67,63908,North,Salaried,0.3316519216140197,0,173791,-0.05,-0.1,0.02,0.03
1261,37,88314,East,Business,0.21933509743499952,0,196903,-0.05,-0.1,0.02,0.03
1262,42,67682,North,Salaried,0.3735506964653226,0,219809,-0.05,-0.1,0.02,0.03
1263,31,85057,North,Salaried,0.13789556591173768,1,67824,-0.05,-0.1,0.02,0.03
1264,36,147151,North,Salaried,0.17326781097131705,0,131371,-0.05,-0.1,0.02,0.03
1265,45,148066,North,Salaried,0.10735239591009682,0,50840,-0.05,-0.1,0.02,0.03
1266,27,25565,West,SelfEmp,0.7511298811145588,1,194723,0.35,0.25,0.15,0.2
1267,32,54311,North,Salaried,0.33884664800620135,0,193670,-0.05,-0.1,0.02,0.03
1268,30,52580,North,Salaried,0.3751640365821297,0,200594,-0.05,-0.1,0.02,0.03
1269,61,90671,East,Business,0.6142357422774747,0,201012,-0.15,-0.25,0.05,0.1
1270,69,91074,East,Business,0.5662902117543858,0,304219,-0.15,-0.25,0.05,0.1
1271,52,52176,North,Business,0.177378891204775,0,208187,-0.05,-0.1,0.02,0.03
1272,32,107124,North,Salaried,0.10217748367667623,0,124716,-0.05,-0.1,0.02,0.03
1273,33,146496,East,Business,0.3579026906360372,0,54482,-0.05,-0.1,0.02,0.03
1274,52,93284,North,Salaried,0.17804352800968404,1,186313,-0.05,-0.1,0.02,0.03
1275,53,127066,North,Salaried,0.4995618799052307,0,233744,-0.05,-0.1,0.02,0.03
1276,48,135677,North,Business,0.24691108051228372,1,90077,-0.05,-0.1,0.02,0.03
1277,62,136348,East,Salaried,0.43377164796229695,0,207088,-0.05,-0.1,0.02,0.03
1278,34,64021,North,Business,0.10801839981302588,0,231088,-0.05,-0.1,0.02,0.03
1279,39,88985,North,Salaried,0.10320325626951316,0,103811,-0.05,-0.1,0.02,0.03
1280,41,50946,South,Salaried,0.6740806928210947,1,123744,0.2,0.2,0.1,0.05
1281,34,73671,North,Salaried,0.4229911742607636,0,107813,-0.05,-0.1,0.02,0.03
1282,52,90891,East,Business,0.1313352871048027,0,208660,-0.05,-0.1,0.02,0.03
1283,37,108830,East,Business,0.4331574379548918,0,145428,-0.05,-0.1,0.02,0.03
1284,55,61136,East,Salaried,0.230776840101878,0,173168,-0.05,-0.1,0.02,0.03
1285,65,90916,East,Business,0.54815475871243,1,286278,-0.15,-0.25,0.05,0.1
1286,60,106361,East,Salaried,0.4147903197524804,0,174121,-0.05,-0.1,0.02,0.03
1287,45,84263,East,Business,0.41575173024143086,0,87271,-0.05,-0.1,0.02,0.03
1288,31,132630,East,Salaried,0.253664303181385,0,104165,-0.05,-0.1,0.02,0.03
1289,61,125199,East,Salaried,0.4156162416808189,0,126772,-0.05,-0.1,0.02,0.03
1290,54,132912,East,Salaried,0.33636643713089076,1,138553,-0.05,-0.1,0.02,0.03
1291,46,141003,North,Business,0.4767266000200624,0,224166,-0.05,-0.1,0.02,0.03
1292,55,54535,East,Business,0.2859419123253083,0,109884,-0.05,-0.1,0.02,0.03
1293,56,103251,East,Business,0.4242415393040645,0,197298,-0.05,-0.1,0.02,0.03
1294,36,70256,North,Salaried,0.25703510014444453,0,156311,-0.05,-0.1,0.02,0.03
1295,26,27389,West,SelfEmp,0.6735149550571472,0,129399,0.35,0.25,0.15,0.2
1296,39,50047,South,Salaried,0.5520886760430347,1,152154,0.2,0.2,0.1,0.05
1297,45,118666,East,Salaried,0.3687117081019464,0,61528,-0.05,-0.1,0.02,0.03
1298,56,87136,East,Salaried,0.2531749529166468,0,227788,-0.05,-0.1,0.02,0.03
1299,30,119835,East,Salaried,0.43599928929757714,0,153088,-0.05,-0.1,0.02,0.03
1300,32,63927,South,Salaried,0.5529449690716606,0,110020,0.2,0.2,0.1,0.05
1301,48,118945,East,Salaried,0.22501746089468888,1,165640,-0.05,-0.1,0.02,0.03
1302,45,144702,East,Salaried,0.18448330343518068,0,84622,-0.05,-0.1,0.02,0.03
1303,61,52597,East,Salaried,0.11563147440078209,0,198112,-0.05,-0.1,0.02,0.03
1304,56,113832,North,Business,0.37055575122196405,0,156242,-0.05,-0.1,0.02,0.03
1305,51,59777,East,Business,0.1582270039332943,0,61292,-0.05,-0.1,0.02,0.03
1306,65,100192,East,Business,0.45454745883821635,0,179858,-0.05,-0.1,0.02,0.03
1307,22,27284,West,SelfEmp,0.6821868007189282,1,211273,0.35,0.25,0.15,0.2
1308,45,72113,North,Business,0.18515770186399738,0,242214,-0.05,-0.1,0.02,0.03
1309,30,31971,South,Salaried,0.6979519769158316,1,177012,0.2,0.2,0.1,0.05
1310,42,133591,North,Salaried,0.4013251727517029,0,105244,-0.05,-0.1,0.02,0.03
1311,36,69159,North,Salaried,0.21960507184373845,0,127061,-0.05,-0.1,0.02,0.03
1312,45,142993,East,Business,0.2660654346416416,0,116540,-0.05,-0.1,0.02,0.03
1313,37,95482,East,Business,0.3050420212086352,1,159920,-0.05,-0.1,0.02,0.03
1314,42,149072,North,Business,0.4750201349629354,0,199666,-0.05,-0.1,0.02,0.03
1315,32,75117,North,Business,0.39888985803543475,0,161077,-0.05,-0.1,0.02,0.03
1316,58,50329,East,Salaried,0.15660848097998406,1,136158,-0.05,-0.1,0.02,0.03
1317,40,34722,South,Salaried,0.7611979344664779,0,84576,0.2,0.2,0.1,0.05
1318,62,91476,North,Business,0.35788799095272705,0,168211,-0.05,-0.1,0.02,0.03
1319,48,103934,East,Business,0.2918076948445415,0,69464,-0.05,-0.1,0.02,0.03
1320,27,34531,West,SelfEmp,0.7198673603074122,1,211998,0.35,0.25,0.15,0.2
1321,56,79765,East,Business,0.2703572620146727,1,231553,-0.05,-0.1,0.02,0.03
1322,30,86135,East,Business,0.326813113400491,1,215413,-0.05,-0.1,0.02,0.03
1323,40,32768,South,Salaried,0.7834197265332339,1,170887,0.2,0.2,0.1,0.05
1324,40,31160,South,Salaried,0.7525350226863654,1,184180,0.2,0.2,0.1,0.05
1325,48,136555,East,Business,0.16500625790284612,0,247687,-0.05,-0.1,0.02,0.03
1326,61,81153,North,Business,0.16850936426649582,0,170385,-0.05,-0.1,0.02,0.03
1327,65,131144,East,Salaried,0.42614184954222456,1,108784,-0.05,-0.1,0.02,0.03
1328,51,126120,North,Business,0.45672808456264513,0,116062,-0.05,-0.1,0.02,0.03
1329,42,59482,South,Salaried,0.7283304323753181,0,105104,0.2,0.2,0.1,0.05
1330,51,65926,North,Salaried,0.3592126629323448,0,83205,-0.05,-0.1,0.02,0.03
1331,30,75135,North,Business,0.19192253656906605,0,71604,-0.05,-0.1,0.02,0.03
1332,64,50684,North,Business,0.2822006780876881,0,167419,-0.05,-0.1,0.02,0.03
1333,28,43093,West,SelfEmp,0.749899627905217,0,219724,0.35,0.25,0.15,0.2
1334,21,47418,West,SelfEmp,0.7159013599517203,0,139689,0.35,0.25,0.15,0.2
1335,64,106091,East,Business,0.16581014895712498,0,246349,-0.05,-0.1,0.02,0.03
1336,53,98068,North,Business,0.22608669495091444,0,215723,-0.05,-0.1,0.02,0.03
1337,47,99306,North,Business,0.18923600737814233,0,55947,-0.05,-0.1,0.02,0.03
1338,54,144238,North,Salaried,0.20139750130287615,1,194490,-0.05,-0.1,0.02,0.03
1339,47,105184,East,Salaried,0.38610683300369775,0,68402,-0.05,-0.1,0.02,0.03
1340,64,117850,North,Business,0.32427779255027206,0,177135,-0.05,-0.1,0.02,0.03
1341,44,47573,South,Salaried,0.6820566519317892,0,126978,0.2,0.2,0.1,0.05
1342,46,111821,East,Salaried,0.32732766043117023,0,225778,-0.05,-0.1,0.02,0.03
1343,37,47100,South,Salaried,0.7036352545553289,0,181519,0.2,0.2,0.1,0.05
1344,24,44421,West,SelfEmp,0.8114397944845082,1,139515,0.35,0.25,0.15,0.2
1345,66,79377,East,Business,0.26315304407879325,0,77114,-0.05,-0.1,0.02,0.03
1346,65,107129,East,Business,0.4027602692876139,0,279669,-0.15,-0.25,0.05,0.1
1347,39,57025,East,Business,0.2431364634566133,0,202839,-0.05,-0.1,0.02,0.03
1348,36,86135,North,Salaried,0.31420876643438544,0,180417,-0.05,-0.1,0.02,0.03
1349,51,73555,North,Business,0.2663958431900967,0,96553,-0.05,-0.1,0.02,0.03
1350,57,120114,North,Salaried,0.42905917087755574,0,224698,-0.05,-0.1,0.02,0.03
1351,66,87743,East,Business,0.4302123293386998,0,78834,-0.05,-0.1,0.02,0.03
1352,64,104555,North,Salaried,0.4930720194889736,0,194916,-0.05,-0.1,0.02,0.03
1353,62,124034,North,Salaried,0.4035983049962911,0,241168,-0.05,-0.1,0.02,0.03
1354,53,74399,North,Salaried,0.2579101267086732,0,201786,-0.05,-0.1,0.02,0.03
1355,40,128018,North,Salaried,0.3718903184007033,0,226540,-0.05,-0.1,0.02,0.03
1356,58,96835,East,Salaried,0.27449777934572694,1,117445,-0.05,-0.1,0.02,0.03
1357,23,25080,West,SelfEmp,0.7151665956405254,0,236378,0.35,0.25,0.15,0.2
1358,69,94512,East,Business,0.39127334287539295,0,75595,-0.05,-0.1,0.02,0.03
1359,35,83440,North,Salaried,0.3039028267603486,0,157461,-0.05,-0.1,0.02,0.03
1360,53,134118,East,Business,0.3591289219297743,0,157408,-0.05,-0.1,0.02,0.03
1361,59,95227,East,Business,0.4727650930389824,0,118259,-0.05,-0.1,0.02,0.03
1362,39,37630,South,Salaried,0.7233243671378731,0,110565,0.2,0.2,0.1,0.05
1363,31,119726,East,Salaried,0.16012424899358751,0,204310,-0.05,-0.1,0.02,0.03
1364,53,99907,North,Business,0.4591592419097009,0,201606,-0.05,-0.1,0.02,0.03
1365,59,69996,East,Salaried,0.45804001162649777,1,151490,-0.05,-0.1,0.02,0.03
1366,32,67529,North,Salaried,0.16149972484116726,1,147780,-0.05,-0.1,0.02,0.03
1367,26,45676,West,SelfEmp,0.7027516729268816,1,234695,0.35,0.25,0.15,0.2
1368,39,101468,North,Salaried,0.2813047090103439,0,133038,-0.05,-0.1,0.02,0.03
1369,51,50660,East,Salaried,0.22593646216349417,0,167217,-0.05,-0.1,0.02,0.03
1370,33,59046,North,Business,0.14179212670158325,0,166585,-0.05,-0.1,0.02,0.03
1371,46,141384,North,Business,0.12497901247900299,0,171943,-0.05,-0.1,0.02,0.03
1372,31,144712,East,Business,0.4372147787710813,0,186427,-0.05,-0.1,0.02,0.03
1373,37,82705,East,Salaried,0.20880102949239587,0,137273,-0.05,-0.1,0.02,0.03
1374,32,70895,East,Business,0.26420192853934266,0,115453,-0.05,-0.1,0.02,0.03
1375,69,98252,East,Business,0.632967241535566,1,287098,-0.15,-0.25,0.05,0.1
1376,47,60482,East,Salaried,0.143711778147264,0,181565,-0.05,-0.1,0.02,0.03
1377,53,79550,East,Business,0.31339139036251706,0,177424,-0.05,-0.1,0.02,0.03
1378,55,117342,North,Business,0.3976506742857481,0,161198,-0.05,-0.1,0.02,0.03
1379,28,45043,West,SelfEmp,0.684663132278326,1,176344,0.35,0.25,0.15,0.2
1380,41,131214,North,Business,0.2590539942931012,0,103380,-0.05,-0.1,0.02,0.03
1381,57,86163,East,Business,0.4794616323611963,0,118580,-0.05,-0.1,0.02,0.03
1382,31,33514,South,Salaried,0.6095213032017794,0,87507,0.2,0.2,0.1,0.05
1383,63,118682,East,Salaried,0.39308936616532264,0,133030,-0.05,-0.1,0.02,0.03
1384,63,86731,North,Business,0.2478951243490755,0,51750,-0.05,-0.1,0.02,0.03
1385,38,55745,East,Salaried,0.37322783007604965,0,242608,-0.05,-0.1,0.02,0.03
1386,35,107417,East,Business,0.1958836312969779,0,190508,-0.05,-0.1,0.02,0.03
1387,40,126764,North,Business,0.2636901920767184,0,221840,-0.05,-0.1,0.02,0.03
1388,55,98889,East,Business,0.2544623674375285,1,95510,-0.05,-0.1,0.02,0.03
1389,65,52881,East,Salaried,0.3739092633116794,0,243461,-0.05,-0.1,0.02,0.03
1390,46,55741,East,Business,0.21218528968186098,0,156898,-0.05,-0.1,0.02,0.03
1391,38,58054,South,Salaried,0.7072262862309038,1,94440,0.2,0.2,0.1,0.05
1392,29,47115,West,SelfEmp,0.7084022580090592,0,208321,0.35,0.25,0.15,0.2
1393,34,112643,East,Business,0.12541428896956744,0,99416,-0.05,-0.1,0.02,0.03
1394,56,80857,East,Business,0.26619735867836575,0,107609,-0.05,-0.1,0.02,0.03
1395,34,121033,East,Salaried,0.22217310643514834,0,108734,-0.05,-0.1,0.02,0.03
1396,33,148938,East,Business,0.41802915247246564,0,191129,-0.05,-0.1,0.02,0.03
1397,35,101370,East,Business,0.3288218556725526,0,106792,-0.05,-0.1,0.02,0.03
1398,46,67629,North,Business,0.12090746702463862,0,60588,-0.05,-0.1,0.02,0.03
1399,53,101803,East,Business,0.6407682244454883,0,284011,-0.15,-0.25,0.05,0.1
1400,30,116567,North,Salaried,0.15364784908391607,0,96766,-0.05,-0.1,0.02,0.03
1401,29,41618,West,SelfEmp,0.6672475021776149,0,215031,0.35,0.25,0.15,0.2
1402,36,58720,North,Salaried,0.30806408920975825,0,219275,-0.05,-0.1,0.02,0.03
1403,31,37972,South,Salaried,0.5800627466426838,1,94799,0.2,0.2,0.1,0.05
1404,42,56044,East,Business,0.3268049301680689,0,198346,-0.05,-0.1,0.02,0.03
1405,47,133108,North,Business,0.3656296484799336,0,133391,-0.05,-0.1,0.02,0.03
1406,54,51894,East,Business,0.16960417920644968,0,178676,-0.05,-0.1,0.02,0.03
1407,41,74976,East,Business,0.14245016742596098,0,120382,-0.05,-0.1,0.02,0.03
1408,63,83038,North,Business,0.3205269562651257,0,88138,-0.05,-0.1,0.02,0.03
1409,35,129027,North,Business,0.2807476178609112,0,191916,-0.05,-0.1,0.02,0.03
1410,34,59693,South,Salaried,0.748175851445188,0,119697,0.2,0.2,0.1,0.05
1411,22,43033,West,SelfEmp,0.8150967095502222,0,182781,0.35,0.25,0.15,0.2
1412,34,136914,North,Salaried,0.3363487691897034,1,100867,-0.05,-0.1,0.02,0.03
1413,57,139595,East,Business,0.18169544822794578,0,245375,-0.05,-0.1,0.02,0.03
1414,69,141782,North,Business,0.4174149608915324,0,82314,-0.05,-0.1,0.02,0.03
1415,60,110011,North,Salaried,0.3386631567988361,0,151732,-0.05,-0.1,0.02,0.03
1416,36,86723,East,Business,0.14318497924433424,0,83481,-0.05,-0.1,0.02,0.03
1417,65,108031,East,Salaried,0.11345988935961066,0,193084,-0.05,-0.1,0.02,0.03
1418,28,28718,West,SelfEmp,0.8683888940567722,1,235313,0.35,0.25,0.15,0.2
1419,41,98700,East,Business,0.12980418472745603,0,127257,-0.05,-0.1,0.02,0.03
1420,65,74151,North,Salaried,0.40852925728674006,0,130738,-0.05,-0.1,0.02,0.03
1421,31,79873,North,Salaried,0.41531008326833185,0,171173,-0.05,-0.1,0.02,0.03
1422,61,138384,East,Business,0.46034096277711317,0,323842,-0.15,-0.25,0.05,0.1
1423,32,74918,East,Salaried,0.20826984238611576,0,242834,-0.05,-0.1,0.02,0.03
1424,52,78546,North,Salaried,0.398697323119264,0,96566,-0.05,-0.1,0.02,0.03
1425,57,117144,East,Business,0.532368900727515,0,309156,-0.15,-0.25,0.05,0.1
1426,41,44179,South,Salaried,0.7759044674496777,1,144068,0.2,0.2,0.1,0.05
1427,33,124311,East,Salaried,0.23413529533928412,0,224297,-0.05,-0.1,0.02,0.03
1428,56,68895,North,Business,0.48722900116387136,0,73086,-0.05,-0.1,0.02,0.03
1429,37,70897,East,Salaried,0.43201307345122986,0,144024,-0.05,-0.1,0.02,0.03
1430,46,126555,East,Business,0.23921078527548773,1,111596,-0.05,-0.1,0.02,0.03
1431,29,47264,West,SelfEmp,0.8531732608439456,1,241779,0.35,0.25,0.15,0.2
1432,25,27260,West,SelfEmp,0.825978356532027,1,239720,0.35,0.25,0.15,0.2
1433,43,91542,East,Salaried,0.16253257535713544,0,216685,-0.05,-0.1,0.02,0.03
1434,47,127922,East,Business,0.21750474921095453,0,52274,-0.05,-0.1,0.02,0.03
1435,32,48961,South,Salaried,0.6309948186775249,0,85974,0.2,0.2,0.1,0.05
1436,59,51950,East,Business,0.4902109316083607,0,112744,-0.05,-0.1,0.02,0.03
1437,36,102076,East,Business,0.48369417412952886,0,105048,-0.05,-0.1,0.02,0.03
1438,24,34895,West,SelfEmp,0.7624781952713764,0,197502,0.35,0.25,0.15,0.2
1439,55,105309,North,Salaried,0.18371510461204796,0,75105,-0.05,-0.1,0.02,0.03
1440,67,82442,North,Business,0.4922592878256199,0,198182,-0.05,-0.1,0.02,0.03
1441,55,112771,North,Business,0.2272749917825555,0,233208,-0.05,-0.1,0.02,0.03
1442,34,46991,South,Salaried,0.7769681692338102,1,175417,0.2,0.2,0.1,0.05
1443,34,148892,East,Business,0.15212957868093127,0,125783,-0.05,-0.1,0.02,0.03
1444,61,105255,East,Business,0.17673444584040424,0,244302,-0.05,-0.1,0.02,0.03
1445,44,86157,North,Salaried,0.12121835247881135,0,190988,-0.05,-0.1,0.02,0.03
1446,62,87805,East,Business,0.22389127349101276,0,148385,-0.05,-0.1,0.02,0.03
1447,53,131072,North,Salaried,0.2766189155519322,1,92039,-0.05,-0.1,0.02,0.03
1448,64,136103,North,Business,0.2319899581161106,1,216439,-0.05,-0.1,0.02,0.03
1449,43,101444,East,Salaried,0.27471086772932785,0,89759,-0.05,-0.1,0.02,0.03
1450,62,116577,East,Business,0.12096227458447953,1,73482,-0.05,-0.1,0.02,0.03
1451,55,137317,North,Business,0.36146259056224816,1,179493,-0.05,-0.1,0.02,0.03
1452,38,131943,North,Business,0.38823456774825493,0,139572,-0.05,-0.1,0.02,0.03
1453,24,27419,West,SelfEmp,0.8498095235508646,0,137140,0.35,0.25,0.15,0.2
1454,56,107600,East,Business,0.4977151943044237,0,212182,-0.05,-0.1,0.02,0.03
1455,23,29075,West,SelfEmp,0.7885321790526141,1,193167,0.35,0.25,0.15,0.2
1456,58,140298,East,Salaried,0.1465393799429615,0,81127,-0.05,-0.1,0.02,0.03
1457,50,99714,East,Salaried,0.3850405629193573,0,230292,-0.05,-0.1,0.02,0.03
1458,42,36200,South,Salaried,0.6708480166705316,1,83598,0.2,0.2,0.1,0.05
1459,41,99725,North,Salaried,0.3645441574645223,0,190777,-0.05,-0.1,0.02,0.03
1460,29,39298,West,SelfEmp,0.8453390545988001,1,228007,0.35,0.25,0.15,0.2
1461,44,56050,North,Salaried,0.41493953936388284,0,234750,-0.05,-0.1,0.02,0.03
1462,43,51827,South,Salaried,0.7889675108171299,0,127968,0.2,0.2,0.1,0.05
1463,34,105781,East,Business,0.3636622178400538,0,146805,-0.05,-0.1,0.02,0.03
1464,44,73446,East,Salaried,0.13827604642320046,1,191292,-0.05,-0.1,0.02,0.03
1465,50,60510,East,Business,0.3718207346290736,0,122254,-0.05,-0.1,0.02,0.03
1466,52,115587,North,Salaried,0.36245843673897693,1,122746,-0.05,-0.1,0.02,0.03
1467,33,80916,North,Salaried,0.18083326600316948,1,129400,-0.05,-0.1,0.02,0.03
1468,33,100430,East,Business,0.4444251745918878,0,73284,-0.05,-0.1,0.02,0.03
1469,34,33464,South,Salaried,0.5653857585337092,1,161490,0.2,0.2,0.1,0.05
1470,65,50255,North,Salaried,0.4218566789338709,0,208497,-0.05,-0.1,0.02,0.03
1471,34,121694,North,Salaried,0.43894202156374673,0,82599,-0.05,-0.1,0.02,0.03
1472,40,101364,North,Salaried,0.2467223540560023,0,104766,-0.05,-0.1,0.02,0.03
1473,60,55913,North,Business,0.16187393927394447,0,50319,-0.05,-0.1,0.02,0.03
1474,39,124387,North,Salaried,0.23172212514583973,0,232017,-0.05,-0.1,0.02,0.03
1475,43,35703,South,Salaried,0.7952827989278877,0,107676,0.2,0.2,0.1,0.05
1476,25,48804,West,SelfEmp,0.8990031958455621,1,182904,0.35,0.25,0.15,0.2
1477,47,118147,East,Business,0.41990509711809587,0,170729,-0.05,-0.1,0.02,0.03
1478,48,123973,North,Business,0.188597419543856,0,88015,-0.05,-0.1,0.02,0.03
1479,64,126394,East,Salaried,0.4788161112577437,0,142554,-0.05,-0.1,0.02,0.03
1480,53,112796,East,Salaried,0.31865025837729843,0,186311,-0.05,-0.1,0.02,0.03
1481,36,77195,East,Business,0.3604707842974473,0,199177,-0.05,-0.1,0.02,0.03
1482,63,121969,East,Business,0.5114390018003414,0,242019,-0.15,-0.25,0.05,0.1
1483,65,93849,East,Business,0.6641265708620814,0,344437,-0.15,-0.25,0.05,0.1
1484,25,49563,West,SelfEmp,0.8827801129858377,0,184450,0.35,0.25,0.15,0.2
1485,44,122790,North,Business,0.4242921860921651,1,82009,-0.05,-0.1,0.02,0.03
1486,31,137618,North,Salaried,0.23020133525045416,0,192491,-0.05,-0.1,0.02,0.03
1487,32,51988,South,Salaried,0.7761003591292381,0,85674,0.2,0.2,0.1,0.05
1488,44,59072,South,Salaried,0.6342304782691864,0,124291,0.2,0.2,0.1,0.05
1489,66,54646,East,Salaried,0.27120774097585754,0,102107,-0.05,-0.1,0.02,0.03
1490,26,28536,West,SelfEmp,0.7440503533237995,1,241543,0.35,0.25,0.15,0.2
1491,64,149280,East,Salaried,0.43135125824065856,0,96008,-0.05,-0.1,0.02,0.03
1492,66,51626,East,Salaried,0.3696233811014783,0,82356,-0.05,-0.1,0.02,0.03
1493,63,59465,East,Salaried,0.39708859887456704,0,151350,-0.05,-0.1,0.02,0.03
1494,57,129012,East,Salaried,0.4294637003935896,0,110289,-0.05,-0.1,0.02,0.03
1495,50,116909,East,Business,0.6597181711320381,1,160360,-0.15,-0.25,0.05,0.1
1496,53,98791,East,Business,0.2698716049673834,0,77209,-0.05,-0.1,0.02,0.03
1497,49,59032,North,Business,0.25643689765928823,0,234839,-0.05,-0.1,0.02,0.03
1498,57,99954,North,Business,0.2727374769248119,0,75714,-0.05,-0.1,0.02,0.03
1499,29,48859,West,SelfEmp,0.8401653355059017,1,188344,0.35,0.25,0.15,0.2
1500,31,45295,South,Salaried,0.6128575380468659,1,125530,0.2,0.2,0.1,0.05
1501,32,94645,East,Salaried,0.1839571369219989,0,128382,-0.05,-0.1,0.02,0.03
1502,43,43470,South,Salaried,0.7746597320752758,1,86805,0.2,0.2,0.1,0.05
1503,25,43004,West,SelfEmp,0.7496398060360319,1,209300,0.35,0.25,0.15,0.2
1504,51,64859,East,Salaried,0.3819182399701182,0,223316,-0.05,-0.1,0.02,0.03
1505,69,105565,East,Salaried,0.15723255816692558,0,148841,-0.05,-0.1,0.02,0.03
1506,42,59714,South,Salaried,0.6630686280722848,1,123625,0.2,0.2,0.1,0.05
1507,64,66569,North,Business,0.12311527880794566,0,128047,-0.05,-0.1,0.02,0.03
1508,49,113087,East,Business,0.30013346227040893,0,229420,-0.05,-0.1,0.02,0.03
1509,69,70229,East,Salaried,0.4968063877587343,0,122723,-0.05,-0.1,0.02,0.03
1510,34,103031,East,Business,0.36664535463771397,0,247190,-0.05,-0.1,0.02,0.03
1511,43,131067,North,Salaried,0.3837257179213934,0,63731,-0.05,-0.1,0.02,0.03
1512,32,99116,East,Business,0.2205953661417438,1,74278,-0.05,-0.1,0.02,0.03
1513,39,83615,North,Business,0.23160229186489315,0,170288,-0.05,-0.1,0.02,0.03
1514,41,136711,North,Business,0.3046144776939167,1,94134,-0.05,-0.1,0.02,0.03
1515,42,51949,North,Salaried,0.240920941750704,0,94387,-0.05,-0.1,0.02,0.03
1516,54,51919,East,Business,0.17416472713086967,0,64456,-0.05,-0.1,0.02,0.03
1517,39,87924,North,Business,0.2986580849558018,0,244647,-0.05,-0.1,0.02,0.03
1518,37,83910,North,Salaried,0.34318308107344375,0,68013,-0.05,-0.1,0.02,0.03
1519,55,120375,East,Business,0.42967199985014337,0,228772,-0.05,-0.1,0.02,0.03
1520,32,124779,North,Salaried,0.24009464573083072,1,61596,-0.05,-0.1,0.02,0.03
1521,67,136468,East,Business,0.6750419734224329,0,224442,-0.15,-0.25,0.05,0.1
1522,39,32654,South,Salaried,0.5923908796427773,0,133609,0.2,0.2,0.1,0.05
1523,62,97037,North,Business,0.2424845269015477,0,75816,-0.05,-0.1,0.02,0.03
1524,33,61741,East,Salaried,0.49218831911322847,0,179544,-0.05,-0.1,0.02,0.03
1525,37,61085,North,Salaried,0.31089039130019336,0,245457,-0.05,-0.1,0.02,0.03
1526,33,72099,East,Salaried,0.312594370921802,0,93147,-0.05,-0.1,0.02,0.03
1527,55,147841,East,Salaried,0.41077855535700847,0,60985,-0.05,-0.1,0.02,0.03
1528,21,44160,West,SelfEmp,0.8936696027017791,1,240844,0.35,0.25,0.15,0.2
1529,54,135818,North,Salaried,0.4312173143097009,0,189248,-0.05,-0.1,0.02,0.03
1530,26,32128,West,SelfEmp,0.680865893432684,0,171083,0.35,0.25,0.15,0.2
1531,68,56021,North,Business,0.34377811893091154,0,163415,-0.05,-0.1,0.02,0.03
1532,69,57904,East,Business,0.2849445788990957,0,53093,-0.05,-0.1,0.02,0.03
1533,51,142510,North,Business,0.32275223605918635,0,77453,-0.05,-0.1,0.02,0.03
1534,53,118449,North,Business,0.2356813725087672,0,88057,-0.05,-0.1,0.02,0.03
1535,52,105797,East,Salaried,0.3078007419059925,0,112040,-0.05,-0.1,0.02,0.03
1536,50,114648,North,Business,0.3285358113812309,0,107923,-0.05,-0.1,0.02,0.03
1537,30,79203,North,Salaried,0.3775381545089066,0,190934,-0.05,-0.1,0.02,0.03
1538,38,107560,East,Business,0.28224654958673623,0,245595,-0.05,-0.1,0.02,0.03
1539,43,107003,East,Business,0.3050330507388546,0,235010,-0.05,-0.1,0.02,0.03
1540,33,73382,East,Business,0.1386354729978129,1,56764,-0.05,-0.1,0.02,0.03
1541,42,81923,East,Business,0.465431204561078,0,68800,-0.05,-0.1,0.02,0.03
1542,63,102805,North,Business,0.22046360791417816,0,143498,-0.05,-0.1,0.02,0.03
1543,30,33216,South,Salaried,0.5709744901572273,1,117132,0.2,0.2,0.1,0.05
1544,35,34960,South,Salaried,0.6996592947074654,1,187145,0.2,0.2,0.1,0.05
1545,57,79782,East,Business,0.14050607239496388,0,81457,-0.05,-0.1,0.02,0.03
1546,67,106381,North,Business,0.27022235107868703,0,70505,-0.05,-0.1,0.02,0.03
1547,48,146008,North,Business,0.30822821771966935,0,199749,-0.05,-0.1,0.02,0.03
1548,42,120153,North,Business,0.15530613755074843,0,161889,-0.05,-0.1,0.02,0.03
1549,38,142098,East,Business,0.3069730239251852,0,51049,-0.05,-0.1,0.02,0.03
1550,39,116351,North,Salaried,0.11631400537420725,0,77278,-0.05,-0.1,0.02,0.03
1551,47,107183,East,Salaried,0.18804393200766542,0,108150,-0.05,-0.1,0.02,0.03
1552,53,99855,North,Business,0.394798524690809,0,201365,-0.05,-0.1,0.02,0.03
1553,42,83387,North,Salaried,0.15272414939898368,1,186666,-0.05,-0.1,0.02,0.03
1554,51,66191,East,Salaried,0.38737891252096646,0,96798,-0.05,-0.1,0.02,0.03
1555,42,128678,East,Business,0.41787223020432285,0,114814,-0.05,-0.1,0.02,0.03
1556,34,149276,East,Salaried,0.42098392613494817,0,229863,-0.05,-0.1,0.02,0.03
1557,47,147077,East,Business,0.44952872846490133,0,219587,-0.05,-0.1,0.02,0.03
1558,52,112613,East,Business,0.33056222058145335,0,195506,-0.05,-0.1,0.02,0.03
1559,36,31999,South,Salaried,0.6228234368013763,1,132800,0.2,0.2,0.1,0.05
1560,58,53339,North,Salaried,0.2844134272391248,0,84607,-0.05,-0.1,0.02,0.03
1561,48,65290,East,Salaried,0.4448611833172488,1,113197,-0.05,-0.1,0.02,0.03
1562,68,121596,East,Salaried,0.45720054495859885,0,186559,-0.05,-0.1,0.02,0.03
1563,49,126816,East,Salaried,0.3758432076001632,0,138713,-0.05,-0.1,0.02,0.03
1564,62,113146,East,Salaried,0.2291604274311604,0,241889,-0.05,-0.1,0.02,0.03
1565,39,85577,East,Salaried,0.11254462752183536,0,206546,-0.05,-0.1,0.02,0.03
1566,66,122828,East,Business,0.41380224091848694,0,136569,-0.05,-0.1,0.02,0.03
1567,33,75772,East,Salaried,0.36244446019126686,0,125992,-0.05,-0.1,0.02,0.03
1568,66,92145,North,Business,0.3551721958318662,0,188279,-0.05,-0.1,0.02,0.03
1569,52,139244,East,Business,0.4830993455364148,0,270896,-0.15,-0.25,0.05,0.1
1570,33,50102,South,Salaried,0.6596099612403814,1,134333,0.2,0.2,0.1,0.05
1571,25,38331,West,SelfEmp,0.6999682436623609,1,120306,0.35,0.25,0.15,0.2
1572,42,62207,North,Salaried,0.17659736397232095,0,230889,-0.05,-0.1,0.02,0.03
1573,63,95704,East,Business,0.39138837822343686,0,60060,-0.05,-0.1,0.02,0.03
1574,33,128563,North,Business,0.4372711682611362,0,179157,-0.05,-0.1,0.02,0.03
1575,41,60013,South,Salaried,0.7899791724105227,0,100448,0.2,0.2,0.1,0.05
1576,44,71446,East,Business,0.4500839217792102,0,78016,-0.05,-0.1,0.02,0.03
1577,22,45034,West,SelfEmp,0.8217381103463596,0,166539,0.35,0.25,0.15,0.2
1578,39,73016,North,Salaried,0.10150707782021323,0,133402,-0.05,-0.1,0.02,0.03
1579,53,79986,North,Business,0.43862172898616114,0,104973,-0.05,-0.1,0.02,0.03
1580,33,107888,North,Business,0.42909459441737263,0,237306,-0.05,-0.1,0.02,0.03
1581,35,61519,East,Salaried,0.3947267327318801,0,155474,-0.05,-0.1,0.02,0.03
1582,52,87570,East,Business,0.24686952577251686,0,73434,-0.05,-0.1,0.02,0.03
1583,56,148580,East,Business,0.10592354445305006,0,89470,-0.05,-0.1,0.02,0.03
1584,50,98621,East,Salaried,0.29567860719224626,0,221796,-0.05,-0.1,0.02,0.03
1585,56,78391,East,Business,0.38679010942141934,0,56574,-0.05,-0.1,0.02,0.03
1586,55,86051,East,Salaried,0.49580798380034685,0,232643,-0.05,-0.1,0.02,0.03
1587,44,101458,East,Salaried,0.1714651221356412,0,75298,-0.05,-0.1,0.02,0.03
1588,34,83092,East,Business,0.21567130154257727,0,195476,-0.05,-0.1,0.02,0.03
1589,45,99997,North,Business,0.234466135431832,0,199776,-0.05,-0.1,0.02,0.03
1590,26,33015,West,SelfEmp,0.7544923858966318,0,185263,0.35,0.25,0.15,0.2
1591,39,101432,East,Salaried,0.3443786102810613,0,139342,-0.05,-0.1,0.02,0.03
1592,62,145692,East,Business,0.5646525266780421,0,194308,-0.15,-0.25,0.05,0.1
1593,34,115020,East,Business,0.3164646236402634,0,120560,-0.05,-0.1,0.02,0.03
1594,60,107492,North,Salaried,0.302066284609093,0,238511,-0.05,-0.1,0.02,0.03
1595,31,147557,North,Salaried,0.24054237386197072,0,85109,-0.05,-0.1,0.02,0.03
1596,30,130792,East,Business,0.3408675077555533,0,116896,-0.05,-0.1,0.02,0.03
1597,56,72161,North,Business,0.2995491284615524,1,137938,-0.05,-0.1,0.02,0.03
1598,66,146271,East,Business,0.6265204612394875,0,163965,-0.15,-0.25,0.05,0.1
1599,44,76926,East,Salaried,0.276480440885173,0,132104,-0.05,-0.1,0.02,0.03
1600,58,123567,East,Salaried,0.3360924789625435,0,232698,-0.05,-0.1,0.02,0.03
1601,58,142602,North,Salaried,0.40469708258780634,0,84986,-0.05,-0.1,0.02,0.03
1602,61,100304,North,Salaried,0.25849420981492144,0,141594,-0.05,-0.1,0.02,0.03
1603,30,88745,East,Salaried,0.4152475759780876,0,236005,-0.05,-0.1,0.02,0.03
1604,56,89846,North,Salaried,0.26769969972758634,0,56907,-0.05,-0.1,0.02,0.03
1605,22,44310,West,SelfEmp,0.852258174876833,1,224553,0.35,0.25,0.15,0.2
1606,68,54263,East,Salaried,0.13194256983290262,0,244841,-0.05,-0.1,0.02,0.03
1607,56,57377,North,Business,0.11179054084977907,0,97606,-0.05,-0.1,0.02,0.03
1608,36,143145,North,Business,0.45164408955718593,0,71996,-0.05,-0.1,0.02,0.03
1609,36,90148,North,Business,0.49944692766575394,0,220231,-0.05,-0.1,0.02,0.03
1610,56,67333,North,Business,0.29533396520173383,0,212217,-0.05,-0.1,0.02,0.03
1611,52,100139,East,Business,0.40330853454974086,0,243616,-0.15,-0.25,0.05,0.1
1612,50,96947,North,Salaried,0.30336239065785087,0,115464,-0.05,-0.1,0.02,0.03
1613,21,44433,West,SelfEmp,0.7263314747583166,0,142796,0.35,0.25,0.15,0.2
1614,45,99757,East,Business,0.3069844037537165,1,97046,-0.05,-0.1,0.02,0.03
1615,61,98432,North,Business,0.1121356987273273,1,185892,-0.05,-0.1,0.02,0.03
1616,49,107732,East,Business,0.17554807470514178,0,246149,-0.05,-0.1,0.02,0.03
1617,51,105076,East,Business,0.1658508986261661,0,89023,-0.05,-0.1,0.02,0.03
1618,31,51423,South,Salaried,0.644975130580676,1,141742,0.2,0.2,0.1,0.05
1619,61,97857,North,Business,0.22747890291415895,0,153591,-0.05,-0.1,0.02,0.03
1620,45,112583,East,Salaried,0.20250196955562905,0,87594,-0.05,-0.1,0.02,0.03
1621,60,116033,East,Business,0.10787328615256549,0,120979,-0.05,-0.1,0.02,0.03
1622,38,123757,North,Salaried,0.46370601738213635,0,199014,-0.05,-0.1,0.02,0.03
1623,66,117143,East,Business,0.1674806571214983,0,57274,-0.05,-0.1,0.02,0.03
1624,45,61826,North,Salaried,0.24945386083708973,0,204562,-0.05,-0.1,0.02,0.03
1625,39,58520,North,Business,0.45970012279262595,0,119072,-0.05,-0.1,0.02,0.03
1626,24,35255,West,SelfEmp,0.7758159752252036,1,175059,0.35,0.25,0.15,0.2
1627,25,46804,West,SelfEmp,0.6947949186563307,1,156292,0.35,0.25,0.15,0.2
1628,67,129233,North,Salaried,0.2858899212322686,0,113226,-0.05,-0.1,0.02,0.03
1629,41,118816,North,Business,0.2854703223092712,0,229776,-0.05,-0.1,0.02,0.03
1630,66,76398,North,Salaried,0.15677328430375945,0,84512,-0.05,-0.1,0.02,0.03
1631,40,127395,East,Salaried,0.38812916659142405,0,231693,-0.05,-0.1,0.02,0.03
1632,42,100603,North,Salaried,0.4328951766244914,0,182825,-0.05,-0.1,0.02,0.03
1633,41,124283,East,Business,0.4955502848550174,1,167718,-0.05,-0.1,0.02,0.03
1634,58,106354,North,Business,0.10837281179682941,0,59982,-0.05,-0.1,0.02,0.03
1635,32,119852,North,Business,0.23837980714528118,0,72187,-0.05,-0.1,0.02,0.03
1636,41,31214,South,Salaried,0.6484968769282639,1,123481,0.2,0.2,0.1,0.05
1637,69,107874,North,Salaried,0.4785057972012329,0,110481,-0.05,-0.1,0.02,0.03
1638,62,122105,East,Business,0.302857553056154,0,87177,-0.05,-0.1,0.02,0.03
1639,37,77915,North,Business,0.25166434559197737,0,239216,-0.05,-0.1,0.02,0.03
1640,65,140791,North,Salaried,0.22455017686532847,0,236113,-0.05,-0.1,0.02,0.03
1641,61,124063,East,Business,0.5057307824579725,1,251584,-0.15,-0.25,0.05,0.1
1642,64,51620,East,Business,0.2348879639640904,0,205596,-0.05,-0.1,0.02,0.03
1643,53,104261,East,Business,0.4068672561377408,0,155025,-0.05,-0.1,0.02,0.03
1644,31,59520,South,Salaried,0.7269655258635511,1,157085,0.2,0.2,0.1,0.05
1645,39,62906,North,Business,0.1076691642999593,0,249548,-0.05,-0.1,0.02,0.03
1646,56,142284,East,Business,0.5074868390871646,1,242035,-0.15,-0.25,0.05,0.1
1647,68,112457,East,Salaried,0.28701753987750633,0,135366,-0.05,-0.1,0.02,0.03
1648,30,38097,South,Salaried,0.7650619527443662,0,130969,0.2,0.2,0.1,0.05
1649,68,94411,North,Business,0.12860120973265415,0,161116,-0.05,-0.1,0.02,0.03
1650,61,60402,North,Business,0.2708530124193565,0,131219,-0.05,-0.1,0.02,0.03
1651,48,66447,North,Business,0.14228982417245395,0,238873,-0.05,-0.1,0.02,0.03
1652,52,91740,East,Business,0.5809011521289734,1,184722,-0.15,-0.25,0.05,0.1
1653,46,121975,East,Business,0.15286471101000948,0,143332,-0.05,-0.1,0.02,0.03
1654,64,133312,North,Salaried,0.2271839326638471,0,78000,-0.05,-0.1,0.02,0.03
1655,43,60383,South,Salaried,0.606221695056383,1,104281,0.2,0.2,0.1,0.05
1656,68,106313,North,Business,0.20817847418857058,0,198515,-0.05,-0.1,0.02,0.03
1657,53,103744,East,Business,0.11900710288284416,0,213282,-0.05,-0.1,0.02,0.03
1658,48,104604,North,Business,0.26969828128263207,0,184273,-0.05,-0.1,0.02,0.03
1659,59,139882,North,Business,0.23156791128428977,0,117203,-0.05,-0.1,0.02,0.03
1660,49,108235,North,Salaried,0.280232997126447,0,83741,-0.05,-0.1,0.02,0.03
1661,30,92903,North,Salaried,0.27546215254014983,0,172189,-0.05,-0.1,0.02,0.03
1662,32,115063,East,Business,0.14580247858759257,0,197950,-0.05,-0.1,0.02,0.03
1663,40,81740,East,Business,0.4863355100233321,1,98365,-0.05,-0.1,0.02,0.03
1664,47,88485,North,Salaried,0.20310208625124387,0,55004,-0.05,-0.1,0.02,0.03
1665,35,87170,East,Salaried,0.167882095662098,0,86365,-0.05,-0.1,0.02,0.03
1666,39,56673,South,Salaried,0.7447668785898675,1,139076,0.2,0.2,0.1,0.05
1667,53,100151,North,Business,0.17446601429842812,0,100955,-0.05,-0.1,0.02,0.03
1668,66,86741,North,Business,0.3906343063305814,0,111768,-0.05,-0.1,0.02,0.03
1669,37,129397,East,Business,0.44075519298815335,0,119310,-0.05,-0.1,0.02,0.03
1670,43,54606,North,Salaried,0.4724077103518818,0,206547,-0.05,-0.1,0.02,0.03
1671,32,92853,East,Salaried,0.19708599471943328,1,118879,-0.05,-0.1,0.02,0.03
1672,38,89994,North,Salaried,0.48834167914708015,1,127066,-0.05,-0.1,0.02,0.03
1673,61,71395,North,Salaried,0.2907351099432286,0,171656,-0.05,-0.1,0.02,0.03
1674,68,127190,East,Business,0.5394549411112156,0,331350,-0.15,-0.25,0.05,0.1
1675,24,34424,West,SelfEmp,0.8764972876623005,1,163923,0.35,0.25,0.15,0.2
1676,57,147384,East,Salaried,0.1844632149727708,0,143176,-0.05,-0.1,0.02,0.03
1677,61,82577,East,Salaried,0.2952388063491309,0,185168,-0.05,-0.1,0.02,0.03
1678,34,58254,North,Business,0.194770368292579,0,239059,-0.05,-0.1,0.02,0.03
1679,54,82963,North,Business,0.22192525785805298,0,53212,-0.05,-0.1,0.02,0.03
1680,65,72007,East,Business,0.2007413449382836,0,113593,-0.05,-0.1,0.02,0.03
1681,36,143899,North,Salaried,0.30068512667539676,0,157598,-0.05,-0.1,0.02,0.03
1682,39,86820,East,Business,0.1793640404774251,0,110531,-0.05,-0.1,0.02,0.03
1683,45,77584,East,Business,0.26373796835295704,1,180752,-0.05,-0.1,0.02,0.03
1684,51,123588,East,Business,0.16211064127093225,0,154533,-0.05,-0.1,0.02,0.03
1685,32,45438,South,Salaried,0.7978985589160417,1,113268,0.2,0.2,0.1,0.05
1686,30,139460,North,Salaried,0.24706321842364334,0,120726,-0.05,-0.1,0.02,0.03
1687,55,94788,East,Salaried,0.43540039617725845,1,175076,-0.05,-0.1,0.02,0.03
1688,28,34854,West,SelfEmp,0.7330184727059551,1,141348,0.35,0.25,0.15,0.2
1689,35,121923,East,Business,0.39135447444029303,0,90484,-0.05,-0.1,0.02,0.03
1690,62,127260,East,Business,0.4523751954029081,0,278824,-0.15,-0.25,0.05,0.1
1691,61,103205,East,Business,0.13557180910200956,0,146032,-0.05,-0.1,0.02,0.03
1692,59,89015,East,Business,0.24618059386130944,1,197239,-0.05,-0.1,0.02,0.03
1693,42,122153,North,Business,0.17215499038708515,0,115839,-0.05,-0.1,0.02,0.03
1694,43,148231,East,Salaried,0.3875627778419162,0,142943,-0.05,-0.1,0.02,0.03
1695,58,86744,East,Business,0.4448838563012957,0,57176,-0.05,-0.1,0.02,0.03
1696,41,68676,East,Salaried,0.23741264459931766,1,170179,-0.05,-0.1,0.02,0.03
1697,33,41231,South,Salaried,0.6320367951287672,0,165447,0.2,0.2,0.1,0.05
1698,63,111517,East,Business,0.1848111402008916,0,206017,-0.05,-0.1,0.02,0.03
1699,42,60196,North,Business,0.30875004414943075,0,130399,-0.05,-0.1,0.02,0.03
1700,30,74111,North,Business,0.42929054369859976,0,184271,-0.05,-0.1,0.02,0.03
1701,52,57897,East,Salaried,0.3708509954295608,0,95612,-0.05,-0.1,0.02,0.03
1702,41,68268,East,Business,0.4348088522593323,0,244451,-0.05,-0.1,0.02,0.03
1703,33,138757,East,Business,0.28811357450529473,0,73645,-0.05,-0.1,0.02,0.03
1704,55,73401,East,Business,0.23978964781305023,0,183014,-0.05,-0.1,0.02,0.03
1705,48,103740,East,Salaried,0.40797337437947456,0,58983,-0.05,-0.1,0.02,0.03
1706,57,141628,East,Salaried,0.17102880105264706,0,52673,-0.05,-0.1,0.02,0.03
1707,22,43446,West,SelfEmp,0.665109136235141,1,234579,0.35,0.25,0.15,0.2
1708,63,82500,East,Salaried,0.34641541133598286,0,163431,-0.05,-0.1,0.02,0.03
1709,57,71173,North,Salaried,0.4481601852423348,0,182511,-0.05,-0.1,0.02,0.03
1710,68,70600,North,Business,0.479148067447872,0,231189,-0.05,-0.1,0.02,0.03
1711,30,39111,South,Salaried,0.7270424804588927,1,89404,0.2,0.2,0.1,0.05
1712,53,134913,East,Business,0.452846173750858,0,152682,-0.15,-0.25,0.05,0.1
1713,38,66997,North,Salaried,0.40517955140462447,0,164250,-0.05,-0.1,0.02,0.03
1714,46,112919,East,Salaried,0.11286610812905257,0,159687,-0.05,-0.1,0.02,0.03
1715,26,25244,West,SelfEmp,0.6752017992847713,1,166489,0.35,0.25,0.15,0.2
1716,68,60247,East,Business,0.10482500712896031,0,79583,-0.05,-0.1,0.02,0.03
1717,52,65051,North,Salaried,0.36889365992024203,0,85568,-0.05,-0.1,0.02,0.03
1718,31,141903,North,Business,0.2379147714618146,1,105904,-0.05,-0.1,0.02,0.03
1719,37,52853,North,Salaried,0.15630818310848535,0,173225,-0.05,-0.1,0.02,0.03
1720,37,134860,North,Salaried,0.4028602321229757,1,211615,-0.05,-0.1,0.02,0.03
1721,34,96902,North,Business,0.30997363369738706,0,243149,-0.05,-0.1,0.02,0.03
1722,63,135970,North,Salaried,0.20326326706339135,0,68228,-0.05,-0.1,0.02,0.03
1723,56,56862,North,Salaried,0.19730923378827947,0,208273,-0.05,-0.1,0.02,0.03
1724,48,127228,North,Business,0.35423739280327493,0,199333,-0.05,-0.1,0.02,0.03
1725,36,51219,South,Salaried,0.7082572263519357,0,182318,0.2,0.2,0.1,0.05
1726,45,77032,East,Salaried,0.38759699015922444,0,229893,-0.05,-0.1,0.02,0.03
1727,43,57248,East,Business,0.40291822882847717,0,153719,-0.05,-0.1,0.02,0.03
1728,61,118731,East,Salaried,0.4914313579437496,1,55310,-0.05,-0.1,0.02,0.03
1729,46,94528,North,Business,0.16725643435789883,1,65457,-0.05,-0.1,0.02,0.03
1730,52,127112,East,Business,0.29300223655284535,0,181094,-0.05,-0.1,0.02,0.03
1731,32,98929,North,Business,0.20515228079573042,0,122534,-0.05,-0.1,0.02,0.03
1732,29,45557,West,SelfEmp,0.7131421397844218,1,247743,0.35,0.25,0.15,0.2
1733,61,92407,East,Salaried,0.496149683741855,0,181029,-0.05,-0.1,0.02,0.03
1734,42,110797,East,Business,0.4387132108675317,0,89963,-0.05,-0.1,0.02,0.03
1735,47,72463,East,Salaried,0.2760510786185306,0,72787,-0.05,-0.1,0.02,0.03
1736,53,107427,East,Business,0.1260799066824602,0,113308,-0.05,-0.1,0.02,0.03
1737,34,88059,North,Salaried,0.12846210235303246,1,77313,-0.05,-0.1,0.02,0.03
1738,54,133251,East,Salaried,0.45547728591391934,0,67189,-0.05,-0.1,0.02,0.03
1739,53,131991,East,Salaried,0.20306280919646205,0,236914,-0.05,-0.1,0.02,0.03
1740,64,63107,North,Salaried,0.4312238170931505,0,90725,-0.05,-0.1,0.02,0.03
1741,44,129232,East,Business,0.4494690908719059,0,106063,-0.05,-0.1,0.02,0.03
1742,38,47868,South,Salaried,0.6106047034718027,1,143924,0.2,0.2,0.1,0.05
1743,36,104649,North,Business,0.275862293623666,0,191295,-0.05,-0.1,0.02,0.03
1744,46,109526,East,Business,0.23323421923754917,0,80755,-0.05,-0.1,0.02,0.03
1745,29,38672,West,SelfEmp,0.6969027471363562,1,120064,0.35,0.25,0.15,0.2
1746,28,43419,West,SelfEmp,0.7067251918109521,0,236916,0.35,0.25,0.15,0.2
1747,56,114274,North,Salaried,0.3866214559115998,0,81335,-0.05,-0.1,0.02,0.03
1748,34,60995,North,Business,0.4154207368033026,0,114471,-0.05,-0.1,0.02,0.03
1749,52,97664,East,Salaried,0.14746228127850092,0,235420,-0.05,-0.1,0.02,0.03
1750,58,128629,North,Salaried,0.16652468008363297,0,104862,-0.05,-0.1,0.02,0.03
1751,32,78004,East,Salaried,0.20415894349802866,0,115308,-0.05,-0.1,0.02,0.03
1752,30,65467,East,Business,0.2531177232581401,0,158718,-0.05,-0.1,0.02,0.03
1753,35,60683,North,Business,0.4092360566468448,0,112744,-0.05,-0.1,0.02,0.03
1754,58,56955,North,Business,0.39047285397858456,0,56408,-0.05,-0.1,0.02,0.03
1755,34,34250,South,Salaried,0.7960412398708038,1,175729,0.2,0.2,0.1,0.05
1756,53,142404,East,Business,0.46897424440150803,0,187930,-0.05,-0.1,0.02,0.03
1757,66,122099,East,Business,0.4912738934459754,0,224796,-0.15,-0.25,0.05,0.1
1758,35,97458,East,Salaried,0.46852918683872535,0,181467,-0.05,-0.1,0.02,0.03
1759,57,68394,East,Salaried,0.49170474624345706,0,132971,-0.05,-0.1,0.02,0.03
1760,50,135504,East,Business,0.3339966994807675,1,99107,-0.05,-0.1,0.02,0.03
1761,62,149655,North,Business,0.13946295069312364,0,113797,-0.05,-0.1,0.02,0.03
1762,26,32434,West,SelfEmp,0.7291490871031617,1,249473,0.35,0.25,0.15,0.2
1763,65,149728,East,Business,0.11819461658890984,0,223791,-0.05,-0.1,0.02,0.03
1764,32,67693,East,Business,0.20343368862110955,0,113825,-0.05,-0.1,0.02,0.03
1765,22,35248,West,SelfEmp,0.8781752525892776,1,226292,0.35,0.25,0.15,0.2
1766,53,59953,East,Business,0.13213474662779504,0,175772,-0.05,-0.1,0.02,0.03
1767,43,74496,East,Business,0.48955110681745595,0,123920,-0.05,-0.1,0.02,0.03
1768,44,149059,North,Business,0.38482536856366834,0,109799,-0.05,-0.1,0.02,0.03
1769,48,58302,East,Salaried,0.4668312795461915,1,62875,-0.05,-0.1,0.02,0.03
1770,59,92269,East,Business,0.32625795295391546,0,148297,-0.05,-0.1,0.02,0.03
1771,63,81821,East,Business,0.30839655545974287,0,140179,-0.05,-0.1,0.02,0.03
1772,69,136458,East,Business,0.629545948254564,0,288776,-0.15,-0.25,0.05,0.1
1773,26,42269,West,SelfEmp,0.744237492921568,1,208003,0.35,0.25,0.15,0.2
1774,59,117474,North,Salaried,0.4470821839066752,0,119001,-0.05,-0.1,0.02,0.03
1775,43,120949,East,Business,0.14980210174627692,1,50005,-0.05,-0.1,0.02,0.03
1776,44,137659,North,Salaried,0.2974001456290467,0,83948,-0.05,-0.1,0.02,0.03
1777,41,63057,North,Salaried,0.3832095135991648,0,151096,-0.05,-0.1,0.02,0.03
1778,44,134335,East,Salaried,0.49024198743564484,0,139846,-0.05,-0.1,0.02,0.03
1779,38,121540,East,Salaried,0.3181451408534567,0,134553,-0.05,-0.1,0.02,0.03
1780,53,124727,East,Business,0.2967245289289824,0,166779,-0.05,-0.1,0.02,0.03
1781,63,132762,North,Business,0.20770816972208306,0,93473,-0.05,-0.1,0.02,0.03
1782,38,34270,South,Salaried,0.6907249565891975,0,97600,0.2,0.2,0.1,0.05
1783,53,53811,East,Salaried,0.3791188132250095,0,207786,-0.05,-0.1,0.02,0.03
1784,68,114037,North,Business,0.39829532601647577,0,228908,-0.05,-0.1,0.02,0.03
1785,68,115283,North,Business,0.16110017266704665,0,69405,-0.05,-0.1,0.02,0.03
1786,63,53447,East,Salaried,0.30029396245767936,0,78582,-0.05,-0.1,0.02,0.03
1787,67,125871,East,Business,0.16160653014974652,0,218902,-0.05,-0.1,0.02,0.03
1788,44,115365,East,Business,0.48099652017372985,0,84136,-0.05,-0.1,0.02,0.03
1789,39,145201,East,Salaried,0.15794113090729767,0,53052,-0.05,-0.1,0.02,0.03
1790,42,67316,East,Salaried,0.48961248998882556,1,181637,-0.05,-0.1,0.02,0.03
1791,69,126639,North,Salaried,0.30961506794703475,0,214141,-0.05,-0.1,0.02,0.03
1792,48,124237,North,Business,0.2741744515608142,0,183275,-0.05,-0.1,0.02,0.03
1793,48,50434,North,Salaried,0.26587924732205126,0,133824,-0.05,-0.1,0.02,0.03
1794,37,89593,East,Business,0.3134420404489238,0,72578,-0.05,-0.1,0.02,0.03
1795,24,45111,West,SelfEmp,0.6844320753792853,1,167950,0.35,0.25,0.15,0.2
1796,63,85989,East,Salaried,0.11402597960748749,0,226882,-0.05,-0.1,0.02,0.03
1797,29,30526,West,SelfEmp,0.665531442680024,0,135828,0.35,0.25,0.15,0.2
1798,45,68615,North,Salaried,0.4231727378250877,0,200694,-0.05,-0.1,0.02,0.03
1799,34,88839,North,Business,0.4445145331019055,0,200555,-0.05,-0.1,0.02,0.03
1800,35,50026,East,Business,0.2729085151152675,0,154913,-0.05,-0.1,0.02,0.03
1801,41,139690,North,Business,0.11231324089505607,0,71797,-0.05,-0.1,0.02,0.03
1802,47,116332,East,Business,0.2711362282508212,0,217057,-0.05,-0.1,0.02,0.03
1803,66,55285,East,Salaried,0.12656416814909313,0,155160,-0.05,-0.1,0.02,0.03
1804,32,63566,North,Salaried,0.4461717620330744,0,231740,-0.05,-0.1,0.02,0.03
1805,48,72333,North,Salaried,0.3598041974007695,0,139590,-0.05,-0.1,0.02,0.03
1806,31,47184,South,Salaried,0.6274411457962968,0,85267,0.2,0.2,0.1,0.05
1807,26,25981,West,SelfEmp,0.6616449855216354,0,197192,0.35,0.25,0.15,0.2
1808,42,103013,East,Business,0.3520028541786093,0,206257,-0.05,-0.1,0.02,0.03
1809,50,95610,East,Business,0.4607353265766685,0,103790,-0.05,-0.1,0.02,0.03
1810,36,68951,North,Business,0.32153443300088824,0,139001,-0.05,-0.1,0.02,0.03
1811,34,56149,South,Salaried,0.6062375109692585,0,83549,0.2,0.2,0.1,0.05
1812,66,98328,East,Salaried,0.3800753037176212,0,94787,-0.05,-0.1,0.02,0.03
1813,65,142999,North,Business,0.18335347160353016,0,55452,-0.05,-0.1,0.02,0.03
1814,61,119217,North,Salaried,0.4851449336742969,0,89181,-0.05,-0.1,0.02,0.03
1815,58,128766,North,Salaried,0.1560258237435746,0,147898,-0.05,-0.1,0.02,0.03
1816,53,145259,East,Business,0.15381019691567382,0,202771,-0.05,-0.1,0.02,0.03
1817,28,46711,West,SelfEmp,0.6559441755754716,1,228304,0.35,0.25,0.15,0.2
1818,51,76485,East,Business,0.309875364837391,0,161359,-0.05,-0.1,0.02,0.03
1819,45,109263,East,Business,0.3774470551131516,1,219246,-0.05,-0.1,0.02,0.03
1820,30,112257,North,Salaried,0.2900790877827798,1,229227,-0.05,-0.1,0.02,0.03
1821,51,71032,East,Salaried,0.28352278170761425,1,232177,-0.05,-0.1,0.02,0.03
1822,39,71230,North,Salaried,0.29868953043927127,0,188939,-0.05,-0.1,0.02,0.03
1823,53,85865,North,Business,0.4330113395169529,0,133984,-0.05,-0.1,0.02,0.03
1824,31,139711,North,Salaried,0.1556751211031948,0,140709,-0.05,-0.1,0.02,0.03
1825,38,41223,South,Salaried,0.601148403572944,1,100010,0.2,0.2,0.1,0.05
1826,57,67234,North,Business,0.32699435111343855,1,125205,-0.05,-0.1,0.02,0.03
1827,42,77494,East,Business,0.46985347103908126,0,98737,-0.05,-0.1,0.02,0.03
1828,47,64039,East,Business,0.3901648492771882,0,137745,-0.05,-0.1,0.02,0.03
1829,65,115190,East,Business,0.6635551627192047,0,349387,-0.15,-0.25,0.05,0.1
1830,54,62803,East,Business,0.2772303731733795,0,63117,-0.05,-0.1,0.02,0.03
1831,34,52242,South,Salaried,0.7155464714279585,1,191022,0.2,0.2,0.1,0.05
1832,67,142529,East,Salaried,0.4890057928638971,0,213021,-0.05,-0.1,0.02,0.03
1833,33,117310,North,Business,0.47984085881345273,0,144825,-0.05,-0.1,0.02,0.03
1834,39,147289,North,Business,0.2578516279624128,0,201744,-0.05,-0.1,0.02,0.03
1835,33,49014,South,Salaried,0.6410382047761514,0,174075,0.2,0.2,0.1,0.05
1836,31,53384,South,Salaried,0.7641420491224749,1,158743,0.2,0.2,0.1,0.05
1837,46,113140,North,Business,0.3445269548212325,0,182871,-0.05,-0.1,0.02,0.03
1838,28,49914,West,SelfEmp,0.6546143063849861,0,193071,0.35,0.25,0.15,0.2
1839,51,142201,East,Business,0.32310590363922476,0,148752,-0.05,-0.1,0.02,0.03
1840,55,66820,North,Business,0.2994534025761116,0,110263,-0.05,-0.1,0.02,0.03
1841,69,66575,North,Salaried,0.41811481791888905,0,210448,-0.05,-0.1,0.02,0.03
1842,35,52145,South,Salaried,0.6993373252444633,1,123381,0.2,0.2,0.1,0.05
1843,60,61467,North,Business,0.20800081791223218,0,135180,-0.05,-0.1,0.02,0.03
1844,42,69755,East,Business,0.48361759874856314,0,225112,-0.05,-0.1,0.02,0.03
1845,54,134437,East,Business,0.18799645075877228,0,59236,-0.05,-0.1,0.02,0.03
1846,58,53902,North,Salaried,0.25074239319364355,0,201168,-0.05,-0.1,0.02,0.03
1847,30,51685,South,Salaried,0.6371757027107446,0,198384,0.2,0.2,0.1,0.05
1848,35,139247,East,Salaried,0.47693740306854304,1,76465,-0.05,-0.1,0.02,0.03
1849,23,34835,West,SelfEmp,0.725238069102897,1,163315,0.35,0.25,0.15,0.2
1850,54,122354,East,Salaried,0.3822479216720577,0,161074,-0.05,-0.1,0.02,0.03
1851,34,54767,South,Salaried,0.6574363452689167,1,128657,0.2,0.2,0.1,0.05
1852,49,78793,North,Business,0.3620688572711678,0,66442,-0.05,-0.1,0.02,0.03
1853,55,140292,East,Business,0.6907721822610698,0,156641,-0.15,-0.25,0.05,0.1
1854,43,65624,North,Salaried,0.4559724223560392,0,165123,-0.05,-0.1,0.02,0.03
1855,28,30248,West,SelfEmp,0.849768354871549,1,207748,0.35,0.25,0.15,0.2
1856,33,57215,South,Salaried,0.6968537909481667,0,174593,0.2,0.2,0.1,0.05
1857,60,149889,North,Salaried,0.44293112941342117,0,118868,-0.05,-0.1,0.02,0.03
1858,40,131008,East,Business,0.30431681219955353,0,51301,-0.05,-0.1,0.02,0.03
1859,46,136219,North,Business,0.30260048041477017,0,239432,-0.05,-0.1,0.02,0.03
1860,67,131388,East,Business,0.5937278714592062,1,278305,-0.15,-0.25,0.05,0.1
1861,21,28206,West,SelfEmp,0.7202208182669,0,130068,0.35,0.25,0.15,0.2
1862,64,102165,East,Business,0.13257107548277422,0,149251,-0.05,-0.1,0.02,0.03
1863,49,98599,North,Business,0.40236716585005505,0,105008,-0.05,-0.1,0.02,0.03
1864,59,101869,North,Business,0.2926157790786298,0,106680,-0.05,-0.1,0.02,0.03
1865,22,26810,West,SelfEmp,0.8889577074207475,0,138510,0.35,0.25,0.15,0.2
1866,52,137667,East,Business,0.21998956326181301,0,61094,-0.05,-0.1,0.02,0.03
1867,66,135834,North,Salaried,0.27344241336381403,0,215144,-0.05,-0.1,0.02,0.03
1868,47,57282,East,Business,0.14255536216563094,0,182145,-0.05,-0.1,0.02,0.03
1869,44,53599,East,Business,0.37141256429202596,0,53055,-0.05,-0.1,0.02,0.03
1870,64,142694,East,Salaried,0.33083097705270614,0,207116,-0.05,-0.1,0.02,0.03
1871,23,40879,West,SelfEmp,0.7961555022283384,1,193820,0.35,0.25,0.15,0.2
1872,55,100991,East,Business,0.40774215045736933,0,153881,-0.15,-0.25,0.05,0.1
1873,38,78106,North,Business,0.4647093127354798,1,109402,-0.05,-0.1,0.02,0.03
1874,23,26145,West,SelfEmp,0.7056302610443617,0,179739,0.35,0.25,0.15,0.2
1875,61,129059,East,Salaried,0.4499733297402596,0,75530,-0.05,-0.1,0.02,0.03
1876,39,51731,South,Salaried,0.7152500747052133,1,169363,0.2,0.2,0.1,0.05
1877,40,76173,East,Business,0.16942427202912758,1,162293,-0.05,-0.1,0.02,0.03
1878,39,53830,North,Business,0.26462229861801095,0,105715,-0.05,-0.1,0.02,0.03
1879,65,85739,East,Business,0.20112356451932623,0,151140,-0.05,-0.1,0.02,0.03
1880,59,85934,East,Business,0.11511318722583806,0,76008,-0.05,-0.1,0.02,0.03
1881,34,120258,North,Business,0.43968765787764197,0,88623,-0.05,-0.1,0.02,0.03
1882,44,148980,North,Salaried,0.32563396867545,0,137643,-0.05,-0.1,0.02,0.03
1883,48,58382,North,Salaried,0.47946246308262597,0,165266,-0.05,-0.1,0.02,0.03
1884,47,134120,North,Business,0.19626909993811475,0,81566,-0.05,-0.1,0.02,0.03
1885,50,73798,East,Business,0.17739033976574725,1,106878,-0.05,-0.1,0.02,0.03
1886,52,108334,East,Business,0.12867175187013388,0,203652,-0.05,-0.1,0.02,0.03
1887,30,56734,North,Salaried,0.4324508866870983,0,174478,-0.05,-0.1,0.02,0.03
1888,68,93692,East,Business,0.5253994779176612,0,343877,-0.15,-0.25,0.05,0.1
1889,49,125499,North,Business,0.3297713932012578,0,153612,-0.05,-0.1,0.02,0.03
1890,63,140918,North,Salaried,0.11611126509415515,0,101534,-0.05,-0.1,0.02,0.03
1891,30,47884,South,Salaried,0.68483705121022,0,89711,0.2,0.2,0.1,0.05
1892,39,59597,East,Salaried,0.47485798672604884,0,199854,-0.05,-0.1,0.02,0.03
1893,57,105013,North,Business,0.11942017088354527,0,202049,-0.05,-0.1,0.02,0.03
1894,25,33694,West,SelfEmp,0.7773222476699816,1,238559,0.35,0.25,0.15,0.2
1895,48,127761,East,Business,0.22009084461655457,0,130291,-0.05,-0.1,0.02,0.03
1896,36,76269,North,Salaried,0.1244687020663775,0,112670,-0.05,-0.1,0.02,0.03
1897,38,57925,East,Salaried,0.4619718067927261,0,100075,-0.05,-0.1,0.02,0.03
1898,36,57883,North,Business,0.23292396429598386,0,64642,-0.05,-0.1,0.02,0.03
1899,37,143885,North,Salaried,0.49714537344142096,0,155879,-0.05,-0.1,0.02,0.03
1900,60,95538,North,Salaried,0.4157333929362209,0,116912,-0.05,-0.1,0.02,0.03
1901,39,88176,East,Salaried,0.27344903476066956,0,128860,-0.05,-0.1,0.02,0.03
1902,61,132911,North,Salaried,0.14593161268854782,1,244251,-0.05,-0.1,0.02,0.03
1903,50,130253,North,Business,0.35742178678256764,1,249245,-0.05,-0.1,0.02,0.03
1904,51,90225,East,Salaried,0.2295904426246156,0,164693,-0.05,-0.1,0.02,0.03
1905,50,65065,North,Business,0.37526977468890543,1,242249,-0.05,-0.1,0.02,0.03
1906,41,38816,South,Salaried,0.6011138453548492,1,105654,0.2,0.2,0.1,0.05
1907,63,137144,East,Salaried,0.4449617409172356,0,152548,-0.05,-0.1,0.02,0.03
1908,40,46555,South,Salaried,0.6583862807893399,1,149599,0.2,0.2,0.1,0.05
1909,40,123678,North,Business,0.3650889693472711,0,229030,-0.05,-0.1,0.02,0.03
1910,32,92185,East,Business,0.31358261877397353,0,74276,-0.05,-0.1,0.02,0.03
1911,21,41727,West,SelfEmp,0.7026347867094608,1,143021,0.35,0.25,0.15,0.2
1912,60,100805,East,Salaried,0.16987974056835936,0,215278,-0.05,-0.1,0.02,0.03
1913,68,56389,East,Business,0.2303320079749578,0,86509,-0.05,-0.1,0.02,0.03
1914,38,129865,East,Business,0.2406539893351395,0,50903,-0.05,-0.1,0.02,0.03
1915,35,47610,South,Salaried,0.7459095755369591,1,134033,0.2,0.2,0.1,0.05
1916,62,122004,East,Business,0.5819373326630637,1,330653,-0.15,-0.25,0.05,0.1
1917,26,33631,West,SelfEmp,0.7070827091483276,1,186063,0.35,0.25,0.15,0.2
1918,41,100513,East,Salaried,0.11758865664858194,0,157418,-0.05,-0.1,0.02,0.03
1919,25,30297,West,SelfEmp,0.7573546967130633,1,185296,0.35,0.25,0.15,0.2
1920,55,101542,East,Business,0.26539885482534875,0,148706,-0.05,-0.1,0.02,0.03
1921,27,44054,West,SelfEmp,0.7484711587354043,1,124544,0.35,0.25,0.15,0.2
1922,40,63518,South,Salaried,0.6653502977063941,1,104789,0.2,0.2,0.1,0.05
1923,64,53333,North,Business,0.4497007506737345,0,162850,-0.05,-0.1,0.02,0.03
1924,42,132172,East,Salaried,0.4851021389697304,0,68477,-0.05,-0.1,0.02,0.03
1925,40,62270,North,Salaried,0.3318631854705264,0,143566,-0.05,-0.1,0.02,0.03
1926,30,69359,North,Salaried,0.259932983740082,0,167255,-0.05,-0.1,0.02,0.03
1927,59,134814,East,Salaried,0.18321981929004005,0,65797,-0.05,-0.1,0.02,0.03
1928,68,146494,North,Business,0.40522424150521674,0,234566,-0.05,-0.1,0.02,0.03
1929,64,144414,East,Salaried,0.4062193416397263,0,159681,-0.05,-0.1,0.02,0.03
1930,49,147375,East,Salaried,0.45188821322408634,0,130294,-0.05,-0.1,0.02,0.03
1931,44,138627,East,Salaried,0.33506762058930417,0,51908,-0.05,-0.1,0.02,0.03
1932,52,80412,East,Salaried,0.28322677562915655,0,211704,-0.05,-0.1,0.02,0.03
1933,31,137171,East,Business,0.11555832489873047,0,202767,-0.05,-0.1,0.02,0.03
1934,54,68409,North,Business,0.4950684508933969,0,146854,-0.05,-0.1,0.02,0.03
1935,44,30868,South,Salaried,0.666217732538586,0,128231,0.2,0.2,0.1,0.05
1936,64,138176,East,Salaried,0.15225953267865933,0,65169,-0.05,-0.1,0.02,0.03
1937,60,75444,North,Salaried,0.38274913821737544,0,189322,-0.05,-0.1,0.02,0.03
1938,43,45053,South,Salaried,0.5569079582139826,0,192637,0.2,0.2,0.1,0.05
1939,33,74892,North,Salaried,0.3011576311761677,0,129777,-0.05,-0.1,0.02,0.03
1940,44,54506,South,Salaried,0.6508806916268074,1,190951,0.2,0.2,0.1,0.05
1941,45,68443,North,Business,0.29739548549533956,0,65115,-0.05,-0.1,0.02,0.03
1942,34,62188,South,Salaried,0.7656685175829723,1,122800,0.2,0.2,0.1,0.05
1943,44,64002,North,Business,0.1075489018362421,0,198382,-0.05,-0.1,0.02,0.03
1944,37,94345,North,Business,0.2715417445226554,0,212581,-0.05,-0.1,0.02,0.03
1945,64,90878,East,Salaried,0.3231603115242037,0,140352,-0.05,-0.1,0.02,0.03
1946,45,54901,East,Business,0.273687438467367,0,191779,-0.05,-0.1,0.02,0.03
1947,64,127084,East,Business,0.44738503157898823,0,56416,-0.05,-0.1,0.02,0.03
1948,51,50594,East,Salaried,0.23990898275803132,0,168243,-0.05,-0.1,0.02,0.03
1949,60,130382,East,Salaried,0.3455583368831654,0,130636,-0.05,-0.1,0.02,0.03
1950,52,85571,North,Salaried,0.39320968594546324,0,70860,-0.05,-0.1,0.02,0.03
1951,68,133063,East,Business,0.4339210671818,0,221150,-0.05,-0.1,0.02,0.03
1952,34,140365,North,Salaried,0.4381348890025656,0,245481,-0.05,-0.1,0.02,0.03
1953,53,93085,North,Salaried,0.2663666131730864,0,80982,-0.05,-0.1,0.02,0.03
1954,64,114889,East,Salaried,0.20659888000513812,0,215664,-0.05,-0.1,0.02,0.03
1955,35,71159,North,Salaried,0.3694846590883395,0,102452,-0.05,-0.1,0.02,0.03
1956,49,57464,North,Salaried,0.2857611625282584,0,190533,-0.05,-0.1,0.02,0.03
1957,63,65791,East,Business,0.41432018607518983,0,159554,-0.05,-0.1,0.02,0.03
1958,68,84370,North,Business,0.32167747864615925,0,85416,-0.05,-0.1,0.02,0.03
1959,44,129324,East,Salaried,0.20691803283060184,0,240856,-0.05,-0.1,0.02,0.03
1960,69,110301,East,Business,0.2694772607998569,0,236444,-0.05,-0.1,0.02,0.03
1961,68,97387,East,Salaried,0.25698075394740316,0,109486,-0.05,-0.1,0.02,0.03
1962,27,31476,West,SelfEmp,0.8215930581931609,1,176751,0.35,0.25,0.15,0.2
1963,32,54942,East,Salaried,0.18918979520399284,0,122656,-0.05,-0.1,0.02,0.03
1964,67,106332,East,Salaried,0.34136703138891333,0,158269,-0.05,-0.1,0.02,0.03
1965,28,26374,West,SelfEmp,0.8722964249602191,1,189082,0.35,0.25,0.15,0.2
1966,49,112969,North,Salaried,0.2174705653433745,0,181183,-0.05,-0.1,0.02,0.03
1967,38,32379,South,Salaried,0.7912851751844215,1,97809,0.2,0.2,0.1,0.05
1968,50,73424,North,Salaried,0.22956212662528075,0,230526,-0.05,-0.1,0.02,0.03
1969,61,87049,East,Business,0.16415755000245807,0,127734,-0.05,-0.1,0.02,0.03
1970,31,90129,East,Salaried,0.25262975513020713,0,113867,-0.05,-0.1,0.02,0.03
1971,36,82419,North,Salaried,0.4743187363581811,0,231718,-0.05,-0.1,0.02,0.03
1972,22,35033,West,SelfEmp,0.7925965248940567,0,180135,0.35,0.25,0.15,0.2
1973,44,76543,North,Salaried,0.48856073944345846,0,221527,-0.05,-0.1,0.02,0.03
1974,61,56834,East,Business,0.46250169469514735,0,124967,-0.05,-0.1,0.02,0.03
1975,54,138867,North,Business,0.12922345841311259,0,144067,-0.05,-0.1,0.02,0.03
1976,45,62420,North,Business,0.31928150911686065,1,129030,-0.05,-0.1,0.02,0.03
1977,43,105919,North,Salaried,0.3259251124344729,0,201623,-0.05,-0.1,0.02,0.03
1978,50,76296,North,Salaried,0.14913599154284168,0,114771,-0.05,-0.1,0.02,0.03
1979,39,63538,South,Salaried,0.6984679514457643,1,115886,0.2,0.2,0.1,0.05
1980,60,99862,North,Business,0.2465314098795034,0,204525,-0.05,-0.1,0.02,0.03
1981,38,31436,South,Salaried,0.7793564632011254,0,153229,0.2,0.2,0.1,0.05
1982,59,59305,North,Salaried,0.38604224544723575,0,90430,-0.05,-0.1,0.02,0.03
1983,43,54158,North,Business,0.31021986806009183,0,228996,-0.05,-0.1,0.02,0.03
1984,37,129118,North,Salaried,0.44911853003177715,0,162529,-0.05,-0.1,0.02,0.03
1985,43,61668,South,Salaried,0.6462603094601029,0,96490,0.2,0.2,0.1,0.05
1986,24,48194,West,SelfEmp,0.8089686318327518,0,227294,0.35,0.25,0.15,0.2
1987,25,39178,West,SelfEmp,0.8758898259243205,1,123044,0.35,0.25,0.15,0.2
1988,61,93874,East,Business,0.471521607999116,0,184078,-0.05,-0.1,0.02,0.03
1989,60,140710,East,Salaried,0.20962168297181913,0,241929,-0.05,-0.1,0.02,0.03
1990,42,42937,South,Salaried,0.7401395288799808,1,196387,0.2,0.2,0.1,0.05
1991,45,145249,East,Business,0.13103823279045962,0,134677,-0.05,-0.1,0.02,0.03
1992,41,51528,East,Business,0.2926799352049364,0,201583,-0.05,-0.1,0.02,0.03
1993,69,106503,North,Salaried,0.45463464042413737,0,110262,-0.05,-0.1,0.02,0.03
1994,54,148417,North,Salaried,0.2436773609556726,0,202015,-0.05,-0.1,0.02,0.03
1995,33,40832,South,Salaried,0.7996875085978292,1,103438,0.2,0.2,0.1,0.05
1996,60,115428,East,Salaried,0.4655185037706516,0,117963,-0.05,-0.1,0.02,0.03
1997,65,129923,North,Salaried,0.1308127999936456,0,73528,-0.05,-0.1,0.02,0.03
1998,46,64319,East,Business,0.18792028478476952,0,57504,-0.05,-0.1,0.02,0.03
1999,69,83368,North,Business,0.454794827809328,0,58724,-0.05,-0.1,0.02,0.03
2000,54,132277,East,Business,0.3917065623346534,0,249915,-0.05,-0.1,0.02,0.03
2001,66,67167,North,Business,0.44590679683687906,1,108326,-0.05,-0.1,0.02,0.03
2002,60,92002,East,Salaried,0.4605547427242629,0,191099,-0.05,-0.1,0.02,0.03
2003,36,141797,East,Salaried,0.3644471709382099,0,199388,-0.05,-0.1,0.02,0.03
2004,47,147079,North,Salaried,0.3396050548458449,0,180704,-0.05,-0.1,0.02,0.03
2005,63,136732,North,Salaried,0.13038411478596676,0,82548,-0.05,-0.1,0.02,0.03
2006,55,69644,East,Salaried,0.12397065929218197,0,186126,-0.05,-0.1,0.02,0.03
2007,59,119312,East,Business,0.43116213708364315,1,303555,-0.15,-0.25,0.05,0.1
2008,50,83236,East,Salaried,0.42209923478537537,0,165827,-0.05,-0.1,0.02,0.03
2009,42,93773,North,Salaried,0.40743006896375944,0,122613,-0.05,-0.1,0.02,0.03
2010,30,83959,North,Salaried,0.10223766235274781,0,242815,-0.05,-0.1,0.02,0.03
2011,33,58043,North,Business,0.394700088365291,0,81174,-0.05,-0.1,0.02,0.03
2012,45,75909,North,Salaried,0.46388732476311045,0,243269,-0.05,-0.1,0.02,0.03
2013,37,115382,North,Business,0.3648692049294291,0,155626,-0.05,-0.1,0.02,0.03
2014,21,27410,West,SelfEmp,0.6520874343784424,1,194221,0.35,0.25,0.15,0.2
2015,32,56862,South,Salaried,0.6265015263022359,1,83956,0.2,0.2,0.1,0.05
2016,52,52365,North,Salaried,0.4901176205720186,0,193979,-0.05,-0.1,0.02,0.03
2017,53,102331,North,Business,0.33157462376280133,0,177851,-0.05,-0.1,0.02,0.03
2018,46,71859,East,Salaried,0.1731575089316797,0,137851,-0.05,-0.1,0.02,0.03
2019,40,132025,East,Business,0.49888180314027164,0,205355,-0.05,-0.1,0.02,0.03
2020,52,104957,East,Salaried,0.49792521172150894,0,121442,-0.05,-0.1,0.02,0.03
2021,37,40611,South,Salaried,0.7917378480834619,1,106925,0.2,0.2,0.1,0.05
2022,65,94787,East,Business,0.4721605259547841,0,160663,-0.15,-0.25,0.05,0.1
2023,60,52035,East,Business,0.13696916676202808,0,154922,-0.05,-0.1,0.02,0.03
2024,52,99334,North,Salaried,0.21619264224357748,0,230678,-0.05,-0.1,0.02,0.03
2025,51,74230,North,Business,0.4147842907941637,0,77025,-0.05,-0.1,0.02,0.03
2026,68,127661,East,Salaried,0.33547558973440644,0,73057,-0.05,-0.1,0.02,0.03
2027,69,147031,East,Business,0.27387615706543444,0,112072,-0.05,-0.1,0.02,0.03
2028,69,144194,East,Salaried,0.4256273149546723,0,117902,-0.05,-0.1,0.02,0.03
2029,61,59907,North,Business,0.14800109984675525,0,246571,-0.05,-0.1,0.02,0.03
2030,54,148560,North,Business,0.4236412867292184,1,170631,-0.05,-0.1,0.02,0.03
2031,33,46087,South,Salaried,0.5552113099519252,0,94877,0.2,0.2,0.1,0.05
2032,45,60306,North,Salaried,0.28714509494431295,0,211046,-0.05,-0.1,0.02,0.03
2033,30,53936,North,Business,0.3539656941248257,0,89097,-0.05,-0.1,0.02,0.03
2034,33,115228,East,Salaried,0.14754844223927852,0,115696,-0.05,-0.1,0.02,0.03
2035,33,86672,East,Business,0.2591829109183077,0,203038,-0.05,-0.1,0.02,0.03
2036,54,71302,North,Salaried,0.19632140486184763,0,178451,-0.05,-0.1,0.02,0.03
2037,57,73814,East,Salaried,0.12601838309485625,1,136796,-0.05,-0.1,0.02,0.03
2038,39,45634,South,Salaried,0.7449905505971949,1,132196,0.2,0.2,0.1,0.05
2039,43,49420,South,Salaried,0.7008269695972358,1,154031,0.2,0.2,0.1,0.05
2040,47,126907,North,Salaried,0.11920092105205171,0,167462,-0.05,-0.1,0.02,0.03
2041,67,109478,North,Salaried,0.17072066658562574,0,95452,-0.05,-0.1,0.02,0.03
2042,43,137943,North,Business,0.3072009345586338,0,184815,-0.05,-0.1,0.02,0.03
2043,27,41652,West,SelfEmp,0.7470123175146036,1,191011,0.35,0.25,0.15,0.2
2044,60,127001,East,Business,0.13633527242456567,0,181572,-0.05,-0.1,0.02,0.03
2045,49,131256,East,Salaried,0.20897857644353268,0,56613,-0.05,-0.1,0.02,0.03
2046,58,126202,East,Business,0.3777423555981084,0,201619,-0.05,-0.1,0.02,0.03
2047,39,74883,North,Business,0.24405267510954975,0,83434,-0.05,-0.1,0.02,0.03
2048,33,117770,East,Salaried,0.28120590015207536,0,154663,-0.05,-0.1,0.02,0.03
2049,39,73088,North,Business,0.2283057656086801,0,201171,-0.05,-0.1,0.02,0.03
2050,46,87739,East,Business,0.11132974301881107,0,81828,-0.05,-0.1,0.02,0.03
2051,37,144430,East,Salaried,0.14286267877076939,0,214763,-0.05,-0.1,0.02,0.03
2052,32,148244,North,Salaried,0.10763971193668596,0,100300,-0.05,-0.1,0.02,0.03
2053,63,64860,East,Business,0.11245429517222783,1,84111,-0.05,-0.1,0.02,0.03
2054,59,147813,North,Business,0.3617225286136224,0,136916,-0.05,-0.1,0.02,0.03
2055,55,72695,North,Salaried,0.2715005633365417,0,229780,-0.05,-0.1,0.02,0.03
2056,42,69861,East,Salaried,0.18990565791014247,0,114512,-0.05,-0.1,0.02,0.03
2057,52,94138,North,Business,0.4662367942059479,0,126625,-0.05,-0.1,0.02,0.03
2058,58,53051,North,Business,0.12417876919410809,0,177838,-0.05,-0.1,0.02,0.03
2059,32,54721,North,Salaried,0.23547184178281239,0,90462,-0.05,-0.1,0.02,0.03
2060,55,135487,East,Business,0.48774220996706724,1,152589,-0.15,-0.25,0.05,0.1
2061,31,104918,East,Business,0.24308670597697102,0,152605,-0.05,-0.1,0.02,0.03
2062,61,136570,East,Salaried,0.4932965745889595,0,173252,-0.05,-0.1,0.02,0.03
2063,37,51314,South,Salaried,0.7125913901238614,0,143944,0.2,0.2,0.1,0.05
2064,40,122123,North,Business,0.14955222611822477,0,182633,-0.05,-0.1,0.02,0.03
2065,52,137553,East,Business,0.43761436860294417,0,309402,-0.15,-0.25,0.05,0.1
2066,47,54983,East,Salaried,0.22921743384744098,0,217806,-0.05,-0.1,0.02,0.03
2067,68,116786,North,Business,0.3895937060992606,0,147639,-0.05,-0.1,0.02,0.03
2068,28,41565,West,SelfEmp,0.7952284745615696,1,223542,0.35,0.25,0.15,0.2
2069,53,138321,North,Salaried,0.1215448457820386,0,183236,-0.05,-0.1,0.02,0.03
2070,38,68405,East,Salaried,0.15482387341463252,0,154273,-0.05,-0.1,0.02,0.03
2071,34,142554,East,Salaried,0.3970923455053278,0,66148,-0.05,-0.1,0.02,0.03
2072,31,48688,South,Salaried,0.5782173544117055,1,103118,0.2,0.2,0.1,0.05
2073,65,71053,North,Salaried,0.27062114169665585,0,176675,-0.05,-0.1,0.02,0.03
2074,65,66285,North,Business,0.4982434846057705,0,104391,-0.05,-0.1,0.02,0.03
2075,39,94941,East,Salaried,0.4510555486351101,0,159588,-0.05,-0.1,0.02,0.03
2076,48,59047,East,Salaried,0.1905775048415569,0,139170,-0.05,-0.1,0.02,0.03
2077,63,145253,East,Salaried,0.20966954300458665,0,207306,-0.05,-0.1,0.02,0.03
2078,57,114320,East,Salaried,0.14035281122138388,0,197083,-0.05,-0.1,0.02,0.03
2079,50,88292,North,Salaried,0.3593990390188817,0,125952,-0.05,-0.1,0.02,0.03
2080,38,120815,East,Salaried,0.2693345769865527,1,226238,-0.05,-0.1,0.02,0.03
2081,56,147799,North,Business,0.1054639533741168,0,188193,-0.05,-0.1,0.02,0.03
2082,39,131909,East,Salaried,0.4786009685612841,0,99212,-0.05,-0.1,0.02,0.03
2083,45,115231,East,Salaried,0.27863972053945074,0,211201,-0.05,-0.1,0.02,0.03
2084,55,50058,North,Business,0.11519913492189687,0,208262,-0.05,-0.1,0.02,0.03
2085,33,74660,East,Business,0.31999536634638115,0,206738,-0.05,-0.1,0.02,0.03
2086,58,114854,North,Salaried,0.3041050584882597,0,90262,-0.05,-0.1,0.02,0.03
2087,55,113216,East,Business,0.4159990204620239,1,240627,-0.15,-0.25,0.05,0.1
2088,66,83700,East,Salaried,0.37180320909462217,0,141104,-0.05,-0.1,0.02,0.03
2089,34,56267,South,Salaried,0.7938595724633927,0,125704,0.2,0.2,0.1,0.05
2090,61,75906,East,Salaried,0.3467543133043265,0,138578,-0.05,-0.1,0.02,0.03
2091,38,107353,North,Business,0.29645638765386484,0,101712,-0.05,-0.1,0.02,0.03
2092,67,118285,North,Salaried,0.28668612896156087,0,244626,-0.05,-0.1,0.02,0.03
2093,37,80011,North,Business,0.32011820927325185,0,71387,-0.05,-0.1,0.02,0.03
2094,68,96243,East,Business,0.4967735183510007,0,191098,-0.15,-0.25,0.05,0.1
2095,43,77949,East,Salaried,0.23348593939031717,1,193375,-0.05,-0.1,0.02,0.03
2096,54,68280,East,Salaried,0.1453709706983366,0,116046,-0.05,-0.1,0.02,0.03
2097,69,141070,North,Salaried,0.41142121020741684,0,219964,-0.05,-0.1,0.02,0.03
2098,21,47447,West,SelfEmp,0.7306670343774299,1,126659,0.35,0.25,0.15,0.2
2099,54,81115,North,Salaried,0.196835466514202,0,203075,-0.05,-0.1,0.02,0.03
2100,41,146576,East,Business,0.41651909831357825,0,55397,-0.05,-0.1,0.02,0.03
2101,55,133336,North,Salaried,0.38285500717427456,0,64071,-0.05,-0.1,0.02,0.03
2102,36,50663,North,Salaried,0.47798608359445516,0,234193,-0.05,-0.1,0.02,0.03
2103,65,133443,East,Business,0.21672927502958694,0,202777,-0.05,-0.1,0.02,0.03
2104,59,94653,North,Salaried,0.2709802132969942,0,122799,-0.05,-0.1,0.02,0.03
2105,32,70343,East,Salaried,0.2964271798614314,0,164322,-0.05,-0.1,0.02,0.03
2106,34,92135,North,Business,0.22311710221916992,0,188213,-0.05,-0.1,0.02,0.03
2107,63,137123,East,Salaried,0.2691480462920551,0,53449,-0.05,-0.1,0.02,0.03
2108,36,147069,East,Business,0.37368386823534816,0,213394,-0.05,-0.1,0.02,0.03
2109,39,67412,North,Salaried,0.45759506950289897,1,196836,-0.05,-0.1,0.02,0.03
2110,37,32271,South,Salaried,0.5670594207757602,1,199423,0.2,0.2,0.1,0.05
2111,58,55462,North,Business,0.15143472517250936,0,100528,-0.05,-0.1,0.02,0.03
2112,57,148366,East,Salaried,0.3771126025713375,0,108188,-0.05,-0.1,0.02,0.03
2113,34,98086,North,Salaried,0.3647670920631706,0,142663,-0.05,-0.1,0.02,0.03
2114,57,124084,North,Business,0.177621552098242,0,76720,-0.05,-0.1,0.02,0.03
2115,59,137969,East,Business,0.561136224486022,0,293269,-0.15,-0.25,0.05,0.1
2116,37,108073,East,Salaried,0.23493181244136593,0,231374,-0.05,-0.1,0.02,0.03
2117,22,32127,West,SelfEmp,0.8528867515836832,1,198142,0.35,0.25,0.15,0.2
2118,50,140884,North,Salaried,0.24800141623001257,0,97951,-0.05,-0.1,0.02,0.03
2119,55,133133,East,Salaried,0.3773097709634874,0,111934,-0.05,-0.1,0.02,0.03
2120,44,80657,East,Business,0.18225179021291252,0,230763,-0.05,-0.1,0.02,0.03
2121,37,143248,East,Salaried,0.47628683185564336,0,65784,-0.05,-0.1,0.02,0.03
2122,41,98720,North,Salaried,0.20423915454871047,0,207904,-0.05,-0.1,0.02,0.03
2123,30,138378,East,Business,0.49947939273651476,0,233026,-0.05,-0.1,0.02,0.03
2124,48,63418,North,Salaried,0.14911596076168934,0,115227,-0.05,-0.1,0.02,0.03
2125,61,125921,East,Business,0.4535658577854749,0,160273,-0.15,-0.25,0.05,0.1
2126,47,141192,North,Salaried,0.4742753510190504,0,117519,-0.05,-0.1,0.02,0.03
2127,62,61273,North,Business,0.337442730419667,0,232538,-0.05,-0.1,0.02,0.03
2128,36,100801,North,Business,0.2697455154725388,0,223998,-0.05,-0.1,0.02,0.03
2129,69,94775,East,Business,0.19778088410266484,0,179401,-0.05,-0.1,0.02,0.03
2130,42,68640,North,Business,0.16206391157533984,0,206014,-0.05,-0.1,0.02,0.03
2131,49,112286,East,Business,0.32701431458252805,0,71818,-0.05,-0.1,0.02,0.03
2132,43,39457,South,Salaried,0.7677845375405388,0,188122,0.2,0.2,0.1,0.05
2133,60,138405,North,Business,0.27283348514082717,0,75600,-0.05,-0.1,0.02,0.03
2134,33,64003,South,Salaried,0.6634831955758904,1,94396,0.2,0.2,0.1,0.05
2135,47,141779,North,Salaried,0.2723269563148503,0,114967,-0.05,-0.1,0.02,0.03
2136,31,35350,South,Salaried,0.7632778472892592,1,139683,0.2,0.2,0.1,0.05
2137,32,98503,East,Salaried,0.30271335263292565,0,58833,-0.05,-0.1,0.02,0.03
2138,49,79473,East,Business,0.3484296353881735,1,115875,-0.05,-0.1,0.02,0.03
2139,43,134971,North,Salaried,0.22440413539570403,0,232596,-0.05,-0.1,0.02,0.03
2140,45,116909,North,Salaried,0.48261956349168267,0,68866,-0.05,-0.1,0.02,0.03
2141,59,126708,North,Salaried,0.30653592753533065,0,158621,-0.05,-0.1,0.02,0.03
2142,45,80804,North,Salaried,0.3416288402396255,0,227485,-0.05,-0.1,0.02,0.03
2143,34,138675,North,Salaried,0.33666752823740154,0,238765,-0.05,-0.1,0.02,0.03
2144,59,143238,North,Business,0.48185991839549414,0,162858,-0.05,-0.1,0.02,0.03
2145,42,94771,North,Salaried,0.36470606189095833,0,235678,-0.05,-0.1,0.02,0.03
2146,27,42540,West,SelfEmp,0.8041845201437258,1,142277,0.35,0.25,0.15,0.2
2147,66,67676,North,Salaried,0.37194914957886993,0,248675,-0.05,-0.1,0.02,0.03
2148,38,79810,North,Salaried,0.49668569151497477,0,225785,-0.05,-0.1,0.02,0.03
2149,40,108906,East,Salaried,0.41144054348022263,0,140036,-0.05,-0.1,0.02,0.03
2150,32,138731,East,Business,0.4599518082284608,0,234688,-0.05,-0.1,0.02,0.03
2151,43,114141,North,Salaried,0.42456300108026246,0,91247,-0.05,-0.1,0.02,0.03
2152,40,125532,North,Business,0.2551380398743388,0,223988,-0.05,-0.1,0.02,0.03
2153,44,39179,South,Salaried,0.7604896136045871,0,168306,0.2,0.2,0.1,0.05
2154,37,128455,North,Business,0.36679394458781844,0,136706,-0.05,-0.1,0.02,0.03
2155,55,80609,East,Business,0.11258287809841044,0,107391,-0.05,-0.1,0.02,0.03
2156,62,56647,North,Business,0.3302998556815392,0,180819,-0.05,-0.1,0.02,0.03
2157,69,79328,North,Salaried,0.47432039042184837,0,114538,-0.05,-0.1,0.02,0.03
2158,53,51629,East,Business,0.21148293824828346,1,100588,-0.05,-0.1,0.02,0.03
2159,30,61251,North,Salaried,0.4496346850109748,0,53061,-0.05,-0.1,0.02,0.03
2160,49,89095,North,Business,0.22390899388961963,0,135141,-0.05,-0.1,0.02,0.03
2161,38,145012,East,Salaried,0.2960476944507128,0,222115,-0.05,-0.1,0.02,0.03
2162,66,119854,North,Salaried,0.2137278747913166,0,173208,-0.05,-0.1,0.02,0.03
2163,31,135895,East,Salaried,0.12081513507782415,0,186087,-0.05,-0.1,0.02,0.03
2164,42,51951,South,Salaried,0.7638270920460031,0,90731,0.2,0.2,0.1,0.05
2165,37,47568,South,Salaried,0.7854687625368132,0,176946,0.2,0.2,0.1,0.05
2166,60,116313,North,Business,0.26053920169540723,0,117975,-0.05,-0.1,0.02,0.03
2167,58,137189,East,Business,0.43436962921112543,0,166585,-0.05,-0.1,0.02,0.03
2168,60,100849,East,Salaried,0.33314774447681716,0,105037,-0.05,-0.1,0.02,0.03
2169,64,76309,East,Business,0.4532662711902471,0,78525,-0.05,-0.1,0.02,0.03
2170,44,109790,North,Business,0.30850832275674767,1,175983,-0.05,-0.1,0.02,0.03
2171,56,125885,North,Business,0.3865959453330302,0,89913,-0.05,-0.1,0.02,0.03
2172,38,127857,East,Salaried,0.20026239201662782,0,195991,-0.05,-0.1,0.02,0.03
2173,48,139848,East,Salaried,0.40082374738014737,0,118625,-0.05,-0.1,0.02,0.03
2174,32,126519,North,Salaried,0.34395749666771974,0,100317,-0.05,-0.1,0.02,0.03
2175,44,115950,North,Business,0.46638018820493776,0,233580,-0.05,-0.1,0.02,0.03
2176,44,65231,East,Business,0.3241080302387892,0,105535,-0.05,-0.1,0.02,0.03
2177,23,31833,West,SelfEmp,0.7053210164787393,1,243223,0.35,0.25,0.15,0.2
2178,52,95023,East,Business,0.6054810244723927,1,335915,-0.15,-0.25,0.05,0.1
2179,44,138567,North,Salaried,0.13338877781656194,0,112726,-0.05,-0.1,0.02,0.03
2180,62,92553,North,Salaried,0.31809566989104743,0,240375,-0.05,-0.1,0.02,0.03
2181,35,87760,North,Salaried,0.42474328916391113,0,73202,-0.05,-0.1,0.02,0.03
2182,25,28299,West,SelfEmp,0.8592519489507793,1,135993,0.35,0.25,0.15,0.2
2183,63,101559,North,Salaried,0.39207810646462204,0,59012,-0.05,-0.1,0.02,0.03
2184,53,133794,East,Business,0.4741001257577332,0,192049,-0.05,-0.1,0.02,0.03
2185,46,83978,North,Salaried,0.4282245647196391,0,178476,-0.05,-0.1,0.02,0.03
2186,34,92653,North,Salaried,0.2925423328431409,0,70782,-0.05,-0.1,0.02,0.03
2187,52,79379,North,Salaried,0.2558212542504381,0,187662,-0.05,-0.1,0.02,0.03
2188,48,63105,East,Business,0.21708977513590877,0,88516,-0.05,-0.1,0.02,0.03
2189,36,90800,North,Salaried,0.39999617285668143,0,114198,-0.05,-0.1,0.02,0.03
2190,54,96176,East,Salaried,0.3785053901202132,0,81415,-0.05,-0.1,0.02,0.03
2191,40,36359,South,Salaried,0.7740494495698489,1,138650,0.2,0.2,0.1,0.05
2192,69,95612,East,Salaried,0.21911482929171955,0,157812,-0.05,-0.1,0.02,0.03
2193,34,58109,North,Business,0.2707864797124877,0,232495,-0.05,-0.1,0.02,0.03
2194,46,85539,East,Salaried,0.4996037846675472,0,66689,-0.05,-0.1,0.02,0.03
2195,33,50958,East,Salaried,0.47870859257440845,0,231854,-0.05,-0.1,0.02,0.03
2196,32,129003,North,Business,0.26023814964210895,0,186763,-0.05,-0.1,0.02,0.03
2197,44,145698,North,Business,0.1598546886035707,0,91716,-0.05,-0.1,0.02,0.03
2198,60,91745,East,Business,0.2967665679009507,0,122795,-0.05,-0.1,0.02,0.03
2199,40,38766,South,Salaried,0.6347692120967217,0,146758,0.2,0.2,0.1,0.05
2200,56,119110,East,Business,0.47264323818636955,1,64962,-0.05,-0.1,0.02,0.03
2201,37,54852,South,Salaried,0.732477828448091,1,180382,0.2,0.2,0.1,0.05
2202,56,133040,North,Business,0.48620705294116906,0,182980,-0.05,-0.1,0.02,0.03
2203,41,103648,North,Business,0.18210301189450806,0,226225,-0.05,-0.1,0.02,0.03
2204,44,72555,North,Business,0.12875444914088147,0,82264,-0.05,-0.1,0.02,0.03
2205,53,148322,North,Salaried,0.32466888283982304,0,107755,-0.05,-0.1,0.02,0.03
2206,57,97738,East,Business,0.29751955828629845,0,148510,-0.05,-0.1,0.02,0.03
2207,50,68212,North,Salaried,0.4442755402295958,0,227800,-0.05,-0.1,0.02,0.03
2208,34,104808,East,Business,0.4252481090485678,0,177957,-0.05,-0.1,0.02,0.03
2209,41,110040,East,Business,0.14661784399945305,0,73010,-0.05,-0.1,0.02,0.03
2210,60,70114,North,Business,0.47678419502514935,0,201468,-0.05,-0.1,0.02,0.03
2211,63,112580,East,Business,0.6818442663144626,0,279843,-0.15,-0.25,0.05,0.1
2212,53,106147,North,Salaried,0.22999675810543538,0,71677,-0.05,-0.1,0.02,0.03
2213,60,133611,East,Salaried,0.3631803312477657,0,69514,-0.05,-0.1,0.02,0.03
2214,37,133324,East,Business,0.3821730782789612,0,200424,-0.05,-0.1,0.02,0.03
2215,44,93755,North,Salaried,0.3111639311775697,0,96668,-0.05,-0.1,0.02,0.03
2216,62,92787,East,Business,0.40939653556664796,0,152155,-0.15,-0.25,0.05,0.1
2217,36,76190,East,Salaried,0.45725548735177346,0,174264,-0.05,-0.1,0.02,0.03
2218,69,129455,North,Business,0.359003102960495,0,159398,-0.05,-0.1,0.02,0.03
2219,32,79692,North,Salaried,0.47822133750698104,0,245036,-0.05,-0.1,0.02,0.03
2220,57,118319,East,Business,0.12497974226671271,0,101330,-0.05,-0.1,0.02,0.03
2221,60,149233,North,Business,0.126107996980131,0,188621,-0.05,-0.1,0.02,0.03
2222,67,73958,East,Business,0.10245145892547232,0,218610,-0.05,-0.1,0.02,0.03
2223,56,149341,North,Salaried,0.25340360979709564,1,213479,-0.05,-0.1,0.02,0.03
2224,24,31732,West,SelfEmp,0.7705628980756061,1,246671,0.35,0.25,0.15,0.2
2225,24,34417,West,SelfEmp,0.6984813060799435,1,128469,0.35,0.25,0.15,0.2
2226,40,69928,East,Business,0.17249912242646198,0,207876,-0.05,-0.1,0.02,0.03
2227,59,136284,East,Salaried,0.22856851112466825,0,54838,-0.05,-0.1,0.02,0.03
2228,49,93199,North,Business,0.4246735598649788,0,146102,-0.05,-0.1,0.02,0.03
2229,47,62938,East,Salaried,0.1160078562956024,0,197361,-0.05,-0.1,0.02,0.03
2230,36,42873,South,Salaried,0.6150707992912559,1,100710,0.2,0.2,0.1,0.05
2231,44,37622,South,Salaried,0.7184861122682559,1,174003,0.2,0.2,0.1,0.05
2232,62,70739,North,Salaried,0.35644778602079175,1,156887,-0.05,-0.1,0.02,0.03
2233,61,100686,East,Business,0.45245178679467196,1,181653,-0.15,-0.25,0.05,0.1
2234,55,138636,North,Business,0.49953793087385245,0,190313,-0.05,-0.1,0.02,0.03
2235,68,51658,East,Salaried,0.2102918547923024,0,91150,-0.05,-0.1,0.02,0.03
2236,37,36376,South,Salaried,0.640411331938755,0,194510,0.2,0.2,0.1,0.05
2237,44,62795,South,Salaried,0.6766720382020643,1,109559,0.2,0.2,0.1,0.05
2238,53,94985,East,Business,0.4802201487775025,0,105329,-0.05,-0.1,0.02,0.03
2239,32,116141,East,Business,0.2425462373284153,0,213161,-0.05,-0.1,0.02,0.03
2240,44,80029,East,Salaried,0.10164058017206684,0,134859,-0.05,-0.1,0.02,0.03
2241,52,93739,East,Business,0.49024934819292854,0,242866,-0.05,-0.1,0.02,0.03
2242,31,142008,North,Business,0.4909555772832963,0,164540,-0.05,-0.1,0.02,0.03
2243,51,107333,East,Business,0.6298668454012138,0,186668,-0.15,-0.25,0.05,0.1
2244,67,109426,North,Salaried,0.47875841013681686,0,185673,-0.05,-0.1,0.02,0.03
2245,37,47839,South,Salaried,0.7321776712724447,0,169229,0.2,0.2,0.1,0.05
2246,69,90854,North,Salaried,0.3619325433576015,0,93585,-0.05,-0.1,0.02,0.03
2247,46,109261,North,Business,0.1686051990592089,0,191078,-0.05,-0.1,0.02,0.03
2248,50,118861,East,Business,0.329565723578505,0,212372,-0.05,-0.1,0.02,0.03
2249,33,100629,North,Salaried,0.4234432127637826,0,169623,-0.05,-0.1,0.02,0.03
2250,30,117782,East,Business,0.37867361340604055,0,123185,-0.05,-0.1,0.02,0.03
2251,52,107135,North,Business,0.2051257098211767,0,229044,-0.05,-0.1,0.02,0.03
2252,67,89305,East,Business,0.288092154799486,0,146307,-0.05,-0.1,0.02,0.03
2253,69,58198,North,Business,0.31770055091022953,0,143550,-0.05,-0.1,0.02,0.03
2254,60,125355,East,Salaried,0.32470218101775605,0,190940,-0.05,-0.1,0.02,0.03
2255,53,83149,North,Business,0.2549989514275859,0,240276,-0.05,-0.1,0.02,0.03
2256,67,140429,East,Salaried,0.14464127978075672,0,163532,-0.05,-0.1,0.02,0.03
2257,51,133120,North,Business,0.4819631635740014,1,214586,-0.05,-0.1,0.02,0.03
2258,67,142607,North,Business,0.4286161528786464,0,220767,-0.05,-0.1,0.02,0.03
2259,63,134610,North,Salaried,0.24255740047931618,0,211957,-0.05,-0.1,0.02,0.03
2260,36,98110,North,Salaried,0.35123339062857417,0,219299,-0.05,-0.1,0.02,0.03
2261,54,57048,North,Business,0.4706002476176886,0,95217,-0.05,-0.1,0.02,0.03
2262,58,123746,East,Business,0.682193603008157,1,161023,-0.15,-0.25,0.05,0.1
2263,37,104281,East,Business,0.4588816523727166,0,77410,-0.05,-0.1,0.02,0.03
2264,32,136569,East,Business,0.20818764224660355,0,203441,-0.05,-0.1,0.02,0.03
2265,43,53560,South,Salaried,0.6018648003699696,1,83415,0.2,0.2,0.1,0.05
2266,58,103987,East,Business,0.4849112240609853,0,145533,-0.05,-0.1,0.02,0.03
2267,30,51863,South,Salaried,0.634793405000561,1,107260,0.2,0.2,0.1,0.05
2268,30,37413,South,Salaried,0.6709201114394667,0,143815,0.2,0.2,0.1,0.05
2269,47,110197,East,Business,0.43440279988894004,0,91911,-0.05,-0.1,0.02,0.03
2270,38,52791,South,Salaried,0.6535924019766395,1,178529,0.2,0.2,0.1,0.05
2271,60,148917,North,Salaried,0.1085759466492453,0,249307,-0.05,-0.1,0.02,0.03
2272,59,116555,East,Business,0.4877486710919495,0,169870,-0.05,-0.1,0.02,0.03
2273,52,122265,East,Business,0.15736824101608937,1,84725,-0.05,-0.1,0.02,0.03
2274,42,134600,East,Business,0.19413022038389985,0,223069,-0.05,-0.1,0.02,0.03
2275,42,75367,North,Salaried,0.39899718235256,0,131666,-0.05,-0.1,0.02,0.03
2276,55,121885,East,Salaried,0.18797372553223252,1,86214,-0.05,-0.1,0.02,0.03
2277,50,68953,North,Salaried,0.18537915253041692,0,201228,-0.05,-0.1,0.02,0.03
2278,33,112979,East,Business,0.28570816198558413,0,197708,-0.05,-0.1,0.02,0.03
2279,50,67007,North,Business,0.1910838201644788,0,59458,-0.05,-0.1,0.02,0.03
2280,62,141857,East,Business,0.5699172161893292,0,318744,-0.15,-0.25,0.05,0.1
2281,55,147276,East,Business,0.23164766147904264,0,129098,-0.05,-0.1,0.02,0.03
2282,69,94885,East,Salaried,0.371802929971353,0,180153,-0.05,-0.1,0.02,0.03
2283,58,130972,East,Business,0.2240065423287396,0,180145,-0.05,-0.1,0.02,0.03
2284,67,108535,North,Salaried,0.371763423038052,0,93202,-0.05,-0.1,0.02,0.03
2285,63,109231,North,Business,0.245625148718664,0,222097,-0.05,-0.1,0.02,0.03
2286,46,119278,North,Salaried,0.37049567412004436,0,111201,-0.05,-0.1,0.02,0.03
2287,61,61377,North,Business,0.25257643284224357,0,150353,-0.05,-0.1,0.02,0.03
2288,28,37028,West,SelfEmp,0.8343845468870947,1,139631,0.35,0.25,0.15,0.2
2289,58,69897,East,Business,0.10702618228158678,0,151639,-0.05,-0.1,0.02,0.03
2290,46,144486,East,Business,0.3537812559022412,0,80783,-0.05,-0.1,0.02,0.03
2291,39,54858,East,Salaried,0.22344307265417465,0,245055,-0.05,-0.1,0.02,0.03
2292,31,109169,North,Salaried,0.2618076987002502,0,221147,-0.05,-0.1,0.02,0.03
2293,23,33584,West,SelfEmp,0.7871799013957623,1,182758,0.35,0.25,0.15,0.2
2294,41,51358,North,Salaried,0.343889619008917,0,67216,-0.05,-0.1,0.02,0.03
2295,63,92320,North,Business,0.17365200923247395,0,203044,-0.05,-0.1,0.02,0.03
2296,65,70932,North,Salaried,0.18222869013936266,0,175176,-0.05,-0.1,0.02,0.03
2297,25,34177,West,SelfEmp,0.7692107009788649,1,181196,0.35,0.25,0.15,0.2
2298,51,93898,East,Business,0.6069973589062918,1,307044,-0.15,-0.25,0.05,0.1
2299,31,72030,East,Salaried,0.32409244807930504,0,68055,-0.05,-0.1,0.02,0.03
2300,51,124861,North,Salaried,0.23401966837539298,0,86253,-0.05,-0.1,0.02,0.03
2301,64,126497,East,Salaried,0.46515839212249366,0,112495,-0.05,-0.1,0.02,0.03
2302,68,86180,East,Business,0.2822443152410853,0,158575,-0.05,-0.1,0.02,0.03
2303,27,35730,West,SelfEmp,0.6929926004608857,1,198950,0.35,0.25,0.15,0.2
2304,40,130543,East,Business,0.21681822323916605,0,166258,-0.05,-0.1,0.02,0.03
2305,52,149630,East,Business,0.6258608333510711,0,178688,-0.15,-0.25,0.05,0.1
2306,61,136735,East,Business,0.41559802942339014,0,254447,-0.15,-0.25,0.05,0.1
2307,42,52942,South,Salaried,0.61263610606783,1,128192,0.2,0.2,0.1,0.05
2308,29,28747,West,SelfEmp,0.7930669472161122,1,184749,0.35,0.25,0.15,0.2
2309,48,106305,East,Business,0.33185578221360795,0,57645,-0.05,-0.1,0.02,0.03
2310,48,90693,East,Salaried,0.47782414810685914,0,69377,-0.05,-0.1,0.02,0.03
2311,36,83539,North,Salaried,0.4710929119132016,0,117092,-0.05,-0.1,0.02,0.03
2312,32,67601,East,Salaried,0.3022662972337513,0,121839,-0.05,-0.1,0.02,0.03
2313,42,50762,South,Salaried,0.7218191529301079,1,106597,0.2,0.2,0.1,0.05
2314,48,118908,East,Salaried,0.18264483227239034,0,230122,-0.05,-0.1,0.02,0.03
2315,48,76408,East,Business,0.20793338131643774,0,146818,-0.05,-0.1,0.02,0.03
2316,39,92732,North,Salaried,0.4445450875826268,0,85391,-0.05,-0.1,0.02,0.03
2317,41,57485,North,Salaried,0.26170508602606124,0,140153,-0.05,-0.1,0.02,0.03
2318,59,135380,North,Business,0.25616933047755674,0,59958,-0.05,-0.1,0.02,0.03
2319,35,92801,East,Business,0.4697488185439854,0,161545,-0.05,-0.1,0.02,0.03
2320,66,51071,North,Salaried,0.44374408990112857,0,235399,-0.05,-0.1,0.02,0.03
2321,41,56578,South,Salaried,0.5727247253686369,1,90707,0.2,0.2,0.1,0.05
2322,43,61093,North,Business,0.2935613972087366,0,211680,-0.05,-0.1,0.02,0.03
2323,69,108506,East,Business,0.518773345228805,1,242662,-0.15,-0.25,0.05,0.1
2324,40,126475,North,Business,0.22587558954853063,0,200267,-0.05,-0.1,0.02,0.03
2325,53,133804,North,Business,0.18170590333320216,0,169761,-0.05,-0.1,0.02,0.03
2326,49,142449,North,Salaried,0.1638571471260732,0,112245,-0.05,-0.1,0.02,0.03
2327,41,93805,North,Salaried,0.1624709321763949,0,73557,-0.05,-0.1,0.02,0.03
2328,33,141228,North,Business,0.47568965446848266,0,206647,-0.05,-0.1,0.02,0.03
2329,35,54400,South,Salaried,0.5997374274179976,0,101740,0.2,0.2,0.1,0.05
2330,32,147661,East,Salaried,0.2692057784967051,0,233340,-0.05,-0.1,0.02,0.03
2331,50,111915,North,Business,0.4306223187144391,1,217956,-0.05,-0.1,0.02,0.03
2332,26,46736,West,SelfEmp,0.6852249095182815,0,156451,0.35,0.25,0.15,0.2
2333,36,79639,East,Business,0.3437248767627443,0,143515,-0.05,-0.1,0.02,0.03
2334,38,142930,East,Salaried,0.47442940074511486,1,67603,-0.05,-0.1,0.02,0.03
2335,45,106521,North,Business,0.18876624908532103,0,67230,-0.05,-0.1,0.02,0.03
2336,44,92730,East,Business,0.1741072702790939,0,191035,-0.05,-0.1,0.02,0.03
2337,63,65437,East,Business,0.1576653040697313,0,168636,-0.05,-0.1,0.02,0.03
2338,53,63155,East,Salaried,0.38934344468752513,0,85094,-0.05,-0.1,0.02,0.03
2339,27,31448,West,SelfEmp,0.6950615093277858,1,147881,0.35,0.25,0.15,0.2
2340,63,86680,North,Salaried,0.4446257136999826,0,140502,-0.05,-0.1,0.02,0.03
2341,43,126688,East,Business,0.3462011413529996,0,239932,-0.05,-0.1,0.02,0.03
2342,23,34345,West,SelfEmp,0.8853048821864143,0,162642,0.35,0.25,0.15,0.2
2343,42,91604,East,Salaried,0.255862365881273,0,66494,-0.05,-0.1,0.02,0.03
2344,44,87632,East,Salaried,0.40520775912626694,0,66489,-0.05,-0.1,0.02,0.03
2345,60,83149,North,Salaried,0.19058587667095797,0,128643,-0.05,-0.1,0.02,0.03
2346,21,42290,West,SelfEmp,0.7748511403450612,1,143102,0.35,0.25,0.15,0.2
2347,44,81957,North,Salaried,0.41863237600605896,0,200765,-0.05,-0.1,0.02,0.03
2348,59,110012,North,Salaried,0.19123554590797576,0,241738,-0.05,-0.1,0.02,0.03
2349,47,77482,East,Business,0.2858153854097677,0,244095,-0.05,-0.1,0.02,0.03
2350,65,146355,North,Business,0.266667219968038,0,104909,-0.05,-0.1,0.02,0.03
2351,53,59432,North,Business,0.48261109963120363,0,91965,-0.05,-0.1,0.02,0.03
2352,35,50526,South,Salaried,0.6539541031488065,1,115242,0.2,0.2,0.1,0.05
2353,60,148724,North,Salaried,0.4753514948336244,0,146421,-0.05,-0.1,0.02,0.03
2354,42,63527,East,Business,0.23029480898017307,0,94261,-0.05,-0.1,0.02,0.03
2355,60,72449,East,Business,0.4281380060190122,0,167926,-0.05,-0.1,0.02,0.03
2356,62,119428,North,Business,0.4910894047490575,0,180078,-0.05,-0.1,0.02,0.03
2357,37,63181,South,Salaried,0.7396909376754695,1,86668,0.2,0.2,0.1,0.05
2358,32,107995,North,Salaried,0.20527700167203575,0,236911,-0.05,-0.1,0.02,0.03
2359,46,77106,East,Business,0.20225681172351007,0,240893,-0.05,-0.1,0.02,0.03
2360,62,124710,North,Salaried,0.47179616910698663,0,184384,-0.05,-0.1,0.02,0.03
2361,54,116003,North,Business,0.15010703765298605,0,218561,-0.05,-0.1,0.02,0.03
2362,43,78273,East,Business,0.45786704972560544,0,142981,-0.05,-0.1,0.02,0.03
2363,29,36038,West,SelfEmp,0.7489852739534936,1,129770,0.35,0.25,0.15,0.2
2364,37,123391,North,Business,0.22500218279408102,0,169070,-0.05,-0.1,0.02,0.03
2365,57,133459,East,Salaried,0.36107561573637026,0,201965,-0.05,-0.1,0.02,0.03
2366,65,82399,East,Salaried,0.33959603625241064,0,230603,-0.05,-0.1,0.02,0.03
2367,32,42643,South,Salaried,0.6496648218796031,1,122427,0.2,0.2,0.1,0.05
2368,30,120441,North,Business,0.14112808952192954,0,165287,-0.05,-0.1,0.02,0.03
2369,41,131122,North,Salaried,0.251256534937512,0,182166,-0.05,-0.1,0.02,0.03
2370,39,39684,South,Salaried,0.5838646537273091,0,88046,0.2,0.2,0.1,0.05
2371,36,31354,South,Salaried,0.7962524369573616,1,191098,0.2,0.2,0.1,0.05
2372,33,57424,South,Salaried,0.6207215180171388,1,87139,0.2,0.2,0.1,0.05
2373,34,88108,East,Business,0.45392123238407833,0,244444,-0.05,-0.1,0.02,0.03
2374,41,59343,North,Salaried,0.41297665408007733,0,225861,-0.05,-0.1,0.02,0.03
2375,30,138074,East,Salaried,0.36889015221887,1,104203,-0.05,-0.1,0.02,0.03
2376,35,64206,South,Salaried,0.575874375898392,1,95029,0.2,0.2,0.1,0.05
2377,30,34517,South,Salaried,0.5596465502020447,1,105357,0.2,0.2,0.1,0.05
2378,56,127219,East,Business,0.3786156089551572,0,106249,-0.05,-0.1,0.02,0.03
2379,58,131457,North,Business,0.4352596661505428,0,222263,-0.05,-0.1,0.02,0.03
2380,54,99554,East,Business,0.19232711407511266,0,206597,-0.05,-0.1,0.02,0.03
2381,69,121280,East,Business,0.5420618940696671,1,343923,-0.15,-0.25,0.05,0.1
2382,50,64388,East,Salaried,0.16925017566606232,0,99294,-0.05,-0.1,0.02,0.03
2383,39,31460,South,Salaried,0.5597334268223428,1,193947,0.2,0.2,0.1,0.05
2384,43,146889,North,Business,0.1841931345170635,0,162296,-0.05,-0.1,0.02,0.03
2385,69,146490,East,Salaried,0.21437102386159534,1,207242,-0.05,-0.1,0.02,0.03
2386,63,123098,North,Salaried,0.360745979066875,0,110044,-0.05,-0.1,0.02,0.03
2387,28,45017,West,SelfEmp,0.7830996718067282,0,186794,0.35,0.25,0.15,0.2
2388,56,91504,North,Salaried,0.48528105638856667,0,153186,-0.05,-0.1,0.02,0.03
2389,50,95097,East,Salaried,0.2443877654594161,0,73641,-0.05,-0.1,0.02,0.03
2390,21,39793,West,SelfEmp,0.8909883563470717,0,229658,0.35,0.25,0.15,0.2
2391,47,107563,North,Salaried,0.23524262537167068,0,227297,-0.05,-0.1,0.02,0.03
2392,55,118309,North,Salaried,0.11607947650315063,0,223150,-0.05,-0.1,0.02,0.03
2393,37,60511,South,Salaried,0.7592686114547736,0,108502,0.2,0.2,0.1,0.05
2394,48,148694,North,Business,0.147719832240725,0,194642,-0.05,-0.1,0.02,0.03
2395,26,31066,West,SelfEmp,0.7168928853445552,1,180098,0.35,0.25,0.15,0.2
2396,34,143937,East,Salaried,0.2595346459359023,0,89673,-0.05,-0.1,0.02,0.03
2397,40,39622,South,Salaried,0.6004178587168739,1,87806,0.2,0.2,0.1,0.05
2398,60,56220,North,Business,0.4926442622569732,0,203577,-0.05,-0.1,0.02,0.03
2399,67,53497,North,Salaried,0.3294890193470304,0,169454,-0.05,-0.1,0.02,0.03
2400,59,100337,East,Business,0.21036902122724124,0,143938,-0.05,-0.1,0.02,0.03
2401,55,101772,East,Salaried,0.1655951887835482,0,56107,-0.05,-0.1,0.02,0.03
2402,32,61608,South,Salaried,0.5693794274482464,1,163000,0.2,0.2,0.1,0.05
2403,67,68632,East,Salaried,0.26360309469450927,0,128944,-0.05,-0.1,0.02,0.03
2404,29,26461,West,SelfEmp,0.6684045653834204,1,224334,0.35,0.25,0.15,0.2
2405,67,128867,North,Salaried,0.3689625174382303,0,184648,-0.05,-0.1,0.02,0.03
2406,62,82800,North,Salaried,0.10812418713334049,0,82532,-0.05,-0.1,0.02,0.03
2407,46,61063,East,Salaried,0.40819574340051856,1,240076,-0.05,-0.1,0.02,0.03
2408,36,143095,North,Salaried,0.2199652193908268,0,100998,-0.05,-0.1,0.02,0.03
2409,61,99831,North,Business,0.4457958142381828,0,194177,-0.05,-0.1,0.02,0.03
2410,38,96434,East,Salaried,0.35210501123363225,0,198032,-0.05,-0.1,0.02,0.03
2411,48,80941,East,Business,0.20008284287135322,0,106908,-0.05,-0.1,0.02,0.03
2412,46,68429,North,Salaried,0.4826402271069231,0,177025,-0.05,-0.1,0.02,0.03
2413,69,78205,North,Salaried,0.32508080214842705,1,151824,-0.05,-0.1,0.02,0.03
2414,31,82333,North,Business,0.43076956358674445,0,58009,-0.05,-0.1,0.02,0.03
2415,35,88230,North,Business,0.1997409243626808,0,169053,-0.05,-0.1,0.02,0.03
2416,57,135411,East,Business,0.4752941289022531,0,164165,-0.05,-0.1,0.02,0.03
2417,26,35049,West,SelfEmp,0.6852744491072313,1,239586,0.35,0.25,0.15,0.2
2418,65,110438,East,Business,0.20310635474488925,0,144478,-0.05,-0.1,0.02,0.03
2419,33,69861,North,Business,0.2659322687555816,0,97431,-0.05,-0.1,0.02,0.03
2420,59,58149,East,Business,0.12422090249650425,0,118835,-0.05,-0.1,0.02,0.03
2421,33,132897,East,Business,0.18977008899821324,0,136821,-0.05,-0.1,0.02,0.03
2422,48,124676,North,Business,0.28617558824012923,1,232482,-0.05,-0.1,0.02,0.03
2423,53,145289,North,Salaried,0.4026409993175418,0,171298,-0.05,-0.1,0.02,0.03
2424,63,96313,North,Salaried,0.380063876829254,0,77924,-0.05,-0.1,0.02,0.03
2425,46,80353,North,Business,0.28908275945451567,0,238297,-0.05,-0.1,0.02,0.03
2426,34,60295,North,Business,0.1121689257573137,0,122427,-0.05,-0.1,0.02,0.03
2427,65,100316,East,Business,0.5562111346118841,1,339702,-0.15,-0.25,0.05,0.1
2428,33,57466,East,Business,0.2460326532935108,0,230838,-0.05,-0.1,0.02,0.03
2429,64,53543,North,Business,0.2184617873055432,0,130442,-0.05,-0.1,0.02,0.03
2430,39,41811,South,Salaried,0.7533358322612771,1,130530,0.2,0.2,0.1,0.05
2431,65,82352,East,Salaried,0.3260071075624442,0,136544,-0.05,-0.1,0.02,0.03
2432,51,144870,North,Business,0.24213445974206077,0,227658,-0.05,-0.1,0.02,0.03
2433,42,60040,East,Salaried,0.4828496782742241,0,168504,-0.05,-0.1,0.02,0.03
2434,67,142162,North,Business,0.1999572779469459,0,139552,-0.05,-0.1,0.02,0.03
2435,64,147229,North,Salaried,0.3157737421951744,0,118008,-0.05,-0.1,0.02,0.03
2436,56,85732,North,Salaried,0.18196641300639993,1,124990,-0.05,-0.1,0.02,0.03
2437,65,80985,North,Business,0.45324571482972786,0,243795,-0.05,-0.1,0.02,0.03
2438,35,124491,North,Salaried,0.13823749452107897,0,73116,-0.05,-0.1,0.02,0.03
2439,36,70760,East,Business,0.4562204595077862,0,152876,-0.05,-0.1,0.02,0.03
2440,69,135835,East,Business,0.4799197413848012,0,116968,-0.05,-0.1,0.02,0.03
2441,52,123967,North,Business,0.4317146710122056,0,122022,-0.05,-0.1,0.02,0.03
2442,36,53258,South,Salaried,0.6396558517558122,1,156441,0.2,0.2,0.1,0.05
2443,51,142556,North,Business,0.24325874656067725,0,174790,-0.05,-0.1,0.02,0.03
2444,46,127763,East,Salaried,0.11107595470351016,0,135591,-0.05,-0.1,0.02,0.03
2445,53,130634,East,Salaried,0.4439405887662653,0,183054,-0.05,-0.1,0.02,0.03
2446,68,104681,North,Business,0.1291597090836589,0,72592,-0.05,-0.1,0.02,0.03
2447,21,40409,West,SelfEmp,0.8262090493793341,1,164917,0.35,0.25,0.15,0.2
2448,31,54335,South,Salaried,0.6584939622800738,1,115919,0.2,0.2,0.1,0.05
2449,37,39013,South,Salaried,0.6011115917664158,1,173899,0.2,0.2,0.1,0.05
2450,38,99711,East,Business,0.38963889710895394,0,88333,-0.05,-0.1,0.02,0.03
2451,33,50553,South,Salaried,0.5699577666407184,1,114477,0.2,0.2,0.1,0.05
2452,58,65523,North,Salaried,0.4455239501206052,0,154396,-0.05,-0.1,0.02,0.03
2453,60,143177,North,Business,0.15291348320384218,0,193992,-0.05,-0.1,0.02,0.03
2454,32,52565,East,Salaried,0.28329873677371675,0,83799,-0.05,-0.1,0.02,0.03
2455,43,137919,East,Salaried,0.15726588311103168,1,204339,-0.05,-0.1,0.02,0.03
2456,24,47961,West,SelfEmp,0.7558810230752557,1,202915,0.35,0.25,0.15,0.2
2457,47,79870,East,Business,0.24076202230346433,0,167952,-0.05,-0.1,0.02,0.03
2458,41,117787,North,Salaried,0.4372796566494741,1,90426,-0.05,-0.1,0.02,0.03
2459,65,119353,East,Salaried,0.2851322628795231,1,83762,-0.05,-0.1,0.02,0.03
2460,61,67341,North,Business,0.10496388602406381,0,174581,-0.05,-0.1,0.02,0.03
2461,61,65852,East,Salaried,0.3692036403852209,0,248856,-0.05,-0.1,0.02,0.03
2462,68,99895,East,Business,0.4894428913444421,0,220831,-0.15,-0.25,0.05,0.1
2463,40,59136,East,Salaried,0.39424839110395393,0,248611,-0.05,-0.1,0.02,0.03
2464,36,92747,North,Business,0.30162997873603536,0,119015,-0.05,-0.1,0.02,0.03
2465,68,135571,North,Business,0.2214614582950404,1,97361,-0.05,-0.1,0.02,0.03
2466,40,121156,North,Business,0.1488174248119251,0,83005,-0.05,-0.1,0.02,0.03
2467,41,100728,East,Salaried,0.1899040950635278,0,241538,-0.05,-0.1,0.02,0.03
2468,55,144436,East,Salaried,0.1789153234868274,1,90429,-0.05,-0.1,0.02,0.03
2469,55,143396,North,Salaried,0.10354651125344937,0,145909,-0.05,-0.1,0.02,0.03
2470,42,86583,East,Business,0.4589186354133179,0,80066,-0.05,-0.1,0.02,0.03
2471,48,67130,East,Salaried,0.2361269617192766,0,99635,-0.05,-0.1,0.02,0.03
2472,43,46553,South,Salaried,0.6371744738404093,1,129999,0.2,0.2,0.1,0.05
2473,68,86114,East,Salaried,0.4546905532579957,0,90645,-0.05,-0.1,0.02,0.03
2474,44,56078,South,Salaried,0.6830033696658409,1,92420,0.2,0.2,0.1,0.05
2475,43,45317,South,Salaried,0.6409798942011189,1,150780,0.2,0.2,0.1,0.05
2476,45,113620,North,Salaried,0.462382083899753,0,167781,-0.05,-0.1,0.02,0.03
2477,48,108786,East,Business,0.3175894315905917,0,75346,-0.05,-0.1,0.02,0.03
2478,31,140382,North,Salaried,0.26746584538474905,1,246560,-0.05,-0.1,0.02,0.03
2479,52,134834,North,Salaried,0.46471855950335317,0,81000,-0.05,-0.1,0.02,0.03
2480,57,112100,East,Business,0.6610143989819175,1,339927,-0.15,-0.25,0.05,0.1
2481,56,75992,North,Salaried,0.3708651505889893,1,87487,-0.05,-0.1,0.02,0.03
2482,36,111457,East,Salaried,0.11990687863543022,0,174660,-0.05,-0.1,0.02,0.03
2483,36,127318,East,Salaried,0.49603489825310854,0,159578,-0.05,-0.1,0.02,0.03
2484,67,149059,East,Business,0.5182511363750518,0,315600,-0.15,-0.25,0.05,0.1
2485,37,56372,South,Salaried,0.7845843006553648,1,160501,0.2,0.2,0.1,0.05
2486,40,91003,East,Salaried,0.2984119577014177,0,124684,-0.05,-0.1,0.02,0.03
2487,57,68165,North,Salaried,0.3874406651368568,0,80480,-0.05,-0.1,0.02,0.03
2488,21,34546,West,SelfEmp,0.6877904895470567,1,222476,0.35,0.25,0.15,0.2
2489,59,102648,North,Salaried,0.36148803710399235,0,163917,-0.05,-0.1,0.02,0.03
2490,35,113265,East,Salaried,0.30995088720223296,0,123285,-0.05,-0.1,0.02,0.03
2491,32,60720,South,Salaried,0.7920899453774235,0,158283,0.2,0.2,0.1,0.05
2492,52,72789,East,Salaried,0.2833620212122115,0,233134,-0.05,-0.1,0.02,0.03
2493,59,148231,East,Business,0.4940135380023839,1,103095,-0.05,-0.1,0.02,0.03
2494,30,83645,East,Business,0.4535148249040578,0,95311,-0.05,-0.1,0.02,0.03
2495,37,78478,East,Salaried,0.15627816954429852,0,95900,-0.05,-0.1,0.02,0.03
2496,63,131098,East,Business,0.592078216565268,1,306131,-0.15,-0.25,0.05,0.1
2497,61,111417,North,Salaried,0.1538699271967986,0,61628,-0.05,-0.1,0.02,0.03
2498,57,57946,North,Salaried,0.43401198450673883,1,91876,-0.05,-0.1,0.02,0.03
2499,53,100333,East,Salaried,0.2209306933091574,0,92974,-0.05,-0.1,0.02,0.03
2500,60,131983,East,Business,0.1726310033531957,1,117078,-0.05,-0.1,0.02,0.03
2501,69,62905,East,Salaried,0.3708760375907142,0,98435,-0.05,-0.1,0.02,0.03
2502,56,108507,North,Business,0.45928844956382775,0,187378,-0.05,-0.1,0.02,0.03
2503,60,140444,East,Salaried,0.28574812807281647,0,50189,-0.05,-0.1,0.02,0.03
2504,69,140088,East,Business,0.4116812547060432,0,91556,-0.05,-0.1,0.02,0.03
2505,42,93558,North,Business,0.22552751213086464,0,61408,-0.05,-0.1,0.02,0.03
2506,63,51135,East,Business,0.4801767210193377,0,217942,-0.05,-0.1,0.02,0.03
2507,45,112110,North,Business,0.48027522725585137,0,131855,-0.05,-0.1,0.02,0.03
2508,69,147572,East,Business,0.10923986936969886,0,50526,-0.05,-0.1,0.02,0.03
2509,55,76248,North,Salaried,0.23208609006401099,0,128277,-0.05,-0.1,0.02,0.03
2510,62,91733,North,Salaried,0.17961772232814097,0,130123,-0.05,-0.1,0.02,0.03
2511,30,38108,South,Salaried,0.5963936506862619,0,102435,0.2,0.2,0.1,0.05
2512,36,45321,South,Salaried,0.5604875378725126,0,146634,0.2,0.2,0.1,0.05
2513,43,41434,South,Salaried,0.5621568679088195,0,107575,0.2,0.2,0.1,0.05
2514,48,134029,North,Business,0.36299762370250044,0,108951,-0.05,-0.1,0.02,0.03
2515,65,58262,North,Business,0.4687414695143639,0,95643,-0.05,-0.1,0.02,0.03
2516,29,45581,West,SelfEmp,0.7381296152513638,1,217208,0.35,0.25,0.15,0.2
2517,40,109801,East,Salaried,0.4865913820524742,0,120410,-0.05,-0.1,0.02,0.03
2518,39,60913,East,Business,0.2753675458807646,0,207642,-0.05,-0.1,0.02,0.03
2519,54,146510,East,Business,0.6947185160868306,0,208639,-0.15,-0.25,0.05,0.1
2520,37,58988,East,Business,0.16114012158020238,0,165650,-0.05,-0.1,0.02,0.03
2521,63,104431,North,Salaried,0.3293146630428335,0,226774,-0.05,-0.1,0.02,0.03
2522,28,25095,West,SelfEmp,0.8720200955647013,0,127021,0.35,0.25,0.15,0.2
2523,45,114649,East,Business,0.1453593309379635,0,154820,-0.05,-0.1,0.02,0.03
2524,48,146238,East,Business,0.3373944021586681,0,86432,-0.05,-0.1,0.02,0.03
2525,44,140051,East,Business,0.3066617602914411,0,160436,-0.05,-0.1,0.02,0.03
2526,21,29536,West,SelfEmp,0.6596082743581175,1,198101,0.35,0.25,0.15,0.2
2527,68,146226,North,Business,0.4926165572177251,0,86973,-0.05,-0.1,0.02,0.03
2528,54,138781,East,Business,0.6832806612672161,0,212235,-0.15,-0.25,0.05,0.1
2529,57,80209,North,Salaried,0.29188006501341834,0,143137,-0.05,-0.1,0.02,0.03
2530,66,119216,North,Business,0.15326125158252,0,150171,-0.05,-0.1,0.02,0.03
2531,39,86688,East,Salaried,0.47043253871476753,0,187403,-0.05,-0.1,0.02,0.03
2532,52,136314,North,Salaried,0.2561359656047817,1,174958,-0.05,-0.1,0.02,0.03
2533,35,130754,North,Salaried,0.15624232163061072,0,163996,-0.05,-0.1,0.02,0.03
2534,27,35207,West,SelfEmp,0.8179969678505815,0,124723,0.35,0.25,0.15,0.2
2535,40,49410,South,Salaried,0.565416551826851,0,175884,0.2,0.2,0.1,0.05
2536,57,78071,East,Business,0.10677174097021402,0,233643,-0.05,-0.1,0.02,0.03
2537,41,141663,North,Business,0.42949376521542115,0,215529,-0.05,-0.1,0.02,0.03
2538,55,122264,North,Salaried,0.2808033151948325,0,213958,-0.05,-0.1,0.02,0.03
2539,65,50972,East,Business,0.3050988567404037,1,64530,-0.05,-0.1,0.02,0.03
2540,32,53223,South,Salaried,0.7163890971971861,0,92550,0.2,0.2,0.1,0.05
2541,63,114736,East,Salaried,0.245800385819517,1,236106,-0.05,-0.1,0.02,0.03
2542,50,62328,East,Business,0.300872456615651,0,242356,-0.05,-0.1,0.02,0.03
2543,57,95534,North,Salaried,0.25622975103698753,0,158380,-0.05,-0.1,0.02,0.03
2544,64,140859,East,Business,0.3964315218171184,0,193414,-0.05,-0.1,0.02,0.03
2545,37,71200,North,Business,0.2537356111834111,0,246000,-0.05,-0.1,0.02,0.03
2546,69,121230,East,Business,0.40428723101221015,1,348752,-0.15,-0.25,0.05,0.1
2547,54,141380,East,Business,0.28665374798007487,0,68254,-0.05,-0.1,0.02,0.03
2548,36,50147,South,Salaried,0.7801338078099069,0,198284,0.2,0.2,0.1,0.05
2549,21,26362,West,SelfEmp,0.6970428989615309,1,136321,0.35,0.25,0.15,0.2
2550,42,46151,South,Salaried,0.6557783577489467,1,180828,0.2,0.2,0.1,0.05
2551,30,117114,North,Business,0.11170484366693288,0,82160,-0.05,-0.1,0.02,0.03
2552,59,51780,East,Business,0.20302709025980678,0,166849,-0.05,-0.1,0.02,0.03
2553,63,94499,North,Salaried,0.4123092939548758,0,183436,-0.05,-0.1,0.02,0.03
2554,53,115781,North,Business,0.4684118064215208,0,194973,-0.05,-0.1,0.02,0.03
2555,39,62501,East,Business,0.19994244406433379,0,175592,-0.05,-0.1,0.02,0.03
2556,43,126097,East,Salaried,0.3607817379936681,1,209075,-0.05,-0.1,0.02,0.03
2557,48,142675,North,Salaried,0.1804333953624184,0,132158,-0.05,-0.1,0.02,0.03
2558,49,86415,North,Salaried,0.30462247860772484,0,195100,-0.05,-0.1,0.02,0.03
2559,59,108616,East,Salaried,0.3693959246052734,0,196821,-0.05,-0.1,0.02,0.03
2560,60,60834,East,Business,0.3695791673314368,0,106971,-0.05,-0.1,0.02,0.03
2561,44,123042,East,Business,0.2539425049972214,0,97830,-0.05,-0.1,0.02,0.03
2562,62,79098,East,Salaried,0.20015972554625613,1,187095,-0.05,-0.1,0.02,0.03
2563,39,35004,South,Salaried,0.7629598692157007,1,175384,0.2,0.2,0.1,0.05
2564,52,63397,North,Business,0.4961886689389027,0,182974,-0.05,-0.1,0.02,0.03
2565,61,98330,North,Business,0.36710241007941424,0,90832,-0.05,-0.1,0.02,0.03
2566,57,99962,North,Business,0.3187467597672513,1,82357,-0.05,-0.1,0.02,0.03
2567,41,43513,South,Salaried,0.7207403983855163,1,105499,0.2,0.2,0.1,0.05
2568,45,110940,East,Business,0.2767185961770422,0,200362,-0.05,-0.1,0.02,0.03
2569,30,69396,North,Salaried,0.3416071986300713,1,79381,-0.05,-0.1,0.02,0.03
2570,65,111978,North,Salaried,0.35404021499381066,1,217661,-0.05,-0.1,0.02,0.03
2571,58,111854,North,Business,0.40925546915411104,0,156023,-0.05,-0.1,0.02,0.03
2572,59,143891,East,Business,0.2465212581049356,0,106764,-0.05,-0.1,0.02,0.03
2573,56,133017,North,Salaried,0.422925720307621,0,227047,-0.05,-0.1,0.02,0.03
2574,29,47290,West,SelfEmp,0.7836648916872713,1,243152,0.35,0.25,0.15,0.2
2575,23,44541,West,SelfEmp,0.8223185956154037,1,137985,0.35,0.25,0.15,0.2
2576,49,133845,North,Business,0.4103445754634608,0,79346,-0.05,-0.1,0.02,0.03
2577,33,67986,North,Business,0.16033177506441146,0,100054,-0.05,-0.1,0.02,0.03
2578,34,45963,South,Salaried,0.5750045225060806,0,155948,0.2,0.2,0.1,0.05
2579,38,143616,North,Salaried,0.25023464838592435,0,239748,-0.05,-0.1,0.02,0.03
2580,45,76093,North,Business,0.30919492327668385,0,186279,-0.05,-0.1,0.02,0.03
2581,66,144760,North,Salaried,0.28795596321657585,0,120511,-0.05,-0.1,0.02,0.03
2582,47,68243,East,Business,0.15409593119388904,0,170295,-0.05,-0.1,0.02,0.03
2583,52,63346,East,Business,0.3621304285530611,0,213415,-0.05,-0.1,0.02,0.03
2584,61,95963,East,Salaried,0.36779943062027787,0,101150,-0.05,-0.1,0.02,0.03
2585,29,45002,West,SelfEmp,0.7901271835194933,0,221762,0.35,0.25,0.15,0.2
2586,57,75046,East,Salaried,0.15882796182013736,0,194289,-0.05,-0.1,0.02,0.03
2587,63,90533,North,Business,0.26711693307930245,0,241945,-0.05,-0.1,0.02,0.03
2588,25,27380,West,SelfEmp,0.7521026969620481,1,228601,0.35,0.25,0.15,0.2
2589,60,110784,East,Business,0.4803645952591328,0,202775,-0.05,-0.1,0.02,0.03
2590,62,61399,East,Business,0.4865560264259361,0,188822,-0.05,-0.1,0.02,0.03
2591,34,44410,South,Salaried,0.6173364697652761,0,98913,0.2,0.2,0.1,0.05
2592,44,47711,South,Salaried,0.7247319152363043,0,181541,0.2,0.2,0.1,0.05
2593,25,40941,West,SelfEmp,0.7991597999833635,1,227260,0.35,0.25,0.15,0.2
2594,61,117944,East,Business,0.6041664542933445,0,188624,-0.15,-0.25,0.05,0.1
2595,60,115671,East,Salaried,0.23210695532916642,0,129714,-0.05,-0.1,0.02,0.03
2596,42,50978,South,Salaried,0.5989946806229169,0,136485,0.2,0.2,0.1,0.05
2597,60,68595,East,Business,0.42208848388540243,0,216521,-0.05,-0.1,0.02,0.03
2598,45,95370,East,Salaried,0.3094793545085236,0,53159,-0.05,-0.1,0.02,0.03
2599,41,48706,South,Salaried,0.6803335214291837,1,151632,0.2,0.2,0.1,0.05
2600,68,129996,East,Salaried,0.38751167223388616,0,208996,-0.05,-0.1,0.02,0.03
2601,26,28896,West,SelfEmp,0.7446765893913443,0,192575,0.35,0.25,0.15,0.2
2602,52,100293,East,Business,0.10383440709658705,0,98106,-0.05,-0.1,0.02,0.03
2603,53,90972,East,Business,0.5845978046854511,1,230882,-0.15,-0.25,0.05,0.1
2604,38,60283,South,Salaried,0.7770384858068757,1,135178,0.2,0.2,0.1,0.05
2605,55,145373,East,Business,0.44428081301685995,0,170611,-0.05,-0.1,0.02,0.03
2606,49,93069,North,Salaried,0.48860841083286255,0,193499,-0.05,-0.1,0.02,0.03
2607,28,26749,West,SelfEmp,0.6534555510243737,1,196150,0.35,0.25,0.15,0.2
2608,69,98050,East,Business,0.6994593540658285,1,211922,-0.15,-0.25,0.05,0.1
2609,35,67423,North,Salaried,0.4975990933654685,0,133744,-0.05,-0.1,0.02,0.03
2610,43,145910,North,Salaried,0.42320589962511346,0,190752,-0.05,-0.1,0.02,0.03
2611,45,120565,North,Salaried,0.22677160131289448,0,130225,-0.05,-0.1,0.02,0.03
2612,44,137354,East,Salaried,0.3262541074804576,0,129876,-0.05,-0.1,0.02,0.03
2613,49,50393,East,Salaried,0.2269664534865541,0,209501,-0.05,-0.1,0.02,0.03
2614,57,147757,North,Business,0.10022167383410158,0,166814,-0.05,-0.1,0.02,0.03
2615,63,116199,East,Salaried,0.26283398912615397,0,237848,-0.05,-0.1,0.02,0.03
2616,63,73390,North,Salaried,0.2576238079343429,0,71037,-0.05,-0.1,0.02,0.03
2617,30,78564,East,Business,0.3865324109026781,1,159844,-0.05,-0.1,0.02,0.03
2618,33,96002,East,Salaried,0.19664970870495374,0,232957,-0.05,-0.1,0.02,0.03
2619,56,117224,East,Business,0.35310829647874886,1,225556,-0.05,-0.1,0.02,0.03
2620,34,63219,North,Business,0.4724899036715592,0,143391,-0.05,-0.1,0.02,0.03
2621,45,86258,North,Business,0.1049664356677694,0,226752,-0.05,-0.1,0.02,0.03
2622,54,101095,North,Salaried,0.2940440558872691,0,63936,-0.05,-0.1,0.02,0.03
2623,68,139681,East,Business,0.6943115880043635,0,232021,-0.15,-0.25,0.05,0.1
2624,38,62280,South,Salaried,0.7843155111944602,0,101320,0.2,0.2,0.1,0.05
2625,31,140853,North,Salaried,0.10653866609447707,0,127148,-0.05,-0.1,0.02,0.03
2626,28,45249,West,SelfEmp,0.7484158535139103,1,214138,0.35,0.25,0.15,0.2
2627,34,64551,South,Salaried,0.555541438972653,1,178345,0.2,0.2,0.1,0.05
2628,51,118864,East,Business,0.423628279913911,0,321435,-0.15,-0.25,0.05,0.1
2629,59,148629,East,Salaried,0.18563386180106434,0,65213,-0.05,-0.1,0.02,0.03
2630,52,133959,East,Salaried,0.3287781449628008,1,152433,-0.05,-0.1,0.02,0.03
2631,34,64312,East,Salaried,0.28942153341889526,0,146093,-0.05,-0.1,0.02,0.03
2632,44,119519,North,Salaried,0.4368155134422085,0,58002,-0.05,-0.1,0.02,0.03
2633,60,100472,East,Business,0.6121882617224605,1,276718,-0.15,-0.25,0.05,0.1
2634,40,93386,North,Salaried,0.38671058193369057,0,248831,-0.05,-0.1,0.02,0.03
2635,62,63776,East,Salaried,0.21652112348206015,0,239614,-0.05,-0.1,0.02,0.03
2636,56,58265,East,Salaried,0.3117931529517576,0,163846,-0.05,-0.1,0.02,0.03
2637,31,41850,South,Salaried,0.7485915996055587,0,87163,0.2,0.2,0.1,0.05
2638,36,74718,East,Salaried,0.22711416343474555,0,172342,-0.05,-0.1,0.02,0.03
2639,39,41284,South,Salaried,0.6889678461614488,1,174679,0.2,0.2,0.1,0.05
2640,44,117107,East,Salaried,0.15214600967075642,0,144437,-0.05,-0.1,0.02,0.03
2641,59,91420,North,Business,0.34765986372589325,0,153127,-0.05,-0.1,0.02,0.03
2642,43,96384,North,Business,0.3382010402291231,0,80568,-0.05,-0.1,0.02,0.03
2643,45,146399,North,Business,0.48283392697768757,1,52355,-0.05,-0.1,0.02,0.03
2644,67,106915,North,Business,0.11379753154743755,0,219914,-0.05,-0.1,0.02,0.03
2645,39,139939,East,Salaried,0.32648192940285814,0,89056,-0.05,-0.1,0.02,0.03
2646,62,89685,North,Salaried,0.19250571985964515,0,196142,-0.05,-0.1,0.02,0.03
2647,33,60011,East,Salaried,0.2508145432737011,1,222984,-0.05,-0.1,0.02,0.03
2648,45,70150,North,Business,0.34438945871835247,1,155076,-0.05,-0.1,0.02,0.03
2649,67,107899,North,Business,0.30343116874748605,0,248963,-0.05,-0.1,0.02,0.03
2650,57,141450,North,Salaried,0.29551949681649636,0,242118,-0.05,-0.1,0.02,0.03
2651,31,62039,East,Salaried,0.4414200911833267,0,73358,-0.05,-0.1,0.02,0.03
2652,32,138520,North,Salaried,0.24307083652230968,0,249229,-0.05,-0.1,0.02,0.03
2653,37,104510,North,Salaried,0.11058180219216968,0,234126,-0.05,-0.1,0.02,0.03
2654,48,57213,East,Business,0.24589561177591546,0,171739,-0.05,-0.1,0.02,0.03
2655,40,73368,East,Business,0.1420476519409587,0,196696,-0.05,-0.1,0.02,0.03
2656,21,40003,West,SelfEmp,0.6642369871746121,1,186851,0.35,0.25,0.15,0.2
2657,38,81419,East,Salaried,0.12453902318505841,1,119776,-0.05,-0.1,0.02,0.03
2658,41,54689,South,Salaried,0.7274567687299691,1,194773,0.2,0.2,0.1,0.05
2659,36,122623,North,Business,0.13729796768854335,0,158501,-0.05,-0.1,0.02,0.03
2660,34,61351,South,Salaried,0.6990819012509656,1,95804,0.2,0.2,0.1,0.05
2661,49,128363,North,Salaried,0.24854520759202758,1,69477,-0.05,-0.1,0.02,0.03
2662,31,140063,East,Business,0.2964554142783308,0,63714,-0.05,-0.1,0.02,0.03
2663,39,137104,East,Business,0.28816304778672386,0,81516,-0.05,-0.1,0.02,0.03
2664,42,63188,East,Business,0.29791073738946494,0,55560,-0.05,-0.1,0.02,0.03
2665,39,88082,North,Salaried,0.1616624198501366,0,75247,-0.05,-0.1,0.02,0.03
2666,28,31692,West,SelfEmp,0.7609338406396512,1,132631,0.35,0.25,0.15,0.2
2667,37,80802,North,Business,0.4178507164107127,0,51833,-0.05,-0.1,0.02,0.03
2668,62,145977,North,Salaried,0.14429724807647426,0,59940,-0.05,-0.1,0.02,0.03
2669,65,95200,East,Salaried,0.3435208369993985,0,83677,-0.05,-0.1,0.02,0.03
2670,31,50530,East,Salaried,0.15181064396014096,0,120639,-0.05,-0.1,0.02,0.03
2671,59,67330,East,Salaried,0.3376637431518606,0,65615,-0.05,-0.1,0.02,0.03
2672,37,101127,East,Salaried,0.35557824874215704,0,221003,-0.05,-0.1,0.02,0.03
2673,67,117752,North,Business,0.4921836683418309,0,239786,-0.05,-0.1,0.02,0.03
2674,39,132098,North,Business,0.2094337071257483,1,169522,-0.05,-0.1,0.02,0.03
2675,49,61116,North,Business,0.29934857818036775,0,159507,-0.05,-0.1,0.02,0.03
2676,66,115234,North,Salaried,0.26289856690482827,0,120883,-0.05,-0.1,0.02,0.03
2677,48,83577,North,Salaried,0.4597428782597457,0,50424,-0.05,-0.1,0.02,0.03
2678,66,105918,East,Business,0.5731919254569243,0,164546,-0.15,-0.25,0.05,0.1
2679,54,99284,North,Business,0.43483980071556094,0,170045,-0.05,-0.1,0.02,0.03
2680,34,120390,East,Business,0.19792469251365424,0,53244,-0.05,-0.1,0.02,0.03
2681,51,149895,East,Salaried,0.3779548343229121,0,166815,-0.05,-0.1,0.02,0.03
2682,27,30690,West,SelfEmp,0.8839179657704315,1,133704,0.35,0.25,0.15,0.2
2683,66,127256,East,Business,0.6733255394722145,1,151927,-0.15,-0.25,0.05,0.1
2684,31,123993,North,Business,0.42801112890617,0,245998,-0.05,-0.1,0.02,0.03
2685,35,45007,South,Salaried,0.6660489056054077,0,95426,0.2,0.2,0.1,0.05
2686,38,33255,South,Salaried,0.775931230093452,1,117826,0.2,0.2,0.1,0.05
2687,53,61845,East,Salaried,0.3347010478984481,0,105569,-0.05,-0.1,0.02,0.03
2688,50,86282,North,Business,0.1291330915959955,1,115711,-0.05,-0.1,0.02,0.03
2689,52,120359,East,Business,0.5255815557015745,0,192354,-0.15,-0.25,0.05,0.1
2690,37,92180,East,Salaried,0.11391399234349363,0,69575,-0.05,-0.1,0.02,0.03
2691,46,148835,East,Business,0.3952867200545279,0,248045,-0.05,-0.1,0.02,0.03
2692,36,119550,East,Salaried,0.329826761464019,0,83699,-0.05,-0.1,0.02,0.03
2693,63,102429,East,Salaried,0.2504660441724311,0,180126,-0.05,-0.1,0.02,0.03
2694,60,128764,North,Business,0.17189876053530342,0,126910,-0.05,-0.1,0.02,0.03
2695,43,129518,North,Salaried,0.35638852964885503,0,142345,-0.05,-0.1,0.02,0.03
2696,66,149960,East,Business,0.5250157344919147,0,293751,-0.15,-0.25,0.05,0.1
2697,32,88872,East,Business,0.2816916230828806,1,143366,-0.05,-0.1,0.02,0.03
2698,43,58841,South,Salaried,0.687947515894874,1,199509,0.2,0.2,0.1,0.05
2699,43,106843,East,Salaried,0.32030629054886117,0,161414,-0.05,-0.1,0.02,0.03
2700,55,136624,North,Salaried,0.4643500834098212,0,97234,-0.05,-0.1,0.02,0.03
2701,36,59741,East,Salaried,0.13958092067461397,0,172761,-0.05,-0.1,0.02,0.03
2702,56,125103,East,Salaried,0.20021842357245132,0,65330,-0.05,-0.1,0.02,0.03
2703,37,99409,North,Salaried,0.17992836813654567,0,122799,-0.05,-0.1,0.02,0.03
2704,57,93514,East,Business,0.6611076493867074,0,185120,-0.15,-0.25,0.05,0.1
2705,42,44992,South,Salaried,0.6191026352734187,0,110269,0.2,0.2,0.1,0.05
2706,60,67085,North,Business,0.48417492157542286,0,137957,-0.05,-0.1,0.02,0.03
2707,41,65860,East,Salaried,0.34331904549675873,0,81152,-0.05,-0.1,0.02,0.03
2708,47,104325,East,Salaried,0.1259494551340429,0,241309,-0.05,-0.1,0.02,0.03
2709,53,114997,East,Business,0.15283151293892683,0,128243,-0.05,-0.1,0.02,0.03
2710,65,126326,East,Salaried,0.16783440032828537,0,224067,-0.05,-0.1,0.02,0.03
2711,69,91446,North,Salaried,0.3262127507696231,1,146342,-0.05,-0.1,0.02,0.03
2712,56,107235,East,Salaried,0.2850332746597789,0,79046,-0.05,-0.1,0.02,0.03
2713,32,50637,North,Business,0.21147794172113024,0,204828,-0.05,-0.1,0.02,0.03
2714,31,41366,South,Salaried,0.6130728973153302,1,196193,0.2,0.2,0.1,0.05
2715,66,120856,East,Salaried,0.10959837832002922,0,91417,-0.05,-0.1,0.02,0.03
2716,43,70519,East,Salaried,0.3254870718190471,0,159883,-0.05,-0.1,0.02,0.03
2717,34,124975,East,Salaried,0.2303072478573474,0,192475,-0.05,-0.1,0.02,0.03
2718,35,62903,South,Salaried,0.6547645996657738,0,100615,0.2,0.2,0.1,0.05
2719,24,35130,West,SelfEmp,0.7757109276607839,1,128826,0.35,0.25,0.15,0.2
2720,43,110432,North,Salaried,0.26663899227757726,0,65904,-0.05,-0.1,0.02,0.03
2721,68,143906,East,Business,0.44176918413104727,0,114636,-0.05,-0.1,0.02,0.03
2722,63,138670,East,Business,0.11642654949864464,0,218859,-0.05,-0.1,0.02,0.03
2723,47,83443,East,Business,0.29605154453463867,0,57004,-0.05,-0.1,0.02,0.03
2724,47,104086,North,Business,0.1985062895923143,1,212643,-0.05,-0.1,0.02,0.03
2725,24,40582,West,SelfEmp,0.859077468753918,1,144236,0.35,0.25,0.15,0.2
2726,65,132565,East,Salaried,0.4712528744061776,0,177845,-0.05,-0.1,0.02,0.03
2727,58,130228,North,Business,0.4932060625001038,0,186344,-0.05,-0.1,0.02,0.03
2728,61,98762,East,Business,0.45534547312050566,0,120600,-0.05,-0.1,0.02,0.03
2729,47,104888,North,Business,0.32639793530767675,0,197483,-0.05,-0.1,0.02,0.03
2730,45,110692,North,Salaried,0.15684278393303297,0,240501,-0.05,-0.1,0.02,0.03
2731,35,50645,South,Salaried,0.7839314622646036,0,88436,0.2,0.2,0.1,0.05
2732,41,89732,North,Salaried,0.18162754819149646,1,62697,-0.05,-0.1,0.02,0.03
2733,31,68499,East,Business,0.12381765520099851,0,139006,-0.05,-0.1,0.02,0.03
2734,63,123309,North,Salaried,0.2772160034224046,0,135984,-0.05,-0.1,0.02,0.03
2735,56,75402,East,Business,0.3336874485171214,0,73237,-0.05,-0.1,0.02,0.03
2736,52,50553,North,Business,0.286841476925708,0,82261,-0.05,-0.1,0.02,0.03
2737,46,52853,North,Salaried,0.1960982230079954,1,120716,-0.05,-0.1,0.02,0.03
2738,51,135694,North,Business,0.38629761560018694,0,183007,-0.05,-0.1,0.02,0.03
2739,50,92481,East,Business,0.4787197111183036,0,52838,-0.05,-0.1,0.02,0.03
2740,32,149576,North,Salaried,0.46199075271267254,0,157318,-0.05,-0.1,0.02,0.03
2741,51,141917,East,Business,0.5591569274094683,0,342702,-0.15,-0.25,0.05,0.1
2742,51,98841,East,Business,0.1178640115508895,0,125449,-0.05,-0.1,0.02,0.03
2743,30,94383,North,Salaried,0.4330048674107171,0,124828,-0.05,-0.1,0.02,0.03
2744,68,134545,East,Business,0.14417725077646046,0,114578,-0.05,-0.1,0.02,0.03
2745,67,117818,North,Business,0.4502797491770262,0,226366,-0.05,-0.1,0.02,0.03
2746,28,39639,West,SelfEmp,0.7870082680553983,1,123974,0.35,0.25,0.15,0.2
2747,57,135222,East,Salaried,0.45817812550668313,0,170973,-0.05,-0.1,0.02,0.03
2748,68,133962,North,Salaried,0.20220112969562554,0,111265,-0.05,-0.1,0.02,0.03
2749,67,84648,East,Business,0.40301079765313785,0,193090,-0.05,-0.1,0.02,0.03
2750,29,29489,West,SelfEmp,0.7402212281235767,0,199903,0.35,0.25,0.15,0.2
2751,39,33097,South,Salaried,0.6203837600267237,1,101944,0.2,0.2,0.1,0.05
2752,63,101397,North,Salaried,0.3444997491334907,0,111134,-0.05,-0.1,0.02,0.03
2753,31,73178,East,Salaried,0.17042681441506305,0,214645,-0.05,-0.1,0.02,0.03
2754,50,147065,East,Salaried,0.15000432803593747,0,60272,-0.05,-0.1,0.02,0.03
2755,66,125236,North,Business,0.4484057149574997,0,78831,-0.05,-0.1,0.02,0.03
2756,60,112909,East,Business,0.2571749220111227,0,74914,-0.05,-0.1,0.02,0.03
2757,56,117258,East,Business,0.311149683155825,0,194334,-0.05,-0.1,0.02,0.03
2758,36,42224,South,Salaried,0.7446338427508514,1,177127,0.2,0.2,0.1,0.05
2759,39,54570,North,Business,0.3802948397337209,0,124658,-0.05,-0.1,0.02,0.03
2760,65,73640,East,Salaried,0.2516088781865079,1,52512,-0.05,-0.1,0.02,0.03
2761,60,93746,East,Business,0.30268470557311933,0,83000,-0.05,-0.1,0.02,0.03
2762,55,145969,North,Business,0.36076504269318077,0,102492,-0.05,-0.1,0.02,0.03
2763,27,46321,West,SelfEmp,0.8861772627063531,1,186156,0.35,0.25,0.15,0.2
2764,50,65455,North,Business,0.10484628223985935,0,68073,-0.05,-0.1,0.02,0.03
2765,38,105928,East,Salaried,0.4549629895875854,1,180229,-0.05,-0.1,0.02,0.03
2766,47,62291,North,Salaried,0.2573970684474439,0,145830,-0.05,-0.1,0.02,0.03
2767,54,132797,East,Business,0.2307280528800837,0,162169,-0.05,-0.1,0.02,0.03
2768,40,75793,North,Salaried,0.26737358403091793,0,66767,-0.05,-0.1,0.02,0.03
2769,25,38383,West,SelfEmp,0.8628565986037515,0,146440,0.35,0.25,0.15,0.2
2770,52,105919,East,Business,0.3255269922300684,0,90533,-0.05,-0.1,0.02,0.03
2771,41,51525,East,Business,0.15633337106120493,0,208978,-0.05,-0.1,0.02,0.03
2772,39,61022,South,Salaried,0.7583339051263134,1,139516,0.2,0.2,0.1,0.05
2773,25,29954,West,SelfEmp,0.8069843733248651,0,132402,0.35,0.25,0.15,0.2
2774,30,81050,North,Business,0.4058598446361429,0,183510,-0.05,-0.1,0.02,0.03
2775,37,66760,North,Business,0.3441447077287627,0,75634,-0.05,-0.1,0.02,0.03
2776,50,60296,East,Business,0.4564466697813505,0,216857,-0.05,-0.1,0.02,0.03
2777,33,127875,East,Business,0.48070931376385306,0,157127,-0.05,-0.1,0.02,0.03
2778,46,68648,East,Business,0.11829064590490908,1,95785,-0.05,-0.1,0.02,0.03
2779,32,116561,East,Salaried,0.3433321020587964,0,129941,-0.05,-0.1,0.02,0.03
2780,60,138061,East,Business,0.28092566990539103,0,239001,-0.05,-0.1,0.02,0.03
2781,62,103252,North,Business,0.4927714897400707,0,139102,-0.05,-0.1,0.02,0.03
2782,57,59402,East,Salaried,0.13875686446566726,0,76000,-0.05,-0.1,0.02,0.03
2783,36,116392,North,Business,0.22761761254146506,0,234498,-0.05,-0.1,0.02,0.03
2784,60,124399,East,Salaried,0.339720155606549,0,172453,-0.05,-0.1,0.02,0.03
2785,69,98601,East,Business,0.23855388681487588,0,212162,-0.05,-0.1,0.02,0.03
2786,67,67857,East,Business,0.30934885898838843,1,103709,-0.05,-0.1,0.02,0.03
2787,69,118718,East,Salaried,0.4232441386457374,0,155217,-0.05,-0.1,0.02,0.03
2788,63,79002,East,Salaried,0.10691759030683304,0,239241,-0.05,-0.1,0.02,0.03
2789,61,127627,East,Salaried,0.46137747861637113,0,97136,-0.05,-0.1,0.02,0.03
2790,38,89137,North,Salaried,0.3806079108447259,0,126438,-0.05,-0.1,0.02,0.03
2791,42,61126,South,Salaried,0.6233819885419875,1,148310,0.2,0.2,0.1,0.05
2792,52,86507,East,Business,0.2252036876787573,0,205092,-0.05,-0.1,0.02,0.03
2793,55,63746,North,Business,0.10512733338623748,1,192624,-0.05,-0.1,0.02,0.03
2794,53,119000,East,Business,0.6948515644058315,0,282933,-0.15,-0.25,0.05,0.1
2795,53,115597,East,Business,0.6120533072287295,1,346257,-0.15,-0.25,0.05,0.1
2796,55,58299,North,Salaried,0.34046501508442684,0,245649,-0.05,-0.1,0.02,0.03
2797,51,142480,North,Business,0.2624495230524975,0,173089,-0.05,-0.1,0.02,0.03
2798,39,101070,North,Business,0.36626593397706475,0,154610,-0.05,-0.1,0.02,0.03
2799,53,113211,East,Business,0.26272091145375237,0,70734,-0.05,-0.1,0.02,0.03
2800,36,128267,North,Business,0.44302125083996535,0,186362,-0.05,-0.1,0.02,0.03
2801,62,108570,East,Business,0.2727950369700629,0,131876,-0.05,-0.1,0.02,0.03
2802,55,130096,East,Salaried,0.13531299943396657,0,102448,-0.05,-0.1,0.02,0.03
2803,34,90894,East,Business,0.33994718926201883,0,192007,-0.05,-0.1,0.02,0.03
2804,31,57691,North,Business,0.24151839418756205,0,194901,-0.05,-0.1,0.02,0.03
2805,60,89893,North,Business,0.16903431761970883,0,207367,-0.05,-0.1,0.02,0.03
2806,50,60851,North,Business,0.2543685721812761,0,194892,-0.05,-0.1,0.02,0.03
2807,69,91970,East,Salaried,0.17969675143384728,0,86389,-0.05,-0.1,0.02,0.03
2808,44,58172,South,Salaried,0.6234030412661875,0,187276,0.2,0.2,0.1,0.05
2809,66,123509,North,Salaried,0.3445323013211411,0,102136,-0.05,-0.1,0.02,0.03
2810,35,141992,North,Business,0.3858888807237706,0,201853,-0.05,-0.1,0.02,0.03
2811,56,61004,North,Salaried,0.3387841147382112,0,184257,-0.05,-0.1,0.02,0.03
2812,57,104476,East,Salaried,0.3644617078876372,0,137125,-0.05,-0.1,0.02,0.03
2813,54,98563,East,Business,0.4212740419540203,0,245833,-0.15,-0.25,0.05,0.1
2814,57,125724,North,Business,0.2790001090094618,0,199010,-0.05,-0.1,0.02,0.03
2815,67,110896,East,Salaried,0.10865671784329428,0,172766,-0.05,-0.1,0.02,0.03
2816,30,60049,South,Salaried,0.7109081993875088,1,181917,0.2,0.2,0.1,0.05
2817,66,74935,North,Business,0.3789432267335082,0,190682,-0.05,-0.1,0.02,0.03
2818,37,72347,North,Salaried,0.4265792168306286,0,204822,-0.05,-0.1,0.02,0.03
2819,53,88585,North,Business,0.4373210700815964,0,64770,-0.05,-0.1,0.02,0.03
2820,35,125993,East,Salaried,0.38980880093371717,0,67171,-0.05,-0.1,0.02,0.03
2821,56,96266,East,Business,0.220899757965279,0,109046,-0.05,-0.1,0.02,0.03
2822,53,132526,North,Salaried,0.48144134710031783,0,125604,-0.05,-0.1,0.02,0.03
2823,43,61014,South,Salaried,0.6417706867718117,1,143589,0.2,0.2,0.1,0.05
2824,33,119086,East,Salaried,0.24030128589974198,0,82934,-0.05,-0.1,0.02,0.03
2825,65,139262,North,Business,0.44902660734318534,0,82174,-0.05,-0.1,0.02,0.03
2826,69,65552,East,Salaried,0.17108178447872563,0,204154,-0.05,-0.1,0.02,0.03
2827,41,82314,North,Business,0.2756463097130558,0,143554,-0.05,-0.1,0.02,0.03
2828,60,62003,North,Salaried,0.22652882280379227,0,226976,-0.05,-0.1,0.02,0.03
2829,59,102523,North,Salaried,0.28887868110324855,0,220325,-0.05,-0.1,0.02,0.03
2830,59,66915,East,Business,0.4967498178729244,0,122964,-0.05,-0.1,0.02,0.03
2831,59,99830,North,Salaried,0.16221603660019493,1,103380,-0.05,-0.1,0.02,0.03
2832,37,60935,North,Salaried,0.42623479220630744,0,85682,-0.05,-0.1,0.02,0.03
2833,61,127818,North,Business,0.16217332157029568,0,105210,-0.05,-0.1,0.02,0.03
2834,32,106973,East,Salaried,0.22984689692459095,0,139257,-0.05,-0.1,0.02,0.03
2835,68,122417,North,Business,0.3897536273316208,0,63229,-0.05,-0.1,0.02,0.03
2836,51,61439,North,Salaried,0.36665898627971105,0,86288,-0.05,-0.1,0.02,0.03
2837,43,48458,South,Salaried,0.6177215137565937,1,150480,0.2,0.2,0.1,0.05
2838,65,107498,North,Business,0.36084559144949935,0,199090,-0.05,-0.1,0.02,0.03
2839,50,115046,North,Salaried,0.1819651922106157,0,77618,-0.05,-0.1,0.02,0.03
2840,66,141750,East,Business,0.6995943654802661,0,255894,-0.15,-0.25,0.05,0.1
2841,53,110384,North,Salaried,0.3312379629838835,0,234697,-0.05,-0.1,0.02,0.03
2842,57,144440,East,Business,0.3694794563962288,0,248228,-0.05,-0.1,0.02,0.03
2843,32,119874,East,Business,0.3295781288802678,0,58272,-0.05,-0.1,0.02,0.03
2844,65,148770,East,Salaried,0.19132417025007126,0,172082,-0.05,-0.1,0.02,0.03
2845,65,141189,North,Salaried,0.13044042233334496,0,154302,-0.05,-0.1,0.02,0.03
2846,57,96741,East,Salaried,0.29934075652418424,1,195963,-0.05,-0.1,0.02,0.03
2847,65,117516,East,Business,0.49770001968342825,0,218446,-0.15,-0.25,0.05,0.1
2848,69,94250,North,Business,0.3465230599386776,0,90888,-0.05,-0.1,0.02,0.03
2849,29,34443,West,SelfEmp,0.656193531733596,0,188345,0.35,0.25,0.15,0.2
2850,53,73519,East,Salaried,0.2578286793852954,0,89566,-0.05,-0.1,0.02,0.03
2851,46,107937,East,Salaried,0.39953567538474044,0,227695,-0.05,-0.1,0.02,0.03
2852,63,59825,East,Business,0.16845665989842568,0,105619,-0.05,-0.1,0.02,0.03
2853,36,111713,East,Salaried,0.2579841710441395,0,154554,-0.05,-0.1,0.02,0.03
2854,44,75005,East,Salaried,0.3870147454050509,0,140473,-0.05,-0.1,0.02,0.03
2855,64,128682,East,Business,0.3732833238190346,0,90149,-0.05,-0.1,0.02,0.03
2856,43,139624,East,Business,0.159496603948599,0,185605,-0.05,-0.1,0.02,0.03
2857,59,72987,East,Business,0.30092076206577856,0,181086,-0.05,-0.1,0.02,0.03
2858,63,107251,East,Salaried,0.47071699776372056,0,90131,-0.05,-0.1,0.02,0.03
2859,62,114586,East,Business,0.2496851182956232,0,107852,-0.05,-0.1,0.02,0.03
2860,58,54100,East,Business,0.29064287259499366,0,86232,-0.05,-0.1,0.02,0.03
2861,58,148987,North,Salaried,0.3553417219541911,0,63068,-0.05,-0.1,0.02,0.03
2862,64,140193,East,Business,0.5287651155520794,1,213372,-0.15,-0.25,0.05,0.1
2863,54,146458,East,Business,0.10124973985894865,0,174218,-0.05,-0.1,0.02,0.03
2864,55,142421,East,Business,0.5836002812670604,0,263993,-0.15,-0.25,0.05,0.1
2865,52,51767,North,Business,0.4597466115683708,0,84024,-0.05,-0.1,0.02,0.03
2866,67,55351,East,Business,0.27566687622173036,0,160632,-0.05,-0.1,0.02,0.03
2867,62,124481,East,Business,0.6039529198997355,0,263682,-0.15,-0.25,0.05,0.1
2868,33,54714,North,Salaried,0.3901564984635778,0,175934,-0.05,-0.1,0.02,0.03
2869,32,41491,South,Salaried,0.6500777248077783,1,89872,0.2,0.2,0.1,0.05
2870,22,49827,West,SelfEmp,0.722826861568622,1,131356,0.35,0.25,0.15,0.2
2871,64,61344,East,Business,0.3334448864564199,0,183015,-0.05,-0.1,0.02,0.03
2872,59,58348,North,Business,0.2149063323966992,0,154565,-0.05,-0.1,0.02,0.03
2873,40,115088,North,Business,0.41661640253328014,1,180988,-0.05,-0.1,0.02,0.03
2874,62,90194,North,Business,0.1282672761232314,0,93452,-0.05,-0.1,0.02,0.03
2875,58,81460,East,Salaried,0.35902191106136905,0,146939,-0.05,-0.1,0.02,0.03
2876,43,85120,East,Business,0.3109764182231114,0,144333,-0.05,-0.1,0.02,0.03
2877,50,134271,East,Business,0.11253498427069052,0,91603,-0.05,-0.1,0.02,0.03
2878,44,111407,East,Salaried,0.43540101012945487,0,138264,-0.05,-0.1,0.02,0.03
2879,57,98484,North,Business,0.2239608909349074,0,226559,-0.05,-0.1,0.02,0.03
2880,57,89437,East,Salaried,0.40758713724134954,0,175437,-0.05,-0.1,0.02,0.03
2881,46,121616,North,Business,0.37952823249771284,1,184872,-0.05,-0.1,0.02,0.03
2882,62,73696,North,Salaried,0.21385196477572765,0,132277,-0.05,-0.1,0.02,0.03
2883,59,89585,East,Business,0.45456655512255006,0,200585,-0.05,-0.1,0.02,0.03
2884,68,58678,North,Salaried,0.4604524957144688,0,107194,-0.05,-0.1,0.02,0.03
2885,49,57807,North,Business,0.25558339425117493,0,74715,-0.05,-0.1,0.02,0.03
2886,49,85740,North,Salaried,0.31576727710138686,0,101069,-0.05,-0.1,0.02,0.03
2887,36,130635,East,Salaried,0.41862144924052813,0,68462,-0.05,-0.1,0.02,0.03
2888,49,88547,North,Business,0.1275122630790636,0,129397,-0.05,-0.1,0.02,0.03
2889,42,137964,North,Business,0.3344006909402846,0,65921,-0.05,-0.1,0.02,0.03
2890,51,115250,North,Salaried,0.4590456033369541,0,80539,-0.05,-0.1,0.02,0.03
2891,22,46119,West,SelfEmp,0.7328730683137208,0,175541,0.35,0.25,0.15,0.2
2892,40,120825,North,Salaried,0.28732277073565854,1,211361,-0.05,-0.1,0.02,0.03
2893,55,65362,North,Business,0.16740851043299126,0,184626,-0.05,-0.1,0.02,0.03
2894,65,68773,North,Salaried,0.16669822745037466,0,245949,-0.05,-0.1,0.02,0.03
2895,51,140644,East,Business,0.5873906676064529,0,298373,-0.15,-0.25,0.05,0.1
2896,22,29374,West,SelfEmp,0.7697923368488605,1,177202,0.35,0.25,0.15,0.2
2897,44,88751,East,Salaried,0.48513465329712246,0,186774,-0.05,-0.1,0.02,0.03
2898,69,74459,North,Salaried,0.2884893323614973,0,229173,-0.05,-0.1,0.02,0.03
2899,34,50029,East,Salaried,0.33362876397350805,0,215961,-0.05,-0.1,0.02,0.03
2900,53,86827,East,Business,0.3975552576474476,0,73039,-0.05,-0.1,0.02,0.03
2901,31,61831,South,Salaried,0.6817774563384087,1,162632,0.2,0.2,0.1,0.05
2902,43,102018,North,Business,0.4445628726216725,0,124363,-0.05,-0.1,0.02,0.03
2903,45,56861,North,Business,0.23239147751527184,0,164604,-0.05,-0.1,0.02,0.03
2904,36,144176,North,Business,0.3193327994119183,0,54447,-0.05,-0.1,0.02,0.03
2905,39,54849,North,Business,0.4251790807778486,0,208207,-0.05,-0.1,0.02,0.03
2906,68,139971,East,Salaried,0.30930321926219256,0,117891,-0.05,-0.1,0.02,0.03
2907,43,85330,North,Salaried,0.49116462503627767,0,148557,-0.05,-0.1,0.02,0.03
2908,45,118773,East,Business,0.3830213423677279,0,129317,-0.05,-0.1,0.02,0.03
2909,63,55983,East,Business,0.41572920414446546,0,64332,-0.05,-0.1,0.02,0.03
2910,34,70526,East,Business,0.306526624664468,0,113128,-0.05,-0.1,0.02,0.03
2911,42,123390,North,Business,0.1957819256342008,0,166101,-0.05,-0.1,0.02,0.03
2912,34,114372,East,Business,0.37817220858729994,0,66565,-0.05,-0.1,0.02,0.03
2913,37,131823,East,Business,0.32174467453690936,0,59176,-0.05,-0.1,0.02,0.03
2914,30,35516,South,Salaried,0.7832362588310361,0,162045,0.2,0.2,0.1,0.05
2915,21,36896,West,SelfEmp,0.6560094241666022,0,153464,0.35,0.25,0.15,0.2
2916,40,131596,East,Business,0.20167162969743868,0,75594,-0.05,-0.1,0.02,0.03
2917,62,136840,North,Salaried,0.3906800336738091,0,163483,-0.05,-0.1,0.02,0.03
2918,49,133748,East,Salaried,0.283085620599293,0,92044,-0.05,-0.1,0.02,0.03
2919,49,66220,East,Salaried,0.10690439419889604,0,181148,-0.05,-0.1,0.02,0.03
2920,25,48471,West,SelfEmp,0.7560399207514973,1,214673,0.35,0.25,0.15,0.2
2921,52,118273,North,Salaried,0.29996575514674395,0,180683,-0.05,-0.1,0.02,0.03
2922,60,95147,North,Business,0.13072441105596821,0,156210,-0.05,-0.1,0.02,0.03
2923,24,34615,West,SelfEmp,0.6726470005301665,1,199017,0.35,0.25,0.15,0.2
2924,47,126031,North,Salaried,0.38833009123312034,0,222637,-0.05,-0.1,0.02,0.03
2925,60,52594,North,Business,0.4003321454745338,0,208643,-0.05,-0.1,0.02,0.03
2926,53,111797,East,Salaried,0.15895330703893942,0,110051,-0.05,-0.1,0.02,0.03
2927,34,118951,East,Business,0.24976767076091871,0,206640,-0.05,-0.1,0.02,0.03
2928,51,133816,East,Salaried,0.12008638596832277,0,249269,-0.05,-0.1,0.02,0.03
2929,69,105611,East,Business,0.4397075001752725,0,146500,-0.05,-0.1,0.02,0.03
2930,50,138421,East,Business,0.4811171308331652,0,83043,-0.05,-0.1,0.02,0.03
2931,31,79350,North,Business,0.19110416123731533,0,186942,-0.05,-0.1,0.02,0.03
2932,66,127081,East,Business,0.5280863336489431,0,288449,-0.15,-0.25,0.05,0.1
2933,54,124583,East,Salaried,0.3669712024027958,1,133762,-0.05,-0.1,0.02,0.03
2934,36,77802,East,Salaried,0.4851920992261086,0,209749,-0.05,-0.1,0.02,0.03
2935,22,45690,West,SelfEmp,0.8065537477146363,1,149048,0.35,0.25,0.15,0.2
2936,31,108418,East,Business,0.28461158341602066,0,170965,-0.05,-0.1,0.02,0.03
2937,40,91607,North,Business,0.20725869238631037,0,215335,-0.05,-0.1,0.02,0.03
2938,21,38091,West,SelfEmp,0.7643152011479551,1,243612,0.35,0.25,0.15,0.2
2939,43,149961,East,Business,0.45428831216844434,1,113436,-0.05,-0.1,0.02,0.03
2940,46,140348,East,Business,0.13928355561954545,0,208205,-0.05,-0.1,0.02,0.03
2941,30,90067,East,Business,0.14893830046293044,0,184352,-0.05,-0.1,0.02,0.03
2942,36,100226,North,Salaried,0.10080281833558963,0,59533,-0.05,-0.1,0.02,0.03
2943,57,126368,East,Salaried,0.4364904898297186,0,161972,-0.05,-0.1,0.02,0.03
2944,36,30193,South,Salaried,0.5727665889968682,0,136063,0.2,0.2,0.1,0.05
2945,46,99678,North,Salaried,0.10643203456236239,0,221811,-0.05,-0.1,0.02,0.03
2946,39,111068,East,Salaried,0.18261918790755838,0,182706,-0.05,-0.1,0.02,0.03
2947,48,69750,North,Business,0.4279528525037791,1,224846,-0.05,-0.1,0.02,0.03
2948,67,136541,East,Salaried,0.3027521776128812,0,127492,-0.05,-0.1,0.02,0.03
2949,28,30593,West,SelfEmp,0.8524703964264277,0,168960,0.35,0.25,0.15,0.2
2950,33,63403,East,Salaried,0.36271001666398894,0,122706,-0.05,-0.1,0.02,0.03
2951,46,92517,East,Salaried,0.26969489811810937,0,179282,-0.05,-0.1,0.02,0.03
2952,62,61049,East,Salaried,0.1320914250870823,0,140638,-0.05,-0.1,0.02,0.03
2953,38,115896,East,Business,0.14398593125268247,0,77987,-0.05,-0.1,0.02,0.03
2954,56,53514,North,Business,0.49480923279259004,0,199389,-0.05,-0.1,0.02,0.03
2955,47,148833,East,Business,0.3244194941466815,0,246502,-0.05,-0.1,0.02,0.03
2956,46,136973,North,Salaried,0.2733277960931587,0,130729,-0.05,-0.1,0.02,0.03
2957,39,59228,South,Salaried,0.5649179139206242,1,190719,0.2,0.2,0.1,0.05
2958,67,78869,East,Salaried,0.33817997258771865,0,75094,-0.05,-0.1,0.02,0.03
2959,30,130214,North,Business,0.3433964346254468,1,147858,-0.05,-0.1,0.02,0.03
2960,42,63002,South,Salaried,0.579228393043898,0,97383,0.2,0.2,0.1,0.05
2961,30,107399,North,Business,0.24091243228231965,0,241595,-0.05,-0.1,0.02,0.03
2962,45,69300,East,Business,0.1802574731828783,1,224052,-0.05,-0.1,0.02,0.03
2963,54,120270,East,Salaried,0.34716142622657353,0,193166,-0.05,-0.1,0.02,0.03
2964,41,59028,East,Salaried,0.27590740155525745,0,55312,-0.05,-0.1,0.02,0.03
2965,39,78973,North,Business,0.3162839819664788,0,144306,-0.05,-0.1,0.02,0.03
2966,35,146185,North,Business,0.3518279844682147,0,122964,-0.05,-0.1,0.02,0.03
2967,62,119853,North,Business,0.15591078637525718,0,156716,-0.05,-0.1,0.02,0.03
2968,65,134257,North,Business,0.19944564760869588,0,150282,-0.05,-0.1,0.02,0.03
2969,27,47817,West,SelfEmp,0.7355073786511508,1,124284,0.35,0.25,0.15,0.2
2970,45,145131,East,Salaried,0.4020471157221669,0,137081,-0.05,-0.1,0.02,0.03
2971,34,50642,South,Salaried,0.7056208297572594,1,103007,0.2,0.2,0.1,0.05
2972,41,139352,North,Business,0.11546472572869537,0,76866,-0.05,-0.1,0.02,0.03
2973,51,57344,East,Salaried,0.35545015964097026,0,226869,-0.05,-0.1,0.02,0.03
2974,52,98634,East,Business,0.3157698684177501,0,79784,-0.05,-0.1,0.02,0.03
2975,32,54696,East,Business,0.288634826583661,0,208596,-0.05,-0.1,0.02,0.03
2976,64,105258,North,Salaried,0.15645672059029747,0,114948,-0.05,-0.1,0.02,0.03
2977,61,123563,East,Business,0.17147718091452535,0,137154,-0.05,-0.1,0.02,0.03
2978,67,58577,North,Salaried,0.4959692569682914,0,135062,-0.05,-0.1,0.02,0.03
2979,46,128270,East,Business,0.4944287481355417,0,190741,-0.05,-0.1,0.02,0.03
2980,48,71629,North,Business,0.29464683692079696,0,156615,-0.05,-0.1,0.02,0.03
2981,52,139007,East,Business,0.15585535969196493,0,102693,-0.05,-0.1,0.02,0.03
2982,53,79756,North,Salaried,0.31155758661273736,0,119817,-0.05,-0.1,0.02,0.03
2983,39,80036,North,Business,0.4960601361540159,0,174361,-0.05,-0.1,0.02,0.03
2984,38,43052,South,Salaried,0.7045226557912476,1,88915,0.2,0.2,0.1,0.05
2985,36,109722,North,Business,0.23025939460253522,1,221589,-0.05,-0.1,0.02,0.03
2986,39,87375,East,Business,0.25538545704439863,0,53399,-0.05,-0.1,0.02,0.03
2987,51,130372,East,Business,0.5770500213438123,0,342437,-0.15,-0.25,0.05,0.1
2988,30,109790,East,Business,0.1594737569426787,0,180306,-0.05,-0.1,0.02,0.03
2989,45,134661,North,Salaried,0.13545449355723704,0,121889,-0.05,-0.1,0.02,0.03
2990,27,34275,West,SelfEmp,0.6635967415003932,1,135973,0.35,0.25,0.15,0.2
2991,62,67105,North,Salaried,0.3076996950339546,0,82784,-0.05,-0.1,0.02,0.03
2992,61,128701,North,Salaried,0.33755049014608846,0,127355,-0.05,-0.1,0.02,0.03
2993,45,56952,East,Business,0.46091262817624934,0,243540,-0.05,-0.1,0.02,0.03
2994,34,90682,North,Salaried,0.4730468068681335,0,223613,-0.05,-0.1,0.02,0.03
2995,49,102513,North,Salaried,0.4168203161801165,0,229594,-0.05,-0.1,0.02,0.03
2996,50,105134,East,Salaried,0.3572645804653367,0,213696,-0.05,-0.1,0.02,0.03
2997,49,67127,North,Salaried,0.4400336085322545,1,237432,-0.05,-0.1,0.02,0.03
2998,61,107109,North,Business,0.28228534606273137,0,227284,-0.05,-0.1,0.02,0.03
2999,62,121386,North,Salaried,0.26466031872065254,0,230357,-0.05,-0.1,0.02,0.03
3000,42,143481,North,Business,0.408210111723052,0,190967,-0.05,-0.1,0.02,0.03
3001,49,144672,East,Salaried,0.4438238130613862,1,200002,-0.05,-0.1,0.02,0.03
3002,53,85502,East,Salaried,0.42293486828792326,0,64947,-0.05,-0.1,0.02,0.03
3003,33,148696,North,Salaried,0.14355264641246632,0,64987,-0.05,-0.1,0.02,0.03
3004,39,61465,East,Business,0.4875762842030399,0,51785,-0.05,-0.1,0.02,0.03
3005,45,56356,North,Business,0.34605287392534034,0,147222,-0.05,-0.1,0.02,0.03
3006,56,84261,East,Salaried,0.20026481388458683,0,129833,-0.05,-0.1,0.02,0.03
3007,36,57011,South,Salaried,0.5573957111363095,1,163940,0.2,0.2,0.1,0.05
3008,67,124678,North,Salaried,0.38235464729118407,0,62017,-0.05,-0.1,0.02,0.03
3009,29,41086,West,SelfEmp,0.8965658661381931,1,167266,0.35,0.25,0.15,0.2
3010,28,25834,West,SelfEmp,0.8391209622749791,1,218896,0.35,0.25,0.15,0.2
3011,51,118197,East,Salaried,0.48027277472283303,0,117967,-0.05,-0.1,0.02,0.03
3012,35,51737,North,Salaried,0.18021466876317335,0,210152,-0.05,-0.1,0.02,0.03
3013,59,107142,East,Business,0.44959977021515773,0,124332,-0.05,-0.1,0.02,0.03
3014,66,66820,North,Business,0.283111740506256,0,120793,-0.05,-0.1,0.02,0.03
3015,47,64866,East,Salaried,0.30905737325245963,0,78460,-0.05,-0.1,0.02,0.03
3016,31,62128,North,Business,0.38791490498731385,0,212310,-0.05,-0.1,0.02,0.03
3017,36,99240,East,Business,0.43405046533728164,0,72413,-0.05,-0.1,0.02,0.03
3018,24,46355,West,SelfEmp,0.6607702425014812,1,121378,0.35,0.25,0.15,0.2
3019,52,109608,North,Business,0.3600712503844048,0,73763,-0.05,-0.1,0.02,0.03
3020,40,99868,North,Business,0.37227943843223066,0,223808,-0.05,-0.1,0.02,0.03
3021,30,59651,East,Business,0.32734447297430985,0,90834,-0.05,-0.1,0.02,0.03
3022,60,113580,East,Business,0.6882225465186007,0,243740,-0.15,-0.25,0.05,0.1
3023,61,107198,East,Salaried,0.4876466123762955,0,57782,-0.05,-0.1,0.02,0.03
3024,69,120875,North,Business,0.12390664305653849,0,66877,-0.05,-0.1,0.02,0.03
3025,49,98629,East,Business,0.14992706761673708,0,147972,-0.05,-0.1,0.02,0.03
3026,69,121691,East,Salaried,0.16309746915421092,0,140868,-0.05,-0.1,0.02,0.03
3027,37,119890,East,Salaried,0.10619996667612841,0,203525,-0.05,-0.1,0.02,0.03
3028,56,135502,East,Business,0.4729843218586636,1,324115,-0.15,-0.25,0.05,0.1
3029,54,114990,North,Business,0.34354683785169327,1,112456,-0.05,-0.1,0.02,0.03
3030,68,125940,North,Salaried,0.47233481262396426,0,158407,-0.05,-0.1,0.02,0.03
3031,40,149884,East,Salaried,0.264933686253329,0,148777,-0.05,-0.1,0.02,0.03
3032,43,76620,North,Business,0.3717789343266392,0,232307,-0.05,-0.1,0.02,0.03
3033,35,77488,East,Business,0.3674100553784455,0,105120,-0.05,-0.1,0.02,0.03
3034,36,65405,East,Salaried,0.15064844867630922,0,185915,-0.05,-0.1,0.02,0.03
3035,34,101661,East,Salaried,0.1471055969106474,0,122968,-0.05,-0.1,0.02,0.03
3036,38,126730,East,Business,0.35629334372297816,0,135923,-0.05,-0.1,0.02,0.03
3037,57,110663,North,Business,0.10810808226922104,0,87982,-0.05,-0.1,0.02,0.03
3038,50,55156,North,Salaried,0.21426346783315312,0,234212,-0.05,-0.1,0.02,0.03
3039,53,70997,North,Salaried,0.24178464811835465,0,225839,-0.05,-0.1,0.02,0.03
3040,64,83785,North,Salaried,0.4297846236371755,0,144951,-0.05,-0.1,0.02,0.03
3041,49,133872,North,Business,0.459295439280059,0,214500,-0.05,-0.1,0.02,0.03
3042,69,79493,North,Salaried,0.16689351334643016,0,138545,-0.05,-0.1,0.02,0.03
3043,56,79865,East,Business,0.14929853447180472,0,180768,-0.05,-0.1,0.02,0.03
3044,43,68409,East,Business,0.45169961723111396,0,53671,-0.05,-0.1,0.02,0.03
3045,34,133822,East,Salaried,0.2886378689107175,0,235283,-0.05,-0.1,0.02,0.03
3046,46,97042,North,Business,0.37070661649585623,0,126400,-0.05,-0.1,0.02,0.03
3047,65,128160,North,Business,0.24622930483010486,0,79018,-0.05,-0.1,0.02,0.03
3048,42,118237,East,Salaried,0.19354709745495052,0,196424,-0.05,-0.1,0.02,0.03
3049,42,118683,East,Salaried,0.10383307508526225,1,233041,-0.05,-0.1,0.02,0.03
3050,37,129882,East,Business,0.24157107063012148,0,173919,-0.05,-0.1,0.02,0.03
3051,51,66860,East,Business,0.49862456780554276,0,213277,-0.05,-0.1,0.02,0.03
3052,51,121859,East,Salaried,0.35522258331304624,0,67882,-0.05,-0.1,0.02,0.03
3053,32,55106,South,Salaried,0.5655113151054574,1,87228,0.2,0.2,0.1,0.05
3054,34,123803,North,Salaried,0.48299662314838065,1,132757,-0.05,-0.1,0.02,0.03
3055,29,49083,West,SelfEmp,0.7727882935776127,1,120327,0.35,0.25,0.15,0.2
3056,60,57038,North,Business,0.1757094000671502,0,238613,-0.05,-0.1,0.02,0.03
3057,40,63225,North,Business,0.13505432711309395,0,240107,-0.05,-0.1,0.02,0.03
3058,68,51649,North,Salaried,0.37188345171163806,0,222193,-0.05,-0.1,0.02,0.03
3059,39,72066,East,Business,0.25231349383684387,1,244549,-0.05,-0.1,0.02,0.03
3060,42,69637,North,Business,0.48240316980648057,0,170644,-0.05,-0.1,0.02,0.03
3061,36,59843,South,Salaried,0.6027381798131883,1,193435,0.2,0.2,0.1,0.05
3062,61,70810,East,Business,0.1284962860970396,0,112232,-0.05,-0.1,0.02,0.03
3063,48,116024,North,Salaried,0.16662650003376245,0,89214,-0.05,-0.1,0.02,0.03
3064,39,75223,East,Salaried,0.3288550988661414,0,240279,-0.05,-0.1,0.02,0.03
3065,29,29887,West,SelfEmp,0.7665477590822346,0,135684,0.35,0.25,0.15,0.2
3066,30,52972,South,Salaried,0.5954368956722734,1,164675,0.2,0.2,0.1,0.05
3067,68,69693,North,Salaried,0.3295645624133592,0,155985,-0.05,-0.1,0.02,0.03
3068,62,139059,East,Business,0.24732660225045022,1,80932,-0.05,-0.1,0.02,0.03
3069,31,82194,North,Business,0.19828203699387026,0,183931,-0.05,-0.1,0.02,0.03
3070,24,27051,West,SelfEmp,0.8491932151424614,0,186137,0.35,0.25,0.15,0.2
3071,57,113956,East,Salaried,0.11434495938186343,0,69046,-0.05,-0.1,0.02,0.03
3072,45,71910,North,Business,0.3728560691565207,0,139063,-0.05,-0.1,0.02,0.03
3073,53,86593,East,Salaried,0.3895314727291781,0,155182,-0.05,-0.1,0.02,0.03
3074,38,57546,South,Salaried,0.5510901258353798,1,142496,0.2,0.2,0.1,0.05
3075,29,35255,West,SelfEmp,0.7418829869820293,0,236833,0.35,0.25,0.15,0.2
3076,52,80134,North,Salaried,0.39027673956589837,0,78577,-0.05,-0.1,0.02,0.03
3077,69,108900,North,Salaried,0.3220952919623994,1,238960,-0.05,-0.1,0.02,0.03
3078,42,76564,East,Salaried,0.33140471696377816,0,87962,-0.05,-0.1,0.02,0.03
3079,32,75692,North,Business,0.1832186617065077,0,187465,-0.05,-0.1,0.02,0.03
3080,49,62554,East,Salaried,0.29039038746389845,0,133026,-0.05,-0.1,0.02,0.03
3081,66,74118,North,Business,0.28120960544048257,0,161045,-0.05,-0.1,0.02,0.03
3082,43,63987,East,Business,0.3802027982715521,0,88459,-0.05,-0.1,0.02,0.03
3083,27,34091,West,SelfEmp,0.7730919318963325,1,123543,0.35,0.25,0.15,0.2
3084,59,106395,North,Business,0.4974859233038317,1,212666,-0.05,-0.1,0.02,0.03
3085,44,85411,East,Business,0.4737498161530006,0,140121,-0.05,-0.1,0.02,0.03
3086,69,76238,East,Business,0.12355064120616488,0,164183,-0.05,-0.1,0.02,0.03
3087,39,73492,North,Business,0.4568102276119894,0,245623,-0.05,-0.1,0.02,0.03
3088,41,56228,East,Business,0.41759812434771304,0,194867,-0.05,-0.1,0.02,0.03
3089,51,137694,East,Business,0.38654391428438994,1,214903,-0.05,-0.1,0.02,0.03
3090,62,115322,North,Business,0.12260584975522493,0,117505,-0.05,-0.1,0.02,0.03
3091,60,143928,East,Business,0.43017476624199935,0,165138,-0.05,-0.1,0.02,0.03
3092,42,84708,East,Salaried,0.4884422033459018,0,75259,-0.05,-0.1,0.02,0.03
3093,60,69144,East,Salaried,0.11420134748745295,1,247976,-0.05,-0.1,0.02,0.03
3094,58,127735,North,Business,0.15511420827003874,0,202721,-0.05,-0.1,0.02,0.03
3095,47,77003,East,Salaried,0.2671042686498169,0,184940,-0.05,-0.1,0.02,0.03
3096,63,91682,East,Business,0.4654432095524579,0,131690,-0.05,-0.1,0.02,0.03
3097,35,130314,East,Salaried,0.42624636613881106,0,189701,-0.05,-0.1,0.02,0.03
3098,47,86069,North,Business,0.3069372823436852,0,126028,-0.05,-0.1,0.02,0.03
3099,47,118201,East,Salaried,0.27277336934539065,0,143758,-0.05,-0.1,0.02,0.03
3100,36,70264,East,Business,0.45315412265807364,0,200821,-0.05,-0.1,0.02,0.03
3101,43,31316,South,Salaried,0.6261740850215725,1,172700,0.2,0.2,0.1,0.05
3102,53,92635,East,Business,0.3640477777052522,0,203484,-0.05,-0.1,0.02,0.03
3103,67,123118,North,Business,0.1421794555005177,0,130066,-0.05,-0.1,0.02,0.03
3104,67,137189,North,Salaried,0.39657598081770773,0,214557,-0.05,-0.1,0.02,0.03
3105,62,65014,East,Salaried,0.3276292782360295,0,166871,-0.05,-0.1,0.02,0.03
3106,38,37045,South,Salaried,0.5705866239364467,0,188613,0.2,0.2,0.1,0.05
3107,38,86326,East,Salaried,0.23197200833698994,0,199301,-0.05,-0.1,0.02,0.03
3108,21,48950,West,SelfEmp,0.7215219445512423,1,191296,0.35,0.25,0.15,0.2
3109,41,31915,South,Salaried,0.6597608151173633,1,113083,0.2,0.2,0.1,0.05
3110,62,100528,East,Salaried,0.32988368114703015,0,76998,-0.05,-0.1,0.02,0.03
3111,48,54409,East,Business,0.3490313960885195,1,195508,-0.05,-0.1,0.02,0.03
3112,64,79288,North,Business,0.1777283893535629,0,117147,-0.05,-0.1,0.02,0.03
3113,65,147225,East,Business,0.19102481212794636,0,97838,-0.05,-0.1,0.02,0.03
3114,36,134475,North,Business,0.15827723553201467,0,129211,-0.05,-0.1,0.02,0.03
3115,53,129386,North,Business,0.24577449790829597,0,126964,-0.05,-0.1,0.02,0.03
3116,65,93733,East,Business,0.6950102681094835,0,226000,-0.15,-0.25,0.05,0.1
3117,42,64563,South,Salaried,0.5915906810779306,1,108090,0.2,0.2,0.1,0.05
3118,38,76654,North,Salaried,0.13876337387112445,0,206806,-0.05,-0.1,0.02,0.03
3119,37,129158,East,Salaried,0.18051973942403593,0,149291,-0.05,-0.1,0.02,0.03
3120,21,48434,West,SelfEmp,0.7658508868465086,0,179633,0.35,0.25,0.15,0.2
3121,55,50907,East,Salaried,0.38776180537271154,0,80172,-0.05,-0.1,0.02,0.03
3122,54,90542,North,Salaried,0.31941559682847553,0,187023,-0.05,-0.1,0.02,0.03
3123,31,40094,South,Salaried,0.7649557203850403,1,146556,0.2,0.2,0.1,0.05
3124,32,123450,North,Business,0.31821371063304604,0,229370,-0.05,-0.1,0.02,0.03
3125,27,36465,West,SelfEmp,0.6842686106713682,1,198253,0.35,0.25,0.15,0.2
3126,67,76272,North,Business,0.11871086007604532,1,207333,-0.05,-0.1,0.02,0.03
3127,66,123028,East,Business,0.5352064865815566,0,314340,-0.15,-0.25,0.05,0.1
3128,36,104470,North,Business,0.3982271806941404,0,170469,-0.05,-0.1,0.02,0.03
3129,56,110361,North,Salaried,0.3618306056696554,0,200404,-0.05,-0.1,0.02,0.03
3130,63,95382,East,Salaried,0.22984128137837256,0,200651,-0.05,-0.1,0.02,0.03
3131,62,58947,East,Salaried,0.40344619362034406,0,175468,-0.05,-0.1,0.02,0.03
3132,66,65213,East,Salaried,0.19561437725992248,0,59515,-0.05,-0.1,0.02,0.03
3133,33,32424,South,Salaried,0.7144618097303397,1,134626,0.2,0.2,0.1,0.05
3134,46,95594,North,Salaried,0.219179704094201,1,164817,-0.05,-0.1,0.02,0.03
3135,58,92028,East,Business,0.42446773889698575,0,142424,-0.05,-0.1,0.02,0.03
3136,43,124712,North,Business,0.36919292290945926,0,170359,-0.05,-0.1,0.02,0.03
3137,68,55804,East,Business,0.37480953522848215,0,128348,-0.05,-0.1,0.02,0.03
3138,42,95952,North,Business,0.35209552495316176,0,156120,-0.05,-0.1,0.02,0.03
3139,42,86516,East,Salaried,0.22800195430453926,0,111240,-0.05,-0.1,0.02,0.03
3140,21,45067,West,SelfEmp,0.8089347080066833,1,193131,0.35,0.25,0.15,0.2
3141,64,93051,East,Business,0.6492868532669539,0,227774,-0.15,-0.25,0.05,0.1
3142,36,119131,East,Salaried,0.1397888599678006,0,190921,-0.05,-0.1,0.02,0.03
3143,59,107247,East,Salaried,0.21030904572080847,0,127568,-0.05,-0.1,0.02,0.03
3144,57,78015,East,Business,0.14589438450436587,0,152528,-0.05,-0.1,0.02,0.03
3145,63,91709,East,Business,0.36164699367120434,0,106400,-0.05,-0.1,0.02,0.03
3146,53,121571,East,Salaried,0.22289690029982967,0,183242,-0.05,-0.1,0.02,0.03
3147,31,54163,North,Business,0.42181183989000026,0,160224,-0.05,-0.1,0.02,0.03
3148,59,147284,East,Business,0.3835428452817099,1,195168,-0.05,-0.1,0.02,0.03
3149,69,57391,East,Business,0.18812841148497134,0,141353,-0.05,-0.1,0.02,0.03
3150,30,62827,South,Salaried,0.7376235961237742,1,160752,0.2,0.2,0.1,0.05
3151,68,140447,North,Salaried,0.3426990761302123,0,187530,-0.05,-0.1,0.02,0.03
3152,37,122024,East,Business,0.19681599711041864,0,173978,-0.05,-0.1,0.02,0.03
3153,52,97284,North,Salaried,0.45860329404461264,0,65941,-0.05,-0.1,0.02,0.03
3154,34,137719,East,Salaried,0.1740563540168142,0,195682,-0.05,-0.1,0.02,0.03
3155,39,100139,East,Business,0.25218568926171736,1,218274,-0.05,-0.1,0.02,0.03
3156,50,76627,North,Salaried,0.1545560158571434,0,216655,-0.05,-0.1,0.02,0.03
3157,67,148511,East,Business,0.1612339275365633,1,95258,-0.05,-0.1,0.02,0.03
3158,59,129923,North,Business,0.2587405881367456,1,59593,-0.05,-0.1,0.02,0.03
3159,32,61036,East,Salaried,0.22229498960584948,0,108413,-0.05,-0.1,0.02,0.03
3160,61,117852,East,Salaried,0.18132238840117587,0,208276,-0.05,-0.1,0.02,0.03
3161,43,74315,East,Business,0.15212964542404844,0,224492,-0.05,-0.1,0.02,0.03
3162,68,104664,North,Salaried,0.26193287833993406,1,145789,-0.05,-0.1,0.02,0.03
3163,42,37907,South,Salaried,0.6864442883062345,1,188093,0.2,0.2,0.1,0.05
3164,33,127179,East,Salaried,0.49974117194801315,0,163607,-0.05,-0.1,0.02,0.03
3165,59,98352,North,Salaried,0.28404131967050494,0,227952,-0.05,-0.1,0.02,0.03
3166,48,79870,North,Business,0.3303643033474548,0,80158,-0.05,-0.1,0.02,0.03
3167,26,37992,West,SelfEmp,0.7639209166253291,1,141971,0.35,0.25,0.15,0.2
3168,61,134751,East,Business,0.6958988963654018,0,226177,-0.15,-0.25,0.05,0.1
3169,59,89648,East,Business,0.3463342061857729,0,125888,-0.05,-0.1,0.02,0.03
3170,35,136613,East,Salaried,0.12006753739947547,1,131848,-0.05,-0.1,0.02,0.03
3171,59,87525,North,Salaried,0.49766951667269377,0,72625,-0.05,-0.1,0.02,0.03
3172,53,89883,North,Business,0.35753888112461873,0,115524,-0.05,-0.1,0.02,0.03
3173,56,99190,North,Business,0.4030147147188917,0,155190,-0.05,-0.1,0.02,0.03
3174,53,107948,East,Business,0.33742710269961695,0,55723,-0.05,-0.1,0.02,0.03
3175,32,114120,North,Salaried,0.3864891300046468,0,71162,-0.05,-0.1,0.02,0.03
3176,50,101747,East,Salaried,0.17452276726970956,0,105387,-0.05,-0.1,0.02,0.03
3177,25,47235,West,SelfEmp,0.8986573219978884,1,124076,0.35,0.25,0.15,0.2
3178,32,75931,East,Salaried,0.18634316030608497,0,172315,-0.05,-0.1,0.02,0.03
3179,50,129798,East,Business,0.3813852657159996,0,218559,-0.05,-0.1,0.02,0.03
3180,36,54758,North,Salaried,0.31227525642497755,1,167857,-0.05,-0.1,0.02,0.03
3181,66,125121,North,Business,0.28565671922537367,0,119859,-0.05,-0.1,0.02,0.03
3182,51,90831,East,Salaried,0.3773564923525704,0,144138,-0.05,-0.1,0.02,0.03
3183,41,134482,North,Salaried,0.4187248474721017,0,157918,-0.05,-0.1,0.02,0.03
3184,40,36949,South,Salaried,0.7354667150216481,0,132633,0.2,0.2,0.1,0.05
3185,43,68114,East,Business,0.3071152681922278,0,73545,-0.05,-0.1,0.02,0.03
3186,38,118071,North,Business,0.39989854345135767,1,244225,-0.05,-0.1,0.02,0.03
3187,32,67670,North,Salaried,0.4383872578618565,0,100764,-0.05,-0.1,0.02,0.03
3188,58,140894,North,Business,0.34813512217751985,0,130846,-0.05,-0.1,0.02,0.03
3189,36,54031,South,Salaried,0.7607293958652387,1,94465,0.2,0.2,0.1,0.05
3190,40,66640,East,Salaried,0.34448270074327736,1,194802,-0.05,-0.1,0.02,0.03
3191,63,64155,North,Salaried,0.21161695485210408,0,228674,-0.05,-0.1,0.02,0.03
3192,51,53658,East,Salaried,0.4191257290212239,0,221357,-0.05,-0.1,0.02,0.03
3193,58,144434,North,Salaried,0.38974277393193424,0,135312,-0.05,-0.1,0.02,0.03
3194,64,123198,North,Business,0.2857339494441542,0,189628,-0.05,-0.1,0.02,0.03
3195,27,44583,West,SelfEmp,0.7094888678627378,0,249209,0.35,0.25,0.15,0.2
3196,51,109739,North,Salaried,0.11804360251413444,0,176662,-0.05,-0.1,0.02,0.03
3197,60,70661,North,Salaried,0.13662229090838043,0,207716,-0.05,-0.1,0.02,0.03
3198,48,108491,North,Salaried,0.10657442317293087,0,59926,-0.05,-0.1,0.02,0.03
3199,69,145933,East,Salaried,0.3994852388100184,0,118737,-0.05,-0.1,0.02,0.03
3200,58,77048,North,Salaried,0.18753632678031043,0,195597,-0.05,-0.1,0.02,0.03
3201,47,111491,North,Business,0.23333269324611436,1,122053,-0.05,-0.1,0.02,0.03
3202,34,91633,East,Business,0.23154425301227088,0,205091,-0.05,-0.1,0.02,0.03
3203,48,105614,North,Business,0.24569115245848444,0,125440,-0.05,-0.1,0.02,0.03
3204,41,42416,South,Salaried,0.7880684899071718,0,185763,0.2,0.2,0.1,0.05
3205,67,129787,East,Salaried,0.2100307140551692,0,137231,-0.05,-0.1,0.02,0.03
3206,21,46105,West,SelfEmp,0.7329942380403083,0,203844,0.35,0.25,0.15,0.2
3207,55,148704,East,Business,0.6102017034538479,1,333718,-0.15,-0.25,0.05,0.1
3208,66,140179,North,Business,0.13260583801800654,0,57322,-0.05,-0.1,0.02,0.03
3209,68,71780,North,Salaried,0.1398894400264275,0,182777,-0.05,-0.1,0.02,0.03
3210,56,130071,North,Business,0.4956408058157279,0,211857,-0.05,-0.1,0.02,0.03
3211,46,77027,North,Business,0.1459532364315156,0,208456,-0.05,-0.1,0.02,0.03
3212,42,60027,South,Salaried,0.7944999483903226,1,128777,0.2,0.2,0.1,0.05
3213,28,26654,West,SelfEmp,0.8545593217548075,0,225623,0.35,0.25,0.15,0.2
3214,32,141044,East,Business,0.29541424798875693,0,179471,-0.05,-0.1,0.02,0.03
3215,26,31632,West,SelfEmp,0.7558944822508655,1,131612,0.35,0.25,0.15,0.2
3216,61,102015,East,Business,0.6906098640230954,0,161891,-0.15,-0.25,0.05,0.1
3217,43,100294,North,Business,0.3822252761443349,0,242238,-0.05,-0.1,0.02,0.03
3218,29,26091,West,SelfEmp,0.7282270832646592,0,169884,0.35,0.25,0.15,0.2
3219,41,147845,North,Business,0.1160671255802325,0,120030,-0.05,-0.1,0.02,0.03
3220,40,112391,East,Salaried,0.17522285748621239,0,134688,-0.05,-0.1,0.02,0.03
3221,42,110572,North,Business,0.37427065453347763,1,116250,-0.05,-0.1,0.02,0.03
3222,44,114963,North,Business,0.4130939365428111,0,140034,-0.05,-0.1,0.02,0.03
3223,36,102460,East,Salaried,0.3317454469306189,0,132901,-0.05,-0.1,0.02,0.03
3224,69,82919,East,Salaried,0.33964054224783846,0,51511,-0.05,-0.1,0.02,0.03
3225,67,101894,East,Salaried,0.37959256104430183,0,174387,-0.05,-0.1,0.02,0.03
3226,38,92530,East,Business,0.36650452106454834,0,99322,-0.05,-0.1,0.02,0.03
3227,27,39294,West,SelfEmp,0.8074524964265295,1,192681,0.35,0.25,0.15,0.2
3228,43,62209,North,Business,0.140257757724785,0,104345,-0.05,-0.1,0.02,0.03
3229,26,43408,West,SelfEmp,0.7784186980541714,1,158221,0.35,0.25,0.15,0.2
3230,57,131761,North,Business,0.14550468868435065,0,160443,-0.05,-0.1,0.02,0.03
3231,47,144286,North,Salaried,0.14460396174782753,0,203656,-0.05,-0.1,0.02,0.03
3232,33,80158,East,Business,0.19990760514372613,0,232773,-0.05,-0.1,0.02,0.03
3233,40,38933,South,Salaried,0.7235662325156534,1,199770,0.2,0.2,0.1,0.05
3234,36,30818,South,Salaried,0.6269658227583776,0,120694,0.2,0.2,0.1,0.05
3235,67,107198,North,Salaried,0.3379233263119566,0,214529,-0.05,-0.1,0.02,0.03
3236,29,36932,West,SelfEmp,0.7528590593566656,0,206223,0.35,0.25,0.15,0.2
3237,36,84533,East,Business,0.4387090326363493,1,185938,-0.05,-0.1,0.02,0.03
3238,54,138373,North,Business,0.30258503388146907,1,74104,-0.05,-0.1,0.02,0.03
3239,24,26642,West,SelfEmp,0.7952540590620674,1,215369,0.35,0.25,0.15,0.2
3240,44,62268,North,Salaried,0.2938166924089076,0,80496,-0.05,-0.1,0.02,0.03
3241,53,89513,East,Business,0.4403723309732964,0,71310,-0.05,-0.1,0.02,0.03
3242,67,143518,North,Salaried,0.10880644626684743,0,184048,-0.05,-0.1,0.02,0.03
3243,52,91387,North,Salaried,0.3817053147281383,0,73806,-0.05,-0.1,0.02,0.03
3244,67,55521,East,Business,0.3091817820740473,0,192081,-0.05,-0.1,0.02,0.03
3245,33,98296,North,Salaried,0.1888175104268436,1,217174,-0.05,-0.1,0.02,0.03
3246,30,56823,South,Salaried,0.5537768613969262,0,103265,0.2,0.2,0.1,0.05
3247,66,125045,North,Salaried,0.20375199808847225,0,92634,-0.05,-0.1,0.02,0.03
3248,31,128754,North,Salaried,0.4434581868649936,0,218775,-0.05,-0.1,0.02,0.03
3249,36,69750,East,Salaried,0.40213680617365355,0,221977,-0.05,-0.1,0.02,0.03
3250,43,106068,East,Business,0.12566648724443397,0,76250,-0.05,-0.1,0.02,0.03
3251,33,139376,East,Business,0.1775920848424022,1,84482,-0.05,-0.1,0.02,0.03
3252,69,124754,East,Business,0.47894845754373216,0,252090,-0.15,-0.25,0.05,0.1
3253,65,106414,East,Salaried,0.2602620007092127,0,104697,-0.05,-0.1,0.02,0.03
3254,62,134860,East,Business,0.40940110781886485,1,134383,-0.05,-0.1,0.02,0.03
3255,45,125652,North,Business,0.47852677824546297,1,249396,-0.05,-0.1,0.02,0.03
3256,52,91534,North,Salaried,0.38201083822101123,1,188560,-0.05,-0.1,0.02,0.03
3257,46,57938,East,Salaried,0.4664443375478551,0,238894,-0.05,-0.1,0.02,0.03
3258,37,62869,East,Business,0.36241834779552207,0,132299,-0.05,-0.1,0.02,0.03
3259,64,56886,North,Business,0.27832871282867166,0,79018,-0.05,-0.1,0.02,0.03
3260,39,52566,East,Business,0.143145735377697,0,148382,-0.05,-0.1,0.02,0.03
3261,61,123375,North,Business,0.28544172891635466,0,247572,-0.05,-0.1,0.02,0.03
3262,67,52673,East,Business,0.19419775828980734,0,158906,-0.05,-0.1,0.02,0.03
3263,54,69689,East,Salaried,0.21432277043158043,0,184599,-0.05,-0.1,0.02,0.03
3264,45,70243,East,Business,0.27293517767507436,1,239939,-0.05,-0.1,0.02,0.03
3265,63,52700,East,Business,0.4926206951668882,0,196906,-0.05,-0.1,0.02,0.03
3266,69,85930,North,Salaried,0.24396317099746934,0,235076,-0.05,-0.1,0.02,0.03
3267,67,148103,East,Business,0.16113127109035694,0,76012,-0.05,-0.1,0.02,0.03
3268,66,148760,North,Business,0.27811164673489785,1,210617,-0.05,-0.1,0.02,0.03
3269,32,123855,East,Salaried,0.26499287970771057,1,244440,-0.05,-0.1,0.02,0.03
3270,56,83135,East,Salaried,0.2533442076540148,0,167328,-0.05,-0.1,0.02,0.03
3271,62,123830,East,Business,0.15037696654100907,0,225977,-0.05,-0.1,0.02,0.03
3272,40,142814,North,Business,0.22839029346576223,0,146682,-0.05,-0.1,0.02,0.03
3273,44,126572,North,Salaried,0.1933030565815992,0,245285,-0.05,-0.1,0.02,0.03
3274,62,135309,North,Salaried,0.15185460085897057,0,61683,-0.05,-0.1,0.02,0.03
3275,47,85552,East,Business,0.4607952377172625,0,224933,-0.05,-0.1,0.02,0.03
3276,65,132404,East,Business,0.5566729754700652,0,264527,-0.15,-0.25,0.05,0.1
3277,36,93114,North,Business,0.2538335171440873,0,70563,-0.05,-0.1,0.02,0.03
3278,51,57386,East,Salaried,0.3294976970178346,0,216343,-0.05,-0.1,0.02,0.03
3279,52,63138,East,Business,0.4325331934433252,0,64628,-0.05,-0.1,0.02,0.03
3280,60,89266,North,Business,0.28473691693012304,0,202643,-0.05,-0.1,0.02,0.03
3281,33,50125,North,Business,0.271571623606767,0,177083,-0.05,-0.1,0.02,0.03
3282,68,75230,North,Business,0.14874010010336916,0,88334,-0.05,-0.1,0.02,0.03
3283,56,134194,East,Salaried,0.4486388603806244,0,79519,-0.05,-0.1,0.02,0.03
3284,42,129914,North,Business,0.24572984204616066,0,55720,-0.05,-0.1,0.02,0.03
3285,66,55153,North,Salaried,0.2978673128909374,0,68206,-0.05,-0.1,0.02,0.03
3286,31,125043,East,Salaried,0.3905883728721773,0,141310,-0.05,-0.1,0.02,0.03
3287,66,127613,East,Salaried,0.41724575067587677,0,67751,-0.05,-0.1,0.02,0.03
3288,36,65993,East,Business,0.30506786127040086,0,77100,-0.05,-0.1,0.02,0.03
3289,38,90023,North,Business,0.22786778849383593,0,152757,-0.05,-0.1,0.02,0.03
3290,44,103768,North,Salaried,0.11697229489945782,0,200856,-0.05,-0.1,0.02,0.03
3291,54,108236,North,Business,0.15819305983970408,1,185187,-0.05,-0.1,0.02,0.03
3292,65,144226,East,Salaried,0.40709632394108364,0,248491,-0.05,-0.1,0.02,0.03
3293,48,72007,East,Business,0.2799111766262813,1,79236,-0.05,-0.1,0.02,0.03
3294,63,123098,East,Business,0.1646829384541425,0,61975,-0.05,-0.1,0.02,0.03
3295,44,73926,North,Business,0.3928479201642521,0,203519,-0.05,-0.1,0.02,0.03
3296,44,132990,North,Salaried,0.39011430785397894,0,91104,-0.05,-0.1,0.02,0.03
3297,39,57288,North,Business,0.4049678486582894,0,127702,-0.05,-0.1,0.02,0.03
3298,36,110712,East,Business,0.4323612013846313,1,174908,-0.05,-0.1,0.02,0.03
3299,43,106628,East,Salaried,0.3915534830688747,1,204925,-0.05,-0.1,0.02,0.03
3300,53,119764,East,Business,0.4942664092098028,1,123247,-0.05,-0.1,0.02,0.03
3301,39,99645,East,Salaried,0.11051777626735469,0,242336,-0.05,-0.1,0.02,0.03
3302,50,67822,North,Salaried,0.29785354520796714,0,131096,-0.05,-0.1,0.02,0.03
3303,59,73184,North,Business,0.30395106190416266,0,113872,-0.05,-0.1,0.02,0.03
3304,59,101998,North,Salaried,0.23942700267229156,0,82894,-0.05,-0.1,0.02,0.03
3305,64,126087,East,Business,0.4598944057544002,0,173553,-0.15,-0.25,0.05,0.1
3306,54,129258,East,Business,0.6747650603009218,1,328512,-0.15,-0.25,0.05,0.1
3307,62,93953,East,Salaried,0.39479183828846065,1,243309,-0.05,-0.1,0.02,0.03
3308,31,37670,South,Salaried,0.6232795258092372,0,109681,0.2,0.2,0.1,0.05
3309,37,60587,South,Salaried,0.6179374466801315,1,185771,0.2,0.2,0.1,0.05
3310,66,80682,East,Salaried,0.39702804429698246,0,224335,-0.05,-0.1,0.02,0.03
3311,37,109432,North,Salaried,0.21465474113930427,0,172359,-0.05,-0.1,0.02,0.03
3312,44,60038,East,Business,0.3996754076141932,0,159429,-0.05,-0.1,0.02,0.03
3313,46,68898,East,Business,0.4611360513810635,1,155094,-0.05,-0.1,0.02,0.03
3314,53,110112,East,Business,0.4143486502372422,0,207889,-0.05,-0.1,0.02,0.03
3315,36,110345,East,Salaried,0.19713181767733629,0,140914,-0.05,-0.1,0.02,0.03
3316,46,125335,North,Salaried,0.30301533003683023,0,64559,-0.05,-0.1,0.02,0.03
3317,43,30202,South,Salaried,0.5734661649316268,1,155073,0.2,0.2,0.1,0.05
3318,51,115544,East,Salaried,0.3725462302322239,1,199073,-0.05,-0.1,0.02,0.03
3319,41,47460,South,Salaried,0.743189109664017,0,148498,0.2,0.2,0.1,0.05
3320,26,45454,West,SelfEmp,0.7422574390956495,1,144919,0.35,0.25,0.15,0.2
3321,62,147806,North,Salaried,0.15518925325627736,0,205846,-0.05,-0.1,0.02,0.03
3322,34,140585,North,Salaried,0.2397538766679308,1,169879,-0.05,-0.1,0.02,0.03
3323,37,34379,South,Salaried,0.608792559781153,1,140614,0.2,0.2,0.1,0.05
3324,57,71370,East,Salaried,0.4231340546109049,0,228050,-0.05,-0.1,0.02,0.03
3325,66,108238,East,Salaried,0.1315613090338329,0,215211,-0.05,-0.1,0.02,0.03
3326,28,29274,West,SelfEmp,0.8043061465228492,1,179113,0.35,0.25,0.15,0.2
3327,50,85276,North,Business,0.23925100983784084,0,195024,-0.05,-0.1,0.02,0.03
3328,57,68787,North,Salaried,0.3175718250116093,0,152305,-0.05,-0.1,0.02,0.03
3329,29,42538,West,SelfEmp,0.8180602983491381,0,141491,0.35,0.25,0.15,0.2
3330,63,113475,North,Salaried,0.15412042889360805,0,58911,-0.05,-0.1,0.02,0.03
3331,54,119305,East,Salaried,0.22591352632512424,0,96809,-0.05,-0.1,0.02,0.03
3332,58,56557,North,Salaried,0.16622127190987757,0,176201,-0.05,-0.1,0.02,0.03
3333,67,146320,East,Business,0.24136582580011368,0,192184,-0.05,-0.1,0.02,0.03
3334,35,31376,South,Salaried,0.7998248689908747,0,87430,0.2,0.2,0.1,0.05
3335,26,26716,West,SelfEmp,0.6524181347117298,1,148604,0.35,0.25,0.15,0.2
3336,51,113726,East,Salaried,0.24462219834810464,0,164919,-0.05,-0.1,0.02,0.03
3337,42,70810,North,Salaried,0.32075197684745566,0,109423,-0.05,-0.1,0.02,0.03
3338,22,41446,West,SelfEmp,0.6625267574849921,1,188858,0.35,0.25,0.15,0.2
3339,27,37466,West,SelfEmp,0.7567989006993674,1,180811,0.35,0.25,0.15,0.2
3340,32,103626,North,Business,0.25007807670715154,0,243654,-0.05,-0.1,0.02,0.03
3341,41,73462,East,Salaried,0.3387805585047263,0,198028,-0.05,-0.1,0.02,0.03
3342,69,94555,North,Business,0.12771705978665687,0,240574,-0.05,-0.1,0.02,0.03
3343,63,80246,East,Business,0.17430362248248404,0,59185,-0.05,-0.1,0.02,0.03
3344,31,58022,South,Salaried,0.5706868759724679,0,160196,0.2,0.2,0.1,0.05
3345,53,94736,East,Business,0.4867303761575291,0,295939,-0.15,-0.25,0.05,0.1
3346,59,133601,East,Business,0.504426709675505,0,312135,-0.15,-0.25,0.05,0.1
3347,23,35149,West,SelfEmp,0.70971300884205,0,223501,0.35,0.25,0.15,0.2
3348,53,92255,East,Business,0.32879677812268326,0,179611,-0.05,-0.1,0.02,0.03
3349,48,74045,North,Business,0.3151326844689656,0,98671,-0.05,-0.1,0.02,0.03
3350,66,117777,North,Business,0.28730236352825744,0,158459,-0.05,-0.1,0.02,0.03
3351,61,143679,North,Salaried,0.36914718418229986,1,162451,-0.05,-0.1,0.02,0.03
3352,32,51207,North,Salaried,0.32777680760849737,1,186501,-0.05,-0.1,0.02,0.03
3353,46,88660,East,Business,0.21553111201243116,0,243171,-0.05,-0.1,0.02,0.03
3354,35,139399,East,Salaried,0.30500905569225717,0,182970,-0.05,-0.1,0.02,0.03
3355,65,108420,East,Business,0.5957529978360259,0,202872,-0.15,-0.25,0.05,0.1
3356,56,114843,North,Salaried,0.33552995729931734,0,228045,-0.05,-0.1,0.02,0.03
3357,56,124423,East,Business,0.22209161785993425,0,121713,-0.05,-0.1,0.02,0.03
3358,48,110445,North,Salaried,0.14487942578822566,0,199479,-0.05,-0.1,0.02,0.03
3359,40,56639,North,Salaried,0.37647085783096923,0,169147,-0.05,-0.1,0.02,0.03
3360,52,94183,North,Salaried,0.3826265360994908,0,162239,-0.05,-0.1,0.02,0.03
3361,58,73382,East,Salaried,0.2957866627010615,1,72791,-0.05,-0.1,0.02,0.03
3362,51,66637,East,Business,0.4471644526957045,0,193477,-0.05,-0.1,0.02,0.03
3363,44,39973,South,Salaried,0.5616916420632084,1,103091,0.2,0.2,0.1,0.05
3364,62,66550,East,Salaried,0.29364701240065993,1,100581,-0.05,-0.1,0.02,0.03
3365,64,124398,East,Salaried,0.4926749737967948,1,138560,-0.05,-0.1,0.02,0.03
3366,29,29446,West,SelfEmp,0.82960156942459,1,182987,0.35,0.25,0.15,0.2
3367,28,42206,West,SelfEmp,0.8001394140151573,1,183829,0.35,0.25,0.15,0.2
3368,57,62965,North,Business,0.27073656374759125,0,193894,-0.05,-0.1,0.02,0.03
3369,43,57135,North,Business,0.3047349456591073,0,166190,-0.05,-0.1,0.02,0.03
3370,65,53062,North,Salaried,0.2998528030998969,0,118089,-0.05,-0.1,0.02,0.03
3371,50,121493,East,Salaried,0.44562124988153895,0,136889,-0.05,-0.1,0.02,0.03
3372,43,55579,South,Salaried,0.7493521815138424,0,198296,0.2,0.2,0.1,0.05
3373,51,78534,North,Business,0.2998762411544481,0,83435,-0.05,-0.1,0.02,0.03
3374,38,69638,North,Salaried,0.25942535511761056,0,186475,-0.05,-0.1,0.02,0.03
3375,37,127895,East,Business,0.4594625535017782,0,242792,-0.05,-0.1,0.02,0.03
3376,42,44531,South,Salaried,0.6395828235115295,1,157229,0.2,0.2,0.1,0.05
3377,46,81051,East,Business,0.24743235602616853,0,122372,-0.05,-0.1,0.02,0.03
3378,44,137754,East,Business,0.27418395391565925,0,123654,-0.05,-0.1,0.02,0.03
3379,34,32214,South,Salaried,0.7817351557800272,1,115228,0.2,0.2,0.1,0.05
3380,44,57841,South,Salaried,0.6104094870193445,0,120522,0.2,0.2,0.1,0.05
3381,64,115480,East,Business,0.21013794005537767,0,189280,-0.05,-0.1,0.02,0.03
3382,66,113183,East,Business,0.4216858697650951,1,328854,-0.15,-0.25,0.05,0.1
3383,62,72713,East,Salaried,0.3099192054879721,0,122246,-0.05,-0.1,0.02,0.03
3384,64,91284,North,Salaried,0.44491701182168464,0,205535,-0.05,-0.1,0.02,0.03
3385,21,36325,West,SelfEmp,0.7767482425963961,1,224564,0.35,0.25,0.15,0.2
3386,38,103749,North,Salaried,0.11192428914153046,1,130535,-0.05,-0.1,0.02,0.03
3387,60,134644,East,Business,0.2266008559641163,0,194245,-0.05,-0.1,0.02,0.03
3388,35,100423,North,Business,0.10041172622614668,0,148136,-0.05,-0.1,0.02,0.03
3389,67,93315,East,Salaried,0.4746277699613358,0,87315,-0.05,-0.1,0.02,0.03
3390,67,80530,North,Business,0.31751607597194886,1,218996,-0.05,-0.1,0.02,0.03
3391,37,143434,North,Salaried,0.25965572345130805,0,205062,-0.05,-0.1,0.02,0.03
3392,47,121980,North,Salaried,0.44361534781851986,0,168684,-0.05,-0.1,0.02,0.03
3393,48,73196,East,Salaried,0.25694238419262394,0,176518,-0.05,-0.1,0.02,0.03
3394,40,46722,South,Salaried,0.5857881557122565,1,120452,0.2,0.2,0.1,0.05
3395,41,91129,East,Business,0.3400901643441985,0,211165,-0.05,-0.1,0.02,0.03
3396,37,78337,North,Salaried,0.1338776846346789,0,109529,-0.05,-0.1,0.02,0.03
3397,58,56511,East,Salaried,0.2042517191499866,0,99217,-0.05,-0.1,0.02,0.03
3398,67,62785,North,Salaried,0.3856051204993072,0,232241,-0.05,-0.1,0.02,0.03
3399,54,86277,East,Salaried,0.311889978723467,1,124090,-0.05,-0.1,0.02,0.03
3400,64,66908,North,Business,0.11726700571248926,0,119400,-0.05,-0.1,0.02,0.03
3401,68,122807,North,Business,0.46696277043709944,0,230853,-0.05,-0.1,0.02,0.03
3402,36,103283,North,Business,0.27280183552366155,0,126668,-0.05,-0.1,0.02,0.03
3403,52,112247,East,Business,0.43073263486979607,1,303594,-0.15,-0.25,0.05,0.1
3404,30,53425,South,Salaried,0.6770772166890071,1,116833,0.2,0.2,0.1,0.05
3405,30,75176,East,Salaried,0.39337659752426324,0,139767,-0.05,-0.1,0.02,0.03
3406,33,88392,East,Salaried,0.4282640157644997,1,206374,-0.05,-0.1,0.02,0.03
3407,47,99130,East,Business,0.1988822814842598,0,186528,-0.05,-0.1,0.02,0.03
3408,35,39775,South,Salaried,0.5729911418293785,0,121842,0.2,0.2,0.1,0.05
3409,32,145608,East,Salaried,0.16522634694402544,0,52539,-0.05,-0.1,0.02,0.03
3410,36,30082,South,Salaried,0.7255934350265103,1,92281,0.2,0.2,0.1,0.05
3411,30,40891,South,Salaried,0.6778659810818795,0,113290,0.2,0.2,0.1,0.05
3412,42,54837,East,Salaried,0.3757956625307829,1,90916,-0.05,-0.1,0.02,0.03
3413,64,143766,North,Business,0.3495450166469317,0,98754,-0.05,-0.1,0.02,0.03
3414,32,55094,East,Salaried,0.16745444465665088,0,86131,-0.05,-0.1,0.02,0.03
3415,24,48115,West,SelfEmp,0.6886348495072874,1,179417,0.35,0.25,0.15,0.2
3416,63,54223,North,Salaried,0.39128888376300675,1,94023,-0.05,-0.1,0.02,0.03
3417,53,54236,East,Salaried,0.13580627991795421,0,211172,-0.05,-0.1,0.02,0.03
3418,29,36994,West,SelfEmp,0.7808913444044441,1,179347,0.35,0.25,0.15,0.2
3419,33,148348,North,Salaried,0.36531225474312734,0,246058,-0.05,-0.1,0.02,0.03
3420,35,50234,North,Business,0.402838433475328,0,137009,-0.05,-0.1,0.02,0.03
3421,23,32740,West,SelfEmp,0.7354964513219963,0,215079,0.35,0.25,0.15,0.2
3422,35,99185,North,Salaried,0.4790789554347248,0,124189,-0.05,-0.1,0.02,0.03
3423,60,117410,East,Business,0.29962271794405515,0,111353,-0.05,-0.1,0.02,0.03
3424,57,111653,East,Business,0.4337493873441656,1,315672,-0.15,-0.25,0.05,0.1
3425,38,34993,South,Salaried,0.7280087846883211,1,111247,0.2,0.2,0.1,0.05
3426,43,79495,North,Salaried,0.49979308160954095,0,61263,-0.05,-0.1,0.02,0.03
3427,22,26384,West,SelfEmp,0.7284244095174757,1,161128,0.35,0.25,0.15,0.2
3428,36,125462,East,Business,0.3289892911754836,0,53667,-0.05,-0.1,0.02,0.03
3429,55,132462,North,Salaried,0.48926658306384607,0,230734,-0.05,-0.1,0.02,0.03
3430,45,86241,North,Business,0.1463230041262334,1,88639,-0.05,-0.1,0.02,0.03
3431,45,124944,East,Salaried,0.324537779152351,0,73071,-0.05,-0.1,0.02,0.03
3432,28,48812,West,SelfEmp,0.8230852359781531,1,125213,0.35,0.25,0.15,0.2
3433,58,113948,North,Salaried,0.378612317441689,0,102340,-0.05,-0.1,0.02,0.03
3434,35,116382,North,Business,0.18026956084040116,0,232748,-0.05,-0.1,0.02,0.03
3435,33,73051,East,Business,0.3911165954771587,0,208725,-0.05,-0.1,0.02,0.03
3436,23,43873,West,SelfEmp,0.7993031735464984,0,217292,0.35,0.25,0.15,0.2
3437,26,42058,West,SelfEmp,0.8089742792926528,1,136616,0.35,0.25,0.15,0.2
3438,31,50797,East,Salaried,0.4731824168568314,0,62669,-0.05,-0.1,0.02,0.03
3439,59,78787,North,Business,0.23239042777498853,0,218711,-0.05,-0.1,0.02,0.03
3440,49,74744,North,Business,0.48522564510520816,0,205299,-0.05,-0.1,0.02,0.03
3441,64,135530,East,Business,0.5847937523231335,1,219560,-0.15,-0.25,0.05,0.1
3442,60,117656,East,Salaried,0.22413200285382523,0,136328,-0.05,-0.1,0.02,0.03
3443,33,79684,North,Salaried,0.3394337037851931,0,119447,-0.05,-0.1,0.02,0.03
3444,35,50977,South,Salaried,0.7220092833882823,0,185967,0.2,0.2,0.1,0.05
3445,44,72761,North,Salaried,0.4535970200289635,0,226519,-0.05,-0.1,0.02,0.03
3446,48,146444,East,Salaried,0.49192039805293775,0,241706,-0.05,-0.1,0.02,0.03
3447,69,138421,East,Salaried,0.36989669097523536,0,183332,-0.05,-0.1,0.02,0.03
3448,31,100060,East,Salaried,0.2825198567162224,0,60518,-0.05,-0.1,0.02,0.03
3449,58,131438,East,Business,0.25374787029373846,0,227793,-0.05,-0.1,0.02,0.03
3450,28,34642,West,SelfEmp,0.7861285111523035,1,249412,0.35,0.25,0.15,0.2
3451,57,73583,East,Salaried,0.17749151447863573,0,205384,-0.05,-0.1,0.02,0.03
3452,66,61718,North,Business,0.35682285869496266,0,239894,-0.05,-0.1,0.02,0.03
3453,62,66410,East,Salaried,0.31146937725350654,0,139547,-0.05,-0.1,0.02,0.03
3454,37,32018,South,Salaried,0.7372871309202323,1,167995,0.2,0.2,0.1,0.05
3455,52,110938,North,Salaried,0.11893936189862774,0,246102,-0.05,-0.1,0.02,0.03
3456,56,108559,East,Salaried,0.3330469005849013,0,55492,-0.05,-0.1,0.02,0.03
3457,66,118802,East,Business,0.42691770463546197,0,225127,-0.05,-0.1,0.02,0.03
3458,68,100056,East,Business,0.6970978283580596,1,210126,-0.15,-0.25,0.05,0.1
3459,39,58894,East,Salaried,0.22295138840170947,0,191587,-0.05,-0.1,0.02,0.03
3460,33,103550,East,Salaried,0.16075456080694492,0,188054,-0.05,-0.1,0.02,0.03
3461,61,65316,North,Salaried,0.3102991656381043,0,170357,-0.05,-0.1,0.02,0.03
3462,29,36864,West,SelfEmp,0.7262152976945214,1,227379,0.35,0.25,0.15,0.2
3463,66,74188,East,Salaried,0.30417087845088775,0,215375,-0.05,-0.1,0.02,0.03
3464,35,106200,North,Salaried,0.3512071223996215,0,240586,-0.05,-0.1,0.02,0.03
3465,34,115533,North,Business,0.4064926648814867,0,113564,-0.05,-0.1,0.02,0.03
3466,39,114975,North,Salaried,0.14366788070171554,0,73074,-0.05,-0.1,0.02,0.03
3467,25,37665,West,SelfEmp,0.809974109020813,1,243516,0.35,0.25,0.15,0.2
3468,56,75236,East,Business,0.4338382954513269,0,102822,-0.05,-0.1,0.02,0.03
3469,31,133795,East,Salaried,0.36706257509193463,1,247114,-0.05,-0.1,0.02,0.03
3470,41,137533,North,Salaried,0.43747696137522674,0,90680,-0.05,-0.1,0.02,0.03
3471,59,89970,North,Salaried,0.24750008580224814,0,191798,-0.05,-0.1,0.02,0.03
3472,47,94782,North,Business,0.47965286116666583,0,63583,-0.05,-0.1,0.02,0.03
3473,60,94874,East,Salaried,0.26645592600339496,0,164795,-0.05,-0.1,0.02,0.03
3474,42,71882,East,Business,0.4036476382337041,0,210542,-0.05,-0.1,0.02,0.03
3475,68,95566,East,Business,0.6003645815504086,0,303344,-0.15,-0.25,0.05,0.1
3476,32,85162,East,Salaried,0.3255276500270562,0,158343,-0.05,-0.1,0.02,0.03
3477,67,106936,North,Salaried,0.4493365230418399,0,178344,-0.05,-0.1,0.02,0.03
3478,43,52353,South,Salaried,0.5510299543481675,0,191347,0.2,0.2,0.1,0.05
3479,21,38613,West,SelfEmp,0.7082245586998083,1,226568,0.35,0.25,0.15,0.2
3480,56,132403,East,Business,0.20092285630345522,1,83546,-0.05,-0.1,0.02,0.03
3481,40,53270,South,Salaried,0.7843601322468609,1,145117,0.2,0.2,0.1,0.05
3482,23,43693,West,SelfEmp,0.8182851992849031,1,204153,0.35,0.25,0.15,0.2
3483,47,129510,East,Salaried,0.3326762338990721,0,75040,-0.05,-0.1,0.02,0.03
3484,35,117745,East,Business,0.24395940391756904,0,104040,-0.05,-0.1,0.02,0.03
3485,68,114237,North,Business,0.4387866166830533,0,190290,-0.05,-0.1,0.02,0.03
3486,51,134483,East,Business,0.4448025889074353,0,124655,-0.05,-0.1,0.02,0.03
3487,41,31042,South,Salaried,0.7057677583506299,0,138153,0.2,0.2,0.1,0.05
3488,64,103127,East,Business,0.6350822346399698,0,315587,-0.15,-0.25,0.05,0.1
3489,45,115000,East,Business,0.26681408980526833,0,172349,-0.05,-0.1,0.02,0.03
3490,33,54069,East,Salaried,0.18331423442569347,0,233357,-0.05,-0.1,0.02,0.03
3491,68,133985,East,Business,0.42336091991902447,0,57913,-0.05,-0.1,0.02,0.03
3492,56,111061,East,Salaried,0.3534114868701058,0,155649,-0.05,-0.1,0.02,0.03
3493,29,35980,West,SelfEmp,0.7520966650044252,1,203813,0.35,0.25,0.15,0.2
3494,49,69459,East,Salaried,0.16633199041579752,0,110140,-0.05,-0.1,0.02,0.03
3495,37,101050,East,Business,0.1855152507920811,0,81293,-0.05,-0.1,0.02,0.03
3496,40,56769,South,Salaried,0.7804739506441607,0,94787,0.2,0.2,0.1,0.05
3497,22,38303,West,SelfEmp,0.8797478460241538,0,126068,0.35,0.25,0.15,0.2
3498,41,42740,South,Salaried,0.6465169833629315,1,125048,0.2,0.2,0.1,0.05
3499,47,140972,North,Salaried,0.4613821744312886,0,101194,-0.05,-0.1,0.02,0.03
3500,55,108045,North,Salaried,0.10815085883209266,0,55664,-0.05,-0.1,0.02,0.03
3501,53,134353,East,Business,0.5996537748127493,0,244754,-0.15,-0.25,0.05,0.1
3502,39,78359,North,Salaried,0.13514247373060584,0,195205,-0.05,-0.1,0.02,0.03
3503,43,148891,East,Salaried,0.4708516477730016,0,152657,-0.05,-0.1,0.02,0.03
3504,29,33757,West,SelfEmp,0.6828225985261533,1,219664,0.35,0.25,0.15,0.2
3505,49,72027,North,Business,0.11624292578095728,1,135263,-0.05,-0.1,0.02,0.03
3506,52,69481,North,Business,0.20183092728557042,0,249944,-0.05,-0.1,0.02,0.03
3507,45,117967,North,Business,0.1647235837908797,0,67522,-0.05,-0.1,0.02,0.03
3508,40,145949,North,Salaried,0.4062352950574727,0,161738,-0.05,-0.1,0.02,0.03
3509,54,70935,East,Business,0.29841392376250575,0,217796,-0.05,-0.1,0.02,0.03
3510,65,118861,East,Business,0.14244194228616305,0,202270,-0.05,-0.1,0.02,0.03
3511,66,72474,East,Salaried,0.31144312907677163,0,126711,-0.05,-0.1,0.02,0.03
3512,55,50761,North,Salaried,0.11371405423728152,1,143789,-0.05,-0.1,0.02,0.03
3513,36,78433,East,Business,0.19914511862212148,0,109891,-0.05,-0.1,0.02,0.03
3514,49,89992,East,Business,0.15318090830638678,0,119214,-0.05,-0.1,0.02,0.03
3515,39,101090,North,Business,0.3299819542211425,0,246328,-0.05,-0.1,0.02,0.03
3516,61,50339,East,Salaried,0.12244459140789608,0,103570,-0.05,-0.1,0.02,0.03
3517,60,148856,East,Business,0.36911628378641204,0,86979,-0.05,-0.1,0.02,0.03
3518,43,50860,North,Business,0.2607984549514226,0,66186,-0.05,-0.1,0.02,0.03
3519,39,71016,North,Salaried,0.4441468938687727,0,146161,-0.05,-0.1,0.02,0.03
3520,54,102996,East,Salaried,0.37385533274524274,1,201566,-0.05,-0.1,0.02,0.03
3521,33,80541,East,Salaried,0.2262395341142298,1,92120,-0.05,-0.1,0.02,0.03
3522,44,113394,East,Business,0.20092221244023645,0,223413,-0.05,-0.1,0.02,0.03
3523,66,93781,East,Business,0.4620568598583068,0,122848,-0.05,-0.1,0.02,0.03
3524,38,114908,East,Salaried,0.20277940463233907,0,59534,-0.05,-0.1,0.02,0.03
3525,39,118440,East,Business,0.41934006926242573,1,65783,-0.05,-0.1,0.02,0.03
3526,64,63771,North,Salaried,0.4260967764278244,0,168090,-0.05,-0.1,0.02,0.03
3527,56,77020,North,Business,0.488517964789175,0,179100,-0.05,-0.1,0.02,0.03
3528,42,120298,East,Salaried,0.4515820445168094,0,66471,-0.05,-0.1,0.02,0.03
3529,55,149486,East,Business,0.41902059698194194,0,335397,-0.15,-0.25,0.05,0.1
3530,58,119368,East,Business,0.38812808531441334,0,126604,-0.05,-0.1,0.02,0.03
3531,38,118882,North,Salaried,0.17607461076407713,0,60535,-0.05,-0.1,0.02,0.03
3532,54,120022,East,Business,0.6639840228619385,0,270127,-0.15,-0.25,0.05,0.1
3533,57,118719,North,Business,0.3375923012828579,0,121135,-0.05,-0.1,0.02,0.03
3534,39,35161,South,Salaried,0.611222132369245,1,129223,0.2,0.2,0.1,0.05
3535,33,121774,North,Salaried,0.30921653384594894,0,118460,-0.05,-0.1,0.02,0.03
3536,33,139827,East,Salaried,0.47893540483231056,0,238387,-0.05,-0.1,0.02,0.03
3537,33,128501,East,Salaried,0.21489769407127823,0,248822,-0.05,-0.1,0.02,0.03
3538,31,112404,East,Business,0.4027466807831276,1,243135,-0.05,-0.1,0.02,0.03
3539,60,54834,East,Salaried,0.2708813355912171,0,189084,-0.05,-0.1,0.02,0.03
3540,34,59849,North,Business,0.39750506970115607,0,95052,-0.05,-0.1,0.02,0.03
3541,65,95289,East,Business,0.4989429394658843,0,100281,-0.05,-0.1,0.02,0.03
3542,52,99749,East,Business,0.6617279628971255,1,238860,-0.15,-0.25,0.05,0.1
3543,42,132374,East,Business,0.28874983470851645,0,206371,-0.05,-0.1,0.02,0.03
3544,35,90776,East,Salaried,0.21660389977823266,0,176677,-0.05,-0.1,0.02,0.03
3545,53,51223,North,Salaried,0.35761570901056405,1,88829,-0.05,-0.1,0.02,0.03
3546,59,110336,East,Business,0.6449240272388492,0,319964,-0.15,-0.25,0.05,0.1
3547,30,144564,East,Business,0.16485277811006807,0,125520,-0.05,-0.1,0.02,0.03
3548,24,36704,West,SelfEmp,0.723714078175059,0,138009,0.35,0.25,0.15,0.2
3549,32,79825,East,Salaried,0.4725518877083814,0,183098,-0.05,-0.1,0.02,0.03
3550,32,98886,North,Business,0.12011314814179141,0,178089,-0.05,-0.1,0.02,0.03
3551,37,115200,East,Salaried,0.14881260607143393,0,242585,-0.05,-0.1,0.02,0.03
3552,22,43477,West,SelfEmp,0.7863979423211759,0,165176,0.35,0.25,0.15,0.2
3553,64,50705,North,Business,0.4611194075732582,0,94420,-0.05,-0.1,0.02,0.03
3554,44,105130,East,Salaried,0.4129463180604639,1,212584,-0.05,-0.1,0.02,0.03
3555,60,119498,North,Business,0.2497362461400523,0,80545,-0.05,-0.1,0.02,0.03
3556,53,91100,North,Business,0.29393847479699586,0,201392,-0.05,-0.1,0.02,0.03
3557,35,59168,East,Business,0.10110039822156841,0,143059,-0.05,-0.1,0.02,0.03
3558,64,69951,East,Business,0.10618430988184402,0,59109,-0.05,-0.1,0.02,0.03
3559,44,98585,East,Business,0.48667904671772855,0,96408,-0.05,-0.1,0.02,0.03
3560,61,141920,East,Salaried,0.34341524836532633,0,131377,-0.05,-0.1,0.02,0.03
3561,59,113294,East,Business,0.4966526516020604,0,311313,-0.15,-0.25,0.05,0.1
3562,41,80382,North,Salaried,0.36176660954080486,0,139452,-0.05,-0.1,0.02,0.03
3563,41,142584,North,Business,0.3130530976115128,0,187006,-0.05,-0.1,0.02,0.03
3564,64,78620,East,Salaried,0.49918651992311347,0,244886,-0.05,-0.1,0.02,0.03
3565,62,87275,East,Business,0.2112444989697426,0,96803,-0.05,-0.1,0.02,0.03
3566,63,127069,East,Salaried,0.2896879788655604,1,67490,-0.05,-0.1,0.02,0.03
3567,56,136704,North,Salaried,0.32534521902439356,0,91684,-0.05,-0.1,0.02,0.03
3568,32,54570,South,Salaried,0.734839401268014,1,137522,0.2,0.2,0.1,0.05
3569,41,125432,East,Business,0.272060301189503,0,63376,-0.05,-0.1,0.02,0.03
3570,61,112996,East,Salaried,0.4562561270124875,0,67365,-0.05,-0.1,0.02,0.03
3571,59,83503,East,Business,0.11016369535183129,0,188606,-0.05,-0.1,0.02,0.03
3572,67,138154,North,Salaried,0.3196512723877341,1,179788,-0.05,-0.1,0.02,0.03
3573,45,110662,East,Salaried,0.4742262240808879,0,163094,-0.05,-0.1,0.02,0.03
3574,56,137597,North,Salaried,0.303017639329316,0,239638,-0.05,-0.1,0.02,0.03
3575,61,82007,North,Salaried,0.27489145266446,1,161972,-0.05,-0.1,0.02,0.03
3576,61,91453,East,Salaried,0.22892873290810917,1,196081,-0.05,-0.1,0.02,0.03
3577,62,82910,East,Business,0.3667689033863494,1,166612,-0.05,-0.1,0.02,0.03
3578,64,90664,East,Business,0.14203423806897716,0,109312,-0.05,-0.1,0.02,0.03
3579,27,40876,West,SelfEmp,0.8899135489302435,1,213302,0.35,0.25,0.15,0.2
3580,32,117333,North,Business,0.20871150968332053,1,170759,-0.05,-0.1,0.02,0.03
3581,66,115280,East,Business,0.6440871469414724,0,286025,-0.15,-0.25,0.05,0.1
3582,41,72016,North,Salaried,0.2588272908823216,0,229348,-0.05,-0.1,0.02,0.03
3583,39,50096,South,Salaried,0.7816034696459244,1,150953,0.2,0.2,0.1,0.05
3584,41,112270,East,Salaried,0.37684215912556696,0,88441,-0.05,-0.1,0.02,0.03
3585,35,149099,East,Business,0.3892924603818849,0,77509,-0.05,-0.1,0.02,0.03
3586,66,77560,North,Salaried,0.15643156860774976,0,85228,-0.05,-0.1,0.02,0.03
3587,26,26715,West,SelfEmp,0.786855012968264,1,231536,0.35,0.25,0.15,0.2
3588,47,91760,East,Business,0.30854159007472903,0,231732,-0.05,-0.1,0.02,0.03
3589,30,35322,South,Salaried,0.6979931482190146,0,118438,0.2,0.2,0.1,0.05
3590,52,57575,East,Business,0.12940331072107011,0,138383,-0.05,-0.1,0.02,0.03
3591,37,98966,East,Salaried,0.16262026997114226,0,76199,-0.05,-0.1,0.02,0.03
3592,45,63837,East,Salaried,0.29178557783373116,0,249212,-0.05,-0.1,0.02,0.03
3593,69,50063,North,Salaried,0.23641765407608367,0,212352,-0.05,-0.1,0.02,0.03
3594,27,41056,West,SelfEmp,0.8545595070479826,1,184660,0.35,0.25,0.15,0.2
3595,45,60884,North,Salaried,0.437631493752894,0,191346,-0.05,-0.1,0.02,0.03
3596,44,103467,East,Business,0.14523531557233121,1,211630,-0.05,-0.1,0.02,0.03
3597,40,107024,North,Business,0.24366372486807727,0,238151,-0.05,-0.1,0.02,0.03
3598,36,137782,North,Salaried,0.10935103015817767,0,229374,-0.05,-0.1,0.02,0.03
3599,36,35006,South,Salaried,0.704912612542079,0,175623,0.2,0.2,0.1,0.05
3600,35,116771,North,Salaried,0.2279281147203386,0,116681,-0.05,-0.1,0.02,0.03
3601,33,102073,East,Salaried,0.33207510532181295,0,98444,-0.05,-0.1,0.02,0.03
3602,40,114856,North,Salaried,0.10481998995849949,1,158500,-0.05,-0.1,0.02,0.03
3603,24,47501,West,SelfEmp,0.6548823200742298,1,154604,0.35,0.25,0.15,0.2
3604,42,148138,East,Salaried,0.47569440396260465,0,139976,-0.05,-0.1,0.02,0.03
3605,64,101356,East,Salaried,0.4480090108756687,0,51628,-0.05,-0.1,0.02,0.03
3606,53,75380,East,Business,0.14660961899630168,0,246150,-0.05,-0.1,0.02,0.03
3607,32,85318,East,Business,0.35514913322939057,0,82574,-0.05,-0.1,0.02,0.03
3608,31,73513,North,Business,0.4847005967351632,0,186379,-0.05,-0.1,0.02,0.03
3609,55,144714,North,Salaried,0.39065481130953905,0,189097,-0.05,-0.1,0.02,0.03
3610,29,44188,West,SelfEmp,0.6952580105940004,1,226132,0.35,0.25,0.15,0.2
3611,36,126981,North,Salaried,0.30569884571314343,0,195490,-0.05,-0.1,0.02,0.03
3612,56,106257,East,Salaried,0.18487138204356315,0,136596,-0.05,-0.1,0.02,0.03
3613,64,70930,East,Business,0.2921155279162161,0,148705,-0.05,-0.1,0.02,0.03
3614,53,143962,East,Business,0.41330567951591035,0,175762,-0.05,-0.1,0.02,0.03
3615,63,136941,North,Salaried,0.2574056050654483,0,159914,-0.05,-0.1,0.02,0.03
3616,36,57988,East,Salaried,0.11397392356726375,0,200243,-0.05,-0.1,0.02,0.03
3617,63,72736,East,Salaried,0.11345752901750483,0,85126,-0.05,-0.1,0.02,0.03
3618,64,110600,East,Business,0.5867355623471036,0,341405,-0.15,-0.25,0.05,0.1
3619,38,125969,East,Business,0.4102499632375337,0,78612,-0.05,-0.1,0.02,0.03
3620,58,98603,East,Business,0.11971150001163587,0,61324,-0.05,-0.1,0.02,0.03
3621,60,60872,North,Business,0.22255315753028176,0,76503,-0.05,-0.1,0.02,0.03
3622,63,112668,North,Business,0.2242118277368023,0,138104,-0.05,-0.1,0.02,0.03
3623,50,117778,North,Business,0.44869855087702293,0,101275,-0.05,-0.1,0.02,0.03
3624,31,43836,South,Salaried,0.698503175227021,0,111116,0.2,0.2,0.1,0.05
3625,58,93634,East,Business,0.6098789358453205,1,349067,-0.15,-0.25,0.05,0.1
3626,37,133126,East,Business,0.20536119552255394,0,183950,-0.05,-0.1,0.02,0.03
3627,56,113214,North,Business,0.46223383383896155,0,248125,-0.05,-0.1,0.02,0.03
3628,39,128711,East,Salaried,0.20022470262719222,1,109048,-0.05,-0.1,0.02,0.03
3629,43,56468,South,Salaried,0.7148063969752174,1,172463,0.2,0.2,0.1,0.05
3630,36,45454,South,Salaried,0.749831291814655,0,169713,0.2,0.2,0.1,0.05
3631,58,97818,East,Business,0.16914189576751448,0,68541,-0.05,-0.1,0.02,0.03
3632,69,96888,North,Salaried,0.2995696393437149,1,153445,-0.05,-0.1,0.02,0.03
3633,65,114041,East,Business,0.665200865541969,0,325956,-0.15,-0.25,0.05,0.1
3634,45,54521,North,Salaried,0.24395120493353373,0,230677,-0.05,-0.1,0.02,0.03
3635,57,116684,North,Business,0.35155318342707464,0,98440,-0.05,-0.1,0.02,0.03
3636,41,109516,North,Salaried,0.4891430917938966,0,119178,-0.05,-0.1,0.02,0.03
3637,37,63554,North,Salaried,0.3607732237903002,0,124852,-0.05,-0.1,0.02,0.03
3638,55,95562,North,Salaried,0.41994364045923405,0,228681,-0.05,-0.1,0.02,0.03
3639,58,115234,North,Salaried,0.4648272239553274,0,194815,-0.05,-0.1,0.02,0.03
3640,30,55530,South,Salaried,0.6340564932480248,0,147186,0.2,0.2,0.1,0.05
3641,48,97032,East,Business,0.21227859083217618,0,241599,-0.05,-0.1,0.02,0.03
3642,53,69504,East,Business,0.14044993564659503,0,103756,-0.05,-0.1,0.02,0.03
3643,55,124349,North,Business,0.1177898393643214,0,246681,-0.05,-0.1,0.02,0.03
3644,39,109746,North,Business,0.41825411686938685,0,245921,-0.05,-0.1,0.02,0.03
3645,59,55615,North,Business,0.37918388443516926,0,54590,-0.05,-0.1,0.02,0.03
3646,61,81976,North,Salaried,0.4824667137989541,0,102239,-0.05,-0.1,0.02,0.03
3647,58,59477,North,Salaried,0.319498666185367,0,150837,-0.05,-0.1,0.02,0.03
3648,45,52918,East,Business,0.2812027254773837,1,57069,-0.05,-0.1,0.02,0.03
3649,52,120063,East,Business,0.32299950387197895,0,179381,-0.05,-0.1,0.02,0.03
3650,62,93239,East,Salaried,0.15960341736466047,0,77196,-0.05,-0.1,0.02,0.03
3651,68,97358,East,Salaried,0.10744440654246296,0,138915,-0.05,-0.1,0.02,0.03
3652,49,73848,East,Business,0.4993417405292906,0,214265,-0.05,-0.1,0.02,0.03
3653,32,86203,North,Business,0.1313189067947619,0,118740,-0.05,-0.1,0.02,0.03
3654,62,98910,East,Business,0.1624055264094152,0,89109,-0.05,-0.1,0.02,0.03
3655,68,140931,East,Salaried,0.3207580557996583,0,168942,-0.05,-0.1,0.02,0.03
3656,64,81276,North,Business,0.13440545422881428,0,100324,-0.05,-0.1,0.02,0.03
3657,36,96312,North,Business,0.10894648918630634,0,87352,-0.05,-0.1,0.02,0.03
3658,36,93420,East,Business,0.1377296386607089,0,121836,-0.05,-0.1,0.02,0.03
3659,30,55362,East,Business,0.45698218325897344,0,54258,-0.05,-0.1,0.02,0.03
3660,30,67261,East,Salaried,0.1073399505816374,0,150904,-0.05,-0.1,0.02,0.03
3661,38,48792,South,Salaried,0.7354193649120833,1,147870,0.2,0.2,0.1,0.05
3662,66,119570,East,Business,0.46380761823103894,0,269571,-0.15,-0.25,0.05,0.1
3663,42,50744,North,Salaried,0.447869252921003,0,202522,-0.05,-0.1,0.02,0.03
3664,45,125122,North,Business,0.3341793165938492,0,66387,-0.05,-0.1,0.02,0.03
3665,57,70729,East,Salaried,0.12761376671906663,0,199056,-0.05,-0.1,0.02,0.03
3666,43,88474,East,Business,0.13619451673982108,0,59821,-0.05,-0.1,0.02,0.03
3667,69,111146,East,Salaried,0.1499369999235178,0,224797,-0.05,-0.1,0.02,0.03
3668,30,42236,South,Salaried,0.5670623264213119,0,94652,0.2,0.2,0.1,0.05
3669,31,51885,North,Salaried,0.20431655420978198,1,159759,-0.05,-0.1,0.02,0.03
3670,41,93147,East,Business,0.10993376299200573,0,121986,-0.05,-0.1,0.02,0.03
3671,42,111281,North,Business,0.4925550947139419,0,156071,-0.05,-0.1,0.02,0.03
3672,45,104848,East,Salaried,0.3237390450171467,0,69268,-0.05,-0.1,0.02,0.03
3673,50,147207,North,Salaried,0.14403812210475456,0,84037,-0.05,-0.1,0.02,0.03
3674,59,125692,North,Business,0.27124110836310134,1,219556,-0.05,-0.1,0.02,0.03
3675,60,100423,East,Salaried,0.43067321090846833,0,125287,-0.05,-0.1,0.02,0.03
3676,33,101080,East,Salaried,0.24666958858167992,0,247610,-0.05,-0.1,0.02,0.03
3677,60,72451,North,Salaried,0.4532733961410932,0,170631,-0.05,-0.1,0.02,0.03
3678,41,35556,South,Salaried,0.5752289958886049,0,102709,0.2,0.2,0.1,0.05
3679,57,91233,East,Business,0.5730914964330385,0,305785,-0.15,-0.25,0.05,0.1
3680,55,92930,East,Business,0.5851158979532165,1,234059,-0.15,-0.25,0.05,0.1
3681,39,40042,South,Salaried,0.7053989427361744,0,82208,0.2,0.2,0.1,0.05
3682,48,72670,North,Salaried,0.3904811150556402,0,65003,-0.05,-0.1,0.02,0.03
3683,33,129543,North,Salaried,0.3833107302628944,0,246086,-0.05,-0.1,0.02,0.03
3684,51,131777,East,Salaried,0.4983896234058601,0,150838,-0.05,-0.1,0.02,0.03
3685,41,63390,South,Salaried,0.6050248469188878,1,86876,0.2,0.2,0.1,0.05
3686,61,140775,North,Business,0.34697455195602767,0,137332,-0.05,-0.1,0.02,0.03
3687,42,136353,North,Business,0.36079805626542893,0,139362,-0.05,-0.1,0.02,0.03
3688,65,112734,North,Salaried,0.3292282634067726,0,163312,-0.05,-0.1,0.02,0.03
3689,29,33289,West,SelfEmp,0.7906452634411657,1,141925,0.35,0.25,0.15,0.2
3690,47,115796,North,Business,0.17409532124842167,0,166747,-0.05,-0.1,0.02,0.03
3691,26,28888,West,SelfEmp,0.7944892988638111,1,127426,0.35,0.25,0.15,0.2
3692,67,98707,North,Business,0.3813252325871107,0,192425,-0.05,-0.1,0.02,0.03
3693,24,30659,West,SelfEmp,0.8363575667414939,1,236024,0.35,0.25,0.15,0.2
3694,42,105910,North,Business,0.38419442731582565,0,150750,-0.05,-0.1,0.02,0.03
3695,52,113107,North,Business,0.1062962444466872,0,134295,-0.05,-0.1,0.02,0.03
3696,35,36248,South,Salaried,0.6927570978126132,0,122285,0.2,0.2,0.1,0.05
3697,64,112396,North,Business,0.4650231087514639,0,54002,-0.05,-0.1,0.02,0.03
3698,34,119911,North,Business,0.35601384957685234,1,244850,-0.05,-0.1,0.02,0.03
3699,43,75343,East,Business,0.3677031534829468,1,59271,-0.05,-0.1,0.02,0.03
3700,55,100292,East,Business,0.6541794951714891,0,245011,-0.15,-0.25,0.05,0.1
3701,56,111441,East,Business,0.3491903503147563,0,152413,-0.05,-0.1,0.02,0.03
3702,59,68319,East,Business,0.22796119740229095,0,192582,-0.05,-0.1,0.02,0.03
3703,39,36455,South,Salaried,0.5901405944520441,0,199881,0.2,0.2,0.1,0.05
3704,59,109229,East,Salaried,0.3141588404096361,0,203774,-0.05,-0.1,0.02,0.03
3705,57,125710,North,Business,0.14176581938939112,0,160230,-0.05,-0.1,0.02,0.03
3706,28,32917,West,SelfEmp,0.8052860972673284,1,140704,0.35,0.25,0.15,0.2
3707,50,97206,East,Business,0.5918732679545554,0,250924,-0.15,-0.25,0.05,0.1
3708,35,63587,East,Business,0.25155262776078213,0,70009,-0.05,-0.1,0.02,0.03
3709,53,63696,East,Salaried,0.1542483838018383,0,143695,-0.05,-0.1,0.02,0.03
3710,58,137299,North,Business,0.4009031705895304,1,67191,-0.05,-0.1,0.02,0.03
3711,37,90276,North,Business,0.2606035601898036,0,127316,-0.05,-0.1,0.02,0.03
3712,37,129958,North,Business,0.3893103761963085,1,65251,-0.05,-0.1,0.02,0.03
3713,69,107684,North,Business,0.4073924917149224,0,232652,-0.05,-0.1,0.02,0.03
3714,37,52027,East,Salaried,0.27424319102006917,1,148834,-0.05,-0.1,0.02,0.03
3715,33,114544,East,Salaried,0.31893149693725975,0,242860,-0.05,-0.1,0.02,0.03
3716,67,149031,East,Salaried,0.2593835563279304,0,131085,-0.05,-0.1,0.02,0.03
3717,44,52560,East,Salaried,0.21669806729646704,0,70098,-0.05,-0.1,0.02,0.03
3718,34,52520,East,Business,0.17200892274563379,0,64020,-0.05,-0.1,0.02,0.03
3719,25,35710,West,SelfEmp,0.8749231550694017,0,213248,0.35,0.25,0.15,0.2
3720,36,61339,East,Business,0.4990010013924788,0,111086,-0.05,-0.1,0.02,0.03
3721,41,98789,North,Business,0.3400808832280645,0,180196,-0.05,-0.1,0.02,0.03
3722,25,42512,West,SelfEmp,0.780765227243263,1,246853,0.35,0.25,0.15,0.2
3723,53,115124,East,Business,0.1913731931011914,0,231859,-0.05,-0.1,0.02,0.03
3724,30,140435,North,Salaried,0.2162970883216656,0,119248,-0.05,-0.1,0.02,0.03
3725,32,49328,South,Salaried,0.6674975222046468,1,131412,0.2,0.2,0.1,0.05
3726,22,38445,West,SelfEmp,0.8255160645068216,1,209306,0.35,0.25,0.15,0.2
3727,58,80907,East,Business,0.23471604633654428,0,157412,-0.05,-0.1,0.02,0.03
3728,24,26250,West,SelfEmp,0.6868534416211068,1,156555,0.35,0.25,0.15,0.2
3729,68,88426,East,Salaried,0.3587129760024075,0,174507,-0.05,-0.1,0.02,0.03
3730,37,39295,South,Salaried,0.7996634796522195,0,148568,0.2,0.2,0.1,0.05
3731,58,145433,North,Salaried,0.2884511539987818,0,110854,-0.05,-0.1,0.02,0.03
3732,46,57859,East,Business,0.2287082280993988,0,71185,-0.05,-0.1,0.02,0.03
3733,48,113906,East,Business,0.36563149513682935,0,141087,-0.05,-0.1,0.02,0.03
3734,58,59707,East,Business,0.2182457440843384,0,130748,-0.05,-0.1,0.02,0.03
3735,41,122884,East,Business,0.11799245509820322,0,92115,-0.05,-0.1,0.02,0.03
3736,37,109984,East,Business,0.25541150909480803,0,207695,-0.05,-0.1,0.02,0.03
3737,50,100666,East,Business,0.3417496547569092,1,146901,-0.05,-0.1,0.02,0.03
3738,43,91060,East,Business,0.2881885004300122,0,164025,-0.05,-0.1,0.02,0.03
3739,49,140053,East,Salaried,0.23651583334398685,0,226436,-0.05,-0.1,0.02,0.03
3740,44,50678,East,Salaried,0.3129681342133217,0,148202,-0.05,-0.1,0.02,0.03
3741,56,100352,East,Business,0.3619050114025002,0,208438,-0.05,-0.1,0.02,0.03
3742,52,146436,East,Business,0.4177418236046777,1,321992,-0.15,-0.25,0.05,0.1
3743,44,93604,North,Business,0.4512733639522787,1,109382,-0.05,-0.1,0.02,0.03
3744,38,37011,South,Salaried,0.6038609967779474,0,118118,0.2,0.2,0.1,0.05
3745,40,95303,East,Business,0.17161649538030493,0,115891,-0.05,-0.1,0.02,0.03
3746,50,106862,North,Salaried,0.1219037544441227,0,109658,-0.05,-0.1,0.02,0.03
3747,47,56704,North,Business,0.3195851637183587,0,116668,-0.05,-0.1,0.02,0.03
3748,52,50944,North,Salaried,0.41106324210431644,0,94278,-0.05,-0.1,0.02,0.03
3749,54,143499,North,Salaried,0.45436095107302554,0,238622,-0.05,-0.1,0.02,0.03
3750,38,144418,East,Salaried,0.34619075610475547,0,145381,-0.05,-0.1,0.02,0.03
3751,58,52127,East,Salaried,0.47271906178639944,0,215653,-0.05,-0.1,0.02,0.03
3752,61,65648,North,Salaried,0.3438807328606176,1,225552,-0.05,-0.1,0.02,0.03
3753,51,124713,East,Business,0.164858001427298,0,113281,-0.05,-0.1,0.02,0.03
3754,52,119318,North,Salaried,0.4865242835569651,0,154723,-0.05,-0.1,0.02,0.03
3755,47,77256,East,Salaried,0.38057965519384784,0,123106,-0.05,-0.1,0.02,0.03
3756,42,56285,North,Salaried,0.2064384369638193,0,152178,-0.05,-0.1,0.02,0.03
3757,56,105519,East,Business,0.5768752863260052,0,342666,-0.15,-0.25,0.05,0.1
3758,30,96390,North,Salaried,0.2737167077721189,0,187566,-0.05,-0.1,0.02,0.03
3759,48,120803,East,Salaried,0.43541487591903916,0,137989,-0.05,-0.1,0.02,0.03
3760,44,78645,North,Business,0.4599800586894641,0,65032,-0.05,-0.1,0.02,0.03
3761,31,76004,North,Business,0.3578568026425397,1,207139,-0.05,-0.1,0.02,0.03
3762,65,90566,North,Salaried,0.3293303055556254,0,166888,-0.05,-0.1,0.02,0.03
3763,45,112208,North,Salaried,0.20871750104946996,0,157654,-0.05,-0.1,0.02,0.03
3764,67,100670,North,Salaried,0.2671269807124497,0,240722,-0.05,-0.1,0.02,0.03
3765,62,61819,East,Business,0.3366757894972435,0,146828,-0.05,-0.1,0.02,0.03
3766,46,126869,East,Salaried,0.20867594826675628,0,147164,-0.05,-0.1,0.02,0.03
3767,63,75212,East,Salaried,0.3856491207310965,0,166792,-0.05,-0.1,0.02,0.03
3768,69,53819,East,Salaried,0.4563459828143105,0,195219,-0.05,-0.1,0.02,0.03
3769,59,58634,North,Business,0.38770852151548174,0,109593,-0.05,-0.1,0.02,0.03
3770,62,77332,North,Business,0.2839728786501555,0,103798,-0.05,-0.1,0.02,0.03
3771,34,32950,South,Salaried,0.7636338000754199,0,159741,0.2,0.2,0.1,0.05
3772,41,57661,East,Salaried,0.4760876417263402,0,86988,-0.05,-0.1,0.02,0.03
3773,32,128868,East,Salaried,0.43930984026689146,0,79811,-0.05,-0.1,0.02,0.03
3774,23,42225,West,SelfEmp,0.6760910248860987,1,212732,0.35,0.25,0.15,0.2
3775,40,125660,North,Salaried,0.2966554864456199,0,205750,-0.05,-0.1,0.02,0.03
3776,62,141477,North,Business,0.4448123497174039,0,129544,-0.05,-0.1,0.02,0.03
3777,49,112787,East,Business,0.4242372643508039,0,127230,-0.05,-0.1,0.02,0.03
3778,43,41448,South,Salaried,0.7644117803555468,0,145047,0.2,0.2,0.1,0.05
3779,42,93369,East,Salaried,0.47209579641722144,0,89007,-0.05,-0.1,0.02,0.03
3780,61,63617,North,Business,0.22696213166358767,1,124341,-0.05,-0.1,0.02,0.03
3781,37,74685,East,Salaried,0.18155356877473064,0,233834,-0.05,-0.1,0.02,0.03
3782,42,54419,South,Salaried,0.6605192683597245,1,188409,0.2,0.2,0.1,0.05
3783,38,43085,South,Salaried,0.6439251936055209,1,140207,0.2,0.2,0.1,0.05
3784,31,136170,North,Business,0.4677579364834714,0,53964,-0.05,-0.1,0.02,0.03
3785,56,68058,North,Salaried,0.3359529803668123,0,191956,-0.05,-0.1,0.02,0.03
3786,65,126227,East,Salaried,0.38661962720931675,1,80084,-0.05,-0.1,0.02,0.03
3787,59,107012,North,Salaried,0.29466744680353607,0,58157,-0.05,-0.1,0.02,0.03
3788,38,57675,North,Business,0.24804904819101736,0,131362,-0.05,-0.1,0.02,0.03
3789,54,96588,East,Business,0.446478906053417,0,237687,-0.15,-0.25,0.05,0.1
3790,48,82400,East,Salaried,0.29847437375553443,0,234001,-0.05,-0.1,0.02,0.03
3791,50,138726,North,Salaried,0.16791800197427176,1,130398,-0.05,-0.1,0.02,0.03
3792,30,132841,North,Salaried,0.2482854254582843,0,139385,-0.05,-0.1,0.02,0.03
3793,53,140124,North,Salaried,0.25572956869060837,0,51144,-0.05,-0.1,0.02,0.03
3794,41,63488,South,Salaried,0.6605911997907981,0,157026,0.2,0.2,0.1,0.05
3795,42,30537,South,Salaried,0.7144658764012425,1,151442,0.2,0.2,0.1,0.05
3796,51,77775,East,Salaried,0.292449609347886,0,236524,-0.05,-0.1,0.02,0.03
3797,52,69205,East,Salaried,0.47054518776720455,0,173574,-0.05,-0.1,0.02,0.03
3798,55,58484,North,Business,0.3968716153180626,0,136492,-0.05,-0.1,0.02,0.03
3799,51,131882,North,Business,0.4592078964853914,0,173569,-0.05,-0.1,0.02,0.03
3800,44,38903,South,Salaried,0.6402000983147924,1,116109,0.2,0.2,0.1,0.05
3801,50,68167,East,Salaried,0.46478743194529026,0,210620,-0.05,-0.1,0.02,0.03
3802,52,137825,North,Business,0.38363467256953987,0,95021,-0.05,-0.1,0.02,0.03
3803,60,83581,North,Salaried,0.11145268189345661,1,66192,-0.05,-0.1,0.02,0.03
3804,61,122364,East,Salaried,0.11920474624367708,0,166284,-0.05,-0.1,0.02,0.03
3805,34,99214,East,Salaried,0.49288868952166087,0,186400,-0.05,-0.1,0.02,0.03
3806,45,127232,East,Salaried,0.14980618753344818,1,200634,-0.05,-0.1,0.02,0.03
3807,42,101928,North,Business,0.20118114053342828,0,66651,-0.05,-0.1,0.02,0.03
3808,38,56562,East,Salaried,0.22478000367432643,0,242372,-0.05,-0.1,0.02,0.03
3809,49,138641,East,Business,0.44709642346867795,0,134895,-0.05,-0.1,0.02,0.03
3810,51,100442,East,Business,0.16369695760395708,0,227142,-0.05,-0.1,0.02,0.03
3811,34,57791,East,Business,0.41719423332597905,0,231829,-0.05,-0.1,0.02,0.03
3812,43,43514,South,Salaried,0.6096560609365993,0,172992,0.2,0.2,0.1,0.05
3813,38,61908,East,Business,0.48651773188725844,0,150458,-0.05,-0.1,0.02,0.03
3814,51,148124,North,Salaried,0.2324906065179854,0,212016,-0.05,-0.1,0.02,0.03
3815,50,105907,East,Business,0.569515475887121,0,324835,-0.15,-0.25,0.05,0.1
3816,40,98826,East,Salaried,0.23160423092296029,0,226800,-0.05,-0.1,0.02,0.03
3817,53,76515,East,Salaried,0.3679983494117114,0,89644,-0.05,-0.1,0.02,0.03
3818,51,115121,North,Business,0.2043342463932063,0,233490,-0.05,-0.1,0.02,0.03
3819,50,52639,North,Salaried,0.13718932537832013,1,236708,-0.05,-0.1,0.02,0.03
3820,69,138006,East,Business,0.15256214872218551,1,181469,-0.05,-0.1,0.02,0.03
3821,38,69857,North,Salaried,0.17400911079510367,0,222469,-0.05,-0.1,0.02,0.03
3822,60,100762,North,Salaried,0.453569016784505,0,200120,-0.05,-0.1,0.02,0.03
3823,47,73885,East,Salaried,0.426300634982846,0,64546,-0.05,-0.1,0.02,0.03
3824,48,50046,East,Business,0.10573300771457142,1,127462,-0.05,-0.1,0.02,0.03
3825,59,144417,East,Business,0.4728532909001343,1,333552,-0.15,-0.25,0.05,0.1
3826,30,54356,South,Salaried,0.672015614978368,1,134669,0.2,0.2,0.1,0.05
3827,50,131684,East,Business,0.4188313469497575,0,327996,-0.15,-0.25,0.05,0.1
3828,35,78130,East,Salaried,0.31524226342369277,0,127652,-0.05,-0.1,0.02,0.03
3829,34,34852,South,Salaried,0.7193563798032225,0,180286,0.2,0.2,0.1,0.05
3830,35,58209,North,Business,0.366340243797198,0,169614,-0.05,-0.1,0.02,0.03
3831,42,68079,North,Salaried,0.4758556766198313,0,104612,-0.05,-0.1,0.02,0.03
3832,58,60248,North,Business,0.4282803345144254,1,69870,-0.05,-0.1,0.02,0.03
3833,39,77400,East,Salaried,0.22978619650955598,0,56487,-0.05,-0.1,0.02,0.03
3834,37,142465,East,Salaried,0.45139433910276416,0,51755,-0.05,-0.1,0.02,0.03
3835,30,82616,East,Salaried,0.1941233592301483,0,220556,-0.05,-0.1,0.02,0.03
3836,64,107442,East,Business,0.26798216965911426,0,239986,-0.05,-0.1,0.02,0.03
3837,52,121683,East,Salaried,0.1361494151889936,0,190406,-0.05,-0.1,0.02,0.03
3838,41,116512,East,Salaried,0.42524215175781077,0,185141,-0.05,-0.1,0.02,0.03
3839,67,105604,East,Business,0.5990732870226139,0,215881,-0.15,-0.25,0.05,0.1
3840,49,53770,North,Business,0.34121782771981923,0,177640,-0.05,-0.1,0.02,0.03
3841,39,65573,North,Salaried,0.3312713926650493,0,132164,-0.05,-0.1,0.02,0.03
3842,37,109617,North,Salaried,0.35152392071764316,0,214653,-0.05,-0.1,0.02,0.03
3843,32,56643,East,Salaried,0.21606145398398985,0,133857,-0.05,-0.1,0.02,0.03
3844,68,106235,North,Salaried,0.25747758135900345,0,191483,-0.05,-0.1,0.02,0.03
3845,52,119626,East,Salaried,0.39685311424985503,0,97368,-0.05,-0.1,0.02,0.03
3846,58,90401,East,Business,0.49144394038433065,0,295737,-0.15,-0.25,0.05,0.1
3847,46,94594,East,Business,0.2427420612551827,0,52967,-0.05,-0.1,0.02,0.03
3848,57,108826,North,Business,0.3859194430932382,0,117104,-0.05,-0.1,0.02,0.03
3849,43,96815,North,Business,0.3864054563731375,0,80029,-0.05,-0.1,0.02,0.03
3850,61,107373,North,Business,0.4965216237644444,0,173374,-0.05,-0.1,0.02,0.03
3851,32,69708,East,Salaried,0.3539787318411858,0,102934,-0.05,-0.1,0.02,0.03
3852,60,139064,North,Salaried,0.21207392050968693,0,88635,-0.05,-0.1,0.02,0.03
3853,48,85030,North,Business,0.39723045391307044,0,195125,-0.05,-0.1,0.02,0.03
3854,32,54993,North,Salaried,0.3182784302132461,0,197407,-0.05,-0.1,0.02,0.03
3855,67,102515,East,Salaried,0.38512223695667613,0,141796,-0.05,-0.1,0.02,0.03
3856,35,112547,East,Business,0.21585840415228996,0,247386,-0.05,-0.1,0.02,0.03
3857,48,55974,North,Salaried,0.21152805449867867,0,104497,-0.05,-0.1,0.02,0.03
3858,44,103062,North,Business,0.36613122103215157,0,125809,-0.05,-0.1,0.02,0.03
3859,34,56748,South,Salaried,0.690808767218795,0,108329,0.2,0.2,0.1,0.05
3860,40,105123,East,Salaried,0.29880118900412667,1,221313,-0.05,-0.1,0.02,0.03
3861,52,116222,East,Business,0.6274526567152043,0,159431,-0.15,-0.25,0.05,0.1
3862,55,144791,East,Business,0.4986912856317852,0,141396,-0.05,-0.1,0.02,0.03
3863,24,30196,West,SelfEmp,0.8569507958245631,0,150593,0.35,0.25,0.15,0.2
3864,38,35259,South,Salaried,0.7277777835126437,0,173220,0.2,0.2,0.1,0.05
3865,32,64553,North,Business,0.219701122243572,0,210451,-0.05,-0.1,0.02,0.03
3866,69,115669,East,Business,0.12771396057769036,0,149364,-0.05,-0.1,0.02,0.03
3867,50,149366,East,Business,0.41148741585910614,0,247216,-0.15,-0.25,0.05,0.1
3868,49,109718,East,Business,0.4985594127597891,0,95820,-0.05,-0.1,0.02,0.03
3869,32,59990,North,Salaried,0.3087251514990082,0,142334,-0.05,-0.1,0.02,0.03
3870,25,43749,West,SelfEmp,0.8888589614484154,0,241909,0.35,0.25,0.15,0.2
3871,32,75938,East,Salaried,0.18366507337290605,0,108612,-0.05,-0.1,0.02,0.03
3872,65,135028,East,Business,0.4741263654409635,0,216273,-0.15,-0.25,0.05,0.1
3873,61,109125,East,Business,0.4525420961222998,0,51986,-0.05,-0.1,0.02,0.03
3874,23,35960,West,SelfEmp,0.7206477081343832,1,245605,0.35,0.25,0.15,0.2
3875,48,61243,North,Salaried,0.366827287300715,0,59839,-0.05,-0.1,0.02,0.03
3876,69,135922,North,Salaried,0.20192032979082541,0,116430,-0.05,-0.1,0.02,0.03
3877,69,99514,North,Business,0.373736505129885,0,222345,-0.05,-0.1,0.02,0.03
3878,68,143577,East,Salaried,0.3991329443739552,1,249001,-0.05,-0.1,0.02,0.03
3879,59,130447,North,Business,0.36912011127379163,0,214750,-0.05,-0.1,0.02,0.03
3880,59,141857,East,Salaried,0.17840745812194325,0,160261,-0.05,-0.1,0.02,0.03
3881,40,59397,North,Business,0.11547610180009533,0,58014,-0.05,-0.1,0.02,0.03
3882,65,93061,North,Business,0.12543521698631463,1,139418,-0.05,-0.1,0.02,0.03
3883,58,93702,East,Business,0.43059357639242857,0,157809,-0.05,-0.1,0.02,0.03
3884,52,88815,East,Salaried,0.3117615853426908,0,108133,-0.05,-0.1,0.02,0.03
3885,62,145420,East,Business,0.4082704722507537,0,306150,-0.15,-0.25,0.05,0.1
3886,28,45752,West,SelfEmp,0.8443823912443078,1,206873,0.35,0.25,0.15,0.2
3887,66,115796,North,Salaried,0.20173388540241138,1,134926,-0.05,-0.1,0.02,0.03
3888,49,134740,North,Salaried,0.15660212036010607,0,119543,-0.05,-0.1,0.02,0.03
3889,44,59723,North,Business,0.31095106523922544,0,193088,-0.05,-0.1,0.02,0.03
3890,34,149306,East,Business,0.21100751621913627,0,102147,-0.05,-0.1,0.02,0.03
3891,43,55156,North,Business,0.2995885427481739,0,73068,-0.05,-0.1,0.02,0.03
3892,57,50570,North,Salaried,0.2314140466384824,0,139589,-0.05,-0.1,0.02,0.03
3893,35,105001,East,Business,0.3550845695546855,1,109056,-0.05,-0.1,0.02,0.03
3894,48,62304,North,Business,0.4466826120757893,0,152654,-0.05,-0.1,0.02,0.03
3895,50,124047,East,Salaried,0.21402753618891668,0,132328,-0.05,-0.1,0.02,0.03
3896,38,122882,North,Salaried,0.4736777767634215,0,127567,-0.05,-0.1,0.02,0.03
3897,25,43563,West,SelfEmp,0.6908815521520302,1,204727,0.35,0.25,0.15,0.2
3898,66,85303,North,Salaried,0.1573902816536859,0,182273,-0.05,-0.1,0.02,0.03
3899,34,40551,South,Salaried,0.6238557460691514,1,149856,0.2,0.2,0.1,0.05
3900,62,58664,North,Salaried,0.19864270547209426,0,156691,-0.05,-0.1,0.02,0.03
3901,44,100703,East,Salaried,0.1714567723673811,0,222150,-0.05,-0.1,0.02,0.03
3902,33,136857,North,Salaried,0.18228470376682904,0,138465,-0.05,-0.1,0.02,0.03
3903,32,59237,South,Salaried,0.6849553507929215,1,186613,0.2,0.2,0.1,0.05
3904,58,93374,East,Business,0.5674778893745798,1,335135,-0.15,-0.25,0.05,0.1
3905,45,83668,North,Salaried,0.14386568859711935,0,231174,-0.05,-0.1,0.02,0.03
3906,36,63025,South,Salaried,0.5922392602753297,1,110920,0.2,0.2,0.1,0.05
3907,24,44543,West,SelfEmp,0.7402691126359466,1,176852,0.35,0.25,0.15,0.2
3908,42,126743,East,Business,0.3783145225693708,0,56844,-0.05,-0.1,0.02,0.03
3909,38,126412,East,Salaried,0.4973919737334509,0,57649,-0.05,-0.1,0.02,0.03
3910,49,62818,North,Salaried,0.4767389976353791,0,235647,-0.05,-0.1,0.02,0.03
3911,22,44062,West,SelfEmp,0.8707963946751657,0,195724,0.35,0.25,0.15,0.2
3912,36,124457,East,Business,0.4921919396042188,0,204574,-0.05,-0.1,0.02,0.03
3913,26,42956,West,SelfEmp,0.6783172707897306,1,168544,0.35,0.25,0.15,0.2
3914,36,59851,South,Salaried,0.7409644395285346,0,109227,0.2,0.2,0.1,0.05
3915,42,77723,East,Salaried,0.2628547975509109,0,156371,-0.05,-0.1,0.02,0.03
3916,35,128437,North,Business,0.1904458520942478,0,246035,-0.05,-0.1,0.02,0.03
3917,42,140230,North,Business,0.13321293980502724,0,89150,-0.05,-0.1,0.02,0.03
3918,44,138372,North,Business,0.17481886594701979,0,182089,-0.05,-0.1,0.02,0.03
3919,25,35260,West,SelfEmp,0.8847672980252671,1,175099,0.35,0.25,0.15,0.2
3920,31,85214,North,Business,0.26320409259901467,0,138215,-0.05,-0.1,0.02,0.03
3921,63,99704,East,Salaried,0.4400765127399513,0,54266,-0.05,-0.1,0.02,0.03
3922,38,80472,North,Salaried,0.21759145230322732,0,209849,-0.05,-0.1,0.02,0.03
3923,45,74613,North,Salaried,0.4281445393583301,0,80702,-0.05,-0.1,0.02,0.03
3924,43,62389,South,Salaried,0.6147505179486229,0,197611,0.2,0.2,0.1,0.05
3925,41,126037,North,Salaried,0.4703383794934628,0,63699,-0.05,-0.1,0.02,0.03
3926,34,99993,North,Business,0.40531115397079087,0,113012,-0.05,-0.1,0.02,0.03
3927,44,81586,East,Business,0.20094899060858837,0,243724,-0.05,-0.1,0.02,0.03
3928,29,29257,West,SelfEmp,0.8851445884850658,1,130223,0.35,0.25,0.15,0.2
3929,41,59619,South,Salaried,0.5709005702561035,0,193012,0.2,0.2,0.1,0.05
3930,61,110461,North,Business,0.2680941852767896,1,218139,-0.05,-0.1,0.02,0.03
3931,31,50860,North,Salaried,0.49656021662085426,0,132056,-0.05,-0.1,0.02,0.03
3932,62,88554,North,Business,0.4418880545642373,0,72584,-0.05,-0.1,0.02,0.03
3933,64,98325,East,Business,0.6198285584145048,0,161684,-0.15,-0.25,0.05,0.1
3934,53,100041,East,Business,0.47283393464262385,0,182624,-0.15,-0.25,0.05,0.1
3935,66,148563,East,Business,0.38337913832651327,0,209925,-0.05,-0.1,0.02,0.03
3936,41,59788,South,Salaried,0.6358578454474375,1,142118,0.2,0.2,0.1,0.05
3937,36,31255,South,Salaried,0.7914089571770286,1,163578,0.2,0.2,0.1,0.05
3938,60,127686,East,Business,0.4313592477993927,0,202542,-0.05,-0.1,0.02,0.03
3939,30,123655,East,Business,0.17445202644335384,0,134622,-0.05,-0.1,0.02,0.03
3940,53,50783,North,Salaried,0.4558296537905865,0,120845,-0.05,-0.1,0.02,0.03
3941,38,62135,East,Salaried,0.11167900880779232,0,89404,-0.05,-0.1,0.02,0.03
3942,37,35722,South,Salaried,0.5855365926141293,0,80645,0.2,0.2,0.1,0.05
3943,38,79402,North,Business,0.39026218545754654,0,92231,-0.05,-0.1,0.02,0.03
3944,46,88398,North,Salaried,0.22185387548571703,0,207247,-0.05,-0.1,0.02,0.03
3945,67,87429,East,Business,0.46921286831866893,0,67665,-0.05,-0.1,0.02,0.03
3946,45,58187,East,Salaried,0.4605270660654337,0,170451,-0.05,-0.1,0.02,0.03
3947,37,58093,South,Salaried,0.6649945783778165,0,186487,0.2,0.2,0.1,0.05
3948,52,93869,North,Business,0.4313476028920791,0,75391,-0.05,-0.1,0.02,0.03
3949,58,131605,North,Business,0.4429325480530638,1,139543,-0.05,-0.1,0.02,0.03
3950,51,100307,North,Business,0.3575452940041721,0,202665,-0.05,-0.1,0.02,0.03
3951,63,117854,East,Business,0.3971214982621195,0,218443,-0.05,-0.1,0.02,0.03
3952,33,142214,East,Salaried,0.20106968478303078,0,127604,-0.05,-0.1,0.02,0.03
3953,63,73558,East,Salaried,0.3904346014283483,0,184822,-0.05,-0.1,0.02,0.03
3954,49,75811,North,Business,0.3297420281215512,0,207454,-0.05,-0.1,0.02,0.03
3955,60,117260,East,Salaried,0.11546801760752406,0,146060,-0.05,-0.1,0.02,0.03
3956,58,98083,East,Salaried,0.2923469834544903,0,194752,-0.05,-0.1,0.02,0.03
3957,67,57595,North,Salaried,0.4715089702335524,0,126266,-0.05,-0.1,0.02,0.03
3958,55,55282,East,Business,0.35068503038271504,0,198977,-0.05,-0.1,0.02,0.03
3959,58,66892,North,Salaried,0.4989964643504706,0,210761,-0.05,-0.1,0.02,0.03
3960,47,144527,East,Business,0.23128981714200966,0,66820,-0.05,-0.1,0.02,0.03
3961,39,30735,South,Salaried,0.752778283224699,0,135746,0.2,0.2,0.1,0.05
3962,22,32241,West,SelfEmp,0.8344301840420474,1,181639,0.35,0.25,0.15,0.2
3963,62,111488,East,Business,0.24103947141790122,0,79347,-0.05,-0.1,0.02,0.03
3964,39,52960,South,Salaried,0.6692692928898034,0,185781,0.2,0.2,0.1,0.05
3965,54,68033,North,Business,0.42780924883837457,0,54406,-0.05,-0.1,0.02,0.03
3966,40,37591,South,Salaried,0.7335405255090953,1,138327,0.2,0.2,0.1,0.05
3967,65,76896,North,Salaried,0.2688486228200727,0,181185,-0.05,-0.1,0.02,0.03
3968,68,99236,East,Business,0.5696007049129221,0,315566,-0.15,-0.25,0.05,0.1
3969,29,37832,West,SelfEmp,0.7972173475518028,1,216544,0.35,0.25,0.15,0.2
3970,44,108081,East,Salaried,0.3288135064642167,0,88731,-0.05,-0.1,0.02,0.03
3971,54,112907,North,Business,0.24275501865628804,1,228184,-0.05,-0.1,0.02,0.03
3972,34,33353,South,Salaried,0.7618222030300872,0,95205,0.2,0.2,0.1,0.05
3973,36,57623,South,Salaried,0.6754345552506749,1,194756,0.2,0.2,0.1,0.05
3974,56,110321,East,Salaried,0.14458485583340674,0,193993,-0.05,-0.1,0.02,0.03
3975,40,122610,North,Business,0.324260983456391,0,172670,-0.05,-0.1,0.02,0.03
3976,61,66847,East,Business,0.32430110911177457,0,98067,-0.05,-0.1,0.02,0.03
3977,50,99382,East,Business,0.5775041258596004,0,275456,-0.15,-0.25,0.05,0.1
3978,45,65362,North,Business,0.3242957148650183,0,129987,-0.05,-0.1,0.02,0.03
3979,64,72169,North,Business,0.20257147786068308,0,226199,-0.05,-0.1,0.02,0.03
3980,24,34970,West,SelfEmp,0.8099220255363573,1,201455,0.35,0.25,0.15,0.2
3981,28,35349,West,SelfEmp,0.8020338082307856,1,247442,0.35,0.25,0.15,0.2
3982,40,105180,East,Business,0.49522178427820374,0,213237,-0.05,-0.1,0.02,0.03
3983,64,84880,North,Business,0.38420425981243655,0,105615,-0.05,-0.1,0.02,0.03
3984,33,64378,South,Salaried,0.6893215817500419,1,187623,0.2,0.2,0.1,0.05
3985,65,124864,North,Business,0.15816646003704596,0,69476,-0.05,-0.1,0.02,0.03
3986,30,30698,South,Salaried,0.7150292740312886,0,167659,0.2,0.2,0.1,0.05
3987,65,118833,East,Salaried,0.13980896326963066,0,239592,-0.05,-0.1,0.02,0.03
3988,55,92412,East,Business,0.3047023550228698,0,50434,-0.05,-0.1,0.02,0.03
3989,57,105819,North,Salaried,0.3595928792951376,0,171563,-0.05,-0.1,0.02,0.03
3990,67,95238,East,Business,0.3566922830364043,0,148684,-0.05,-0.1,0.02,0.03
3991,35,94335,East,Business,0.10454934640185948,0,116629,-0.05,-0.1,0.02,0.03
3992,41,56936,South,Salaried,0.6895255942182128,0,188850,0.2,0.2,0.1,0.05
3993,65,128872,North,Salaried,0.1057480823706996,0,232069,-0.05,-0.1,0.02,0.03
3994,32,50678,South,Salaried,0.5958459583734346,0,161689,0.2,0.2,0.1,0.05
3995,56,83061,East,Salaried,0.13446667736056603,0,142526,-0.05,-0.1,0.02,0.03
3996,55,102627,East,Salaried,0.1311140800801872,0,199949,-0.05,-0.1,0.02,0.03
3997,46,73179,North,Business,0.2057140884849928,0,73625,-0.05,-0.1,0.02,0.03
3998,68,132307,North,Salaried,0.26530040129331056,0,112055,-0.05,-0.1,0.02,0.03
3999,53,94173,North,Business,0.291307451784314,1,244209,-0.05,-0.1,0.02,0.03
4000,57,134562,North,Business,0.2277486665753047,0,163257,-0.05,-0.1,0.02,0.03
4001,43,108959,East,Business,0.1670134203890698,0,126034,-0.05,-0.1,0.02,0.03
4002,42,128466,North,Salaried,0.28794908945453634,0,105610,-0.05,-0.1,0.02,0.03
4003,39,113942,North,Salaried,0.4359633328064284,0,61204,-0.05,-0.1,0.02,0.03
4004,59,88567,East,Business,0.4986778550104646,0,74297,-0.05,-0.1,0.02,0.03
4005,41,125069,North,Business,0.23032715164227327,0,195138,-0.05,-0.1,0.02,0.03
4006,24,41585,West,SelfEmp,0.8434586818788632,1,161378,0.35,0.25,0.15,0.2
4007,42,62022,North,Salaried,0.35209988301424655,0,102692,-0.05,-0.1,0.02,0.03
4008,28,40570,West,SelfEmp,0.6509445463008693,0,128823,0.35,0.25,0.15,0.2
4009,59,67447,East,Business,0.37676329246430307,0,249694,-0.05,-0.1,0.02,0.03
4010,32,102503,North,Salaried,0.18025856355575778,0,118712,-0.05,-0.1,0.02,0.03
4011,41,60486,East,Business,0.28129286603997095,0,151101,-0.05,-0.1,0.02,0.03
4012,34,135824,North,Business,0.48970189783050544,0,53264,-0.05,-0.1,0.02,0.03
4013,51,132102,East,Business,0.419216977341366,1,69856,-0.05,-0.1,0.02,0.03
4014,57,96970,North,Salaried,0.24276596058860608,0,172155,-0.05,-0.1,0.02,0.03
4015,58,66963,East,Business,0.3489774985043309,0,124060,-0.05,-0.1,0.02,0.03
4016,67,115279,East,Business,0.5602027951921568,1,257019,-0.15,-0.25,0.05,0.1
4017,27,33227,West,SelfEmp,0.8330735665350218,0,146811,0.35,0.25,0.15,0.2
4018,67,103433,North,Business,0.32457960692440185,0,120602,-0.05,-0.1,0.02,0.03
4019,54,99408,North,Salaried,0.46556104771237605,0,240660,-0.05,-0.1,0.02,0.03
4020,47,97210,North,Salaried,0.2892693032085415,0,158894,-0.05,-0.1,0.02,0.03
4021,60,122580,East,Business,0.3619161414745523,1,221253,-0.05,-0.1,0.02,0.03
4022,60,77132,East,Salaried,0.21801495919251168,1,85306,-0.05,-0.1,0.02,0.03
4023,33,58258,South,Salaried,0.6087184252718751,0,178392,0.2,0.2,0.1,0.05
4024,51,135230,East,Business,0.2450935272867777,1,166386,-0.05,-0.1,0.02,0.03
4025,32,55691,East,Business,0.4930241447705881,0,126981,-0.05,-0.1,0.02,0.03
4026,41,149176,North,Business,0.36274932090374357,0,234681,-0.05,-0.1,0.02,0.03
4027,52,74265,East,Business,0.44142633488455174,0,209701,-0.05,-0.1,0.02,0.03
4028,67,132926,East,Salaried,0.25611154559542093,0,158987,-0.05,-0.1,0.02,0.03
4029,61,101178,North,Business,0.28125353948806797,1,213297,-0.05,-0.1,0.02,0.03
4030,67,63648,East,Salaried,0.30721835376455664,0,246209,-0.05,-0.1,0.02,0.03
4031,37,96972,East,Business,0.20290591444841866,0,248752,-0.05,-0.1,0.02,0.03
4032,58,111157,North,Business,0.37895340963505875,0,207523,-0.05,-0.1,0.02,0.03
4033,67,90963,North,Salaried,0.13823014941541226,0,178104,-0.05,-0.1,0.02,0.03
4034,58,108951,East,Business,0.6834432563398416,0,283631,-0.15,-0.25,0.05,0.1
4035,59,132532,North,Business,0.3868821919577754,0,199078,-0.05,-0.1,0.02,0.03
4036,64,141762,East,Business,0.4963946248078964,0,346461,-0.15,-0.25,0.05,0.1
4037,48,87220,North,Salaried,0.4564708316646858,0,175593,-0.05,-0.1,0.02,0.03
4038,51,106813,North,Business,0.23979319088960566,0,197681,-0.05,-0.1,0.02,0.03
4039,32,135099,East,Salaried,0.3506879691798048,1,217906,-0.05,-0.1,0.02,0.03
4040,61,136229,North,Business,0.4920396412431911,0,211482,-0.05,-0.1,0.02,0.03
4041,57,57728,North,Salaried,0.429954770272751,0,80838,-0.05,-0.1,0.02,0.03
4042,33,139272,East,Salaried,0.2892403445960363,0,162911,-0.05,-0.1,0.02,0.03
4043,57,139554,East,Business,0.5764143155036913,0,336143,-0.15,-0.25,0.05,0.1
4044,29,38364,West,SelfEmp,0.7521162416638514,1,227294,0.35,0.25,0.15,0.2
4045,54,110592,East,Business,0.1485849048392213,0,145964,-0.05,-0.1,0.02,0.03
4046,56,100073,North,Salaried,0.29724353929929787,0,227376,-0.05,-0.1,0.02,0.03
4047,57,136949,East,Salaried,0.35758710645693925,0,142971,-0.05,-0.1,0.02,0.03
4048,24,49927,West,SelfEmp,0.8565117966343115,1,161193,0.35,0.25,0.15,0.2
4049,62,109112,East,Business,0.41503162795149157,0,202652,-0.15,-0.25,0.05,0.1
4050,58,100382,East,Business,0.23537348969237076,0,205296,-0.05,-0.1,0.02,0.03
4051,48,61881,East,Salaried,0.4566941844231175,0,73097,-0.05,-0.1,0.02,0.03
4052,35,65089,North,Salaried,0.485516285785632,0,104018,-0.05,-0.1,0.02,0.03
4053,64,53830,North,Salaried,0.34691107569216895,1,79101,-0.05,-0.1,0.02,0.03
4054,57,57053,North,Salaried,0.41334056004969777,0,103341,-0.05,-0.1,0.02,0.03
4055,51,110108,East,Salaried,0.2029619553917463,1,198120,-0.05,-0.1,0.02,0.03
4056,50,108075,East,Salaried,0.17861469496149965,0,135794,-0.05,-0.1,0.02,0.03
4057,38,114441,North,Salaried,0.15104476199677805,0,116243,-0.05,-0.1,0.02,0.03
4058,35,82815,North,Business,0.2913439849105986,0,107701,-0.05,-0.1,0.02,0.03
4059,32,41452,South,Salaried,0.5657945124884549,0,114581,0.2,0.2,0.1,0.05
4060,36,71187,East,Salaried,0.2298240777900035,0,68036,-0.05,-0.1,0.02,0.03
4061,25,34476,West,SelfEmp,0.7272441151967043,1,241303,0.35,0.25,0.15,0.2
4062,41,120446,East,Salaried,0.4977475905467176,0,141862,-0.05,-0.1,0.02,0.03
4063,43,54177,East,Salaried,0.19291937452597027,0,170825,-0.05,-0.1,0.02,0.03
4064,42,121710,North,Salaried,0.32268787395040954,0,162761,-0.05,-0.1,0.02,0.03
4065,48,75258,North,Business,0.4297667331657221,0,125145,-0.05,-0.1,0.02,0.03
4066,49,77228,North,Salaried,0.3659187964121834,0,74463,-0.05,-0.1,0.02,0.03
4067,64,59827,North,Salaried,0.2634850090958075,0,51585,-0.05,-0.1,0.02,0.03
4068,58,131156,North,Business,0.4920561153453362,1,62199,-0.05,-0.1,0.02,0.03
4069,31,55699,East,Business,0.39027907791325633,0,117396,-0.05,-0.1,0.02,0.03
4070,43,101086,East,Business,0.3388165787338736,0,243197,-0.05,-0.1,0.02,0.03
4071,48,98203,North,Salaried,0.2200995387664554,0,203206,-0.05,-0.1,0.02,0.03
4072,50,54350,East,Salaried,0.40672146608278303,0,210492,-0.05,-0.1,0.02,0.03
4073,40,89651,North,Business,0.22761689716406283,0,241775,-0.05,-0.1,0.02,0.03
4074,26,41668,West,SelfEmp,0.7160185093239376,1,213690,0.35,0.25,0.15,0.2
4075,56,115133,East,Business,0.43604526568018,0,193667,-0.05,-0.1,0.02,0.03
4076,52,96164,East,Business,0.6434181137033232,1,195286,-0.15,-0.25,0.05,0.1
4077,54,50334,North,Business,0.4995171403422153,0,159247,-0.05,-0.1,0.02,0.03
4078,52,107253,North,Salaried,0.3693192244078731,0,79184,-0.05,-0.1,0.02,0.03
4079,40,88365,East,Salaried,0.21967820245269018,0,119891,-0.05,-0.1,0.02,0.03
4080,44,108475,North,Salaried,0.2771017143002473,0,248087,-0.05,-0.1,0.02,0.03
4081,59,140873,East,Business,0.5857283326580806,0,218083,-0.15,-0.25,0.05,0.1
4082,45,115995,North,Salaried,0.3752747128673847,0,207179,-0.05,-0.1,0.02,0.03
4083,32,143103,East,Salaried,0.2723141874115069,0,180753,-0.05,-0.1,0.02,0.03
4084,38,127434,North,Business,0.45717536704822404,0,184741,-0.05,-0.1,0.02,0.03
4085,52,86030,North,Salaried,0.1471732779580698,0,138414,-0.05,-0.1,0.02,0.03
4086,43,136498,East,Business,0.388994588181517,0,119069,-0.05,-0.1,0.02,0.03
4087,40,142154,North,Business,0.2354054755082629,0,56005,-0.05,-0.1,0.02,0.03
4088,35,96976,East,Salaried,0.3022442571309635,0,97276,-0.05,-0.1,0.02,0.03
4089,60,137438,East,Business,0.23905112057559774,0,81562,-0.05,-0.1,0.02,0.03
4090,50,101038,East,Business,0.21691790634472632,0,112278,-0.05,-0.1,0.02,0.03
4091,22,46028,West,SelfEmp,0.8252707372853484,1,197190,0.35,0.25,0.15,0.2
4092,51,99487,North,Salaried,0.23921642817951738,0,74564,-0.05,-0.1,0.02,0.03
4093,32,57111,East,Salaried,0.16241457968204323,0,234206,-0.05,-0.1,0.02,0.03
4094,60,139937,East,Salaried,0.2783834025325525,0,158841,-0.05,-0.1,0.02,0.03
4095,50,142312,East,Business,0.5948814428304243,0,281065,-0.15,-0.25,0.05,0.1
4096,51,127558,North,Salaried,0.18999256622952487,0,129247,-0.05,-0.1,0.02,0.03
4097,58,132481,East,Business,0.32101437535577115,1,247900,-0.05,-0.1,0.02,0.03
4098,56,57559,East,Business,0.4952990929583637,0,128740,-0.05,-0.1,0.02,0.03
4099,28,30229,West,SelfEmp,0.8137647543351457,1,127553,0.35,0.25,0.15,0.2
4100,24,46440,West,SelfEmp,0.8021022177200172,0,189451,0.35,0.25,0.15,0.2
4101,61,122469,East,Business,0.6887708762132896,0,303186,-0.15,-0.25,0.05,0.1
4102,67,110753,East,Business,0.36204174598327565,0,167819,-0.05,-0.1,0.02,0.03
4103,37,125705,North,Salaried,0.34546432296373086,0,227248,-0.05,-0.1,0.02,0.03
4104,41,106010,East,Business,0.4139414132148965,0,199500,-0.05,-0.1,0.02,0.03
4105,33,60097,East,Business,0.20203457244771733,0,160128,-0.05,-0.1,0.02,0.03
4106,47,90079,North,Business,0.26238458253583574,0,146411,-0.05,-0.1,0.02,0.03
4107,33,48440,South,Salaried,0.5832065261105539,1,185406,0.2,0.2,0.1,0.05
4108,33,59641,South,Salaried,0.5624295731219924,0,131065,0.2,0.2,0.1,0.05
4109,32,129363,East,Salaried,0.18298423417447784,0,226724,-0.05,-0.1,0.02,0.03
4110,64,116673,North,Business,0.25434432533664075,0,118809,-0.05,-0.1,0.02,0.03
4111,31,105084,East,Business,0.3706445792652334,0,241988,-0.05,-0.1,0.02,0.03
4112,63,87236,North,Salaried,0.25217294899549414,0,222039,-0.05,-0.1,0.02,0.03
4113,49,122838,North,Salaried,0.264033499622243,0,92311,-0.05,-0.1,0.02,0.03
4114,40,47171,South,Salaried,0.7856863133751583,1,162473,0.2,0.2,0.1,0.05
4115,66,113624,North,Salaried,0.13148280054740658,0,227176,-0.05,-0.1,0.02,0.03
4116,43,57637,South,Salaried,0.5664570116375239,0,169074,0.2,0.2,0.1,0.05
4117,21,46708,West,SelfEmp,0.8948604104928238,1,134412,0.35,0.25,0.15,0.2
4118,45,143638,East,Salaried,0.18000423577734537,0,183507,-0.05,-0.1,0.02,0.03
4119,42,53386,North,Business,0.30630891506948943,1,224536,-0.05,-0.1,0.02,0.03
4120,43,136679,North,Salaried,0.24857637169294866,0,52752,-0.05,-0.1,0.02,0.03
4121,35,144010,East,Business,0.10068201260090603,0,225842,-0.05,-0.1,0.02,0.03
4122,52,118189,North,Business,0.20537673621808158,0,219031,-0.05,-0.1,0.02,0.03
4123,34,131746,East,Business,0.1789192298153732,0,52884,-0.05,-0.1,0.02,0.03
4124,34,60234,East,Salaried,0.12892680594374073,0,216885,-0.05,-0.1,0.02,0.03
4125,47,59369,East,Business,0.48622368732746335,0,171282,-0.05,-0.1,0.02,0.03
4126,52,101566,North,Business,0.4866230773710599,0,60943,-0.05,-0.1,0.02,0.03
4127,58,121341,East,Business,0.19010631147802204,0,184078,-0.05,-0.1,0.02,0.03
4128,54,58505,North,Business,0.23119933934841588,0,187675,-0.05,-0.1,0.02,0.03
4129,35,63460,North,Business,0.40452396618095177,0,129770,-0.05,-0.1,0.02,0.03
4130,31,94515,North,Business,0.32592631279678846,0,79764,-0.05,-0.1,0.02,0.03
4131,42,126844,North,Business,0.12364444403391489,0,200355,-0.05,-0.1,0.02,0.03
4132,61,123210,East,Salaried,0.43450200374856107,0,79197,-0.05,-0.1,0.02,0.03
4133,56,142911,East,Salaried,0.44284637692694695,0,195354,-0.05,-0.1,0.02,0.03
4134,32,122984,East,Salaried,0.41939574504328037,0,76974,-0.05,-0.1,0.02,0.03
4135,46,81914,North,Business,0.43647548202849884,0,247936,-0.05,-0.1,0.02,0.03
4136,39,56567,South,Salaried,0.7334151597532663,0,83140,0.2,0.2,0.1,0.05
4137,62,64057,East,Salaried,0.48109864039701544,0,59802,-0.05,-0.1,0.02,0.03
4138,69,54675,North,Business,0.4834629658065339,1,139450,-0.05,-0.1,0.02,0.03
4139,28,43459,West,SelfEmp,0.868609696290186,0,163631,0.35,0.25,0.15,0.2
4140,36,32078,South,Salaried,0.5671412017315244,0,103397,0.2,0.2,0.1,0.05
4141,51,56011,North,Business,0.47630098105800245,0,201118,-0.05,-0.1,0.02,0.03
4142,56,83797,North,Business,0.2651552119461432,0,215145,-0.05,-0.1,0.02,0.03
4143,58,136014,East,Business,0.45026887331796056,0,292769,-0.15,-0.25,0.05,0.1
4144,35,110857,East,Salaried,0.48064162756741935,0,72792,-0.05,-0.1,0.02,0.03
4145,43,86018,East,Business,0.473909060319162,0,110309,-0.05,-0.1,0.02,0.03
4146,47,61559,North,Salaried,0.4712215679231043,0,136467,-0.05,-0.1,0.02,0.03
4147,49,135409,East,Business,0.3550657138357828,0,168818,-0.05,-0.1,0.02,0.03
4148,30,53809,North,Business,0.4661707622702479,1,212811,-0.05,-0.1,0.02,0.03
4149,22,47557,West,SelfEmp,0.8479202192142831,1,173420,0.35,0.25,0.15,0.2
4150,51,148035,East,Business,0.544102472866668,0,301765,-0.15,-0.25,0.05,0.1
4151,40,135130,North,Business,0.20077014814265698,0,231016,-0.05,-0.1,0.02,0.03
4152,28,37378,West,SelfEmp,0.7626386903269428,1,229862,0.35,0.25,0.15,0.2
4153,30,89020,East,Salaried,0.2665637117911224,0,196257,-0.05,-0.1,0.02,0.03
4154,43,127015,North,Business,0.35416135356184353,0,150175,-0.05,-0.1,0.02,0.03
4155,34,103886,East,Salaried,0.3237759646011591,0,150029,-0.05,-0.1,0.02,0.03
4156,63,115324,North,Salaried,0.2088927768076256,0,114411,-0.05,-0.1,0.02,0.03
4157,56,106318,East,Business,0.4264856618124053,0,162289,-0.05,-0.1,0.02,0.03
4158,39,141762,East,Business,0.36400519768338413,0,154445,-0.05,-0.1,0.02,0.03
4159,33,120313,North,Business,0.1008982833910621,0,122593,-0.05,-0.1,0.02,0.03
4160,24,40193,West,SelfEmp,0.7274110524267913,1,140764,0.35,0.25,0.15,0.2
4161,64,130085,North,Business,0.11441643010608034,1,110019,-0.05,-0.1,0.02,0.03
4162,56,102645,North,Salaried,0.14346635869245566,0,238803,-0.05,-0.1,0.02,0.03
4163,44,57589,North,Salaried,0.3395512153953465,0,56645,-0.05,-0.1,0.02,0.03
4164,40,97634,North,Salaried,0.2090286677673658,0,207743,-0.05,-0.1,0.02,0.03
4165,55,78233,East,Business,0.27931539667985816,0,185510,-0.05,-0.1,0.02,0.03
4166,38,142139,East,Salaried,0.33587387522739354,0,160629,-0.05,-0.1,0.02,0.03
4167,29,33422,West,SelfEmp,0.8601012746111325,1,163441,0.35,0.25,0.15,0.2
4168,38,130436,East,Business,0.33137889720111013,0,174118,-0.05,-0.1,0.02,0.03
4169,47,140741,North,Salaried,0.28654564753304457,0,180120,-0.05,-0.1,0.02,0.03
4170,29,42370,West,SelfEmp,0.8283452777907845,1,242613,0.35,0.25,0.15,0.2
4171,68,111336,East,Business,0.365330343152667,0,200258,-0.05,-0.1,0.02,0.03
4172,29,39592,West,SelfEmp,0.7598073692922971,1,212615,0.35,0.25,0.15,0.2
4173,39,125919,North,Salaried,0.24322196489295922,0,80568,-0.05,-0.1,0.02,0.03
4174,44,104703,North,Business,0.34401132539012563,1,241703,-0.05,-0.1,0.02,0.03
4175,32,129176,East,Salaried,0.4175709100939816,0,186208,-0.05,-0.1,0.02,0.03
4176,23,33151,West,SelfEmp,0.7166493942076043,0,200839,0.35,0.25,0.15,0.2
4177,69,71625,East,Salaried,0.15292680634284023,0,86200,-0.05,-0.1,0.02,0.03
4178,66,126447,East,Business,0.5296132459083797,0,241568,-0.15,-0.25,0.05,0.1
4179,32,47757,South,Salaried,0.6203797731166043,1,117930,0.2,0.2,0.1,0.05
4180,65,80368,North,Business,0.20306476793467412,0,222544,-0.05,-0.1,0.02,0.03
4181,34,31401,South,Salaried,0.7508443928594803,1,173544,0.2,0.2,0.1,0.05
4182,69,98809,East,Business,0.39507377493350915,0,108860,-0.05,-0.1,0.02,0.03
4183,33,124243,North,Business,0.2602936715177473,0,63381,-0.05,-0.1,0.02,0.03
4184,68,98390,East,Business,0.20020194765078336,0,114535,-0.05,-0.1,0.02,0.03
4185,44,118020,North,Business,0.24828087224587977,0,112637,-0.05,-0.1,0.02,0.03
4186,42,52012,South,Salaried,0.6602180928737694,0,123348,0.2,0.2,0.1,0.05
4187,44,116881,East,Salaried,0.25028809385588785,1,198145,-0.05,-0.1,0.02,0.03
4188,46,82887,East,Business,0.20328118378742774,1,77428,-0.05,-0.1,0.02,0.03
4189,37,110127,North,Business,0.4070476491306386,0,159122,-0.05,-0.1,0.02,0.03
4190,41,103954,North,Business,0.19963866075222067,0,234714,-0.05,-0.1,0.02,0.03
4191,37,123179,East,Salaried,0.4213631306358543,0,141007,-0.05,-0.1,0.02,0.03
4192,41,143205,East,Business,0.1953542768613873,0,171696,-0.05,-0.1,0.02,0.03
4193,63,109286,North,Business,0.47665236780000897,0,112722,-0.05,-0.1,0.02,0.03
4194,59,71916,North,Business,0.3732791402739989,0,141045,-0.05,-0.1,0.02,0.03
4195,43,54547,South,Salaried,0.6655242060481924,0,154285,0.2,0.2,0.1,0.05
4196,57,78695,North,Business,0.2745077120170357,0,103250,-0.05,-0.1,0.02,0.03
4197,36,58692,South,Salaried,0.705910067442747,0,134560,0.2,0.2,0.1,0.05
4198,47,91988,North,Salaried,0.4872205583283462,0,86003,-0.05,-0.1,0.02,0.03
4199,53,97114,East,Salaried,0.1708211214600076,0,89621,-0.05,-0.1,0.02,0.03
4200,44,136901,East,Business,0.3345450018103915,0,230619,-0.05,-0.1,0.02,0.03
4201,66,107707,North,Business,0.242591266059133,1,63886,-0.05,-0.1,0.02,0.03
4202,45,88948,North,Salaried,0.1544537615708469,0,132293,-0.05,-0.1,0.02,0.03
4203,61,107483,East,Salaried,0.13739156837065078,0,122433,-0.05,-0.1,0.02,0.03
4204,44,63870,East,Business,0.2465228475376458,0,52948,-0.05,-0.1,0.02,0.03
4205,39,112805,North,Salaried,0.42969269936470333,1,143055,-0.05,-0.1,0.02,0.03
4206,57,118879,East,Salaried,0.31441697998633034,0,170015,-0.05,-0.1,0.02,0.03
4207,34,62332,South,Salaried,0.6327850597313079,1,82661,0.2,0.2,0.1,0.05
4208,63,53157,East,Salaried,0.35976018695099743,0,233217,-0.05,-0.1,0.02,0.03
4209,55,111402,North,Business,0.17109446184861493,0,107822,-0.05,-0.1,0.02,0.03
4210,58,76374,East,Business,0.3012927095415515,1,146856,-0.05,-0.1,0.02,0.03
4211,32,31026,South,Salaried,0.6705790260965805,1,171676,0.2,0.2,0.1,0.05
4212,48,144564,North,Salaried,0.2196047973168439,0,84064,-0.05,-0.1,0.02,0.03
4213,42,97821,East,Salaried,0.434537278314335,0,73018,-0.05,-0.1,0.02,0.03
4214,44,120783,East,Business,0.24439790351698687,0,70926,-0.05,-0.1,0.02,0.03
4215,40,47144,South,Salaried,0.5782531563367447,1,140952,0.2,0.2,0.1,0.05
4216,51,56364,East,Business,0.17793420903691098,0,127863,-0.05,-0.1,0.02,0.03
4217,36,53741,East,Business,0.3335574854906379,1,102749,-0.05,-0.1,0.02,0.03
4218,54,51740,North,Salaried,0.30000294372635294,0,55247,-0.05,-0.1,0.02,0.03
4219,37,114535,East,Business,0.14498657438454582,0,136846,-0.05,-0.1,0.02,0.03
4220,42,62137,North,Business,0.3747639914732853,0,197577,-0.05,-0.1,0.02,0.03
4221,45,58498,North,Salaried,0.24816558121176302,1,154280,-0.05,-0.1,0.02,0.03
4222,37,99105,North,Business,0.36630643389212225,0,247311,-0.05,-0.1,0.02,0.03
4223,41,56440,East,Salaried,0.36707910468258864,0,78972,-0.05,-0.1,0.02,0.03
4224,67,105014,North,Business,0.44041697943436087,0,181315,-0.05,-0.1,0.02,0.03
4225,46,121799,East,Business,0.3525993130749153,0,193542,-0.05,-0.1,0.02,0.03
4226,60,134944,North,Business,0.2537732389716601,0,218037,-0.05,-0.1,0.02,0.03
4227,22,48150,West,SelfEmp,0.6563087213967005,1,203310,0.35,0.25,0.15,0.2
4228,66,52469,North,Salaried,0.11647091958520633,0,107603,-0.05,-0.1,0.02,0.03
4229,56,127198,East,Business,0.6211806070759254,0,210555,-0.15,-0.25,0.05,0.1
4230,47,75976,East,Business,0.1148184612789403,0,186772,-0.05,-0.1,0.02,0.03
4231,46,126276,East,Business,0.15129928225802597,0,143590,-0.05,-0.1,0.02,0.03
4232,66,98787,East,Business,0.46891256447792684,0,172441,-0.05,-0.1,0.02,0.03
4233,63,109235,North,Business,0.20580176174834375,0,188271,-0.05,-0.1,0.02,0.03
4234,23,29480,West,SelfEmp,0.7082674584237127,1,194918,0.35,0.25,0.15,0.2
4235,40,67173,North,Salaried,0.1730394998114161,0,149124,-0.05,-0.1,0.02,0.03
4236,34,112301,East,Business,0.3062559896079381,0,80466,-0.05,-0.1,0.02,0.03
4237,53,61837,East,Salaried,0.31529577929885355,0,154304,-0.05,-0.1,0.02,0.03
4238,30,115165,North,Salaried,0.11595407259453282,0,162958,-0.05,-0.1,0.02,0.03
4239,49,115322,East,Salaried,0.18589340095369136,0,61613,-0.05,-0.1,0.02,0.03
4240,53,139964,North,Salaried,0.13551411027765364,0,138069,-0.05,-0.1,0.02,0.03
4241,39,130984,East,Salaried,0.34923749413111227,0,142170,-0.05,-0.1,0.02,0.03
4242,45,130928,North,Salaried,0.33397399501785024,0,134431,-0.05,-0.1,0.02,0.03
4243,61,148757,North,Business,0.3687191586304248,0,149066,-0.05,-0.1,0.02,0.03
4244,59,96465,North,Salaried,0.11406421789873687,0,244948,-0.05,-0.1,0.02,0.03
4245,56,78484,North,Business,0.23714562317834498,0,236323,-0.05,-0.1,0.02,0.03
4246,37,127213,North,Business,0.32896762558619863,1,102606,-0.05,-0.1,0.02,0.03
4247,58,98048,East,Business,0.551122436580207,0,304573,-0.15,-0.25,0.05,0.1
4248,66,76948,East,Business,0.32078668856996084,1,138780,-0.05,-0.1,0.02,0.03
4249,55,68327,East,Salaried,0.42608874168484734,0,59042,-0.05,-0.1,0.02,0.03
4250,65,113588,East,Salaried,0.15409679932146092,0,148895,-0.05,-0.1,0.02,0.03
4251,35,97545,North,Business,0.1869972731280458,1,240759,-0.05,-0.1,0.02,0.03
4252,40,72132,North,Business,0.2111709248171657,0,246996,-0.05,-0.1,0.02,0.03
4253,29,39454,West,SelfEmp,0.6870945728003691,1,205939,0.35,0.25,0.15,0.2
4254,57,56630,North,Salaried,0.10338576864692382,1,237043,-0.05,-0.1,0.02,0.03
4255,23,28121,West,SelfEmp,0.7224988507933254,1,246162,0.35,0.25,0.15,0.2
4256,37,33397,South,Salaried,0.689720278525539,1,132133,0.2,0.2,0.1,0.05
4257,61,53472,East,Business,0.2912511888963446,0,102744,-0.05,-0.1,0.02,0.03
4258,54,136616,East,Business,0.4510326511754381,0,209966,-0.05,-0.1,0.02,0.03
4259,30,46052,South,Salaried,0.6637765752032141,1,116219,0.2,0.2,0.1,0.05
4260,53,105813,East,Business,0.28468916726667637,1,128649,-0.05,-0.1,0.02,0.03
4261,55,132638,North,Business,0.31995342379510083,0,102006,-0.05,-0.1,0.02,0.03
4262,68,110591,North,Business,0.1047849051834974,0,64101,-0.05,-0.1,0.02,0.03
4263,43,63261,East,Business,0.36856766006707087,0,188598,-0.05,-0.1,0.02,0.03
4264,65,82588,North,Business,0.32078677109155673,0,79146,-0.05,-0.1,0.02,0.03
4265,66,87638,East,Business,0.46498999428773957,0,214460,-0.05,-0.1,0.02,0.03
4266,60,76076,North,Business,0.37263332804300775,0,218153,-0.05,-0.1,0.02,0.03
4267,60,149098,North,Business,0.435974912207871,1,168116,-0.05,-0.1,0.02,0.03
4268,52,88754,East,Business,0.2216254150026011,0,63771,-0.05,-0.1,0.02,0.03
4269,69,57769,North,Business,0.15018615562722412,0,120805,-0.05,-0.1,0.02,0.03
4270,57,96900,North,Salaried,0.29228159386798525,0,60865,-0.05,-0.1,0.02,0.03
4271,67,144404,North,Business,0.25744413677784883,0,183993,-0.05,-0.1,0.02,0.03
4272,48,123647,North,Business,0.32878276166164766,0,164039,-0.05,-0.1,0.02,0.03
4273,66,125511,North,Business,0.17867456106058013,0,200416,-0.05,-0.1,0.02,0.03
4274,49,72522,North,Salaried,0.3331920809186061,0,166416,-0.05,-0.1,0.02,0.03
4275,63,138095,North,Business,0.3062255778885981,0,196724,-0.05,-0.1,0.02,0.03
4276,47,119516,East,Salaried,0.4511276690280286,0,231057,-0.05,-0.1,0.02,0.03
4277,54,94106,East,Business,0.5330504147650125,0,189612,-0.15,-0.25,0.05,0.1
4278,24,41596,West,SelfEmp,0.7199326867019038,1,181082,0.35,0.25,0.15,0.2
4279,31,148203,North,Salaried,0.20631700622164262,0,192332,-0.05,-0.1,0.02,0.03
4280,68,95181,North,Salaried,0.308508380071678,0,100652,-0.05,-0.1,0.02,0.03
4281,28,30926,West,SelfEmp,0.6890262494093501,1,183803,0.35,0.25,0.15,0.2
4282,41,58019,South,Salaried,0.6839162769833507,0,178162,0.2,0.2,0.1,0.05
4283,49,73572,North,Salaried,0.14055795353320538,0,85357,-0.05,-0.1,0.02,0.03
4284,69,85276,North,Business,0.17990055901318006,0,183117,-0.05,-0.1,0.02,0.03
4285,58,61105,North,Business,0.44233585019796784,0,82135,-0.05,-0.1,0.02,0.03
4286,67,120047,North,Business,0.10462288799336049,0,191779,-0.05,-0.1,0.02,0.03
4287,52,115106,East,Business,0.4802359103009606,0,209029,-0.05,-0.1,0.02,0.03
4288,66,123752,North,Business,0.33354491251641405,0,169714,-0.05,-0.1,0.02,0.03
4289,32,133502,North,Business,0.4560191639495764,0,103907,-0.05,-0.1,0.02,0.03
4290,64,120732,East,Business,0.46140324214282347,0,157992,-0.05,-0.1,0.02,0.03
4291,27,34927,West,SelfEmp,0.8513844095203786,0,181259,0.35,0.25,0.15,0.2
4292,58,68894,East,Business,0.2965190199478823,0,237204,-0.05,-0.1,0.02,0.03
4293,62,65140,North,Salaried,0.2585456810982914,0,88147,-0.05,-0.1,0.02,0.03
4294,68,98689,North,Salaried,0.3269109485591429,0,184892,-0.05,-0.1,0.02,0.03
4295,67,109961,East,Salaried,0.21337834380217818,0,165891,-0.05,-0.1,0.02,0.03
4296,43,52912,South,Salaried,0.7001611752675545,0,167610,0.2,0.2,0.1,0.05
4297,47,105483,North,Business,0.4509936165270134,0,105011,-0.05,-0.1,0.02,0.03
4298,59,99253,North,Salaried,0.31186939236501354,0,162042,-0.05,-0.1,0.02,0.03
4299,53,73884,North,Business,0.31109177329706683,1,57114,-0.05,-0.1,0.02,0.03
4300,57,56492,North,Business,0.3903485544459794,0,151959,-0.05,-0.1,0.02,0.03
4301,62,72625,North,Salaried,0.4828086439197772,1,218964,-0.05,-0.1,0.02,0.03
4302,57,74357,North,Business,0.4826540053910452,0,237672,-0.05,-0.1,0.02,0.03
4303,48,50026,North,Business,0.33003064579699887,0,245961,-0.05,-0.1,0.02,0.03
4304,60,94258,North,Business,0.3894817703868123,0,205478,-0.05,-0.1,0.02,0.03
4305,49,141838,North,Business,0.48758119546131706,0,64248,-0.05,-0.1,0.02,0.03
4306,46,60362,North,Business,0.49052516004425595,0,140629,-0.05,-0.1,0.02,0.03
4307,61,144079,East,Business,0.18324335159881336,0,66858,-0.05,-0.1,0.02,0.03
4308,46,89300,North,Business,0.10900671042812951,0,198822,-0.05,-0.1,0.02,0.03
4309,33,66691,North,Salaried,0.39024899119387835,0,213062,-0.05,-0.1,0.02,0.03
4310,67,119427,North,Business,0.2179620464057774,1,203736,-0.05,-0.1,0.02,0.03
4311,39,143761,North,Business,0.47821742487038776,0,240951,-0.05,-0.1,0.02,0.03
4312,45,140702,North,Business,0.40988274720622464,0,64214,-0.05,-0.1,0.02,0.03
4313,58,84303,North,Salaried,0.2700654978621265,1,102338,-0.05,-0.1,0.02,0.03
4314,52,122777,North,Business,0.11574477669685149,0,115101,-0.05,-0.1,0.02,0.03
4315,67,54405,East,Business,0.3939227324031572,0,150887,-0.05,-0.1,0.02,0.03
4316,65,110357,East,Business,0.48505666517875257,0,66036,-0.05,-0.1,0.02,0.03
4317,38,68274,East,Business,0.47889499009453307,0,176251,-0.05,-0.1,0.02,0.03
4318,38,73691,East,Salaried,0.20497199402292723,0,65893,-0.05,-0.1,0.02,0.03
4319,62,130632,North,Business,0.37646669191230153,1,127582,-0.05,-0.1,0.02,0.03
4320,33,74560,East,Business,0.28804790642658756,1,165134,-0.05,-0.1,0.02,0.03
4321,31,128572,East,Business,0.3210279007607828,0,220949,-0.05,-0.1,0.02,0.03
4322,51,133060,East,Business,0.13715791016836218,0,63163,-0.05,-0.1,0.02,0.03
4323,33,80802,East,Business,0.19482516043907225,0,175588,-0.05,-0.1,0.02,0.03
4324,38,85539,East,Business,0.40273953278171626,0,136190,-0.05,-0.1,0.02,0.03
4325,42,66418,North,Salaried,0.34629353339285807,0,118916,-0.05,-0.1,0.02,0.03
4326,35,91135,East,Business,0.1984234986300499,0,58056,-0.05,-0.1,0.02,0.03
4327,60,90952,East,Business,0.6809728252221194,1,162521,-0.15,-0.25,0.05,0.1
4328,23,38750,West,SelfEmp,0.7599776109780536,1,248148,0.35,0.25,0.15,0.2
4329,33,41520,South,Salaried,0.7281074331712368,1,180263,0.2,0.2,0.1,0.05
4330,58,84343,North,Business,0.18920007241539116,1,112678,-0.05,-0.1,0.02,0.03
4331,66,127510,North,Salaried,0.3152755778434662,0,196087,-0.05,-0.1,0.02,0.03
4332,32,106221,East,Business,0.16552959450827298,0,203824,-0.05,-0.1,0.02,0.03
4333,41,80508,East,Salaried,0.13276213569510156,0,189596,-0.05,-0.1,0.02,0.03
4334,40,50596,South,Salaried,0.6319502421605274,1,120239,0.2,0.2,0.1,0.05
4335,66,104542,North,Business,0.25186005752838625,0,88022,-0.05,-0.1,0.02,0.03
4336,57,132753,East,Business,0.4421913360641254,0,103406,-0.05,-0.1,0.02,0.03
4337,49,78879,East,Business,0.40726099904110313,0,172146,-0.05,-0.1,0.02,0.03
4338,52,57118,North,Business,0.11241137696721291,0,176202,-0.05,-0.1,0.02,0.03
4339,33,60545,East,Salaried,0.3606663982750228,0,172594,-0.05,-0.1,0.02,0.03
4340,47,125113,East,Business,0.1389902751604724,0,197322,-0.05,-0.1,0.02,0.03
4341,51,89388,East,Business,0.45778750419017755,0,129493,-0.05,-0.1,0.02,0.03
4342,26,48889,West,SelfEmp,0.826800218237258,1,194536,0.35,0.25,0.15,0.2
4343,57,84894,North,Salaried,0.16648619780936474,0,128444,-0.05,-0.1,0.02,0.03
4344,48,106700,East,Salaried,0.26661025953582385,1,245423,-0.05,-0.1,0.02,0.03
4345,33,98287,North,Salaried,0.36766843764600654,0,80837,-0.05,-0.1,0.02,0.03
4346,69,148680,North,Business,0.12215541383122114,0,116601,-0.05,-0.1,0.02,0.03
4347,53,97561,East,Business,0.3361541493002496,0,199829,-0.05,-0.1,0.02,0.03
4348,34,129654,North,Business,0.45860047518958114,0,199407,-0.05,-0.1,0.02,0.03
4349,62,97501,East,Salaried,0.48896267788412695,0,81586,-0.05,-0.1,0.02,0.03
4350,36,117879,North,Business,0.30017417000663094,0,111097,-0.05,-0.1,0.02,0.03
4351,35,115884,North,Salaried,0.4344086633783891,1,63576,-0.05,-0.1,0.02,0.03
4352,42,75205,East,Business,0.26910316833364134,0,111939,-0.05,-0.1,0.02,0.03
4353,59,99266,North,Salaried,0.32608398731407695,0,200044,-0.05,-0.1,0.02,0.03
4354,63,78403,North,Salaried,0.2225388372074321,1,249227,-0.05,-0.1,0.02,0.03
4355,58,129095,East,Salaried,0.1358002563582026,0,160299,-0.05,-0.1,0.02,0.03
4356,38,48074,South,Salaried,0.6060304755651291,0,166208,0.2,0.2,0.1,0.05
4357,53,77928,East,Salaried,0.45206887225630266,0,178716,-0.05,-0.1,0.02,0.03
4358,24,26560,West,SelfEmp,0.7924655248887511,1,184947,0.35,0.25,0.15,0.2
4359,46,146699,East,Salaried,0.4847661205645152,0,83264,-0.05,-0.1,0.02,0.03
4360,61,111722,East,Salaried,0.4243443878075166,0,229159,-0.05,-0.1,0.02,0.03
4361,67,111426,East,Salaried,0.48326029910395263,0,225206,-0.05,-0.1,0.02,0.03
4362,67,103595,North,Salaried,0.24022845985512525,0,243782,-0.05,-0.1,0.02,0.03
4363,68,58511,East,Salaried,0.45726072754103664,0,191020,-0.05,-0.1,0.02,0.03
4364,67,121461,East,Business,0.5149312500532697,0,221171,-0.15,-0.25,0.05,0.1
4365,52,107036,East,Business,0.5911103227218129,0,160321,-0.15,-0.25,0.05,0.1
4366,33,104911,North,Business,0.10239915724678506,0,244361,-0.05,-0.1,0.02,0.03
4367,55,69713,East,Salaried,0.20082277141761873,0,121095,-0.05,-0.1,0.02,0.03
4368,69,75656,North,Business,0.27007160283317244,0,95923,-0.05,-0.1,0.02,0.03
4369,31,129707,North,Salaried,0.49559218680655015,0,215190,-0.05,-0.1,0.02,0.03
4370,43,78352,North,Business,0.39411841920820456,0,66944,-0.05,-0.1,0.02,0.03
4371,31,57207,North,Salaried,0.2162382576119146,1,60017,-0.05,-0.1,0.02,0.03
4372,21,39573,West,SelfEmp,0.6752038035163471,0,168588,0.35,0.25,0.15,0.2
4373,35,144647,North,Salaried,0.14557824547220496,0,137983,-0.05,-0.1,0.02,0.03
4374,63,149068,East,Business,0.6144769379263373,0,157998,-0.15,-0.25,0.05,0.1
4375,27,39228,West,SelfEmp,0.7199095820129318,1,121882,0.35,0.25,0.15,0.2
4376,43,53258,South,Salaried,0.6150457927705086,0,163943,0.2,0.2,0.1,0.05
4377,40,144504,North,Salaried,0.4012398719086535,0,244410,-0.05,-0.1,0.02,0.03
4378,51,138334,East,Business,0.6895724526734599,0,309226,-0.15,-0.25,0.05,0.1
4379,41,84349,East,Salaried,0.1922412173340139,0,57531,-0.05,-0.1,0.02,0.03
4380,65,67279,North,Business,0.2860026528849345,0,232570,-0.05,-0.1,0.02,0.03
4381,35,148102,East,Salaried,0.23181915409527273,1,164074,-0.05,-0.1,0.02,0.03
4382,36,96691,North,Salaried,0.1561345467170024,0,178407,-0.05,-0.1,0.02,0.03
4383,48,127150,East,Salaried,0.4759423835575455,0,82837,-0.05,-0.1,0.02,0.03
4384,41,141761,North,Business,0.48855959502798474,0,185724,-0.05,-0.1,0.02,0.03
4385,60,120249,East,Salaried,0.30720178094290135,0,135726,-0.05,-0.1,0.02,0.03
4386,35,79212,North,Business,0.2790329971816178,0,227036,-0.05,-0.1,0.02,0.03
4387,50,116856,North,Business,0.29700466333345354,0,243930,-0.05,-0.1,0.02,0.03
4388,36,89330,East,Business,0.4051082218150782,0,129738,-0.05,-0.1,0.02,0.03
4389,25,39536,West,SelfEmp,0.7616644966452253,1,228077,0.35,0.25,0.15,0.2
4390,60,85118,East,Business,0.10814269976439213,1,69546,-0.05,-0.1,0.02,0.03
4391,29,29578,West,SelfEmp,0.8911959394363524,1,205509,0.35,0.25,0.15,0.2
4392,56,68614,North,Salaried,0.48568059431054234,0,118149,-0.05,-0.1,0.02,0.03
4393,23,25677,West,SelfEmp,0.6610441940604139,1,163211,0.35,0.25,0.15,0.2
4394,40,38986,South,Salaried,0.633896552547046,1,193145,0.2,0.2,0.1,0.05
4395,39,92956,East,Salaried,0.45779661794991666,0,154749,-0.05,-0.1,0.02,0.03
4396,68,121160,North,Business,0.1008930212576435,0,201514,-0.05,-0.1,0.02,0.03
4397,34,55474,South,Salaried,0.595345261925095,1,98606,0.2,0.2,0.1,0.05
4398,53,84282,North,Salaried,0.3214780344269318,0,119875,-0.05,-0.1,0.02,0.03
4399,23,41486,West,SelfEmp,0.8023481790949307,0,148788,0.35,0.25,0.15,0.2
4400,30,57537,East,Business,0.18563176858250727,0,153106,-0.05,-0.1,0.02,0.03
4401,54,114043,East,Business,0.11242720352652502,0,212573,-0.05,-0.1,0.02,0.03
4402,55,73719,East,Salaried,0.24810191356897204,0,70520,-0.05,-0.1,0.02,0.03
4403,32,63982,East,Salaried,0.10399991818232134,0,239159,-0.05,-0.1,0.02,0.03
4404,31,64960,South,Salaried,0.6623986260917458,0,117939,0.2,0.2,0.1,0.05
4405,56,114422,North,Salaried,0.4315166821200783,0,116964,-0.05,-0.1,0.02,0.03
4406,59,146440,North,Salaried,0.3317945925825462,0,188928,-0.05,-0.1,0.02,0.03
4407,68,106396,East,Business,0.23483099599393487,1,65266,-0.05,-0.1,0.02,0.03
4408,34,136295,North,Salaried,0.30213576475836745,0,170324,-0.05,-0.1,0.02,0.03
4409,59,102179,North,Business,0.35472687043743023,0,103487,-0.05,-0.1,0.02,0.03
4410,59,100003,East,Salaried,0.33709119169594426,1,136838,-0.05,-0.1,0.02,0.03
4411,36,52120,East,Business,0.22224290326616877,0,164082,-0.05,-0.1,0.02,0.03
4412,23,40260,West,SelfEmp,0.6557840486886054,1,182904,0.35,0.25,0.15,0.2
4413,26,37654,West,SelfEmp,0.8413976654788222,0,166537,0.35,0.25,0.15,0.2
4414,48,136298,East,Salaried,0.4715383903505018,0,242336,-0.05,-0.1,0.02,0.03
4415,39,74997,North,Salaried,0.18156275363841395,0,59603,-0.05,-0.1,0.02,0.03
4416,50,68467,East,Business,0.41962085519515524,1,53340,-0.05,-0.1,0.02,0.03
4417,34,116175,North,Salaried,0.4457533701826927,0,222217,-0.05,-0.1,0.02,0.03
4418,39,133238,East,Business,0.25775483989665626,1,75150,-0.05,-0.1,0.02,0.03
4419,56,58729,North,Business,0.16094451374615928,0,140586,-0.05,-0.1,0.02,0.03
4420,48,92773,East,Business,0.324683694498643,0,211262,-0.05,-0.1,0.02,0.03
4421,39,122277,East,Business,0.3122147588187031,0,132597,-0.05,-0.1,0.02,0.03
4422,37,99427,East,Business,0.39217849273688077,0,214085,-0.05,-0.1,0.02,0.03
4423,65,73054,North,Salaried,0.42553120936548516,0,55863,-0.05,-0.1,0.02,0.03
4424,47,129072,North,Salaried,0.32070462366675134,0,117955,-0.05,-0.1,0.02,0.03
4425,34,41981,South,Salaried,0.6228512217249614,1,171954,0.2,0.2,0.1,0.05
4426,44,133892,North,Salaried,0.411429306383165,0,224999,-0.05,-0.1,0.02,0.03
4427,54,125723,East,Business,0.5131334443167384,1,194791,-0.15,-0.25,0.05,0.1
4428,68,59946,East,Business,0.28764071589743057,0,59152,-0.05,-0.1,0.02,0.03
4429,37,81848,North,Business,0.26943095423268826,0,141764,-0.05,-0.1,0.02,0.03
4430,33,62037,South,Salaried,0.5622089676700784,0,199564,0.2,0.2,0.1,0.05
4431,41,84961,North,Salaried,0.36568779698367637,0,237974,-0.05,-0.1,0.02,0.03
4432,57,89314,East,Salaried,0.39374831530943755,1,96255,-0.05,-0.1,0.02,0.03
4433,64,138622,North,Business,0.3987593340967335,0,159865,-0.05,-0.1,0.02,0.03
4434,41,101632,North,Business,0.23725422140558644,0,95642,-0.05,-0.1,0.02,0.03
4435,44,110595,North,Salaried,0.11901992087409036,0,65372,-0.05,-0.1,0.02,0.03
4436,22,45233,West,SelfEmp,0.666455754484536,0,231795,0.35,0.25,0.15,0.2
4437,56,118001,East,Business,0.33386230552987706,0,164128,-0.05,-0.1,0.02,0.03
4438,62,120325,North,Salaried,0.47452345455731626,0,165606,-0.05,-0.1,0.02,0.03
4439,23,28343,West,SelfEmp,0.6979804520227039,0,173706,0.35,0.25,0.15,0.2
4440,58,121605,North,Salaried,0.4954440969547852,0,249647,-0.05,-0.1,0.02,0.03
4441,40,32487,South,Salaried,0.5651425207909861,1,173644,0.2,0.2,0.1,0.05
4442,30,54984,South,Salaried,0.7453618446564182,1,143490,0.2,0.2,0.1,0.05
4443,22,31813,West,SelfEmp,0.8602371299512054,1,229363,0.35,0.25,0.15,0.2
4444,62,93736,East,Business,0.4391773847085455,0,202292,-0.05,-0.1,0.02,0.03
4445,56,129478,East,Business,0.13623776229902665,0,124045,-0.05,-0.1,0.02,0.03
4446,36,102378,East,Business,0.44710869673523135,0,202834,-0.05,-0.1,0.02,0.03
4447,42,118946,North,Salaried,0.428813018736946,0,169216,-0.05,-0.1,0.02,0.03
4448,43,102986,East,Business,0.30390387813818687,1,168400,-0.05,-0.1,0.02,0.03
4449,47,140866,East,Business,0.314521511967493,0,111855,-0.05,-0.1,0.02,0.03
4450,49,122352,East,Salaried,0.3290491292759661,0,169156,-0.05,-0.1,0.02,0.03
4451,34,55639,North,Salaried,0.22463570826937485,1,226445,-0.05,-0.1,0.02,0.03
4452,53,60701,North,Salaried,0.44302565615965006,0,170706,-0.05,-0.1,0.02,0.03
4453,44,47311,South,Salaried,0.5637517077609837,1,195585,0.2,0.2,0.1,0.05
4454,30,76314,North,Business,0.2518272114279703,0,81771,-0.05,-0.1,0.02,0.03
4455,55,108737,North,Salaried,0.1085199351707718,0,64695,-0.05,-0.1,0.02,0.03
4456,56,51403,East,Business,0.4219301454461918,0,215089,-0.05,-0.1,0.02,0.03
4457,53,99649,East,Business,0.48263394429011974,0,123114,-0.05,-0.1,0.02,0.03
4458,56,62232,North,Salaried,0.3335429138833179,0,214330,-0.05,-0.1,0.02,0.03
4459,55,138631,North,Salaried,0.3177040087237931,0,121635,-0.05,-0.1,0.02,0.03
4460,38,96578,North,Business,0.4374581662615048,0,217684,-0.05,-0.1,0.02,0.03
4461,56,99884,North,Business,0.16474186543012093,0,93084,-0.05,-0.1,0.02,0.03
4462,41,84278,North,Business,0.2649615026946369,0,244900,-0.05,-0.1,0.02,0.03
4463,66,138688,East,Salaried,0.3393557856671237,0,79698,-0.05,-0.1,0.02,0.03
4464,34,134360,North,Salaried,0.16712634458002498,0,75180,-0.05,-0.1,0.02,0.03
4465,63,130674,East,Business,0.5771093865601059,0,315918,-0.15,-0.25,0.05,0.1
4466,67,63916,North,Business,0.20806225569250728,0,238551,-0.05,-0.1,0.02,0.03
4467,57,143009,North,Salaried,0.166720696148334,0,186435,-0.05,-0.1,0.02,0.03
4468,35,149083,North,Salaried,0.1907775507053327,0,135609,-0.05,-0.1,0.02,0.03
4469,44,139292,North,Salaried,0.11628097672801735,0,53796,-0.05,-0.1,0.02,0.03
4470,46,141509,East,Business,0.33192762641206236,0,248325,-0.05,-0.1,0.02,0.03
4471,55,61390,East,Salaried,0.1285109631505872,0,244035,-0.05,-0.1,0.02,0.03
4472,40,113086,North,Salaried,0.3925687789445732,0,195500,-0.05,-0.1,0.02,0.03
4473,41,99036,East,Salaried,0.38135780585688717,0,201929,-0.05,-0.1,0.02,0.03
4474,65,66214,North,Business,0.34743116634620247,0,113883,-0.05,-0.1,0.02,0.03
4475,35,102398,North,Salaried,0.4003452266139461,0,227355,-0.05,-0.1,0.02,0.03
4476,36,51919,South,Salaried,0.6913217220870076,1,114398,0.2,0.2,0.1,0.05
4477,48,144080,North,Salaried,0.25377172171206774,0,227185,-0.05,-0.1,0.02,0.03
4478,39,140478,East,Business,0.3553736709709857,0,141069,-0.05,-0.1,0.02,0.03
4479,52,97181,East,Salaried,0.13864858781483733,1,158718,-0.05,-0.1,0.02,0.03
4480,36,58429,East,Salaried,0.4019309754606617,0,161221,-0.05,-0.1,0.02,0.03
4481,67,116722,East,Business,0.188147827539426,0,202629,-0.05,-0.1,0.02,0.03
4482,37,60738,East,Salaried,0.4719198894819264,0,142348,-0.05,-0.1,0.02,0.03
4483,37,51136,East,Salaried,0.48757939670132855,0,80893,-0.05,-0.1,0.02,0.03
4484,44,116484,North,Business,0.3246116292217771,0,70410,-0.05,-0.1,0.02,0.03
4485,39,122858,North,Business,0.3060771243245831,0,106536,-0.05,-0.1,0.02,0.03
4486,69,131107,North,Salaried,0.3953933211999371,0,186289,-0.05,-0.1,0.02,0.03
4487,34,55259,North,Salaried,0.16343238705232338,0,82389,-0.05,-0.1,0.02,0.03
4488,38,82121,East,Business,0.2122188093150876,1,155271,-0.05,-0.1,0.02,0.03
4489,60,90761,North,Business,0.40967946381167464,0,202552,-0.05,-0.1,0.02,0.03
4490,54,139028,East,Business,0.4730932994200253,0,195192,-0.15,-0.25,0.05,0.1
4491,40,41470,South,Salaried,0.6729316972912425,1,140918,0.2,0.2,0.1,0.05
4492,24,43552,West,SelfEmp,0.6803508749606866,1,170313,0.35,0.25,0.15,0.2
4493,33,61593,North,Business,0.1473195560162886,0,245179,-0.05,-0.1,0.02,0.03
4494,66,147219,North,Business,0.17624808427260544,0,215103,-0.05,-0.1,0.02,0.03
4495,57,72523,North,Business,0.28100630553658135,0,195172,-0.05,-0.1,0.02,0.03
4496,58,129468,North,Salaried,0.1877606318549525,0,157644,-0.05,-0.1,0.02,0.03
4497,42,144365,East,Business,0.30830969545540865,0,167621,-0.05,-0.1,0.02,0.03
4498,41,32448,South,Salaried,0.7484451923681906,1,184923,0.2,0.2,0.1,0.05
4499,57,149572,North,Business,0.1376164084555338,0,180942,-0.05,-0.1,0.02,0.03
4500,65,74703,East,Salaried,0.32569262514302866,0,242250,-0.05,-0.1,0.02,0.03
4501,39,122832,East,Salaried,0.11335622833159027,0,234823,-0.05,-0.1,0.02,0.03
4502,37,43658,South,Salaried,0.7394559985076137,1,149524,0.2,0.2,0.1,0.05
4503,67,68014,East,Salaried,0.45327319894633245,0,56470,-0.05,-0.1,0.02,0.03
4504,41,34761,South,Salaried,0.7288953006026738,1,179691,0.2,0.2,0.1,0.05
4505,38,125449,North,Salaried,0.14461949234212101,0,179826,-0.05,-0.1,0.02,0.03
4506,48,149760,East,Salaried,0.21219102065697923,0,166817,-0.05,-0.1,0.02,0.03
4507,58,100973,East,Business,0.6956732303467656,1,191256,-0.15,-0.25,0.05,0.1
4508,30,55694,East,Salaried,0.23562803444757857,0,165098,-0.05,-0.1,0.02,0.03
4509,56,110530,North,Salaried,0.2993057997180072,0,89854,-0.05,-0.1,0.02,0.03
4510,44,36671,South,Salaried,0.7024976822037639,1,96614,0.2,0.2,0.1,0.05
4511,68,50043,North,Salaried,0.2580592032934615,0,69841,-0.05,-0.1,0.02,0.03
4512,44,146467,East,Business,0.19628598771329664,0,233862,-0.05,-0.1,0.02,0.03
4513,37,94327,North,Salaried,0.2809044040300962,0,83384,-0.05,-0.1,0.02,0.03
4514,61,144605,North,Salaried,0.13925063863475617,0,198268,-0.05,-0.1,0.02,0.03
4515,32,108175,North,Salaried,0.30862178096119597,0,78008,-0.05,-0.1,0.02,0.03
4516,61,117763,East,Salaried,0.2632995246599631,0,227546,-0.05,-0.1,0.02,0.03
4517,67,81157,North,Salaried,0.3096635592994919,0,59414,-0.05,-0.1,0.02,0.03
4518,56,64331,North,Business,0.3501052110173337,0,65800,-0.05,-0.1,0.02,0.03
4519,67,77492,North,Business,0.1443746090062711,0,82801,-0.05,-0.1,0.02,0.03
4520,33,143688,East,Salaried,0.16352635846942715,1,69266,-0.05,-0.1,0.02,0.03
4521,55,127425,North,Business,0.24284682383744244,0,104457,-0.05,-0.1,0.02,0.03
4522,30,129086,North,Salaried,0.4689593993169606,0,182543,-0.05,-0.1,0.02,0.03
4523,41,114305,North,Business,0.17988007737564904,0,214816,-0.05,-0.1,0.02,0.03
4524,43,86836,East,Business,0.282892162292946,0,130621,-0.05,-0.1,0.02,0.03
4525,46,85389,East,Business,0.459746455751598,0,177819,-0.05,-0.1,0.02,0.03
4526,45,72949,East,Salaried,0.2553091963185059,0,130704,-0.05,-0.1,0.02,0.03
4527,34,135036,East,Business,0.33689564530438265,0,54430,-0.05,-0.1,0.02,0.03
4528,31,110411,North,Salaried,0.2594856997414957,0,128134,-0.05,-0.1,0.02,0.03
4529,31,145789,East,Business,0.4644941453032593,0,195424,-0.05,-0.1,0.02,0.03
4530,51,104250,East,Business,0.11026790178620077,0,188064,-0.05,-0.1,0.02,0.03
4531,66,54590,North,Salaried,0.11728114574086962,0,186153,-0.05,-0.1,0.02,0.03
4532,48,142254,East,Salaried,0.25254559007262656,1,207448,-0.05,-0.1,0.02,0.03
4533,44,51809,East,Business,0.464880915209973,0,98637,-0.05,-0.1,0.02,0.03
4534,34,110520,East,Salaried,0.4325767119335393,0,211550,-0.05,-0.1,0.02,0.03
4535,23,26555,West,SelfEmp,0.8960105178134299,1,189979,0.35,0.25,0.15,0.2
4536,63,125672,East,Salaried,0.10867200466678471,0,181818,-0.05,-0.1,0.02,0.03
4537,66,92344,North,Salaried,0.43750898973970975,0,77154,-0.05,-0.1,0.02,0.03
4538,66,65473,North,Business,0.31877723345502745,0,232935,-0.05,-0.1,0.02,0.03
4539,51,108798,East,Business,0.17175614103584752,1,95380,-0.05,-0.1,0.02,0.03
4540,35,121860,East,Business,0.29585400568182185,0,137298,-0.05,-0.1,0.02,0.03
4541,44,50161,South,Salaried,0.6240732469423749,0,81085,0.2,0.2,0.1,0.05
4542,57,91060,North,Salaried,0.3674824677017391,0,63174,-0.05,-0.1,0.02,0.03
4543,23,46954,West,SelfEmp,0.7399352173756308,0,196003,0.35,0.25,0.15,0.2
4544,37,134215,North,Business,0.35627031655572916,0,193396,-0.05,-0.1,0.02,0.03
4545,33,38275,South,Salaried,0.705891351541817,0,137893,0.2,0.2,0.1,0.05
4546,40,119389,North,Business,0.3002752136803054,0,69882,-0.05,-0.1,0.02,0.03
4547,61,74787,East,Business,0.1361230994262507,0,140633,-0.05,-0.1,0.02,0.03
4548,45,109046,East,Business,0.1664805770676189,0,148162,-0.05,-0.1,0.02,0.03
4549,31,59472,South,Salaried,0.7854877259153419,0,175303,0.2,0.2,0.1,0.05
4550,52,134368,East,Salaried,0.12021199017518686,0,227072,-0.05,-0.1,0.02,0.03
4551,55,141551,East,Salaried,0.430148803690402,0,212064,-0.05,-0.1,0.02,0.03
4552,47,92058,North,Business,0.39272792995409656,0,101042,-0.05,-0.1,0.02,0.03
4553,37,64883,South,Salaried,0.735358429894245,0,185604,0.2,0.2,0.1,0.05
4554,36,98991,East,Salaried,0.2731145245401647,0,107278,-0.05,-0.1,0.02,0.03
4555,54,145339,East,Business,0.3638487339238453,0,70881,-0.05,-0.1,0.02,0.03
4556,44,141910,North,Business,0.11428348388326875,0,234859,-0.05,-0.1,0.02,0.03
4557,46,113884,East,Salaried,0.32721865671500616,0,170423,-0.05,-0.1,0.02,0.03
4558,52,139769,East,Business,0.49715673740714106,0,248730,-0.05,-0.1,0.02,0.03
4559,52,126705,North,Business,0.16832805459671374,0,248737,-0.05,-0.1,0.02,0.03
4560,67,69397,East,Business,0.39989682809368454,0,64349,-0.05,-0.1,0.02,0.03
4561,38,57902,East,Business,0.2673679135069311,0,53917,-0.05,-0.1,0.02,0.03
4562,42,127358,North,Salaried,0.4749046439155502,0,203458,-0.05,-0.1,0.02,0.03
4563,42,93798,North,Business,0.4363670989606765,0,124396,-0.05,-0.1,0.02,0.03
4564,48,50968,North,Business,0.16711970686526337,0,179925,-0.05,-0.1,0.02,0.03
4565,66,126003,East,Business,0.6032531602723709,0,329501,-0.15,-0.25,0.05,0.1
4566,60,91750,North,Salaried,0.42341592667878936,0,111833,-0.05,-0.1,0.02,0.03
4567,49,74525,North,Business,0.3611696739776712,1,239586,-0.05,-0.1,0.02,0.03
4568,41,127383,North,Salaried,0.3264108522262683,0,242872,-0.05,-0.1,0.02,0.03
4569,58,132142,East,Salaried,0.3222691635760478,0,183608,-0.05,-0.1,0.02,0.03
4570,43,120423,North,Salaried,0.41162857943951037,0,67755,-0.05,-0.1,0.02,0.03
4571,33,102513,East,Salaried,0.3196625825129702,0,62726,-0.05,-0.1,0.02,0.03
4572,31,42682,South,Salaried,0.647889198607525,0,114404,0.2,0.2,0.1,0.05
4573,30,67628,East,Salaried,0.3167582067067931,0,145756,-0.05,-0.1,0.02,0.03
4574,52,137190,East,Business,0.48220693586265734,1,341809,-0.15,-0.25,0.05,0.1
4575,25,39840,West,SelfEmp,0.7288022481299303,1,139480,0.35,0.25,0.15,0.2
4576,30,94326,East,Business,0.13641586768389524,0,211781,-0.05,-0.1,0.02,0.03
4577,49,107028,East,Salaried,0.17484016714586903,0,95832,-0.05,-0.1,0.02,0.03
4578,59,128033,East,Business,0.10000820718435799,0,121215,-0.05,-0.1,0.02,0.03
4579,35,46272,South,Salaried,0.565002704714022,0,147775,0.2,0.2,0.1,0.05
4580,36,138813,East,Salaried,0.21791368367143665,0,128331,-0.05,-0.1,0.02,0.03
4581,67,70674,East,Salaried,0.32300199055792334,0,133521,-0.05,-0.1,0.02,0.03
4582,32,112148,East,Business,0.12610879942739583,0,147444,-0.05,-0.1,0.02,0.03
4583,46,62093,East,Salaried,0.30512491877014863,1,215408,-0.05,-0.1,0.02,0.03
4584,67,92690,East,Salaried,0.4851534717437257,1,88677,-0.05,-0.1,0.02,0.03
4585,39,117050,East,Salaried,0.43516002034439516,1,232982,-0.05,-0.1,0.02,0.03
4586,29,29808,West,SelfEmp,0.8209896035811606,1,225037,0.35,0.25,0.15,0.2
4587,66,128226,East,Business,0.4886552318772871,0,224398,-0.15,-0.25,0.05,0.1
4588,54,54942,East,Business,0.12671842522213922,0,234006,-0.05,-0.1,0.02,0.03
4589,49,76935,East,Business,0.33939788400531035,0,92384,-0.05,-0.1,0.02,0.03
4590,51,103274,North,Business,0.3572695181357368,0,89819,-0.05,-0.1,0.02,0.03
4591,53,99782,East,Business,0.4493307349866706,0,321505,-0.15,-0.25,0.05,0.1
4592,33,56768,South,Salaried,0.699533207438285,1,124666,0.2,0.2,0.1,0.05
4593,63,146215,East,Business,0.4532066317731146,0,82552,-0.05,-0.1,0.02,0.03
4594,61,108433,East,Business,0.39892982738068905,0,189841,-0.05,-0.1,0.02,0.03
4595,63,123728,North,Business,0.3216939697797317,0,190058,-0.05,-0.1,0.02,0.03
4596,32,48922,South,Salaried,0.7662077331761582,0,180900,0.2,0.2,0.1,0.05
4597,46,126456,East,Salaried,0.4042340682710146,0,148226,-0.05,-0.1,0.02,0.03
4598,41,83006,North,Salaried,0.25415270130994694,0,57388,-0.05,-0.1,0.02,0.03
4599,31,90850,East,Salaried,0.2344872387804068,1,103269,-0.05,-0.1,0.02,0.03
4600,30,60019,North,Salaried,0.16673531665664976,0,229075,-0.05,-0.1,0.02,0.03
4601,37,79658,East,Salaried,0.3725899625513276,0,101243,-0.05,-0.1,0.02,0.03
4602,25,43768,West,SelfEmp,0.875367307098564,0,224630,0.35,0.25,0.15,0.2
4603,53,133894,East,Business,0.6432905795410119,0,330529,-0.15,-0.25,0.05,0.1
4604,25,28344,West,SelfEmp,0.8926007001707268,1,121971,0.35,0.25,0.15,0.2
4605,53,145477,North,Business,0.35088908354473114,0,248735,-0.05,-0.1,0.02,0.03
4606,66,96652,East,Business,0.6668463413607464,0,191250,-0.15,-0.25,0.05,0.1
4607,47,100580,East,Business,0.48592236793957133,0,125226,-0.05,-0.1,0.02,0.03
4608,43,91620,East,Business,0.14031614829264782,0,248750,-0.05,-0.1,0.02,0.03
4609,35,71123,East,Business,0.33259371528185666,1,77524,-0.05,-0.1,0.02,0.03
4610,69,122916,East,Salaried,0.3388217862460069,1,186715,-0.05,-0.1,0.02,0.03
4611,36,36610,South,Salaried,0.6850909514459692,1,87816,0.2,0.2,0.1,0.05
4612,32,133030,East,Business,0.16121503616341665,1,77364,-0.05,-0.1,0.02,0.03
4613,57,146271,North,Business,0.2535805863156556,0,94312,-0.05,-0.1,0.02,0.03
4614,69,85074,North,Salaried,0.46959327975637255,0,126695,-0.05,-0.1,0.02,0.03
4615,21,33629,West,SelfEmp,0.6734794894815551,0,178447,0.35,0.25,0.15,0.2
4616,48,94572,North,Salaried,0.23764338692918754,0,187248,-0.05,-0.1,0.02,0.03
4617,53,77033,North,Salaried,0.16198473860954749,0,240204,-0.05,-0.1,0.02,0.03
4618,54,96833,East,Business,0.6012874102210893,1,303590,-0.15,-0.25,0.05,0.1
4619,66,147095,North,Business,0.11429164083257942,0,69191,-0.05,-0.1,0.02,0.03
4620,27,28163,West,SelfEmp,0.8619641839499359,1,152791,0.35,0.25,0.15,0.2
4621,68,115972,East,Business,0.5387945101344616,0,226216,-0.15,-0.25,0.05,0.1
4622,23,38169,West,SelfEmp,0.7869376147876548,1,207258,0.35,0.25,0.15,0.2
4623,55,119309,North,Salaried,0.40302031803291616,0,67061,-0.05,-0.1,0.02,0.03
4624,58,131439,North,Salaried,0.3210974019346521,0,78538,-0.05,-0.1,0.02,0.03
4625,49,65037,North,Business,0.10996202789848018,0,84146,-0.05,-0.1,0.02,0.03
4626,36,55340,North,Salaried,0.15582672692332866,0,121007,-0.05,-0.1,0.02,0.03
4627,57,80278,East,Salaried,0.14823448644729398,0,179057,-0.05,-0.1,0.02,0.03
4628,57,58079,North,Salaried,0.12411904054301988,0,240678,-0.05,-0.1,0.02,0.03
4629,49,82977,East,Business,0.19272641988590133,0,50177,-0.05,-0.1,0.02,0.03
4630,39,142679,North,Business,0.49813692664352927,0,64082,-0.05,-0.1,0.02,0.03
4631,35,52427,South,Salaried,0.6523020528379813,0,170528,0.2,0.2,0.1,0.05
4632,47,110029,East,Business,0.291308825930389,0,212181,-0.05,-0.1,0.02,0.03
4633,47,107612,North,Business,0.43056345532411433,0,121500,-0.05,-0.1,0.02,0.03
4634,55,113045,East,Business,0.6080442629072135,0,193316,-0.15,-0.25,0.05,0.1
4635,33,144142,North,Salaried,0.43665438132097634,0,104928,-0.05,-0.1,0.02,0.03
4636,59,142330,North,Salaried,0.45349006078136467,0,203741,-0.05,-0.1,0.02,0.03
4637,24,29688,West,SelfEmp,0.6775919671723069,0,232944,0.35,0.25,0.15,0.2
4638,56,83453,North,Salaried,0.4889326713849166,0,58532,-0.05,-0.1,0.02,0.03
4639,59,51496,North,Business,0.42549542425153464,1,96791,-0.05,-0.1,0.02,0.03
4640,35,93439,East,Business,0.2680429405076893,0,78395,-0.05,-0.1,0.02,0.03
4641,52,116920,North,Salaried,0.2137577327651352,0,169488,-0.05,-0.1,0.02,0.03
4642,25,40568,West,SelfEmp,0.6647023469781705,0,199792,0.35,0.25,0.15,0.2
4643,54,137803,East,Salaried,0.28053248530379404,1,87861,-0.05,-0.1,0.02,0.03
4644,56,76407,North,Salaried,0.18704463415891276,0,150637,-0.05,-0.1,0.02,0.03
4645,35,46316,South,Salaried,0.6000607591253077,1,95529,0.2,0.2,0.1,0.05
4646,55,123805,North,Salaried,0.2213433144089014,0,106680,-0.05,-0.1,0.02,0.03
4647,66,128117,North,Salaried,0.2856783466579789,0,109484,-0.05,-0.1,0.02,0.03
4648,26,37392,West,SelfEmp,0.7789564496231124,0,147097,0.35,0.25,0.15,0.2
4649,41,72993,North,Salaried,0.41110411299324656,0,62177,-0.05,-0.1,0.02,0.03
4650,27,32008,West,SelfEmp,0.8177291960133729,1,226466,0.35,0.25,0.15,0.2
4651,33,56605,South,Salaried,0.7185644275318513,0,185796,0.2,0.2,0.1,0.05
4652,69,56167,North,Business,0.45973378269325404,0,116310,-0.05,-0.1,0.02,0.03
4653,51,139941,North,Salaried,0.29716385431272707,0,179183,-0.05,-0.1,0.02,0.03
4654,24,46468,West,SelfEmp,0.7091300355683066,1,198666,0.35,0.25,0.15,0.2
4655,59,60937,North,Salaried,0.23847237016388081,0,239792,-0.05,-0.1,0.02,0.03
4656,38,36870,South,Salaried,0.64105426118707,1,109720,0.2,0.2,0.1,0.05
4657,42,47581,South,Salaried,0.7185064882521711,0,186390,0.2,0.2,0.1,0.05
4658,56,110481,North,Business,0.12480834817953555,0,181213,-0.05,-0.1,0.02,0.03
4659,52,66863,North,Business,0.49416923764724385,0,117963,-0.05,-0.1,0.02,0.03
4660,28,45461,West,SelfEmp,0.7994208756334391,0,237544,0.35,0.25,0.15,0.2
4661,23,46962,West,SelfEmp,0.8965811771614489,0,180390,0.35,0.25,0.15,0.2
4662,49,129315,North,Salaried,0.44170417483724234,0,141964,-0.05,-0.1,0.02,0.03
4663,63,128709,North,Business,0.2654960123839535,0,217163,-0.05,-0.1,0.02,0.03
4664,31,67747,East,Business,0.4327253968250996,0,167699,-0.05,-0.1,0.02,0.03
4665,35,62368,South,Salaried,0.5791754421059092,0,150634,0.2,0.2,0.1,0.05
4666,51,132067,East,Business,0.49853781794392205,1,336234,-0.15,-0.25,0.05,0.1
4667,36,51109,East,Business,0.21623766419984297,0,176995,-0.05,-0.1,0.02,0.03
4668,50,123997,North,Business,0.46641020774077924,1,229184,-0.05,-0.1,0.02,0.03
4669,36,54717,South,Salaried,0.6900636811292085,1,141295,0.2,0.2,0.1,0.05
4670,45,71399,North,Salaried,0.1753935100670471,0,202506,-0.05,-0.1,0.02,0.03
4671,44,126682,North,Business,0.3937583504681206,0,65479,-0.05,-0.1,0.02,0.03
4672,30,100351,East,Business,0.3331858266778275,0,203779,-0.05,-0.1,0.02,0.03
4673,32,33681,South,Salaried,0.5898495851681078,0,194166,0.2,0.2,0.1,0.05
4674,56,77941,North,Salaried,0.39025807531226697,0,189579,-0.05,-0.1,0.02,0.03
4675,35,58698,South,Salaried,0.7744211122703331,0,149880,0.2,0.2,0.1,0.05
4676,39,89102,North,Salaried,0.43265585039785737,0,84184,-0.05,-0.1,0.02,0.03
4677,32,77641,North,Salaried,0.26741601136002846,0,163766,-0.05,-0.1,0.02,0.03
4678,61,55826,East,Salaried,0.21365907143582735,0,75692,-0.05,-0.1,0.02,0.03
4679,51,59409,East,Business,0.47717999788800325,0,173411,-0.05,-0.1,0.02,0.03
4680,63,103387,East,Business,0.15424311309653527,0,118120,-0.05,-0.1,0.02,0.03
4681,41,105554,East,Business,0.2345207093816272,0,96169,-0.05,-0.1,0.02,0.03
4682,61,79407,North,Salaried,0.38246048101451446,0,164050,-0.05,-0.1,0.02,0.03
4683,66,59876,East,Salaried,0.22839258943699137,0,176097,-0.05,-0.1,0.02,0.03
4684,55,140389,North,Salaried,0.24871591654616143,0,158001,-0.05,-0.1,0.02,0.03
4685,33,120544,East,Business,0.10705207686105833,0,245025,-0.05,-0.1,0.02,0.03
4686,39,104248,East,Business,0.3837078176688802,0,231261,-0.05,-0.1,0.02,0.03
4687,45,128617,North,Business,0.3949091878605261,0,214916,-0.05,-0.1,0.02,0.03
4688,28,47199,West,SelfEmp,0.6773793729855898,1,171454,0.35,0.25,0.15,0.2
4689,46,132248,East,Salaried,0.3016879464397611,0,205974,-0.05,-0.1,0.02,0.03
4690,35,114211,East,Business,0.38614141850715433,0,174018,-0.05,-0.1,0.02,0.03
4691,31,62671,South,Salaried,0.7014198289744125,1,170913,0.2,0.2,0.1,0.05
4692,60,100790,East,Business,0.15281969223336694,1,187096,-0.05,-0.1,0.02,0.03
4693,58,94531,East,Salaried,0.18701745283900428,0,109727,-0.05,-0.1,0.02,0.03
4694,26,34732,West,SelfEmp,0.7951871940767452,0,138320,0.35,0.25,0.15,0.2
4695,34,46021,South,Salaried,0.6088791546462723,1,85402,0.2,0.2,0.1,0.05
4696,57,133123,North,Salaried,0.4925394868348625,1,62099,-0.05,-0.1,0.02,0.03
4697,47,120719,North,Business,0.34062957171397434,1,198984,-0.05,-0.1,0.02,0.03
4698,59,131296,North,Business,0.27877506130233687,0,198503,-0.05,-0.1,0.02,0.03
4699,30,83439,North,Business,0.32640607325377174,0,101258,-0.05,-0.1,0.02,0.03
4700,59,87892,North,Business,0.40732401649476924,1,204737,-0.05,-0.1,0.02,0.03
4701,44,93468,East,Salaried,0.34159510153290357,1,164426,-0.05,-0.1,0.02,0.03
4702,48,146284,North,Business,0.3399336471046277,0,59880,-0.05,-0.1,0.02,0.03
4703,52,100298,North,Salaried,0.46842101617460574,0,98069,-0.05,-0.1,0.02,0.03
4704,35,122152,North,Business,0.10199215343650324,0,199543,-0.05,-0.1,0.02,0.03
4705,67,64728,East,Salaried,0.301515783182545,0,187424,-0.05,-0.1,0.02,0.03
4706,27,25278,West,SelfEmp,0.8041100356169135,0,137716,0.35,0.25,0.15,0.2
4707,41,33449,South,Salaried,0.6187771093474758,1,124809,0.2,0.2,0.1,0.05
4708,50,55307,North,Business,0.2802588123671258,0,160283,-0.05,-0.1,0.02,0.03
4709,38,117768,North,Salaried,0.3279192776053142,0,187791,-0.05,-0.1,0.02,0.03
4710,54,89323,East,Salaried,0.30357772318180287,1,87365,-0.05,-0.1,0.02,0.03
4711,47,122771,East,Salaried,0.36560635621133863,1,162618,-0.05,-0.1,0.02,0.03
4712,44,113539,North,Salaried,0.19471679914258228,1,126202,-0.05,-0.1,0.02,0.03
4713,57,132850,East,Business,0.4711897108280756,0,275981,-0.15,-0.25,0.05,0.1
4714,40,75853,East,Business,0.4713046082150364,0,239595,-0.05,-0.1,0.02,0.03
4715,34,112284,East,Salaried,0.18521869870886346,0,115116,-0.05,-0.1,0.02,0.03
4716,22,33047,West,SelfEmp,0.813055706110807,1,147664,0.35,0.25,0.15,0.2
4717,34,81872,North,Business,0.3851243028463056,0,163195,-0.05,-0.1,0.02,0.03
4718,44,77005,East,Business,0.2506241326249671,0,96049,-0.05,-0.1,0.02,0.03
4719,28,33998,West,SelfEmp,0.7443750662021165,1,159913,0.35,0.25,0.15,0.2
4720,65,80288,North,Business,0.14683763245599923,0,117125,-0.05,-0.1,0.02,0.03
4721,40,101742,North,Business,0.1269173250011955,0,110538,-0.05,-0.1,0.02,0.03
4722,47,143186,East,Business,0.43293116799176157,0,218337,-0.05,-0.1,0.02,0.03
4723,32,60328,North,Salaried,0.2316320609299214,0,228514,-0.05,-0.1,0.02,0.03
4724,50,66761,North,Business,0.2090756160192255,0,154245,-0.05,-0.1,0.02,0.03
4725,52,98329,East,Salaried,0.3741805155447955,0,133383,-0.05,-0.1,0.02,0.03
4726,22,29423,West,SelfEmp,0.8089306879275509,1,245272,0.35,0.25,0.15,0.2
4727,56,122031,East,Business,0.6360234676183444,0,328696,-0.15,-0.25,0.05,0.1
4728,24,38827,West,SelfEmp,0.7227762263817937,1,157530,0.35,0.25,0.15,0.2
4729,38,63734,South,Salaried,0.697014016834741,1,178411,0.2,0.2,0.1,0.05
4730,21,25509,West,SelfEmp,0.8095348497422049,1,178312,0.35,0.25,0.15,0.2
4731,31,82408,East,Salaried,0.2000181905034516,0,101351,-0.05,-0.1,0.02,0.03
4732,64,105042,East,Business,0.5642162736082736,0,332710,-0.15,-0.25,0.05,0.1
4733,38,100129,East,Salaried,0.42695215817063736,0,128771,-0.05,-0.1,0.02,0.03
4734,41,139001,North,Business,0.14644276794195366,0,171389,-0.05,-0.1,0.02,0.03
4735,63,143309,East,Salaried,0.3360020347842332,0,130922,-0.05,-0.1,0.02,0.03
4736,23,49508,West,SelfEmp,0.7170914637095616,0,189721,0.35,0.25,0.15,0.2
4737,59,97692,East,Business,0.6771067388201777,1,284229,-0.15,-0.25,0.05,0.1
4738,63,129241,North,Business,0.32784718703430404,1,200354,-0.05,-0.1,0.02,0.03
4739,55,89814,East,Business,0.44497865058208097,0,230829,-0.05,-0.1,0.02,0.03
4740,33,56534,South,Salaried,0.5512441299845943,1,157961,0.2,0.2,0.1,0.05
4741,61,137355,East,Salaried,0.2966049028905007,0,99962,-0.05,-0.1,0.02,0.03
4742,42,68693,North,Business,0.3782190337662118,0,93701,-0.05,-0.1,0.02,0.03
4743,55,144111,North,Business,0.3058429240941847,0,112448,-0.05,-0.1,0.02,0.03
4744,59,95292,North,Salaried,0.42827520328584767,0,230560,-0.05,-0.1,0.02,0.03
4745,67,138834,North,Salaried,0.4675658387983985,0,245164,-0.05,-0.1,0.02,0.03
4746,43,137003,North,Business,0.33742003580173485,1,223900,-0.05,-0.1,0.02,0.03
4747,54,51299,North,Salaried,0.3346036399915522,0,197098,-0.05,-0.1,0.02,0.03
4748,31,71858,East,Salaried,0.20618927532243636,0,159970,-0.05,-0.1,0.02,0.03
4749,41,136421,East,Salaried,0.21754841884381776,0,95329,-0.05,-0.1,0.02,0.03
4750,37,65956,North,Salaried,0.16793995027678524,0,137745,-0.05,-0.1,0.02,0.03
4751,58,54089,North,Business,0.3595184658945624,0,124478,-0.05,-0.1,0.02,0.03
4752,64,117794,North,Salaried,0.4230438796140016,0,105509,-0.05,-0.1,0.02,0.03
4753,30,97999,East,Business,0.2838129092103972,1,90706,-0.05,-0.1,0.02,0.03
4754,64,104922,East,Business,0.43456849383128254,1,152477,-0.15,-0.25,0.05,0.1
4755,35,58595,North,Business,0.48680211809520857,0,224181,-0.05,-0.1,0.02,0.03
4756,40,59113,South,Salaried,0.7279625557190765,0,114654,0.2,0.2,0.1,0.05
4757,54,114936,North,Salaried,0.45545641261944203,0,171483,-0.05,-0.1,0.02,0.03
4758,56,83335,East,Business,0.4281118242683598,0,127340,-0.05,-0.1,0.02,0.03
4759,50,54965,North,Salaried,0.45206709629487885,0,117468,-0.05,-0.1,0.02,0.03
4760,37,79942,East,Business,0.2471689187833119,1,195886,-0.05,-0.1,0.02,0.03
4761,31,149687,North,Salaried,0.3223498767306858,0,141635,-0.05,-0.1,0.02,0.03
4762,34,70316,East,Salaried,0.4600563862826187,0,51610,-0.05,-0.1,0.02,0.03
4763,58,145862,East,Salaried,0.38333883179930306,0,135720,-0.05,-0.1,0.02,0.03
4764,57,130934,East,Business,0.24498852437280227,0,216555,-0.05,-0.1,0.02,0.03
4765,64,83217,East,Business,0.1261959437907051,0,54017,-0.05,-0.1,0.02,0.03
4766,33,43582,South,Salaried,0.5766159508969192,1,130551,0.2,0.2,0.1,0.05
4767,38,40985,South,Salaried,0.5698902029179704,1,183577,0.2,0.2,0.1,0.05
4768,52,74081,North,Business,0.3277164507884561,0,79925,-0.05,-0.1,0.02,0.03
4769,24,28212,West,SelfEmp,0.7954000038813507,0,167697,0.35,0.25,0.15,0.2
4770,56,58013,East,Salaried,0.26667971281737557,0,61187,-0.05,-0.1,0.02,0.03
4771,37,116082,East,Salaried,0.30850649542497754,0,150272,-0.05,-0.1,0.02,0.03
4772,31,73376,North,Business,0.40256981452770046,0,199018,-0.05,-0.1,0.02,0.03
4773,41,113913,East,Salaried,0.11566948283287624,1,196112,-0.05,-0.1,0.02,0.03
4774,69,143606,East,Salaried,0.1494053051547266,0,131563,-0.05,-0.1,0.02,0.03
4775,55,105095,East,Business,0.6707865742901191,0,213386,-0.15,-0.25,0.05,0.1
4776,60,102337,East,Salaried,0.4562023401740709,1,142192,-0.05,-0.1,0.02,0.03
4777,62,63088,East,Salaried,0.26327671270880854,0,61164,-0.05,-0.1,0.02,0.03
4778,61,99437,East,Salaried,0.4687164417295461,0,174558,-0.05,-0.1,0.02,0.03
4779,51,89484,North,Salaried,0.48081436387131515,0,50909,-0.05,-0.1,0.02,0.03
4780,46,50118,North,Business,0.2617045388936091,0,68480,-0.05,-0.1,0.02,0.03
4781,68,140625,East,Business,0.2245290717393354,0,212009,-0.05,-0.1,0.02,0.03
4782,51,115665,North,Salaried,0.43851200426480663,0,204226,-0.05,-0.1,0.02,0.03
4783,43,35273,South,Salaried,0.6324933343644172,1,105414,0.2,0.2,0.1,0.05
4784,62,133883,East,Salaried,0.46551433300956746,0,110325,-0.05,-0.1,0.02,0.03
4785,60,73677,East,Salaried,0.2637598540835216,0,166455,-0.05,-0.1,0.02,0.03
4786,41,109890,North,Business,0.43826116430307593,1,145461,-0.05,-0.1,0.02,0.03
4787,59,62843,East,Salaried,0.22991802616477336,0,130513,-0.05,-0.1,0.02,0.03
4788,37,39565,South,Salaried,0.7743821648588894,0,117109,0.2,0.2,0.1,0.05
4789,36,141836,East,Business,0.24689688229808826,0,160150,-0.05,-0.1,0.02,0.03
4790,22,42388,West,SelfEmp,0.8917460730556221,1,192232,0.35,0.25,0.15,0.2
4791,23,41855,West,SelfEmp,0.6972728801259451,1,214908,0.35,0.25,0.15,0.2
4792,69,76497,North,Business,0.4152986513979251,0,208000,-0.05,-0.1,0.02,0.03
4793,36,69843,North,Business,0.13768971406579666,0,156643,-0.05,-0.1,0.02,0.03
4794,51,116132,East,Business,0.42854471706766306,0,136245,-0.05,-0.1,0.02,0.03
4795,62,108266,North,Business,0.42389651614207247,1,124493,-0.05,-0.1,0.02,0.03
4796,48,62020,East,Business,0.376562538950047,0,94169,-0.05,-0.1,0.02,0.03
4797,39,44265,South,Salaried,0.6072564780183444,0,135082,0.2,0.2,0.1,0.05
4798,52,90323,East,Business,0.1443246411346542,1,172947,-0.05,-0.1,0.02,0.03
4799,36,35575,South,Salaried,0.5722700428377261,1,198396,0.2,0.2,0.1,0.05
4800,31,62309,South,Salaried,0.555486870598189,0,173278,0.2,0.2,0.1,0.05
4801,32,61580,North,Business,0.29035060326611034,0,183124,-0.05,-0.1,0.02,0.03
4802,56,125306,East,Business,0.11217041128108446,0,163172,-0.05,-0.1,0.02,0.03
4803,41,128920,North,Salaried,0.4753815748342084,0,88409,-0.05,-0.1,0.02,0.03
4804,39,96669,East,Business,0.21615636859438472,0,248436,-0.05,-0.1,0.02,0.03
4805,67,66943,East,Salaried,0.42304937260071895,0,74814,-0.05,-0.1,0.02,0.03
4806,34,51796,South,Salaried,0.7992557760049364,1,153932,0.2,0.2,0.1,0.05
4807,55,138563,East,Business,0.2287894399469321,0,102832,-0.05,-0.1,0.02,0.03
4808,36,81041,East,Salaried,0.1517082511679515,1,117673,-0.05,-0.1,0.02,0.03
4809,25,40620,West,SelfEmp,0.7034256984479259,0,222800,0.35,0.25,0.15,0.2
4810,31,128258,North,Salaried,0.39372245587520427,1,209015,-0.05,-0.1,0.02,0.03
4811,40,51702,East,Salaried,0.40267718218693616,0,201707,-0.05,-0.1,0.02,0.03
4812,33,38090,South,Salaried,0.608426028713418,1,198339,0.2,0.2,0.1,0.05
4813,60,107392,North,Salaried,0.36787961793150104,0,211932,-0.05,-0.1,0.02,0.03
4814,37,97574,East,Salaried,0.4967957761866971,0,74869,-0.05,-0.1,0.02,0.03
4815,35,30660,South,Salaried,0.7682263668847298,0,181367,0.2,0.2,0.1,0.05
4816,54,110840,North,Business,0.49682531581565137,0,138481,-0.05,-0.1,0.02,0.03
4817,56,102079,East,Salaried,0.3309891592477904,0,212968,-0.05,-0.1,0.02,0.03
4818,45,63322,East,Salaried,0.45402780550565636,0,108697,-0.05,-0.1,0.02,0.03
4819,40,117192,East,Salaried,0.38467269933164494,0,245081,-0.05,-0.1,0.02,0.03
4820,44,122446,North,Salaried,0.17826257113737143,0,141040,-0.05,-0.1,0.02,0.03
4821,33,58235,South,Salaried,0.6994792146003111,1,108485,0.2,0.2,0.1,0.05
4822,44,64480,North,Business,0.10415626641673442,0,154513,-0.05,-0.1,0.02,0.03
4823,43,63339,South,Salaried,0.5980789682651007,0,95014,0.2,0.2,0.1,0.05
4824,59,93477,North,Salaried,0.33980217610759755,0,135417,-0.05,-0.1,0.02,0.03
4825,32,77251,North,Business,0.24988868407693512,0,75979,-0.05,-0.1,0.02,0.03
4826,41,107133,North,Business,0.3142077679643761,0,130318,-0.05,-0.1,0.02,0.03
4827,65,83637,North,Business,0.4986458816181065,1,214813,-0.05,-0.1,0.02,0.03
4828,40,98162,North,Salaried,0.2306914762350025,0,53443,-0.05,-0.1,0.02,0.03
4829,57,116857,North,Business,0.28975892757591737,0,179468,-0.05,-0.1,0.02,0.03
4830,36,30164,South,Salaried,0.7474719487917008,0,116105,0.2,0.2,0.1,0.05
4831,51,110996,East,Business,0.42832842390809067,0,321945,-0.15,-0.25,0.05,0.1
4832,57,73308,East,Salaried,0.18684602032683428,0,207505,-0.05,-0.1,0.02,0.03
4833,67,68445,North,Salaried,0.1915828312124675,0,192432,-0.05,-0.1,0.02,0.03
4834,51,114357,East,Business,0.3892035900000409,0,135171,-0.05,-0.1,0.02,0.03
4835,58,134934,North,Salaried,0.3561140398313275,0,64407,-0.05,-0.1,0.02,0.03
4836,43,87433,North,Salaried,0.14008150366158492,0,72554,-0.05,-0.1,0.02,0.03
4837,28,30434,West,SelfEmp,0.65450606329111,1,207474,0.35,0.25,0.15,0.2
4838,52,124787,East,Business,0.3457897708330074,0,73249,-0.05,-0.1,0.02,0.03
4839,65,135728,North,Business,0.2520435787209654,0,167526,-0.05,-0.1,0.02,0.03
4840,68,127419,East,Salaried,0.3005246799500082,0,238001,-0.05,-0.1,0.02,0.03
4841,59,147569,East,Business,0.6396488771471137,1,340659,-0.15,-0.25,0.05,0.1
4842,42,117881,East,Salaried,0.26925740853859115,1,56984,-0.05,-0.1,0.02,0.03
4843,38,99430,North,Salaried,0.2175179401842131,0,64462,-0.05,-0.1,0.02,0.03
4844,49,105782,East,Salaried,0.4091746932393284,0,86738,-0.05,-0.1,0.02,0.03
4845,57,124873,East,Business,0.6859937487936408,0,234811,-0.15,-0.25,0.05,0.1
4846,41,113388,East,Business,0.33437381565238133,0,133094,-0.05,-0.1,0.02,0.03
4847,51,81811,North,Salaried,0.20982587088972526,0,87896,-0.05,-0.1,0.02,0.03
4848,61,148530,North,Salaried,0.3298040398099449,1,237772,-0.05,-0.1,0.02,0.03
4849,52,94764,East,Business,0.6155573538138557,0,286492,-0.15,-0.25,0.05,0.1
4850,51,59779,North,Salaried,0.12958701325947108,1,174149,-0.05,-0.1,0.02,0.03
4851,67,135221,East,Salaried,0.13479496227243543,0,52696,-0.05,-0.1,0.02,0.03
4852,48,94793,East,Business,0.10076113728994236,1,114495,-0.05,-0.1,0.02,0.03
4853,53,147369,East,Business,0.11678182851625159,0,136262,-0.05,-0.1,0.02,0.03
4854,36,107267,East,Business,0.4480593672196712,0,239899,-0.05,-0.1,0.02,0.03
4855,42,56484,South,Salaried,0.6227945161872288,0,129127,0.2,0.2,0.1,0.05
4856,65,54957,East,Salaried,0.42061690880225777,0,239622,-0.05,-0.1,0.02,0.03
4857,42,125131,East,Business,0.38655994014535444,0,169801,-0.05,-0.1,0.02,0.03
4858,55,146905,North,Business,0.3838811013200214,0,224851,-0.05,-0.1,0.02,0.03
4859,68,94752,North,Salaried,0.4365792102332241,0,115820,-0.05,-0.1,0.02,0.03
4860,65,106763,East,Business,0.4686014908369177,0,211663,-0.05,-0.1,0.02,0.03
4861,65,69350,North,Business,0.27376408933541674,0,73519,-0.05,-0.1,0.02,0.03
4862,58,58661,East,Salaried,0.1336931211290887,0,145085,-0.05,-0.1,0.02,0.03
4863,37,40252,South,Salaried,0.7746058107160662,1,179142,0.2,0.2,0.1,0.05
4864,64,120363,East,Business,0.3034076126450343,0,172512,-0.05,-0.1,0.02,0.03
4865,62,129726,North,Business,0.28594897756774906,0,95301,-0.05,-0.1,0.02,0.03
4866,36,38995,South,Salaried,0.5579650397446109,1,190238,0.2,0.2,0.1,0.05
4867,49,102871,North,Business,0.2868929529239126,0,83576,-0.05,-0.1,0.02,0.03
4868,55,53459,East,Salaried,0.1249762896069727,0,64171,-0.05,-0.1,0.02,0.03
4869,61,125253,East,Business,0.16137481168362414,0,219159,-0.05,-0.1,0.02,0.03
4870,54,137321,East,Salaried,0.19030890507898676,0,54949,-0.05,-0.1,0.02,0.03
4871,67,128125,North,Salaried,0.2057321440831406,0,127997,-0.05,-0.1,0.02,0.03
4872,62,130957,North,Business,0.29949651182532194,0,88349,-0.05,-0.1,0.02,0.03
4873,28,34137,West,SelfEmp,0.8275394453168077,1,225094,0.35,0.25,0.15,0.2
4874,30,106398,East,Salaried,0.3108377371917669,0,245394,-0.05,-0.1,0.02,0.03
4875,58,52283,North,Business,0.12307728859554486,0,89605,-0.05,-0.1,0.02,0.03
4876,41,112906,East,Business,0.30113738260108647,0,68645,-0.05,-0.1,0.02,0.03
4877,31,65437,North,Business,0.4429106544165159,0,191691,-0.05,-0.1,0.02,0.03
4878,34,116820,North,Salaried,0.47469617172548995,0,156825,-0.05,-0.1,0.02,0.03
4879,65,93475,East,Salaried,0.11313467225204935,0,101567,-0.05,-0.1,0.02,0.03
4880,33,76140,North,Salaried,0.22595581065239273,0,130662,-0.05,-0.1,0.02,0.03
4881,55,94400,East,Business,0.46484055360258725,0,216300,-0.15,-0.25,0.05,0.1
4882,64,110123,East,Business,0.4330213438651902,0,191046,-0.05,-0.1,0.02,0.03
4883,54,100498,East,Business,0.35885707173204373,0,126151,-0.05,-0.1,0.02,0.03
4884,51,108384,East,Salaried,0.15717480728228722,0,235758,-0.05,-0.1,0.02,0.03
4885,37,53732,South,Salaried,0.7859022737762347,0,94211,0.2,0.2,0.1,0.05
4886,32,139711,East,Salaried,0.23801184920469015,0,72844,-0.05,-0.1,0.02,0.03
4887,35,36110,South,Salaried,0.6656060845252264,1,195963,0.2,0.2,0.1,0.05
4888,40,118413,East,Salaried,0.19450416274985477,0,166810,-0.05,-0.1,0.02,0.03
4889,39,86751,East,Salaried,0.45559134343633967,0,225758,-0.05,-0.1,0.02,0.03
4890,48,51095,East,Salaried,0.13078195344302299,1,218501,-0.05,-0.1,0.02,0.03
4891,61,60087,North,Salaried,0.3477819275342573,1,240532,-0.05,-0.1,0.02,0.03
4892,36,46468,South,Salaried,0.7374383580813906,1,191183,0.2,0.2,0.1,0.05
4893,65,95307,East,Business,0.33439797290405077,0,120231,-0.05,-0.1,0.02,0.03
4894,65,133063,North,Salaried,0.24813363120044524,0,152799,-0.05,-0.1,0.02,0.03
4895,36,60189,South,Salaried,0.7865722753473334,1,199634,0.2,0.2,0.1,0.05
4896,39,40939,South,Salaried,0.7706884520614858,1,175534,0.2,0.2,0.1,0.05
4897,45,143520,East,Business,0.2458946895761437,0,157696,-0.05,-0.1,0.02,0.03
4898,51,114885,East,Business,0.42497222436360516,0,196075,-0.15,-0.25,0.05,0.1
4899,58,67633,East,Business,0.3066157301230972,0,242511,-0.05,-0.1,0.02,0.03
4900,41,31782,South,Salaried,0.7108250415090271,0,175592,0.2,0.2,0.1,0.05
4901,49,97855,East,Salaried,0.3701958482438459,0,173678,-0.05,-0.1,0.02,0.03
4902,61,100286,East,Business,0.418015498386926,0,200465,-0.15,-0.25,0.05,0.1
4903,48,108431,North,Business,0.44871040364009473,0,90377,-0.05,-0.1,0.02,0.03
4904,30,52733,East,Business,0.33182476514094483,0,209725,-0.05,-0.1,0.02,0.03
4905,49,74618,North,Salaried,0.37333630131268947,0,103473,-0.05,-0.1,0.02,0.03
4906,58,93410,East,Business,0.5830254540821918,1,231167,-0.15,-0.25,0.05,0.1
4907,41,50909,South,Salaried,0.7214107682440193,0,198544,0.2,0.2,0.1,0.05
4908,61,78474,East,Salaried,0.4120166983347059,0,223027,-0.05,-0.1,0.02,0.03
4909,60,104287,East,Business,0.4874344250295859,0,193937,-0.15,-0.25,0.05,0.1
4910,60,117902,North,Salaried,0.3023111500184248,0,243831,-0.05,-0.1,0.02,0.03
4911,47,54174,East,Business,0.3995148551289166,0,138262,-0.05,-0.1,0.02,0.03
4912,43,57177,South,Salaried,0.6251176486320489,0,153136,0.2,0.2,0.1,0.05
4913,48,66476,East,Salaried,0.2976344172924644,0,73108,-0.05,-0.1,0.02,0.03
4914,35,65188,East,Business,0.4165362012854138,0,50230,-0.05,-0.1,0.02,0.03
4915,48,101408,North,Salaried,0.49391982286773584,0,198216,-0.05,-0.1,0.02,0.03
4916,37,133216,North,Business,0.1909292900357923,0,149185,-0.05,-0.1,0.02,0.03
4917,35,139236,North,Salaried,0.18874768428187078,0,139425,-0.05,-0.1,0.02,0.03
4918,54,128045,East,Business,0.3533416162637394,0,111557,-0.05,-0.1,0.02,0.03
4919,55,146574,North,Business,0.4482553456532684,0,206872,-0.05,-0.1,0.02,0.03
4920,24,29178,West,SelfEmp,0.7460750400275346,1,212864,0.35,0.25,0.15,0.2
4921,51,81376,North,Salaried,0.3256718111717839,1,104165,-0.05,-0.1,0.02,0.03
4922,51,86782,East,Business,0.4296964997804712,1,182054,-0.05,-0.1,0.02,0.03
4923,49,122289,East,Business,0.23759452238872122,0,88794,-0.05,-0.1,0.02,0.03
4924,50,119131,East,Salaried,0.24439261161354367,0,247761,-0.05,-0.1,0.02,0.03
4925,50,88172,East,Salaried,0.4065391855324224,0,102848,-0.05,-0.1,0.02,0.03
4926,32,46690,South,Salaried,0.5612066785383747,1,100673,0.2,0.2,0.1,0.05
4927,29,40481,West,SelfEmp,0.7204877513186753,1,200110,0.35,0.25,0.15,0.2
4928,29,30167,West,SelfEmp,0.6670771302122233,1,202074,0.35,0.25,0.15,0.2
4929,52,146572,North,Business,0.331903250049545,0,53764,-0.05,-0.1,0.02,0.03
4930,29,44945,West,SelfEmp,0.6694875623990869,1,190504,0.35,0.25,0.15,0.2
4931,33,119619,East,Salaried,0.20084758564139604,1,191902,-0.05,-0.1,0.02,0.03
4932,35,105873,North,Salaried,0.45048121641659267,0,177071,-0.05,-0.1,0.02,0.03
4933,53,125821,East,Salaried,0.40244316013733183,0,153115,-0.05,-0.1,0.02,0.03
4934,42,77324,North,Salaried,0.276617705454263,0,112406,-0.05,-0.1,0.02,0.03
4935,44,50614,South,Salaried,0.6187189301808486,0,112891,0.2,0.2,0.1,0.05
4936,36,89293,North,Salaried,0.22853537623859027,0,118474,-0.05,-0.1,0.02,0.03
4937,36,63875,East,Salaried,0.18169883453780936,0,230193,-0.05,-0.1,0.02,0.03
4938,47,124346,North,Salaried,0.36910067913575206,0,228731,-0.05,-0.1,0.02,0.03
4939,53,114966,North,Business,0.2846339996248586,0,152543,-0.05,-0.1,0.02,0.03
4940,22,41664,West,SelfEmp,0.7335426644386154,1,205470,0.35,0.25,0.15,0.2
4941,57,70744,East,Salaried,0.2700047388650149,0,171004,-0.05,-0.1,0.02,0.03
4942,63,62461,North,Salaried,0.4291244674144913,0,108641,-0.05,-0.1,0.02,0.03
4943,30,147005,East,Business,0.4722993061527223,0,84904,-0.05,-0.1,0.02,0.03
4944,67,56958,East,Salaried,0.17133129978216594,0,248823,-0.05,-0.1,0.02,0.03
4945,37,64578,North,Salaried,0.37909919987234064,0,96622,-0.05,-0.1,0.02,0.03
4946,34,53664,East,Business,0.22221445871515477,0,171600,-0.05,-0.1,0.02,0.03
4947,23,42736,West,SelfEmp,0.8440879518169204,1,247901,0.35,0.25,0.15,0.2
4948,33,132750,East,Business,0.3589904466639344,0,237076,-0.05,-0.1,0.02,0.03
4949,34,46605,South,Salaried,0.7082214750051032,0,177871,0.2,0.2,0.1,0.05
4950,21,25753,West,SelfEmp,0.798239863874322,1,152113,0.35,0.25,0.15,0.2
4951,54,116332,North,Salaried,0.10322923792713717,0,117050,-0.05,-0.1,0.02,0.03
4952,39,132418,East,Business,0.10276010025126624,0,224759,-0.05,-0.1,0.02,0.03
4953,35,35364,South,Salaried,0.5576408428149416,0,184388,0.2,0.2,0.1,0.05
4954,38,31111,South,Salaried,0.5703380931807513,1,104002,0.2,0.2,0.1,0.05
4955,65,126432,East,Salaried,0.3642429327243911,0,176818,-0.05,-0.1,0.02,0.03
4956,36,132393,East,Salaried,0.27967055846253375,0,232564,-0.05,-0.1,0.02,0.03
4957,39,106849,East,Salaried,0.4525588415830204,0,144391,-0.05,-0.1,0.02,0.03
4958,55,115387,East,Business,0.2315541978853001,0,203033,-0.05,-0.1,0.02,0.03
4959,57,133544,North,Business,0.2875043169900896,0,87817,-0.05,-0.1,0.02,0.03
4960,66,88154,North,Business,0.4442976874417226,0,174914,-0.05,-0.1,0.02,0.03
4961,63,132509,East,Salaried,0.48975993286365826,0,126286,-0.05,-0.1,0.02,0.03
4962,40,112068,North,Salaried,0.1158202917345021,0,102705,-0.05,-0.1,0.02,0.03
4963,39,108315,North,Business,0.17283237330010195,0,91239,-0.05,-0.1,0.02,0.03
4964,37,52884,East,Business,0.34367132317588744,0,164297,-0.05,-0.1,0.02,0.03
4965,41,102566,North,Business,0.4747875801735444,0,216554,-0.05,-0.1,0.02,0.03
4966,52,50741,North,Business,0.34538704022083355,0,158874,-0.05,-0.1,0.02,0.03
4967,63,83792,North,Salaried,0.3080372886142829,0,192980,-0.05,-0.1,0.02,0.03
4968,57,71202,North,Salaried,0.4596491319233552,0,159461,-0.05,-0.1,0.02,0.03
4969,52,89850,East,Salaried,0.27032412385330196,1,140640,-0.05,-0.1,0.02,0.03
4970,35,107029,East,Business,0.17436313414158158,0,84487,-0.05,-0.1,0.02,0.03
4971,50,91519,North,Business,0.4467784057471521,0,68184,-0.05,-0.1,0.02,0.03
4972,49,136995,East,Salaried,0.11065103218008981,0,179962,-0.05,-0.1,0.02,0.03
4973,57,111398,East,Business,0.6448196359696494,0,150318,-0.15,-0.25,0.05,0.1
4974,31,58526,East,Business,0.2276856429386132,0,232743,-0.05,-0.1,0.02,0.03
4975,51,101966,East,Salaried,0.33871867720517046,0,88433,-0.05,-0.1,0.02,0.03
4976,29,37386,West,SelfEmp,0.766997280813806,1,190565,0.35,0.25,0.15,0.2
4977,67,139306,North,Salaried,0.2551650521548514,0,116455,-0.05,-0.1,0.02,0.03
4978,69,59363,North,Business,0.18159708296449104,1,159415,-0.05,-0.1,0.02,0.03
4979,35,30555,South,Salaried,0.6805909869604757,0,81535,0.2,0.2,0.1,0.05
4980,59,144170,North,Business,0.2269502550932827,0,214112,-0.05,-0.1,0.02,0.03
4981,43,120680,East,Salaried,0.2837281848079207,1,197226,-0.05,-0.1,0.02,0.03
4982,33,53998,South,Salaried,0.642650753037503,0,175825,0.2,0.2,0.1,0.05
4983,31,32845,South,Salaried,0.630967441975953,0,167254,0.2,0.2,0.1,0.05
4984,55,92048,East,Salaried,0.27820597949968684,0,61422,-0.05,-0.1,0.02,0.03
4985,34,57875,South,Salaried,0.5972727610897257,1,93786,0.2,0.2,0.1,0.05
4986,40,51927,South,Salaried,0.6604621423778312,1,140922,0.2,0.2,0.1,0.05
4987,36,109724,North,Business,0.43150348485966217,0,216679,-0.05,-0.1,0.02,0.03
4988,48,102540,North,Salaried,0.1848522303465352,0,239835,-0.05,-0.1,0.02,0.03
4989,32,119128,East,Business,0.15035329558250443,0,174937,-0.05,-0.1,0.02,0.03
4990,51,127264,East,Business,0.48654431267011833,0,306784,-0.15,-0.25,0.05,0.1
4991,55,140169,North,Business,0.39719248725941325,0,162233,-0.05,-0.1,0.02,0.03
4992,64,63832,East,Business,0.12246646581794347,0,97852,-0.05,-0.1,0.02,0.03
4993,36,59394,South,Salaried,0.6378063510935388,1,145353,0.2,0.2,0.1,0.05
4994,67,78975,North,Salaried,0.27724076099833916,0,172237,-0.05,-0.1,0.02,0.03
4995,43,82155,East,Business,0.29174222704009745,0,194232,-0.05,-0.1,0.02,0.03
4996,44,52003,East,Business,0.45584578717159197,0,75672,-0.05,-0.1,0.02,0.03
4997,30,81603,East,Salaried,0.463047241951395,0,221550,-0.05,-0.1,0.02,0.03
4998,23,45062,West,SelfEmp,0.6569355566931596,0,243632,0.35,0.25,0.15,0.2
4999,36,84856,North,Salaried,0.1955065667048168,0,78371,-0.05,-0.1,0.02,0.03
5000,50,149542,North,Salaried,0.33120538441303804,0,70723,-0.05,-0.1,0.02,0.03
