customer_id,age,region,employment_type,industry,annual_income,bureau_score,debt_to_income,utilization_rate,loan_to_value,ead,predicted_pd,actual_default
1,65,South,Salaried,Healthcare,105725.0,583.0,35.45,25.31,54.64,84437.0,0.5777,0
2,58,West,Salaried,Retail,60186.0,720.0,37.75,37.52,41.13,52758.0,0.2785,0
3,40,East,SelfEmployed,Manufacturing,78513.0,684.0,42.57,45.3,51.77,34998.0,0.4666,0
4,69,East,Salaried,Construction,85216.0,784.0,68.92,31.21,50.17,51134.0,0.3437,0
5,43,North,SelfEmployed,Construction,105280.0,656.0,57.56,73.97,41.87,59282.0,0.7365,0
6,57,North,Salaried,Construction,36134.0,697.0,47.77,41.86,57.67,71175.0,0.4777,0
7,67,North,Salaried,IT,120836.0,652.0,31.82,84.83,66.1,66035.0,0.7059,0
8,28,West,SelfEmployed,IT,98477.0,693.0,11.62,91.72,80.47,30945.0,0.5527,0
9,57,East,Salaried,Construction,83989.0,657.0,16.99,82.38,57.91,76821.0,0.5515,0
10,65,East,Salaried,Healthcare,59007.0,677.0,53.85,52.04,50.7,53948.0,0.5982,0
11,53,North,Salaried,Healthcare,57327.0,631.0,32.15,50.88,52.68,45206.0,0.5524,0
12,53,West,Salaried,IT,80757.0,658.0,30.07,24.43,89.01,95589.0,0.4734,1
13,27,West,Salaried,Construction,84876.0,655.0,63.34,58.3,51.26,41708.0,0.738,0
14,42,North,Salaried,Healthcare,82297.0,672.0,39.07,90.75,88.36,146166.0,0.7921,1
15,25,North,Salaried,IT,78195.0,693.0,63.97,12.25,64.59,139220.0,0.4883,0
16,66,North,Salaried,Construction,83639.0,526.0,63.2,72.72,91.39,99122.0,0.9614,0
17,35,South,Salaried,Retail,31288.0,709.0,14.81,83.26,62.45,42772.0,0.4281,0
18,41,East,Salaried,Construction,69678.0,774.0,66.72,93.8,49.77,79754.0,0.6527,1
19,45,South,Salaried,Construction,47335.0,745.0,14.62,35.13,70.2,68483.0,0.1812,0
20,37,South,SelfEmployed,Manufacturing,74189.0,648.0,67.81,37.0,72.32,41742.0,0.7557,0
21,27,East,Salaried,Manufacturing,101129.0,761.0,37.16,25.68,74.95,102197.0,0.2477,0
22,39,North,Salaried,Retail,56826.0,651.0,55.65,76.02,62.63,59865.0,0.7965,0
23,27,South,SelfEmployed,Retail,60814.0,718.0,52.37,17.6,42.67,17573.0,0.2968,1
24,60,South,Salaried,Construction,58010.0,555.0,41.11,29.1,74.47,125375.0,0.7563,0
25,65,South,SelfEmployed,Healthcare,60682.0,737.0,47.17,31.57,91.32,127356.0,0.4503,0
26,44,West,Salaried,Retail,86081.0,700.0,67.0,38.74,92.67,57988.0,0.7154,0
27,31,North,Salaried,Construction,90744.0,708.0,65.64,42.95,72.83,81651.0,0.6428,1
28,61,East,Salaried,IT,104384.0,701.0,49.26,55.31,41.09,71143.0,0.485,0
29,21,East,Salaried,Manufacturing,54897.0,812.0,49.46,90.35,45.83,47204.0,0.4031,0
30,52,North,Salaried,Healthcare,88679.0,752.0,24.82,27.26,85.87,227450.0,0.2321,0
31,60,East,Salaried,Construction,92007.0,743.0,59.72,75.13,85.64,43974.0,0.7108,0
32,64,North,Salaried,IT,108066.0,733.0,47.96,65.88,92.03,61430.0,0.6349,0
33,22,North,Salaried,Manufacturing,56390.0,820.0,59.57,15.44,71.01,34229.0,0.2155,0
34,35,West,Salaried,IT,34928.0,685.0,49.47,77.93,87.51,91880.0,0.7784,0
35,41,West,Salaried,Construction,69452.0,617.0,27.96,13.16,85.37,84636.0,0.4914,0
36,44,West,Salaried,Retail,131174.0,803.0,21.37,71.5,72.42,92098.0,0.2455,0
37,37,South,Salaried,Manufacturing,53095.0,671.0,14.62,69.42,83.1,32529.0,0.5271,1
38,67,North,SelfEmployed,IT,84738.0,730.0,45.16,67.05,46.91,68734.0,0.4631,1
39,29,East,Salaried,Retail,30669.0,731.0,27.04,29.9,75.16,72904.0,0.2638,0
40,55,South,SelfEmployed,Healthcare,111297.0,656.0,47.83,56.6,92.44,31004.0,0.7584,0
41,40,North,Salaried,Construction,37436.0,615.0,13.52,73.54,48.91,72777.0,0.5519,0
42,39,South,Salaried,Construction,27177.0,764.0,32.54,62.38,80.92,43326.0,0.3889,0
43,38,North,Salaried,Manufacturing,76977.0,776.0,25.63,77.39,57.64,51579.0,0.3037,0
44,40,West,Salaried,IT,77367.0,738.0,32.22,66.91,84.94,79923.0,0.4872,0
45,50,South,Salaried,Healthcare,103386.0,724.0,13.26,29.7,78.35,66129.0,0.2101,0
46,60,East,Salaried,Manufacturing,91989.0,616.0,53.45,18.78,90.94,41294.0,0.7175,0
47,21,South,Salaried,Manufacturing,34988.0,680.0,17.0,61.88,79.16,33954.0,0.471,0
48,44,East,Salaried,IT,71963.0,773.0,10.86,73.38,62.57,55153.0,0.2234,0
49,44,East,Salaried,Healthcare,61058.0,653.0,66.78,17.81,40.6,66978.0,0.5465,0
50,67,North,Salaried,IT,48299.0,708.0,21.57,20.73,83.61,60305.0,0.2663,0
51,39,West,Salaried,Construction,83673.0,728.0,59.68,6.09,62.47,56213.0,0.3368,0
52,50,West,SelfEmployed,Retail,95860.0,731.0,67.87,52.86,76.88,53359.0,0.6655,0
53,46,West,Salaried,Construction,58894.0,639.0,42.05,53.81,45.78,122775.0,0.596,0
54,62,West,Salaried,Construction,68343.0,693.0,41.57,50.01,89.0,65810.0,0.5994,0
55,64,East,Salaried,Manufacturing,69676.0,751.0,32.05,33.44,63.96,66257.0,0.2372,0
56,58,West,Salaried,Construction,61778.0,812.0,35.54,43.5,90.58,53620.0,0.2553,0
57,49,North,Salaried,Healthcare,66452.0,687.0,38.92,73.96,78.89,48388.0,0.6703,1
58,33,North,Salaried,Construction,61765.0,725.0,19.13,21.36,46.68,153461.0,0.1424,0
59,24,North,Salaried,Healthcare,77493.0,630.0,31.88,23.14,71.86,79348.0,0.4857,0
60,65,South,Salaried,IT,63271.0,685.0,58.97,65.03,90.05,88308.0,0.7885,0
61,37,South,SelfEmployed,Manufacturing,83542.0,670.0,20.94,83.02,84.0,40116.0,0.6454,0
62,53,South,SelfEmployed,Healthcare,63198.0,816.0,53.79,35.64,62.99,98169.0,0.242,0
63,25,West,Salaried,Construction,87935.0,744.0,49.1,88.95,92.53,36270.0,0.7211,0
64,48,South,Salaried,Manufacturing,62766.0,706.0,13.44,10.19,54.77,70742.0,0.1327,0
65,44,South,Salaried,Manufacturing,87115.0,586.0,11.35,15.67,60.63,63266.0,0.3671,0
66,37,East,Salaried,Healthcare,58028.0,719.0,31.15,46.4,81.23,115976.0,0.4124,0
67,59,North,Salaried,Healthcare,92707.0,719.0,51.53,70.11,52.81,46699.0,0.5743,0
68,68,West,Salaried,Retail,39440.0,686.0,29.83,38.38,68.35,79185.0,0.395,0
69,60,North,SelfEmployed,Retail,74883.0,703.0,50.06,54.93,80.08,72859.0,0.628,0
70,64,West,Salaried,Manufacturing,63657.0,808.0,49.93,7.57,75.42,40784.0,0.175,0
71,66,West,Salaried,Retail,74076.0,757.0,58.39,46.57,48.55,78309.0,0.3994,0
72,31,North,Salaried,Construction,51280.0,647.0,15.97,26.83,74.63,55550.0,0.3581,0
73,32,North,Salaried,IT,71108.0,817.0,44.63,51.47,71.5,58631.0,0.2728,0
74,33,West,Salaried,Manufacturing,52813.0,652.0,13.75,52.32,70.68,49800.0,0.4368,0
75,28,East,SelfEmployed,IT,70237.0,797.0,20.56,72.78,85.43,61706.0,0.2961,0
76,21,East,Salaried,Retail,68377.0,657.0,29.53,53.59,50.11,61152.0,0.4735,0
77,29,West,Salaried,Healthcare,81598.0,691.0,52.44,60.28,81.34,78031.0,0.6984,0
78,48,North,Salaried,Manufacturing,76316.0,573.0,68.43,52.67,81.85,70308.0,0.9131,0
79,22,South,Salaried,Retail,112566.0,732.0,30.55,94.13,79.75,92969.0,0.6056,0
80,34,North,Salaried,Construction,64801.0,582.0,41.27,76.25,67.83,90483.0,0.8466,0
81,33,West,Salaried,Manufacturing,72347.0,712.0,25.54,73.01,61.75,126780.0,0.4448,1
82,68,East,Salaried,Manufacturing,138686.0,674.0,50.53,61.45,61.71,84369.0,0.664,0
83,22,South,SelfEmployed,Healthcare,70529.0,675.0,32.0,52.55,80.36,64340.0,0.5549,1
84,24,North,Salaried,Manufacturing,94064.0,724.0,38.9,36.03,67.38,105487.0,0.357,0
85,32,South,Salaried,Healthcare,86531.0,749.0,44.07,75.56,58.61,63763.0,0.4927,0
86,68,South,Salaried,Retail,121696.0,779.0,51.17,22.06,74.4,69211.0,0.2804,0
87,30,East,Salaried,Construction,46387.0,630.0,13.6,8.29,86.04,16973.0,0.3354,0
88,23,East,Salaried,Construction,44108.0,681.0,43.29,67.84,43.38,38176.0,0.5604,0
89,24,West,Salaried,Manufacturing,52642.0,697.0,35.87,18.04,93.47,84947.0,0.4055,0
90,26,South,Salaried,Manufacturing,78456.0,736.0,18.03,86.34,45.32,117090.0,0.3398,0
91,43,North,Salaried,Retail,54932.0,735.0,22.48,74.36,68.15,78374.0,0.3976,0
92,25,East,Salaried,Healthcare,32331.0,649.0,63.03,59.2,70.81,81160.0,0.8012,0
93,23,West,SelfEmployed,Construction,56513.0,772.0,62.31,33.25,47.6,83816.0,0.3268,0
94,30,East,Salaried,Healthcare,82372.0,725.0,12.0,62.41,90.36,60978.0,0.37,0
95,63,West,Salaried,Retail,56928.0,807.0,51.36,47.92,65.93,37464.0,0.3026,0
96,39,South,Salaried,Construction,97848.0,719.0,43.25,31.2,47.87,82464.0,0.3099,0
97,34,East,SelfEmployed,Construction,52492.0,580.0,66.39,90.06,79.14,32243.0,0.9494,0
98,41,South,Salaried,IT,75283.0,651.0,64.48,19.57,76.49,76569.0,0.672,0
99,63,North,Salaried,Retail,67181.0,690.0,44.77,72.8,92.96,121775.0,0.7389,0
100,48,North,Salaried,Retail,78770.0,649.0,18.34,77.0,64.28,69154.0,0.5771,0
101,41,North,Salaried,IT,80777.0,647.0,37.59,90.66,54.73,77863.0,0.7389,0
102,56,East,Salaried,Healthcare,106704.0,814.0,53.51,54.45,43.3,103188.0,0.2594,0
103,44,South,Salaried,IT,88797.0,625.0,67.1,53.14,80.32,55648.0,0.8557,0
104,58,East,Salaried,Retail,66585.0,668.0,31.83,87.83,73.95,126368.0,0.7085,0
105,37,West,Salaried,Healthcare,87257.0,704.0,57.08,77.1,93.49,99892.0,0.7969,0
106,42,North,Salaried,Construction,90005.0,621.0,51.0,73.73,79.17,64107.0,0.8496,0
107,39,South,Salaried,IT,115899.0,690.0,14.7,76.02,91.32,19962.0,0.5447,1
108,65,West,Salaried,Healthcare,71857.0,558.0,43.48,49.39,94.54,56898.0,0.8674,1
109,30,North,Salaried,Healthcare,73342.0,667.0,21.01,8.73,63.56,56579.0,0.2385,0
110,31,North,SelfEmployed,Healthcare,101246.0,633.0,51.01,22.84,48.27,70418.0,0.5331,0
111,58,South,SelfEmployed,IT,35030.0,682.0,46.61,62.87,50.77,124227.0,0.5869,0
112,22,North,SelfEmployed,Construction,70907.0,697.0,68.38,40.65,57.51,99719.0,0.625,0
113,53,West,Salaried,Healthcare,88887.0,781.0,66.12,59.61,67.99,67039.0,0.5341,0
114,63,West,Salaried,IT,95944.0,663.0,10.56,54.65,46.73,52730.0,0.3158,0
115,51,East,Salaried,Retail,30813.0,828.0,14.8,44.48,56.59,23964.0,0.0871,1
116,68,West,Salaried,IT,48235.0,713.0,56.15,26.13,56.93,87883.0,0.4215,0
117,55,West,Salaried,IT,25146.0,643.0,51.14,69.71,40.22,71856.0,0.7,0
118,57,North,Salaried,IT,92459.0,708.0,58.06,86.81,59.48,99851.0,0.7387,0
119,67,West,Salaried,Healthcare,79089.0,774.0,26.01,74.3,46.39,72330.0,0.2632,0
120,67,East,Salaried,IT,103380.0,636.0,60.96,15.8,63.63,45254.0,0.6201,0
121,56,West,Salaried,Retail,75583.0,817.0,36.55,53.42,50.81,77174.0,0.1841,0
122,43,West,SelfEmployed,Healthcare,119820.0,732.0,25.71,80.18,85.22,71292.0,0.521,0
123,56,South,Salaried,Retail,56139.0,631.0,10.64,58.19,44.43,99325.0,0.3979,0
124,60,North,Salaried,Manufacturing,67657.0,669.0,62.28,44.56,87.61,52792.0,0.7572,0
125,59,North,SelfEmployed,IT,83257.0,675.0,42.12,30.61,71.93,44458.0,0.4885,1
126,46,South,Salaried,Healthcare,60745.0,766.0,68.52,34.74,65.23,65944.0,0.4536,0
127,45,West,Salaried,Healthcare,83343.0,629.0,52.88,26.79,70.24,59277.0,0.6533,0
128,37,West,Salaried,IT,72787.0,792.0,14.83,22.62,60.69,46470.0,0.0858,0
129,35,North,Salaried,Construction,71622.0,768.0,45.29,58.0,47.02,46122.0,0.3294,0
130,57,East,SelfEmployed,Construction,72494.0,800.0,11.03,50.84,82.12,114042.0,0.1586,0
131,65,South,Salaried,Retail,89108.0,704.0,43.47,71.13,91.04,59085.0,0.6915,0
132,24,North,Salaried,IT,68142.0,774.0,31.01,32.71,92.25,108280.0,0.2645,0
133,42,North,Salaried,IT,52601.0,686.0,48.6,46.47,76.89,178642.0,0.6071,0
134,37,South,Salaried,Manufacturing,76343.0,761.0,42.49,66.23,62.57,55512.0,0.4195,0
135,42,West,SelfEmployed,Construction,62322.0,705.0,25.68,91.69,66.31,43619.0,0.5736,0
136,37,South,Salaried,Construction,55016.0,808.0,19.74,36.4,76.13,37422.0,0.1337,0
137,34,East,Salaried,IT,40380.0,716.0,34.28,31.84,85.27,107040.0,0.3854,0
138,34,East,Salaried,Retail,93623.0,649.0,69.21,45.44,60.6,58359.0,0.7597,0
139,37,South,Salaried,IT,88250.0,791.0,36.14,70.15,90.42,65774.0,0.4221,0
140,28,West,SelfEmployed,Retail,103148.0,713.0,54.93,91.54,57.83,52395.0,0.7253,0
141,54,West,Salaried,Construction,75056.0,668.0,13.42,53.29,69.2,59532.0,0.3961,1
142,46,South,Salaried,Manufacturing,96571.0,665.0,32.73,78.12,92.87,232517.0,0.7384,1
143,65,South,Salaried,Healthcare,56127.0,647.0,44.82,46.8,91.6,45708.0,0.7188,1
144,50,South,Salaried,Construction,36838.0,614.0,55.07,8.59,78.27,22661.0,0.6473,0
145,42,South,Salaried,Retail,59967.0,675.0,41.7,85.48,57.85,60653.0,0.6967,0
146,36,North,SelfEmployed,IT,70881.0,712.0,40.92,31.09,52.05,47936.0,0.3224,0
147,50,East,Salaried,Construction,82209.0,677.0,55.83,17.48,44.41,88276.0,0.4181,0
148,36,East,SelfEmployed,Manufacturing,100617.0,500.0,28.8,94.65,78.98,62532.0,0.9365,0
149,58,North,Salaried,Retail,81442.0,608.0,15.44,36.27,67.69,110680.0,0.469,0
150,44,South,Salaried,IT,120148.0,756.0,30.83,17.29,71.48,22582.0,0.1867,0
151,56,West,Salaried,Healthcare,77396.0,693.0,19.54,33.04,65.98,83166.0,0.28,0
152,55,North,Salaried,Retail,77015.0,598.0,67.96,51.25,66.56,124070.0,0.8624,0
153,26,North,SelfEmployed,IT,81764.0,679.0,44.65,12.92,71.42,51258.0,0.4091,0
154,24,South,Salaried,Healthcare,82579.0,707.0,36.8,36.74,90.28,50880.0,0.4671,0
155,38,West,Salaried,IT,82292.0,757.0,64.72,65.2,41.62,49987.0,0.5117,1
156,26,North,Salaried,Healthcare,50355.0,659.0,64.02,87.43,84.09,47513.0,0.8902,0
157,46,East,Salaried,Healthcare,92044.0,738.0,34.94,40.77,61.48,108108.0,0.3005,0
158,57,West,Salaried,Healthcare,125114.0,699.0,62.48,55.81,80.97,39213.0,0.7248,0
159,47,North,Salaried,IT,57340.0,678.0,13.84,62.25,92.17,84554.0,0.5038,0
160,61,East,Salaried,Healthcare,74175.0,752.0,63.14,11.37,56.85,29062.0,0.3101,0
161,31,South,Salaried,Retail,47544.0,643.0,28.64,35.8,44.93,33175.0,0.3931,0
162,58,East,Salaried,Manufacturing,90038.0,757.0,43.91,66.58,52.78,65516.0,0.4066,0
163,36,East,Salaried,Manufacturing,90019.0,632.0,26.18,71.21,52.22,36197.0,0.6053,1
164,39,East,Salaried,Healthcare,44919.0,665.0,69.09,37.04,80.8,35436.0,0.7542,0
165,63,North,Salaried,Manufacturing,48751.0,677.0,14.31,5.61,43.4,112069.0,0.1386,0
166,35,West,SelfEmployed,Manufacturing,33367.0,693.0,36.82,5.62,42.8,78360.0,0.2101,0
167,46,South,Salaried,Healthcare,106408.0,547.0,47.26,53.43,78.15,62840.0,0.8738,1
168,61,North,Salaried,Healthcare,58226.0,706.0,46.94,54.63,70.62,84513.0,0.5614,0
169,51,North,Salaried,Retail,72316.0,590.0,54.33,55.01,62.98,30455.0,0.8207,0
170,39,East,Salaried,Construction,67667.0,710.0,53.46,69.96,71.65,38199.0,0.6742,0
171,44,East,Salaried,IT,94769.0,716.0,57.59,87.91,80.44,68813.0,0.7821,0
172,29,North,Salaried,Healthcare,88204.0,759.0,24.06,94.12,45.69,29456.0,0.3667,1
173,43,East,Salaried,Healthcare,87136.0,620.0,32.23,68.1,70.43,29973.0,0.7184,0
174,24,North,Salaried,Manufacturing,58759.0,714.0,32.92,51.26,85.34,51578.0,0.4764,0
175,30,East,Salaried,Retail,88625.0,697.0,67.35,17.69,59.93,66740.0,0.513,0
176,29,North,SelfEmployed,Manufacturing,93569.0,666.0,34.56,39.58,81.97,54393.0,0.537,1
177,39,East,SelfEmployed,Healthcare,88034.0,636.0,23.31,56.52,86.5,38563.0,0.6277,0
178,35,South,Salaried,Healthcare,49219.0,705.0,47.94,94.98,85.15,39516.0,0.7886,0
179,54,West,Salaried,Manufacturing,52405.0,780.0,35.64,16.43,75.77,53759.0,0.1798,0
180,62,North,SelfEmployed,Healthcare,109742.0,686.0,25.0,76.38,79.45,88206.0,0.59,0
181,39,South,Salaried,Construction,113879.0,775.0,52.91,94.9,83.32,129640.0,0.6754,0
182,69,North,SelfEmployed,IT,73600.0,769.0,21.52,77.48,80.35,62814.0,0.3688,0
183,41,West,Salaried,IT,73575.0,572.0,48.0,74.04,64.84,23081.0,0.8729,0
184,54,West,SelfEmployed,IT,78148.0,648.0,35.83,28.28,48.75,93951.0,0.4103,0
185,37,South,Salaried,Construction,86580.0,667.0,29.15,5.3,57.04,84340.0,0.2526,0
186,38,East,SelfEmployed,Healthcare,46150.0,779.0,66.76,25.34,51.4,45877.0,0.3178,0
187,37,West,Salaried,Manufacturing,79608.0,699.0,29.46,76.08,59.88,54497.0,0.5164,0
188,22,East,Salaried,Retail,54385.0,777.0,30.85,14.66,66.91,124162.0,0.1416,0
189,21,East,SelfEmployed,Healthcare,74595.0,692.0,62.24,31.65,92.75,133615.0,0.6733,0
190,63,North,Salaried,Construction,57323.0,779.0,17.74,55.63,92.77,40612.0,0.268,0
191,30,North,Salaried,Construction,62034.0,727.0,16.48,57.18,82.33,183202.0,0.3434,0
192,57,West,Salaried,IT,78632.0,694.0,26.96,53.87,93.91,76266.0,0.5256,0
193,68,West,Salaried,Healthcare,62654.0,770.0,45.5,93.28,94.89,213058.0,0.668,0
194,25,East,SelfEmployed,IT,53023.0,670.0,33.06,6.11,88.69,30901.0,0.3768,0
195,32,South,Salaried,Retail,104070.0,821.0,46.51,48.88,44.37,46428.0,0.1941,0
196,56,South,Salaried,IT,53309.0,612.0,19.59,50.4,63.43,20467.0,0.5434,0
197,51,East,Salaried,Retail,28791.0,674.0,25.69,31.4,69.38,54750.0,0.3653,0
198,58,West,Salaried,Construction,86375.0,706.0,43.91,52.26,46.82,91321.0,0.4389,1
199,29,West,Salaried,IT,69206.0,655.0,23.03,65.6,84.47,151434.0,0.6142,0
200,64,West,Salaried,IT,74413.0,724.0,35.37,65.55,48.18,42162.0,0.4032,0
201,46,East,Salaried,Manufacturing,78164.0,693.0,44.36,12.91,61.08,71943.0,0.3379,0
202,35,North,SelfEmployed,Construction,100413.0,720.0,68.42,77.22,43.79,51799.0,0.6912,0
203,36,North,Salaried,Manufacturing,112276.0,647.0,14.79,88.76,68.85,86031.0,0.6307,0
204,33,West,Salaried,Retail,80069.0,639.0,37.62,16.13,72.84,56338.0,0.4759,0
205,45,East,SelfEmployed,Retail,51485.0,698.0,33.78,42.5,80.43,52543.0,0.4593,1
206,50,North,Salaried,Construction,77919.0,744.0,59.45,51.06,58.67,25129.0,0.4993,0
207,27,North,SelfEmployed,Retail,86784.0,811.0,64.02,17.13,72.48,69451.0,0.2678,0
208,24,East,Salaried,Construction,95073.0,590.0,64.42,50.3,80.38,125236.0,0.8798,0
209,63,North,SelfEmployed,Retail,77746.0,688.0,32.51,23.62,81.91,31945.0,0.3881,1
210,60,North,Salaried,Healthcare,63789.0,727.0,28.28,89.18,56.59,95028.0,0.4913,0
211,58,East,SelfEmployed,IT,56864.0,722.0,36.95,45.36,43.72,62683.0,0.3105,0
212,50,East,Salaried,Healthcare,72669.0,627.0,30.64,94.54,42.07,21315.0,0.7158,0
213,30,East,Salaried,Construction,44980.0,656.0,53.13,9.19,82.24,50654.0,0.5492,0
214,50,North,Salaried,Construction,82888.0,699.0,22.81,16.48,61.2,52410.0,0.2125,0
215,59,East,Salaried,Healthcare,78546.0,850.0,49.52,44.89,47.37,74827.0,0.1603,0
216,27,North,Salaried,IT,78447.0,757.0,65.62,83.69,50.15,79131.0,0.6408,0
217,56,South,Salaried,IT,89353.0,721.0,26.79,54.97,82.14,64204.0,0.4195,0
218,55,East,Salaried,Manufacturing,104019.0,538.0,50.61,70.91,72.94,84844.0,0.9166,0
219,44,East,Salaried,Retail,73591.0,621.0,18.61,43.12,67.58,38166.0,0.4937,0
220,59,West,Salaried,Manufacturing,76539.0,626.0,17.28,8.65,74.27,54697.0,0.3302,0
221,56,East,Salaried,IT,67607.0,721.0,16.94,63.3,47.56,55658.0,0.2735,0
222,65,East,Salaried,Healthcare,86030.0,692.0,18.31,62.06,57.55,107479.0,0.3741,1
223,40,North,Salaried,Retail,74848.0,662.0,22.97,11.43,60.57,23886.0,0.2606,0
224,69,South,Salaried,Healthcare,98101.0,720.0,43.77,20.38,57.3,80924.0,0.2951,0
225,52,South,Salaried,Manufacturing,97681.0,609.0,56.02,47.85,87.54,127044.0,0.833,0
226,59,North,Salaried,Construction,81322.0,651.0,17.61,45.2,71.98,63815.0,0.438,0
227,69,West,Salaried,Healthcare,73408.0,696.0,62.2,72.72,80.11,314721.0,0.7878,0
228,46,South,SelfEmployed,Manufacturing,69535.0,812.0,60.56,39.87,53.02,46952.0,0.2765,0
229,46,West,Salaried,Manufacturing,84607.0,754.0,53.64,64.7,54.52,55902.0,0.4834,0
230,56,East,Salaried,Manufacturing,84661.0,726.0,35.56,68.4,52.39,45362.0,0.4285,0
231,63,West,Salaried,Construction,69527.0,676.0,10.09,63.05,77.84,53591.0,0.4309,0
232,55,East,Salaried,Construction,80769.0,699.0,54.09,58.65,59.2,81878.0,0.6093,1
233,63,East,Salaried,Construction,59516.0,773.0,62.74,77.51,62.28,49869.0,0.5956,0
234,55,South,Salaried,Retail,84019.0,810.0,30.12,64.14,79.0,39697.0,0.2741,0
235,32,North,Salaried,Construction,61196.0,686.0,53.08,80.08,93.45,27020.0,0.816,0
236,53,East,Salaried,Construction,90441.0,727.0,13.72,62.3,48.9,55401.0,0.2443,0
237,56,South,Salaried,Construction,68666.0,755.0,52.57,19.31,43.45,59292.0,0.2344,0
238,34,North,Salaried,Healthcare,108477.0,725.0,14.1,32.85,50.72,51445.0,0.1605,0
239,53,East,Salaried,Construction,75782.0,621.0,45.23,34.73,80.42,182045.0,0.6886,0
240,66,North,Salaried,Retail,79759.0,655.0,45.85,13.45,50.7,82835.0,0.4018,0
241,65,West,SelfEmployed,Manufacturing,47027.0,744.0,28.13,67.31,72.14,45778.0,0.396,0
242,65,West,Salaried,Healthcare,103131.0,666.0,14.75,58.56,72.47,85450.0,0.4474,1
243,44,West,Salaried,IT,74241.0,808.0,66.96,58.08,56.19,90320.0,0.4224,0
244,35,South,SelfEmployed,Construction,109790.0,682.0,42.13,48.07,43.78,59723.0,0.4543,0
245,51,North,Salaried,Manufacturing,75965.0,620.0,44.79,53.88,61.96,48748.0,0.7111,1
246,37,West,Salaried,Manufacturing,70717.0,762.0,46.9,5.73,50.27,36742.0,0.1687,0
247,32,South,Salaried,Healthcare,64771.0,678.0,63.46,13.66,50.15,118931.0,0.4739,0
248,42,West,SelfEmployed,IT,87844.0,683.0,13.62,66.5,68.74,55246.0,0.4227,1
249,43,West,Salaried,Retail,85415.0,752.0,63.6,28.53,77.02,54436.0,0.4658,0
250,46,West,Salaried,Manufacturing,48319.0,641.0,24.38,14.71,44.15,104514.0,0.2753,0
251,34,South,Salaried,Manufacturing,63622.0,705.0,14.68,34.58,71.81,60883.0,0.2516,0
252,32,South,SelfEmployed,Manufacturing,89450.0,627.0,49.44,27.9,53.54,204873.0,0.5796,0
253,24,West,Salaried,Manufacturing,62110.0,705.0,68.62,7.64,77.03,46030.0,0.5178,1
254,66,South,Salaried,Healthcare,58659.0,602.0,13.43,41.95,84.56,49738.0,0.5606,0
255,33,North,SelfEmployed,IT,78925.0,650.0,35.57,7.43,84.39,42140.0,0.4344,1
256,38,East,Salaried,Manufacturing,76743.0,754.0,41.79,5.04,60.34,39530.0,0.1781,0
257,63,West,Salaried,Retail,65720.0,778.0,25.13,76.32,71.2,73340.0,0.3362,0
258,48,East,Salaried,Retail,110348.0,647.0,68.97,33.35,83.65,85337.0,0.7811,0
259,58,East,Salaried,Construction,72020.0,646.0,48.46,56.08,43.34,49472.0,0.6255,0
260,61,North,SelfEmployed,Manufacturing,49700.0,706.0,60.66,31.8,73.31,61135.0,0.5607,0
261,64,East,Salaried,Manufacturing,42622.0,651.0,34.95,88.7,86.01,66545.0,0.7937,0
262,39,West,SelfEmployed,Manufacturing,95450.0,756.0,31.24,70.63,60.48,114315.0,0.3645,0
263,66,North,Salaried,Manufacturing,53052.0,617.0,43.19,38.23,65.05,44235.0,0.6502,0
264,67,East,Salaried,Manufacturing,75609.0,662.0,36.12,23.96,78.43,65431.0,0.4664,0
265,63,West,SelfEmployed,Retail,57520.0,809.0,52.9,17.4,43.73,74316.0,0.1485,0
266,58,East,Salaried,IT,72958.0,723.0,25.95,73.62,61.21,73489.0,0.4236,0
267,66,East,Salaried,IT,81960.0,735.0,36.98,45.77,56.26,62161.0,0.3248,0
268,23,East,Salaried,Construction,47689.0,689.0,63.71,25.88,40.93,99854.0,0.4767,0
269,39,South,SelfEmployed,Retail,65886.0,612.0,55.37,87.77,50.78,42306.0,0.8588,0
270,40,South,Salaried,Manufacturing,61528.0,793.0,20.08,40.11,61.77,54930.0,0.1361,0
271,45,West,Salaried,IT,55693.0,712.0,63.21,53.91,50.86,44564.0,0.5916,1
272,31,West,Salaried,Healthcare,67487.0,757.0,45.34,82.2,73.13,43070.0,0.57,0
273,37,West,Salaried,Healthcare,62524.0,684.0,50.76,80.0,64.68,63467.0,0.7325,1
274,69,West,Salaried,Healthcare,92460.0,698.0,27.66,62.42,42.17,98365.0,0.3719,0
275,55,East,Salaried,Manufacturing,60684.0,676.0,36.49,84.98,55.13,40488.0,0.6482,0
276,34,East,Salaried,Manufacturing,84016.0,712.0,58.41,90.69,41.07,94840.0,0.6918,0
277,59,West,Salaried,Construction,83317.0,672.0,29.84,89.16,59.7,50713.0,0.6471,0
278,39,East,Salaried,Construction,44978.0,648.0,19.9,36.41,54.25,37095.0,0.3558,0
279,23,East,SelfEmployed,Construction,64886.0,688.0,32.7,40.75,77.85,42993.0,0.4582,0
280,54,West,Salaried,Healthcare,72799.0,732.0,14.15,26.65,56.91,96647.0,0.1473,0
281,69,West,SelfEmployed,Manufacturing,80308.0,770.0,53.07,80.31,60.63,35628.0,0.5399,0
282,61,South,Salaried,Healthcare,70273.0,619.0,18.86,15.96,79.89,163253.0,0.4115,0
283,42,South,Salaried,Construction,95838.0,753.0,27.11,36.96,66.45,64184.0,0.2257,0
284,58,North,SelfEmployed,Manufacturing,77095.0,658.0,62.86,5.88,70.6,25619.0,0.5576,0
285,47,East,Salaried,Retail,83910.0,640.0,42.43,58.52,86.27,35652.0,0.7488,0
286,41,North,Salaried,IT,63157.0,643.0,29.28,64.25,51.38,90389.0,0.5636,0
287,61,South,SelfEmployed,IT,84202.0,850.0,42.86,27.41,94.41,28877.0,0.1824,0
288,51,East,Salaried,Construction,113728.0,745.0,23.1,71.31,89.51,83341.0,0.4415,1
289,47,South,Salaried,Healthcare,85532.0,631.0,11.51,39.34,55.76,33357.0,0.3565,1
290,57,East,Salaried,Retail,97060.0,667.0,46.22,33.05,89.11,71917.0,0.6144,1
291,22,North,Salaried,Manufacturing,69169.0,619.0,52.85,91.05,81.47,115679.0,0.8996,0
292,67,North,Salaried,Healthcare,93485.0,621.0,62.79,57.98,91.19,72357.0,0.876,0
293,29,West,Salaried,Construction,95231.0,618.0,56.31,27.71,78.01,91684.0,0.7272,0
294,39,South,Salaried,Healthcare,79909.0,637.0,65.6,93.49,77.1,86111.0,0.9145,0
295,62,North,Salaried,Construction,73505.0,746.0,69.16,39.88,40.19,33846.0,0.4417,0
296,56,East,Salaried,IT,45098.0,764.0,54.7,63.3,66.1,32690.0,0.5023,1
297,30,West,Salaried,IT,74352.0,645.0,62.08,70.15,51.01,24816.0,0.7914,0
298,60,North,Salaried,Healthcare,86304.0,675.0,50.42,43.01,57.82,69894.0,0.5593,0
299,65,East,Salaried,Retail,59695.0,750.0,20.26,53.23,93.83,56948.0,0.3378,0
300,59,North,Salaried,Manufacturing,49598.0,702.0,20.9,26.58,44.7,36363.0,0.1911,0
301,27,North,Salaried,Construction,77039.0,721.0,16.62,46.92,79.74,70759.0,0.3045,0
302,24,East,Salaried,Manufacturing,79613.0,669.0,66.58,32.97,49.51,133697.0,0.6131,0
303,35,East,Salaried,IT,48053.0,792.0,50.37,54.27,40.41,84550.0,0.2757,0
304,32,East,SelfEmployed,Retail,75815.0,803.0,57.39,65.29,67.58,118921.0,0.4405,1
305,68,East,Salaried,Retail,80799.0,743.0,29.87,60.26,48.87,49363.0,0.2996,0
306,26,West,Salaried,Manufacturing,101426.0,664.0,37.63,74.9,93.1,65353.0,0.7565,0
307,29,East,Salaried,IT,65470.0,621.0,12.39,8.74,51.2,70243.0,0.2413,0
308,55,South,Salaried,Manufacturing,116728.0,805.0,63.34,12.07,50.56,91406.0,0.1983,0
309,28,West,SelfEmployed,Healthcare,76078.0,720.0,61.18,23.48,41.77,27828.0,0.3741,0
310,27,South,SelfEmployed,Retail,50961.0,707.0,57.09,93.72,58.14,126976.0,0.7573,0
311,24,South,Salaried,Retail,68396.0,743.0,13.5,77.02,41.33,67335.0,0.2475,0
312,33,North,Salaried,Healthcare,52743.0,702.0,20.45,88.17,67.44,115043.0,0.5305,0
313,39,North,SelfEmployed,IT,71655.0,684.0,30.05,29.49,67.81,101483.0,0.3583,0
314,27,West,SelfEmployed,Retail,84369.0,833.0,25.78,56.65,42.93,20560.0,0.1162,0
315,30,West,Salaried,Construction,80364.0,771.0,60.31,54.94,53.2,70744.0,0.4371,0
316,45,East,Salaried,Construction,52397.0,800.0,21.69,56.26,85.77,76552.0,0.2343,0
317,64,South,Salaried,IT,49910.0,795.0,41.93,69.58,65.44,53717.0,0.3617,0
318,55,North,SelfEmployed,Healthcare,83388.0,581.0,44.28,40.46,63.9,60155.0,0.738,1
319,45,North,Salaried,Manufacturing,87882.0,750.0,35.5,65.95,78.43,38570.0,0.453,0
320,49,South,Salaried,IT,65221.0,730.0,24.44,75.96,79.32,55417.0,0.4732,0
321,32,East,Salaried,Manufacturing,24247.0,663.0,67.62,31.02,81.91,50765.0,0.7304,0
322,67,East,Salaried,IT,51832.0,850.0,34.8,90.12,85.68,46247.0,0.3501,1
323,60,East,Salaried,Construction,94726.0,709.0,53.64,51.62,52.77,49858.0,0.5228,0
324,32,South,SelfEmployed,Healthcare,60229.0,669.0,21.04,70.95,43.65,18392.0,0.4414,0
325,26,West,Salaried,Construction,68055.0,692.0,59.37,70.6,60.91,46194.0,0.7189,0
326,30,East,Salaried,Healthcare,86067.0,737.0,22.95,55.87,87.03,37991.0,0.3751,0
327,22,East,Salaried,Manufacturing,68875.0,727.0,50.52,34.04,44.29,39481.0,0.3413,0
328,65,East,Salaried,IT,102948.0,668.0,40.39,65.02,71.68,30014.0,0.6577,0
329,45,South,Salaried,Retail,67531.0,750.0,18.79,12.86,78.56,53309.0,0.1474,0
330,27,North,Salaried,Retail,57787.0,702.0,11.5,93.33,66.48,38427.0,0.4846,0
331,60,South,Salaried,Healthcare,98645.0,685.0,65.84,21.56,54.03,38163.0,0.5294,0
332,43,West,Salaried,Healthcare,75956.0,688.0,17.54,29.79,57.95,63623.0,0.2434,0
333,68,North,Salaried,Construction,53432.0,630.0,52.3,90.9,43.94,135092.0,0.8169,0
334,31,North,Salaried,Retail,84436.0,642.0,49.16,21.79,56.09,63962.0,0.5205,0
335,56,North,SelfEmployed,Construction,69113.0,637.0,30.5,20.31,42.44,102332.0,0.3407,1
336,69,North,SelfEmployed,Manufacturing,52083.0,557.0,21.12,77.41,79.95,57056.0,0.8265,0
337,68,West,Salaried,Retail,76902.0,721.0,20.7,27.62,89.39,206499.0,0.2807,0
338,43,East,Salaried,Manufacturing,71838.0,639.0,45.12,13.53,74.84,34168.0,0.5268,0
339,63,South,SelfEmployed,IT,41252.0,675.0,42.82,25.4,76.12,22102.0,0.483,0
340,27,North,Salaried,Construction,53814.0,682.0,62.56,84.95,65.97,93669.0,0.817,0
341,47,South,SelfEmployed,Healthcare,112307.0,641.0,48.4,30.23,48.58,86460.0,0.5318,0
342,33,South,SelfEmployed,Retail,76626.0,678.0,59.16,67.56,40.42,24243.0,0.6685,0
343,37,North,Salaried,Construction,101933.0,705.0,11.94,40.56,58.92,55584.0,0.2236,0
344,52,South,Salaried,Healthcare,81176.0,658.0,50.26,28.59,81.33,146931.0,0.6146,0
345,46,South,SelfEmployed,IT,99743.0,645.0,24.02,17.96,92.82,93552.0,0.4433,0
346,42,East,Salaried,Retail,86115.0,663.0,25.17,92.5,63.71,27685.0,0.663,0
347,33,East,Salaried,Manufacturing,56073.0,757.0,53.23,51.9,60.1,21718.0,0.4294,0
348,32,North,Salaried,IT,87137.0,666.0,57.61,15.33,64.53,134459.0,0.5233,0
349,27,South,Salaried,Healthcare,55944.0,710.0,32.3,22.89,63.53,39163.0,0.2747,0
350,21,East,Salaried,Retail,93587.0,670.0,57.4,41.66,74.42,97159.0,0.6731,1
351,53,East,Salaried,Retail,79354.0,694.0,36.62,53.98,80.38,85428.0,0.5493,0
352,34,West,SelfEmployed,IT,75375.0,751.0,61.46,21.36,83.17,59150.0,0.4403,0
353,67,East,Salaried,Retail,66229.0,646.0,11.49,30.0,75.73,41167.0,0.3474,0
354,63,North,Salaried,Healthcare,90969.0,834.0,15.01,75.53,64.07,126136.0,0.1591,0
355,61,North,Salaried,IT,71847.0,721.0,56.58,42.57,92.26,19501.0,0.615,0
356,37,East,Salaried,Manufacturing,36802.0,712.0,47.45,5.13,79.11,103576.0,0.3408,0
357,24,North,Salaried,IT,40715.0,637.0,43.54,9.85,63.47,50901.0,0.4588,0
358,59,East,SelfEmployed,IT,49615.0,739.0,46.84,44.54,64.56,40899.0,0.4071,0
359,21,West,SelfEmployed,Manufacturing,90684.0,800.0,65.81,10.41,84.99,56349.0,0.312,1
360,61,East,Salaried,Healthcare,92205.0,655.0,49.33,20.65,64.23,105215.0,0.5149,0
361,65,South,Salaried,Construction,81500.0,640.0,48.85,70.51,68.4,32084.0,0.778,1
362,44,East,Salaried,Construction,81288.0,703.0,55.57,48.23,56.04,70669.0,0.5484,0
363,54,South,Salaried,Manufacturing,103923.0,639.0,62.0,48.42,86.14,80749.0,0.8141,0
364,54,East,Salaried,Healthcare,81857.0,673.0,25.71,58.84,68.73,54166.0,0.5,0
365,44,West,Salaried,Retail,87762.0,750.0,47.0,75.97,70.39,34453.0,0.5581,0
366,35,South,SelfEmployed,Manufacturing,74785.0,806.0,45.04,19.27,88.44,39674.0,0.223,0
367,37,West,Salaried,Construction,65779.0,753.0,18.09,20.57,90.63,145870.0,0.1877,0
368,33,West,Salaried,Healthcare,69395.0,648.0,41.22,15.93,85.33,95970.0,0.5253,0
369,27,North,Salaried,IT,116015.0,683.0,14.17,89.31,43.6,80786.0,0.4455,0
370,29,North,Salaried,Healthcare,53266.0,679.0,21.1,56.96,64.39,173660.0,0.4249,0
371,64,North,Salaried,Healthcare,81286.0,706.0,64.78,13.34,58.88,40362.0,0.446,1
372,55,North,Salaried,Construction,44692.0,753.0,17.15,24.86,51.74,59378.0,0.12,0
373,43,North,Salaried,Construction,62790.0,652.0,44.73,70.3,89.99,61313.0,0.7906,0
374,67,East,Salaried,Retail,90477.0,831.0,29.41,7.61,88.95,111115.0,0.1003,0
375,59,North,Salaried,Retail,38801.0,638.0,43.32,70.31,65.59,26430.0,0.7435,0
376,43,South,Salaried,Manufacturing,93095.0,650.0,24.1,87.03,47.4,62410.0,0.6042,0
377,46,West,Salaried,IT,115951.0,652.0,36.66,10.07,40.74,59813.0,0.2979,0
378,21,North,Salaried,Retail,82303.0,848.0,62.04,21.78,64.12,90393.0,0.1873,0
379,34,West,SelfEmployed,Construction,100238.0,798.0,32.57,5.21,42.2,48190.0,0.0747,0
380,52,South,Salaried,Healthcare,79961.0,651.0,31.18,14.81,73.53,109866.0,0.395,0
381,68,North,Salaried,Manufacturing,89222.0,672.0,36.77,60.53,73.46,73291.0,0.6087,0
382,30,East,Salaried,Retail,84075.0,694.0,16.03,9.03,89.44,40535.0,0.2333,0
383,21,East,Salaried,Healthcare,64799.0,671.0,33.24,43.33,50.45,79906.0,0.4157,0
384,25,West,Salaried,Healthcare,63006.0,754.0,10.41,50.31,60.43,56402.0,0.1728,0
385,23,East,Salaried,Retail,98629.0,729.0,40.2,86.6,87.27,76474.0,0.6689,0
386,69,West,Salaried,IT,74156.0,712.0,60.88,47.69,66.09,33102.0,0.5986,0
387,47,South,Salaried,IT,72165.0,749.0,43.12,17.83,43.28,52302.0,0.1912,0
388,42,North,SelfEmployed,Manufacturing,71750.0,726.0,46.46,31.04,46.09,99647.0,0.3085,0
389,38,West,Salaried,IT,81128.0,740.0,11.83,65.5,84.74,120904.0,0.3279,0
390,36,West,SelfEmployed,Manufacturing,51290.0,710.0,61.57,15.09,80.9,74624.0,0.5022,0
391,22,West,Salaried,Construction,71357.0,803.0,33.1,25.86,88.17,53208.0,0.19,1
392,67,South,Salaried,Retail,81211.0,708.0,68.49,94.62,46.54,45511.0,0.7886,1
393,33,South,SelfEmployed,Healthcare,49418.0,691.0,17.23,5.5,81.82,42184.0,0.213,0
394,65,West,Salaried,Manufacturing,79185.0,748.0,66.68,18.7,76.03,42145.0,0.4467,0
395,36,South,Salaried,IT,57047.0,734.0,48.06,80.93,52.78,39200.0,0.5649,0
396,28,West,Salaried,Manufacturing,81249.0,699.0,13.14,14.12,93.56,57393.0,0.2391,0
397,63,West,Salaried,Manufacturing,118170.0,602.0,68.3,8.03,71.37,44677.0,0.7336,0
398,28,South,Salaried,IT,72583.0,785.0,10.83,15.92,89.88,78928.0,0.1087,0
399,30,West,Salaried,IT,53427.0,775.0,53.84,67.42,87.25,71700.0,0.5688,0
400,53,West,SelfEmployed,Retail,79742.0,649.0,63.37,94.38,58.32,103648.0,0.8725,0
401,51,North,Salaried,Healthcare,84484.0,725.0,20.55,58.16,69.48,79462.0,0.3368,0
402,32,West,SelfEmployed,Retail,56262.0,669.0,30.6,16.19,63.73,91042.0,0.3233,0
403,29,East,SelfEmployed,Retail,40630.0,732.0,43.67,21.54,79.0,39773.0,0.345,1
404,57,West,Salaried,IT,56323.0,767.0,50.79,53.39,72.34,76490.0,0.4396,0
405,29,South,Salaried,IT,74033.0,692.0,62.31,69.41,83.17,67820.0,0.7914,0
406,68,West,SelfEmployed,Healthcare,65894.0,743.0,55.66,64.66,40.65,22304.0,0.474,1
407,38,South,SelfEmployed,Manufacturing,96550.0,615.0,31.8,56.73,77.83,58227.0,0.7009,0
408,50,North,Salaried,Retail,85342.0,648.0,59.3,93.76,57.55,36218.0,0.8562,1
409,52,West,Salaried,Healthcare,77040.0,754.0,67.96,22.82,52.33,27978.0,0.3751,0
410,60,North,Salaried,Retail,40101.0,662.0,23.62,20.56,84.07,51267.0,0.3809,0
411,43,South,Salaried,Manufacturing,87608.0,650.0,14.45,82.32,44.91,43613.0,0.4999,1
412,31,West,Salaried,Retail,114584.0,656.0,35.6,31.17,52.57,41083.0,0.417,1
413,40,West,Salaried,Construction,92246.0,635.0,62.88,34.93,51.21,29163.0,0.6792,0
414,39,East,Salaried,Healthcare,61846.0,760.0,19.02,54.38,63.09,145658.0,0.223,0
415,56,East,Salaried,IT,72273.0,765.0,63.15,39.31,57.73,32114.0,0.4133,0
416,46,South,Salaried,Retail,84182.0,654.0,69.53,30.89,79.63,50594.0,0.7511,0
417,30,South,Salaried,Healthcare,102733.0,634.0,13.24,87.55,78.47,84216.0,0.6769,1
418,44,South,Salaried,Healthcare,60885.0,694.0,39.72,16.63,57.9,97659.0,0.3098,0
419,33,East,Salaried,Retail,65690.0,630.0,29.73,41.39,64.03,34515.0,0.533,0
420,66,West,Salaried,IT,74137.0,742.0,33.62,5.27,51.43,53681.0,0.1433,0
421,54,West,Salaried,IT,72386.0,701.0,37.1,77.67,76.9,78966.0,0.6373,0
422,49,West,Salaried,Retail,90847.0,678.0,54.38,20.16,61.79,69494.0,0.4823,0
423,56,North,SelfEmployed,Healthcare,80246.0,761.0,45.48,74.57,47.31,72433.0,0.4261,1
424,27,South,Salaried,IT,47056.0,643.0,67.67,18.37,47.0,32966.0,0.6032,1
425,50,North,Salaried,Retail,61864.0,674.0,29.97,42.51,57.73,39623.0,0.4064,0
426,37,East,Salaried,Retail,62440.0,628.0,42.49,70.54,81.1,55505.0,0.7974,0
427,68,South,SelfEmployed,Retail,30702.0,617.0,58.8,29.37,41.4,51221.0,0.6341,1
428,33,West,Salaried,Healthcare,93593.0,646.0,32.38,33.25,54.18,65004.0,0.4361,1
429,44,South,Salaried,IT,77649.0,651.0,37.92,65.06,48.94,35299.0,0.6008,0
430,51,North,Salaried,Healthcare,64186.0,646.0,51.1,21.89,92.61,97564.0,0.6573,0
431,47,North,Salaried,Construction,93052.0,695.0,61.64,90.66,78.79,32988.0,0.8388,1
432,41,West,Salaried,IT,81027.0,694.0,34.94,21.99,52.83,67190.0,0.287,0
433,64,East,Salaried,Healthcare,49278.0,607.0,41.92,72.5,51.41,39871.0,0.7613,0
434,21,North,Salaried,IT,87192.0,748.0,68.51,77.23,87.19,52439.0,0.7648,0
435,35,North,Salaried,Construction,102459.0,609.0,12.55,38.69,50.46,28663.0,0.3934,0
436,23,East,Salaried,Manufacturing,72202.0,596.0,36.89,19.06,94.84,55050.0,0.6676,0
437,26,North,Salaried,Retail,73659.0,762.0,48.16,19.93,55.53,83507.0,0.2323,0
438,34,West,SelfEmployed,Healthcare,77155.0,634.0,10.51,93.69,44.64,112749.0,0.5671,0
439,58,East,Salaried,Construction,50642.0,721.0,45.81,70.29,78.0,57014.0,0.6191,0
440,53,North,SelfEmployed,Construction,77828.0,665.0,13.37,45.5,73.53,32562.0,0.381,0
441,58,North,Salaried,IT,57170.0,640.0,61.45,28.16,94.99,90012.0,0.7658,0
442,28,West,Salaried,IT,74869.0,629.0,58.43,6.7,84.11,71217.0,0.6479,0
443,46,South,Salaried,Retail,78318.0,723.0,11.94,65.34,63.59,55022.0,0.2974,0
444,35,South,SelfEmployed,IT,85616.0,644.0,12.93,91.12,77.21,45688.0,0.6634,0
445,34,West,Salaried,Healthcare,86351.0,766.0,55.22,14.62,84.98,56358.0,0.3355,0
446,68,West,Salaried,Healthcare,56446.0,609.0,32.17,72.9,68.25,60748.0,0.7522,0
447,40,West,Salaried,Healthcare,78752.0,785.0,44.5,18.79,55.01,89751.0,0.1732,0
448,68,West,Salaried,Manufacturing,94122.0,575.0,26.22,76.29,51.56,39186.0,0.7471,0
449,39,South,Salaried,Healthcare,51932.0,717.0,20.38,38.35,56.24,42691.0,0.2316,0
450,53,North,Salaried,IT,109902.0,629.0,27.76,69.09,86.64,53240.0,0.725,0
451,56,West,Salaried,IT,55552.0,605.0,24.8,88.37,60.92,30366.0,0.7559,0
452,44,East,Salaried,Healthcare,107549.0,694.0,36.9,60.81,55.77,84446.0,0.4924,1
453,30,South,Salaried,Construction,55903.0,741.0,54.8,87.86,84.32,80467.0,0.7331,1
454,54,West,Salaried,Construction,73876.0,688.0,43.25,26.15,41.76,69491.0,0.335,0
455,56,North,Salaried,Construction,71142.0,697.0,46.55,93.03,72.67,200813.0,0.7546,1
456,67,South,Salaried,Retail,47664.0,712.0,38.2,83.56,88.05,84124.0,0.6826,0
457,56,North,Salaried,Manufacturing,88964.0,737.0,29.48,14.68,62.55,117310.0,0.1819,0
458,36,South,Salaried,Healthcare,89991.0,799.0,18.61,42.22,54.81,61730.0,0.1179,0
459,35,North,SelfEmployed,Retail,87395.0,655.0,31.27,88.43,67.04,45514.0,0.7129,0
460,38,North,SelfEmployed,Construction,70030.0,729.0,49.91,12.03,79.46,29162.0,0.3527,0
461,27,North,SelfEmployed,Healthcare,60965.0,666.0,54.03,45.84,68.41,69783.0,0.6587,0
462,67,East,Salaried,Retail,96983.0,690.0,38.15,70.12,40.42,78473.0,0.502,0
463,42,East,Salaried,IT,79269.0,741.0,48.7,8.01,44.31,95303.0,0.2021,0
464,52,East,Salaried,Construction,59874.0,711.0,22.63,72.75,79.67,46564.0,0.4926,0
465,63,West,Salaried,Retail,79291.0,655.0,61.6,37.51,62.0,83567.0,0.6739,1
466,39,South,Salaried,IT,41506.0,706.0,61.96,27.44,83.16,31290.0,0.5847,0
467,60,South,Salaried,Construction,77156.0,721.0,29.22,56.84,75.72,62635.0,0.4225,0
468,21,West,SelfEmployed,Manufacturing,88115.0,738.0,42.86,53.99,71.98,78860.0,0.4544,0
469,55,North,SelfEmployed,Construction,71412.0,768.0,46.4,83.65,89.58,82646.0,0.6163,1
470,25,West,Salaried,Manufacturing,89218.0,808.0,38.35,65.84,41.17,90219.0,0.2243,0
471,32,North,Salaried,Manufacturing,91264.0,700.0,64.67,42.97,48.53,78261.0,0.5685,0
472,32,West,Salaried,Manufacturing,80506.0,634.0,54.38,63.51,74.34,63302.0,0.8067,0
473,41,North,Salaried,Healthcare,110361.0,719.0,50.35,72.51,43.62,111332.0,0.5437,0
474,39,West,Salaried,Healthcare,102079.0,620.0,41.21,89.36,75.47,58330.0,0.8466,0
475,29,East,Salaried,Manufacturing,87547.0,814.0,15.09,68.38,94.13,59566.0,0.2388,0
476,63,West,Salaried,IT,82103.0,667.0,16.47,53.95,88.33,131911.0,0.4956,0
477,69,North,Salaried,Manufacturing,69873.0,759.0,27.94,38.57,72.5,14803.0,0.2416,0
478,68,East,Salaried,Retail,62057.0,719.0,22.69,85.23,89.17,79838.0,0.5704,0
479,56,West,Salaried,Manufacturing,90950.0,715.0,67.15,76.33,46.39,81190.0,0.6985,1
480,62,East,Salaried,Healthcare,71017.0,605.0,34.59,11.95,65.01,48515.0,0.4876,0
481,67,East,SelfEmployed,Healthcare,54718.0,653.0,62.6,67.96,63.58,60437.0,0.8043,0
482,52,East,Salaried,Retail,58957.0,676.0,59.08,53.49,58.5,59475.0,0.6696,0
483,55,South,Salaried,Retail,61596.0,678.0,58.75,14.33,40.01,53813.0,0.407,0
484,51,East,Salaried,Construction,110071.0,706.0,22.94,55.85,89.01,58011.0,0.4587,0
485,52,East,Salaried,IT,91957.0,660.0,36.84,22.33,82.77,72433.0,0.485,0
486,57,West,SelfEmployed,IT,75686.0,729.0,29.08,68.73,75.91,44520.0,0.4605,0
487,52,North,Salaried,IT,83279.0,694.0,68.22,30.06,47.09,59738.0,0.5404,0
488,63,South,Salaried,Healthcare,85601.0,739.0,62.6,18.53,60.8,30497.0,0.3814,0
489,57,West,Salaried,IT,57628.0,611.0,25.0,12.38,90.84,44031.0,0.5003,0
490,59,West,SelfEmployed,Construction,51649.0,747.0,28.81,49.17,73.93,34784.0,0.3183,0
491,58,South,Salaried,Construction,96031.0,798.0,41.73,22.97,73.19,64705.0,0.1949,0
492,50,East,Salaried,IT,48006.0,690.0,26.72,81.96,90.22,35604.0,0.6547,0
493,52,South,Salaried,Retail,74651.0,772.0,59.47,5.27,70.79,29838.0,0.2645,1
494,65,North,Salaried,Construction,60565.0,698.0,59.15,80.93,72.87,29891.0,0.7778,0
495,22,South,Salaried,Retail,79420.0,675.0,53.46,51.9,59.01,35734.0,0.629,0
496,31,South,Salaried,Healthcare,69939.0,713.0,51.36,87.99,60.43,100284.0,0.6965,1
497,40,East,Salaried,Construction,85680.0,794.0,42.84,23.42,77.71,129063.0,0.2188,0
498,57,North,SelfEmployed,Retail,28777.0,789.0,30.83,14.2,57.62,50557.0,0.112,0
499,29,West,Salaried,IT,97413.0,608.0,60.22,61.25,70.75,28376.0,0.8534,0
500,58,West,Salaried,Healthcare,89708.0,638.0,61.53,68.61,55.36,51517.0,0.8046,0
501,69,East,Salaried,Manufacturing,95231.0,695.0,12.97,38.53,49.14,119724.0,0.214,0
502,39,East,Salaried,Manufacturing,92928.0,658.0,33.92,6.23,64.99,67146.0,0.3299,0
503,60,South,Salaried,IT,81276.0,723.0,11.6,41.63,51.96,28840.0,0.1795,0
504,27,West,Salaried,Healthcare,62173.0,692.0,60.37,26.04,89.42,149029.0,0.6239,1
505,25,East,Salaried,Healthcare,83769.0,673.0,20.63,36.27,56.7,50051.0,0.3136,0
506,67,North,Salaried,Healthcare,80791.0,819.0,50.43,50.61,72.86,45845.0,0.3061,0
507,62,West,Salaried,Healthcare,92531.0,747.0,31.44,68.21,54.49,107569.0,0.3555,0
508,44,West,Salaried,Manufacturing,87433.0,743.0,58.96,91.69,54.19,68766.0,0.6763,1
509,68,West,Salaried,Retail,76885.0,652.0,40.58,17.96,59.28,114066.0,0.4256,0
510,61,East,Salaried,Healthcare,83663.0,698.0,29.46,66.19,90.37,55903.0,0.5831,1
511,27,East,Salaried,Retail,85435.0,692.0,29.43,25.99,61.53,57678.0,0.3011,0
512,31,South,SelfEmployed,Healthcare,96767.0,706.0,29.62,24.86,85.17,47190.0,0.3446,0
513,29,West,SelfEmployed,Construction,109718.0,674.0,57.31,62.02,50.85,64662.0,0.6763,1
514,69,West,Salaried,Construction,86942.0,755.0,52.67,74.84,42.65,58715.0,0.4783,0
515,50,North,Salaried,Construction,85527.0,780.0,29.15,93.0,82.99,42106.0,0.4827,1
516,61,North,Salaried,Healthcare,70540.0,746.0,39.41,74.19,69.8,25708.0,0.501,0
517,23,South,SelfEmployed,Retail,68134.0,694.0,14.57,19.16,67.7,75942.0,0.2052,0
518,42,West,Salaried,Manufacturing,60484.0,676.0,59.65,25.29,54.97,70375.0,0.5279,0
519,60,West,Salaried,IT,20000.0,765.0,25.96,73.53,43.98,52475.0,0.2708,0
520,40,North,Salaried,Manufacturing,58216.0,719.0,63.35,52.43,66.56,96100.0,0.6232,0
521,52,East,SelfEmployed,Healthcare,71545.0,733.0,45.81,31.59,87.7,64517.0,0.4348,0
522,68,South,Salaried,Construction,68875.0,718.0,44.07,47.46,46.6,74475.0,0.3862,0
523,27,West,Salaried,Construction,84132.0,655.0,19.76,87.34,91.1,59731.0,0.7114,0
524,27,West,Salaried,Retail,58920.0,794.0,14.17,73.0,55.11,27079.0,0.186,0
525,40,West,Salaried,Healthcare,59800.0,847.0,43.16,45.56,69.27,115031.0,0.1858,0
526,45,South,Salaried,Manufacturing,32726.0,674.0,38.08,93.25,43.66,72370.0,0.6618,1
527,65,South,Salaried,Healthcare,84429.0,698.0,17.18,76.54,63.38,30845.0,0.4429,0
528,55,South,Salaried,Healthcare,57243.0,677.0,60.14,5.53,46.92,47744.0,0.4006,0
529,64,North,Salaried,Construction,60680.0,660.0,35.03,15.11,42.64,79766.0,0.2975,0
530,44,West,Salaried,Manufacturing,86295.0,736.0,25.63,54.86,93.16,127470.0,0.4147,0
531,60,West,Salaried,IT,57345.0,665.0,57.3,36.5,80.16,69124.0,0.6789,1
532,33,West,Salaried,Construction,82607.0,643.0,64.78,78.13,79.55,86604.0,0.8831,0
533,68,West,Salaried,Manufacturing,50867.0,727.0,28.36,85.61,44.98,136492.0,0.4304,0
534,59,East,Salaried,Retail,74578.0,648.0,56.56,26.66,91.11,133284.0,0.705,1
535,24,West,Salaried,Construction,62807.0,663.0,49.15,73.7,65.82,68315.0,0.7418,0
536,32,West,Salaried,Retail,69674.0,659.0,69.38,53.19,86.88,83241.0,0.8326,0
537,37,West,Salaried,Construction,105234.0,728.0,22.24,40.28,40.69,36704.0,0.1909,0
538,21,North,SelfEmployed,Healthcare,42214.0,704.0,67.64,75.81,56.4,58351.0,0.7497,0
539,37,South,Salaried,Manufacturing,103448.0,588.0,28.92,55.84,94.78,73366.0,0.782,0
540,22,North,Salaried,Retail,56624.0,717.0,34.72,62.18,63.53,48549.0,0.4543,0
541,26,West,Salaried,Construction,92382.0,650.0,31.53,10.6,88.87,30842.0,0.4344,0
542,64,East,Salaried,Retail,96346.0,792.0,26.11,57.73,58.04,58701.0,0.2036,0
543,31,North,SelfEmployed,Construction,83609.0,576.0,51.59,32.06,68.89,24732.0,0.7711,1
544,63,East,SelfEmployed,Construction,50631.0,723.0,45.35,49.4,86.98,127396.0,0.5443,0
545,38,East,Salaried,IT,80449.0,747.0,28.34,24.98,73.32,58182.0,0.2197,0
546,60,South,Salaried,IT,126191.0,628.0,17.93,60.3,79.89,101843.0,0.6026,0
547,45,North,Salaried,IT,75225.0,683.0,29.04,18.27,52.59,38571.0,0.2578,0
548,59,East,Salaried,Retail,72984.0,706.0,32.87,16.06,48.57,46559.0,0.2191,0
549,48,East,Salaried,Healthcare,71059.0,691.0,32.84,21.96,52.67,80322.0,0.2798,0
550,66,West,Salaried,Construction,85311.0,729.0,31.44,78.57,67.12,126304.0,0.4947,0
551,36,East,Salaried,Manufacturing,73256.0,709.0,12.92,8.02,84.05,65706.0,0.1771,0
552,32,West,Salaried,IT,80692.0,747.0,37.84,70.66,59.47,39600.0,0.4301,0
553,61,East,SelfEmployed,Retail,69154.0,720.0,60.17,10.09,71.06,92678.0,0.4073,0
554,49,East,Salaried,Retail,54275.0,707.0,20.82,58.27,84.26,35046.0,0.435,0
555,43,West,SelfEmployed,Retail,121441.0,683.0,18.74,74.62,53.13,114803.0,0.4421,0
556,41,South,Salaried,Manufacturing,73067.0,715.0,38.31,25.8,88.56,101810.0,0.4002,0
557,36,North,Salaried,Manufacturing,138968.0,805.0,32.24,22.64,92.42,40982.0,0.1835,0
558,68,North,Salaried,IT,83498.0,695.0,43.68,31.03,42.14,56255.0,0.3463,0
559,61,West,Salaried,Manufacturing,87000.0,624.0,66.82,67.97,43.25,46375.0,0.8215,0
560,65,East,Salaried,IT,68814.0,766.0,55.65,27.93,45.0,72412.0,0.2681,1
561,46,East,Salaried,Manufacturing,63141.0,825.0,51.22,50.16,82.72,75712.0,0.3286,0
562,57,North,SelfEmployed,Manufacturing,69267.0,735.0,34.96,17.1,50.41,25401.0,0.1901,0
563,42,North,Salaried,Manufacturing,58354.0,818.0,27.24,46.51,79.91,77599.0,0.185,0
564,30,North,Salaried,IT,56506.0,709.0,42.42,61.23,64.27,57013.0,0.5313,0
565,27,South,SelfEmployed,Construction,110692.0,850.0,63.13,11.46,85.99,32558.0,0.208,0
566,29,East,Salaried,IT,90995.0,612.0,62.6,78.39,84.47,81223.0,0.9125,0
567,45,South,Salaried,Construction,104964.0,691.0,36.73,89.37,92.78,132202.0,0.7543,0
568,66,South,Salaried,Retail,97498.0,736.0,24.77,22.42,53.81,63271.0,0.1665,0
569,35,West,SelfEmployed,Retail,62973.0,654.0,23.52,73.35,52.61,120411.0,0.5425,0
570,33,South,SelfEmployed,IT,44206.0,771.0,12.04,33.21,41.73,90262.0,0.0904,0
571,62,East,SelfEmployed,Construction,65797.0,733.0,60.56,65.91,62.57,90777.0,0.6214,0
572,66,West,Salaried,Construction,76837.0,687.0,25.89,32.6,65.25,75547.0,0.3289,0
573,46,South,SelfEmployed,Construction,97887.0,726.0,31.54,82.61,93.05,53606.0,0.6192,1
574,41,East,Salaried,Retail,73908.0,712.0,58.55,36.24,85.69,41316.0,0.5981,1
575,43,West,Salaried,IT,134327.0,739.0,17.2,81.39,49.17,278603.0,0.319,0
576,64,West,Salaried,Healthcare,66346.0,686.0,37.67,73.95,83.92,65273.0,0.6809,0
577,48,North,Salaried,Construction,86821.0,567.0,17.34,22.67,49.81,64663.0,0.4494,0
578,58,West,SelfEmployed,Construction,63028.0,752.0,36.51,19.13,44.28,103072.0,0.1643,0
579,32,South,SelfEmployed,Healthcare,83126.0,696.0,12.83,75.17,86.04,23230.0,0.492,0
580,44,South,Salaried,IT,72489.0,653.0,41.06,40.13,93.68,79847.0,0.6595,1
581,33,South,Salaried,Construction,70027.0,678.0,57.74,90.45,44.85,117466.0,0.7665,1
582,60,West,Salaried,IT,62624.0,688.0,50.58,89.87,84.77,115966.0,0.8106,0
583,68,South,SelfEmployed,Construction,77951.0,611.0,40.55,67.41,87.26,79746.0,0.8199,0
584,22,South,Salaried,Manufacturing,91723.0,647.0,59.73,50.05,46.53,36204.0,0.6843,0
585,59,East,Salaried,Construction,55499.0,693.0,23.67,22.55,55.58,93849.0,0.2339,0
586,32,North,Salaried,Manufacturing,74029.0,690.0,59.85,84.42,80.35,34359.0,0.8236,1
587,59,North,Salaried,IT,84863.0,644.0,26.58,12.38,84.43,127213.0,0.4065,0
588,34,North,Salaried,Construction,88658.0,623.0,31.75,38.33,59.47,88491.0,0.5335,0
589,50,North,SelfEmployed,Retail,112261.0,649.0,17.71,33.73,48.8,49552.0,0.3099,0
590,61,North,Salaried,Retail,86574.0,718.0,16.11,91.26,75.66,102716.0,0.5038,0
591,63,North,Salaried,Healthcare,67000.0,661.0,65.93,15.63,78.61,55427.0,0.6473,1
592,68,East,Salaried,Retail,63640.0,752.0,21.4,85.11,67.7,62940.0,0.3981,0
593,39,North,Salaried,Manufacturing,63395.0,770.0,30.0,46.08,47.97,85875.0,0.1968,0
594,51,South,SelfEmployed,Retail,62280.0,805.0,41.75,9.27,86.45,58331.0,0.1734,0
595,63,West,Salaried,Retail,79315.0,737.0,30.87,70.6,75.49,53609.0,0.4615,0
596,63,South,Salaried,Retail,83411.0,725.0,62.21,14.08,87.8,43801.0,0.4904,0
597,45,East,Salaried,Construction,91491.0,783.0,64.04,26.33,91.31,96010.0,0.4357,0
598,24,North,Salaried,Healthcare,88300.0,627.0,29.56,76.98,84.31,61187.0,0.7635,0
599,33,North,Salaried,IT,99922.0,738.0,15.52,18.93,92.73,101212.0,0.1993,0
600,56,North,Salaried,Healthcare,61622.0,757.0,22.61,34.29,92.48,44972.0,0.2558,0
601,62,North,Salaried,Manufacturing,107730.0,699.0,38.46,37.49,74.06,36791.0,0.443,0
602,57,South,Salaried,Construction,62407.0,749.0,27.31,57.99,80.05,103851.0,0.3627,0
603,23,North,Salaried,Construction,81959.0,680.0,37.21,76.09,78.47,35030.0,0.6825,0
604,36,North,Salaried,Retail,71105.0,702.0,55.52,25.77,74.16,45426.0,0.505,0
605,46,North,Salaried,Retail,74522.0,722.0,35.24,23.52,41.06,80425.0,0.2098,0
606,60,South,Salaried,Manufacturing,88446.0,720.0,21.82,24.97,59.57,147613.0,0.1971,0
607,59,North,SelfEmployed,Construction,46232.0,617.0,31.48,39.35,45.5,71977.0,0.4994,0
608,39,South,SelfEmployed,IT,58386.0,669.0,54.58,53.16,56.51,35276.0,0.6471,0
609,66,East,Salaried,Healthcare,89985.0,703.0,35.44,6.21,43.77,38081.0,0.1929,0
610,35,East,Salaried,Construction,74957.0,724.0,24.97,75.23,90.6,59784.0,0.5318,0
611,52,North,Salaried,IT,69868.0,740.0,35.64,88.4,64.82,82515.0,0.5389,0
612,69,West,Salaried,IT,52581.0,701.0,37.29,80.92,50.42,37308.0,0.5569,0
613,41,East,SelfEmployed,Healthcare,70008.0,766.0,27.78,8.35,72.16,38277.0,0.138,0
614,21,North,Salaried,IT,88619.0,682.0,69.74,52.21,50.8,58120.0,0.6951,0
615,26,West,Salaried,Manufacturing,63731.0,751.0,56.06,78.26,84.24,85385.0,0.6784,0
616,47,West,SelfEmployed,IT,102281.0,691.0,51.55,35.97,56.83,31405.0,0.4896,1
617,43,North,SelfEmployed,Manufacturing,96538.0,645.0,61.29,85.73,57.32,18362.0,0.8473,0
618,67,South,Salaried,IT,67999.0,850.0,49.99,84.82,87.85,57082.0,0.4412,0
619,51,West,Salaried,Retail,63113.0,730.0,57.46,17.75,70.76,233264.0,0.3991,0
620,32,East,Salaried,IT,20000.0,590.0,34.75,49.43,88.8,47491.0,0.7717,0
621,41,North,Salaried,Manufacturing,53463.0,754.0,40.02,7.31,62.71,107999.0,0.1817,0
622,22,North,SelfEmployed,IT,52233.0,710.0,12.82,30.37,58.92,35896.0,0.1865,0
623,25,South,SelfEmployed,IT,46381.0,752.0,26.84,78.07,67.84,63684.0,0.4047,0
624,29,South,Salaried,IT,74280.0,733.0,32.08,92.76,43.38,103384.0,0.4733,0
625,40,East,Salaried,Manufacturing,81242.0,654.0,47.53,87.2,48.48,56075.0,0.7512,0
626,66,South,SelfEmployed,IT,111293.0,755.0,37.85,8.83,52.07,32935.0,0.1533,0
627,38,South,Salaried,Healthcare,76330.0,660.0,46.47,88.41,84.92,61745.0,0.8297,0
628,42,East,Salaried,Healthcare,34329.0,652.0,52.8,79.04,80.36,90228.0,0.8327,0
629,28,North,Salaried,Manufacturing,60045.0,680.0,12.56,83.09,50.63,160675.0,0.4376,0
630,54,South,Salaried,Retail,87211.0,638.0,25.5,87.33,55.22,30713.0,0.671,0
631,29,East,Salaried,Healthcare,73372.0,730.0,20.25,48.94,91.93,71188.0,0.3577,0
632,27,West,Salaried,Construction,92137.0,825.0,21.25,24.01,44.72,39224.0,0.0622,0
633,50,East,Salaried,Healthcare,64725.0,634.0,40.19,6.89,70.11,64937.0,0.452,0
634,38,East,Salaried,Construction,98041.0,782.0,54.4,7.12,68.71,38983.0,0.2193,0
635,47,North,Salaried,Manufacturing,79921.0,664.0,26.37,62.83,79.91,42856.0,0.5879,0
636,36,South,Salaried,Retail,80430.0,664.0,59.47,35.36,54.38,134610.0,0.6018,0
637,41,East,Salaried,Construction,77999.0,632.0,63.55,49.63,91.41,61893.0,0.8462,0
638,25,North,SelfEmployed,Construction,59697.0,721.0,31.03,16.82,62.58,31414.0,0.2228,0
639,49,South,Salaried,Healthcare,73856.0,621.0,50.88,92.8,55.71,55074.0,0.8535,0
640,67,South,Salaried,Construction,80875.0,672.0,17.02,16.69,58.53,83286.0,0.2239,0
641,57,North,Salaried,Manufacturing,46987.0,767.0,54.64,45.03,59.18,66559.0,0.3804,0
642,63,South,SelfEmployed,Manufacturing,76592.0,794.0,19.9,44.9,50.94,75605.0,0.1269,0
643,42,North,Salaried,Manufacturing,99298.0,643.0,51.24,5.78,91.04,155308.0,0.5839,1
644,34,South,Salaried,Healthcare,83676.0,682.0,35.31,65.1,49.62,97410.0,0.5096,0
645,39,North,Salaried,Retail,102346.0,691.0,65.71,53.44,88.56,120403.0,0.7691,0
646,55,West,Salaried,Healthcare,83155.0,612.0,37.87,49.77,62.27,72673.0,0.6679,0
647,44,East,Salaried,Manufacturing,57047.0,666.0,11.85,78.63,54.81,92786.0,0.4612,0
648,62,East,Salaried,Healthcare,90815.0,662.0,38.84,26.7,50.92,42421.0,0.3998,0
649,26,West,Salaried,Manufacturing,52179.0,729.0,57.73,82.5,67.74,86936.0,0.7016,0
650,23,South,Salaried,IT,70831.0,715.0,48.83,82.83,76.81,130648.0,0.7061,0
651,54,North,Salaried,IT,69480.0,707.0,67.98,79.42,89.4,66828.0,0.8381,1
652,65,East,Salaried,Construction,61434.0,687.0,60.6,35.73,75.88,48594.0,0.6335,0
653,22,East,Salaried,Retail,122579.0,779.0,41.59,19.63,66.6,116714.0,0.1982,0
654,35,East,Salaried,IT,73547.0,699.0,22.39,47.77,41.84,40325.0,0.2724,0
655,57,South,Salaried,Manufacturing,111201.0,760.0,10.23,28.39,90.35,188246.0,0.1657,0
656,35,North,Salaried,Healthcare,81872.0,735.0,68.83,9.7,89.63,70802.0,0.4999,1
657,52,South,Salaried,Healthcare,58582.0,709.0,66.3,30.15,60.83,26943.0,0.5406,0
658,41,South,SelfEmployed,Construction,66808.0,753.0,26.45,47.22,41.6,75016.0,0.1944,0
659,37,East,SelfEmployed,Healthcare,74230.0,682.0,48.29,15.15,80.34,121377.0,0.4729,0
660,54,East,Salaried,IT,68164.0,646.0,53.75,89.99,83.54,105126.0,0.8757,0
661,52,South,Salaried,Healthcare,69521.0,698.0,44.68,64.05,69.84,60991.0,0.6075,0
662,67,West,Salaried,IT,86475.0,790.0,60.58,17.27,62.16,64582.0,0.258,0
663,43,East,SelfEmployed,IT,82307.0,713.0,14.67,78.09,86.81,104991.0,0.4814,0
664,55,North,Salaried,Retail,88800.0,670.0,63.79,88.53,50.59,22618.0,0.8169,1
665,57,North,Salaried,Construction,105534.0,651.0,33.52,28.65,64.18,45390.0,0.4447,0
666,63,North,Salaried,Manufacturing,65570.0,609.0,38.84,17.89,41.35,42092.0,0.4518,1
667,61,North,Salaried,IT,97278.0,651.0,36.68,34.02,49.02,91370.0,0.4399,0
668,57,North,SelfEmployed,Construction,102872.0,718.0,41.88,79.9,91.75,38639.0,0.69,1
669,53,North,Salaried,Manufacturing,100878.0,686.0,45.89,20.76,71.79,42096.0,0.4406,0
670,45,South,Salaried,Healthcare,39801.0,713.0,52.62,75.14,84.31,47824.0,0.7237,0
671,66,North,SelfEmployed,Construction,110954.0,645.0,41.5,69.46,66.76,39646.0,0.7176,0
672,57,West,Salaried,Construction,62272.0,762.0,51.09,63.62,85.92,102203.0,0.5567,0
673,60,North,Salaried,Construction,38187.0,745.0,30.3,44.0,69.64,47428.0,0.2957,0
674,41,East,Salaried,Healthcare,110462.0,666.0,66.2,38.01,40.25,78752.0,0.6076,0
675,66,South,SelfEmployed,Healthcare,85268.0,615.0,13.87,12.67,89.48,46130.0,0.4034,1
676,68,West,Salaried,Construction,86094.0,715.0,42.73,37.16,48.17,59614.0,0.3425,0
677,58,North,Salaried,Retail,68359.0,582.0,15.24,59.17,64.78,54580.0,0.6323,0
678,60,South,Salaried,IT,78642.0,621.0,36.57,85.84,66.22,23474.0,0.7935,1
679,54,West,Salaried,Healthcare,72214.0,676.0,25.45,79.98,42.6,33230.0,0.4986,0
680,39,West,Salaried,Retail,62516.0,647.0,66.21,7.9,42.92,32196.0,0.5168,0
681,47,West,Salaried,Healthcare,75460.0,778.0,10.78,17.5,81.94,103370.0,0.1068,0
682,29,South,Salaried,Construction,77263.0,680.0,33.47,81.36,56.52,114009.0,0.6052,0
683,25,North,SelfEmployed,Retail,48567.0,729.0,56.92,89.54,62.53,46802.0,0.7097,1
684,25,East,Salaried,Manufacturing,76113.0,569.0,21.31,10.02,71.03,74904.0,0.4904,0
685,45,West,Salaried,IT,39250.0,593.0,58.94,68.11,60.54,42255.0,0.8652,0
686,46,East,Salaried,IT,113407.0,659.0,61.58,37.92,82.63,69048.0,0.7312,0
687,39,East,Salaried,Healthcare,72948.0,713.0,52.48,37.79,88.65,50151.0,0.57,0
688,50,South,SelfEmployed,IT,53570.0,624.0,22.54,62.84,43.28,46291.0,0.5236,0
689,56,West,Salaried,Manufacturing,85264.0,722.0,26.32,77.92,74.95,80886.0,0.5012,0
690,68,North,Salaried,Retail,60066.0,781.0,20.02,29.74,57.47,70317.0,0.119,0
691,68,South,Salaried,Retail,74415.0,653.0,21.04,68.48,72.08,41159.0,0.5757,1
692,36,South,Salaried,Construction,84110.0,699.0,12.19,62.23,66.61,141161.0,0.3467,0
693,27,East,Salaried,Retail,54666.0,684.0,61.44,51.56,58.35,150609.0,0.6602,0
694,38,North,Salaried,Healthcare,113994.0,675.0,41.71,59.22,45.21,63535.0,0.5295,0
695,41,North,Salaried,Manufacturing,115898.0,719.0,29.67,6.62,70.77,81093.0,0.2047,0
696,51,East,Salaried,Construction,64491.0,701.0,27.37,5.37,46.2,192178.0,0.1633,0
697,21,South,Salaried,Healthcare,52533.0,689.0,42.68,54.54,48.59,80950.0,0.4899,0
698,23,East,Salaried,Healthcare,64400.0,708.0,29.6,52.17,94.02,30373.0,0.5017,0
699,51,North,SelfEmployed,Healthcare,65469.0,752.0,61.82,11.42,57.42,61179.0,0.3051,0
700,45,South,Salaried,IT,97207.0,736.0,22.66,49.28,72.14,50372.0,0.2964,0
701,28,East,Salaried,Healthcare,64746.0,595.0,62.94,73.18,54.97,47984.0,0.8786,1
702,21,North,Salaried,IT,51767.0,647.0,49.85,53.71,87.6,74736.0,0.7623,0
703,27,South,Salaried,Retail,77031.0,735.0,67.4,51.59,55.58,47071.0,0.5712,0
704,27,North,Salaried,IT,45183.0,850.0,10.91,69.61,60.18,90885.0,0.1064,0
705,28,North,SelfEmployed,Healthcare,96360.0,661.0,13.55,20.47,73.46,43795.0,0.281,0
706,39,West,Salaried,Manufacturing,87000.0,610.0,40.05,46.17,87.85,34573.0,0.7487,1
707,37,South,SelfEmployed,Manufacturing,63002.0,837.0,64.74,18.32,84.89,112878.0,0.2621,0
708,31,West,Salaried,Retail,65186.0,776.0,53.85,52.15,54.51,52270.0,0.3696,0
709,67,South,Salaried,Healthcare,79975.0,772.0,47.33,58.27,85.63,89202.0,0.4748,0
710,61,East,SelfEmployed,IT,52939.0,707.0,11.9,15.95,78.57,37393.0,0.1882,0
711,69,West,Salaried,Manufacturing,59242.0,697.0,31.25,11.8,94.44,54641.0,0.3476,0
712,31,East,SelfEmployed,Construction,70492.0,691.0,30.75,20.01,91.45,82940.0,0.3846,0
713,58,South,Salaried,Healthcare,48624.0,746.0,42.53,57.77,69.32,40645.0,0.4414,0
714,61,South,SelfEmployed,Healthcare,65913.0,775.0,25.47,22.07,81.25,75361.0,0.1712,0
715,22,South,Salaried,Construction,53539.0,710.0,26.03,29.77,71.36,108820.0,0.2888,0
716,24,West,Salaried,Manufacturing,103524.0,747.0,47.25,68.23,72.72,71556.0,0.5394,0
717,48,West,Salaried,Construction,66931.0,784.0,66.67,27.35,45.58,45748.0,0.2985,0
718,53,West,Salaried,Retail,56064.0,756.0,49.61,40.78,40.12,43925.0,0.2876,0
719,31,North,Salaried,IT,88489.0,735.0,50.09,88.6,42.65,40995.0,0.5781,0
720,23,East,Salaried,IT,62430.0,657.0,69.17,79.25,93.16,38577.0,0.9038,0
721,60,West,Salaried,Manufacturing,52950.0,661.0,19.21,27.99,46.94,90619.0,0.2652,0
722,25,North,Salaried,Construction,92751.0,597.0,12.03,58.78,42.44,37573.0,0.4895,0
723,41,North,Salaried,Healthcare,68537.0,723.0,54.73,64.92,57.03,51699.0,0.578,1
724,42,East,Salaried,Healthcare,91820.0,707.0,36.33,86.02,72.35,65413.0,0.6405,0
725,57,East,Salaried,Healthcare,74699.0,776.0,35.73,54.27,92.17,49706.0,0.3837,0
726,31,West,Salaried,Retail,77584.0,727.0,23.52,55.52,78.49,42497.0,0.3703,0
727,64,North,Salaried,Retail,86264.0,681.0,40.41,84.96,55.2,108819.0,0.6646,0
728,42,West,Salaried,Healthcare,62303.0,671.0,36.53,9.89,91.65,44079.0,0.4279,0
729,61,North,Salaried,Manufacturing,58796.0,721.0,30.73,61.53,41.98,65433.0,0.3374,0
730,33,North,SelfEmployed,Retail,99037.0,715.0,36.56,42.5,93.85,46199.0,0.4883,0
731,23,North,SelfEmployed,Retail,86578.0,809.0,33.03,86.88,43.23,44898.0,0.2755,0
732,33,West,Salaried,IT,73650.0,693.0,66.39,91.45,81.46,30797.0,0.8651,1
733,48,East,Salaried,IT,90914.0,729.0,68.82,20.32,42.49,60345.0,0.3932,0
734,31,East,Salaried,Manufacturing,85803.0,798.0,60.39,30.33,91.24,31331.0,0.3908,0
735,31,South,Salaried,Retail,93866.0,691.0,69.42,29.61,45.98,69187.0,0.5504,1
736,41,West,Salaried,Retail,52143.0,680.0,25.94,14.06,42.78,51682.0,0.2058,0
737,41,South,Salaried,Construction,73716.0,620.0,60.58,48.46,88.91,37100.0,0.8416,0
738,27,West,Salaried,Manufacturing,97596.0,678.0,34.4,51.18,45.27,33925.0,0.4257,0
739,37,South,Salaried,Manufacturing,108545.0,723.0,54.77,56.57,83.89,18947.0,0.6355,0
740,68,South,Salaried,Construction,64281.0,782.0,22.08,64.67,81.09,83004.0,0.2886,0
741,34,South,SelfEmployed,Construction,78183.0,618.0,58.72,10.66,72.94,58287.0,0.6555,0
742,53,South,Salaried,IT,75387.0,646.0,15.01,61.02,60.79,64776.0,0.4678,0
743,31,East,SelfEmployed,Manufacturing,50116.0,587.0,26.23,87.24,90.36,76739.0,0.8542,0
744,33,East,SelfEmployed,Manufacturing,69249.0,808.0,59.32,45.95,87.91,132006.0,0.422,0
745,21,North,Salaried,Construction,43426.0,710.0,54.83,14.6,63.44,37089.0,0.3874,0
746,54,West,Salaried,Healthcare,71654.0,674.0,40.07,12.73,52.74,43896.0,0.3226,0
747,29,South,Salaried,Healthcare,54240.0,592.0,50.37,30.36,54.99,77939.0,0.6837,0
748,33,East,SelfEmployed,IT,78398.0,700.0,21.13,72.73,52.12,86481.0,0.4065,0
749,57,West,SelfEmployed,Healthcare,68802.0,676.0,50.07,28.49,69.77,61734.0,0.5276,0
750,50,East,Salaried,Healthcare,68484.0,592.0,10.48,78.29,87.77,21702.0,0.7355,0
751,61,North,Salaried,Healthcare,106068.0,683.0,59.99,78.77,82.55,19669.0,0.8229,0
752,65,West,Salaried,Retail,76416.0,774.0,40.98,46.14,83.75,57576.0,0.3597,0
753,57,East,Salaried,IT,112564.0,684.0,66.63,32.07,64.66,102997.0,0.6263,0
754,67,South,Salaried,Construction,83927.0,771.0,38.69,58.79,57.73,122778.0,0.3201,0
755,27,North,SelfEmployed,Healthcare,91311.0,793.0,35.99,77.95,81.65,25490.0,0.4205,0
756,34,West,Salaried,Retail,57610.0,684.0,37.0,10.81,83.63,75563.0,0.3756,0
757,68,East,Salaried,Healthcare,61126.0,695.0,31.58,90.81,78.24,74744.0,0.6772,0
758,26,East,Salaried,Retail,75345.0,730.0,20.0,63.13,41.77,45908.0,0.257,0
759,54,West,Salaried,IT,99262.0,761.0,60.52,40.83,72.43,64240.0,0.4639,0
760,36,West,Salaried,Healthcare,67741.0,785.0,33.35,50.54,59.09,53025.0,0.2304,0
761,57,North,Salaried,Retail,46371.0,791.0,41.75,39.7,50.79,33759.0,0.2054,0
762,56,South,SelfEmployed,Manufacturing,82960.0,656.0,11.19,42.13,78.19,43838.0,0.3873,0
763,66,North,SelfEmployed,Manufacturing,76280.0,787.0,13.62,58.61,54.77,164179.0,0.1518,0
764,26,East,Salaried,Retail,63980.0,731.0,45.83,10.42,90.21,69193.0,0.3493,0
765,28,North,SelfEmployed,Healthcare,67539.0,669.0,62.75,20.78,56.39,32669.0,0.5516,0
766,44,East,Salaried,Healthcare,57579.0,631.0,39.6,25.43,70.53,34120.0,0.5477,1
767,23,West,Salaried,IT,93478.0,652.0,19.9,41.68,85.53,130436.0,0.4856,0
768,24,West,Salaried,IT,75466.0,722.0,16.97,38.4,62.12,46879.0,0.221,0
769,52,South,Salaried,Construction,79810.0,671.0,63.99,70.0,85.58,49669.0,0.8386,1
770,21,West,SelfEmployed,IT,63071.0,722.0,52.1,28.33,79.8,88989.0,0.4648,0
771,54,North,Salaried,Healthcare,101725.0,632.0,67.97,10.14,90.65,50509.0,0.7365,0
772,65,West,Salaried,Construction,79416.0,655.0,14.94,9.99,57.92,45893.0,0.2174,0
773,29,North,Salaried,IT,32177.0,695.0,64.16,6.02,45.78,66905.0,0.386,0
774,32,South,Salaried,Retail,84200.0,690.0,60.74,8.42,63.67,42020.0,0.4499,0
775,30,West,Salaried,Manufacturing,69714.0,623.0,63.59,82.28,83.22,47375.0,0.9103,0
776,30,North,Salaried,IT,71721.0,662.0,10.35,67.75,64.77,132822.0,0.4414,0
777,64,North,Salaried,IT,94874.0,595.0,54.51,94.63,54.41,39673.0,0.8948,1
778,68,East,Salaried,Retail,76771.0,704.0,42.94,6.83,41.52,52864.0,0.224,0
779,43,East,SelfEmployed,Healthcare,109247.0,792.0,44.39,81.41,57.22,174273.0,0.4137,0
780,26,East,Salaried,Retail,77112.0,654.0,38.15,67.65,79.24,10366.0,0.7101,0
781,44,East,Salaried,IT,65668.0,643.0,54.56,62.63,48.12,154758.0,0.7177,1
782,44,East,Salaried,Healthcare,38734.0,759.0,69.99,37.09,58.75,77909.0,0.4708,0
783,41,South,Salaried,Construction,60643.0,630.0,52.63,38.91,41.11,75600.0,0.605,0
784,62,South,Salaried,IT,68555.0,760.0,50.68,81.1,79.7,75020.0,0.6188,1
785,51,North,Salaried,Retail,104326.0,628.0,49.27,69.21,88.44,48271.0,0.8402,1
786,67,West,SelfEmployed,Construction,65789.0,679.0,51.71,65.33,71.27,36227.0,0.7089,0
787,61,East,Salaried,Manufacturing,107840.0,686.0,30.53,7.76,41.42,59097.0,0.1958,0
788,50,South,SelfEmployed,Construction,52034.0,742.0,29.21,21.59,51.97,56591.0,0.1701,0
789,54,South,SelfEmployed,Retail,59551.0,812.0,57.06,91.64,64.12,67058.0,0.5332,0
790,38,West,Salaried,Construction,97540.0,679.0,13.19,45.89,72.32,51438.0,0.3443,0
791,32,North,Salaried,Retail,63098.0,699.0,55.55,75.33,67.3,91161.0,0.7198,0
792,55,East,Salaried,IT,96985.0,597.0,58.83,40.04,90.37,90086.0,0.8452,0
793,27,East,SelfEmployed,Healthcare,58474.0,698.0,41.3,73.79,91.62,29030.0,0.7034,0
794,61,East,SelfEmployed,Manufacturing,60478.0,769.0,64.61,15.73,45.89,25654.0,0.2686,0
795,60,North,Salaried,Healthcare,87837.0,842.0,38.39,8.79,47.61,40576.0,0.0675,0
796,45,West,Salaried,Healthcare,58754.0,678.0,20.69,46.96,59.69,30760.0,0.3591,1
797,26,West,Salaried,Healthcare,69512.0,743.0,31.68,58.25,63.17,101983.0,0.3504,1
798,21,East,SelfEmployed,Retail,82896.0,769.0,64.35,34.13,72.23,43335.0,0.4384,0
799,66,East,SelfEmployed,Retail,69948.0,614.0,69.62,69.44,82.52,77668.0,0.9112,0
800,36,West,Salaried,Manufacturing,63748.0,785.0,35.31,49.62,47.47,55936.0,0.2079,0
801,68,East,Salaried,Retail,50855.0,652.0,20.01,88.55,84.15,94289.0,0.7043,0
802,24,North,Salaried,Retail,103987.0,716.0,27.18,12.65,73.55,48149.0,0.2249,0
803,49,East,Salaried,Retail,107722.0,624.0,43.2,10.99,93.95,27341.0,0.6065,1
804,58,East,SelfEmployed,Retail,81587.0,678.0,44.33,86.46,75.81,42334.0,0.7624,0
805,67,South,Salaried,IT,70358.0,599.0,47.8,65.22,79.39,15103.0,0.8445,1
806,48,East,Salaried,Manufacturing,71457.0,716.0,60.12,65.4,50.74,28157.0,0.6137,0
807,42,West,Salaried,Retail,91644.0,792.0,52.67,7.48,82.29,70966.0,0.2303,0
808,28,West,SelfEmployed,Manufacturing,95636.0,702.0,25.65,89.39,44.36,65977.0,0.4883,0
809,52,South,Salaried,Construction,64197.0,613.0,33.7,74.46,76.11,45002.0,0.7785,0
810,53,North,Salaried,IT,96492.0,680.0,60.39,73.79,43.06,54957.0,0.7081,0
811,33,West,Salaried,Retail,87302.0,713.0,48.0,87.07,46.34,26994.0,0.6221,0
812,47,West,SelfEmployed,IT,96144.0,691.0,19.99,57.03,45.93,83943.0,0.3245,0
813,38,North,SelfEmployed,IT,42964.0,741.0,29.53,40.52,42.89,54039.0,0.2112,0
814,38,West,Salaried,Construction,66616.0,821.0,57.47,48.26,57.66,77941.0,0.288,0
815,33,West,Salaried,Manufacturing,71542.0,696.0,20.33,74.95,94.69,75711.0,0.578,0
816,42,East,Salaried,IT,65621.0,692.0,51.46,74.19,59.15,68989.0,0.6777,0
817,34,East,Salaried,Healthcare,113346.0,657.0,43.81,59.86,81.84,37278.0,0.7154,0
818,31,South,Salaried,Construction,66803.0,762.0,18.85,24.63,47.28,68797.0,0.109,1
819,59,North,SelfEmployed,Healthcare,84368.0,815.0,51.33,78.7,65.0,74519.0,0.4237,0
820,42,South,Salaried,Construction,78057.0,689.0,18.54,63.25,50.18,42774.0,0.3631,0
821,56,West,SelfEmployed,Healthcare,69195.0,715.0,33.91,24.91,50.57,70199.0,0.2444,0
822,37,North,Salaried,Healthcare,60827.0,710.0,28.51,48.26,45.48,28978.0,0.3005,0
823,52,South,Salaried,IT,116117.0,654.0,51.4,94.75,63.76,78788.0,0.8326,0
824,34,South,Salaried,IT,70563.0,744.0,56.94,34.55,44.15,69810.0,0.348,0
825,62,East,Salaried,Construction,92512.0,698.0,20.1,15.49,90.04,126179.0,0.2764,0
826,49,West,Salaried,Manufacturing,74807.0,714.0,58.72,6.95,64.63,156616.0,0.3738,0
827,26,South,Salaried,IT,65826.0,758.0,10.43,21.62,86.12,52741.0,0.1428,0
828,24,South,Salaried,IT,77166.0,680.0,41.8,21.83,93.87,77291.0,0.5112,0
829,31,East,Salaried,Retail,81162.0,706.0,41.01,82.23,77.28,71173.0,0.6743,1
830,65,South,Salaried,IT,65608.0,656.0,47.43,19.05,89.58,52188.0,0.5825,0
831,60,North,SelfEmployed,Manufacturing,59708.0,634.0,24.38,82.64,47.45,24644.0,0.6227,0
832,30,South,Salaried,Retail,84523.0,707.0,10.59,12.8,85.65,33935.0,0.1878,0
833,48,North,SelfEmployed,Healthcare,77327.0,712.0,37.29,86.6,54.92,45853.0,0.5744,0
834,31,North,Salaried,Healthcare,61959.0,755.0,14.28,28.07,65.99,68508.0,0.139,0
835,55,South,Salaried,Retail,56231.0,654.0,63.53,60.03,75.56,119481.0,0.8097,1
836,35,South,Salaried,Retail,81986.0,637.0,20.42,19.38,89.69,56889.0,0.4318,0
837,28,West,SelfEmployed,Retail,36638.0,807.0,35.51,40.11,90.1,100726.0,0.2502,0
838,40,South,Salaried,Construction,69788.0,708.0,36.04,12.72,45.07,123552.0,0.2113,0
839,41,East,Salaried,Manufacturing,77702.0,617.0,43.17,57.16,60.05,44964.0,0.7141,0
840,21,East,Salaried,Manufacturing,109753.0,697.0,56.95,36.13,83.62,29681.0,0.6151,0
841,49,North,Salaried,Healthcare,75210.0,661.0,38.33,81.69,78.67,61005.0,0.7517,0
842,44,East,Salaried,Healthcare,68976.0,721.0,11.55,21.36,41.45,30663.0,0.1121,0
843,50,North,Salaried,Healthcare,80691.0,675.0,56.27,30.2,64.74,148552.0,0.5655,0
844,60,West,Salaried,IT,60669.0,774.0,14.93,20.95,85.61,107262.0,0.1369,0
845,55,North,SelfEmployed,Healthcare,70621.0,622.0,48.49,55.74,80.57,121116.0,0.7872,0
846,53,South,Salaried,Retail,75586.0,777.0,58.21,15.06,62.65,25211.0,0.2631,0
847,40,North,Salaried,Healthcare,87590.0,745.0,26.96,22.04,80.43,49923.0,0.2245,0
848,36,West,Salaried,Retail,61540.0,719.0,36.95,66.06,70.32,61491.0,0.5102,0
849,29,East,Salaried,Construction,74886.0,762.0,10.86,11.7,90.19,73194.0,0.1237,0
850,51,East,Salaried,IT,39180.0,773.0,58.23,71.88,72.29,49986.0,0.5719,0
851,37,North,Salaried,IT,85334.0,700.0,52.2,14.39,62.04,16342.0,0.3854,0
852,51,East,SelfEmployed,Manufacturing,70391.0,798.0,23.88,57.69,87.46,75449.0,0.2601,0
853,68,North,SelfEmployed,Construction,112686.0,737.0,33.41,94.8,42.74,144848.0,0.4797,0
854,43,West,SelfEmployed,Retail,82027.0,667.0,51.72,20.65,89.53,163567.0,0.5953,0
855,26,North,Salaried,Construction,57660.0,619.0,31.49,28.5,78.3,52428.0,0.5615,0
856,50,North,Salaried,IT,53126.0,764.0,19.74,85.86,91.73,62272.0,0.448,0
857,27,North,Salaried,Retail,88234.0,700.0,41.11,61.37,53.78,36204.0,0.5044,0
858,68,South,Salaried,Construction,110929.0,593.0,53.41,49.33,78.22,62301.0,0.8302,0
859,60,East,Salaried,IT,104803.0,720.0,29.25,55.64,84.52,48319.0,0.4522,0
860,62,North,Salaried,Retail,50746.0,685.0,17.31,31.59,78.62,46205.0,0.3176,0
861,66,West,Salaried,Retail,79066.0,660.0,59.77,81.98,51.57,28332.0,0.7955,1
862,31,South,Salaried,IT,97540.0,761.0,25.17,72.07,55.16,129376.0,0.3033,0
863,54,East,Salaried,Retail,48177.0,653.0,40.77,62.82,71.17,53013.0,0.6835,0
864,32,South,Salaried,IT,95747.0,673.0,51.48,88.86,64.57,47137.0,0.7879,1
865,65,South,Salaried,Healthcare,60944.0,687.0,29.02,57.03,80.43,66983.0,0.5243,0
866,67,East,Salaried,Healthcare,70691.0,761.0,48.92,51.07,60.83,44829.0,0.3873,0
867,47,North,Salaried,Retail,80533.0,630.0,37.58,92.81,87.27,20981.0,0.8516,1
868,32,North,Salaried,Retail,96366.0,662.0,44.23,23.54,63.76,115008.0,0.4709,0
869,33,West,SelfEmployed,IT,105638.0,726.0,45.43,17.78,42.2,60915.0,0.2399,0
870,28,West,Salaried,Retail,68541.0,730.0,59.45,19.61,40.96,88759.0,0.3191,0
871,36,South,Salaried,Manufacturing,65407.0,632.0,49.38,94.05,75.57,65960.0,0.8723,0
872,49,South,Salaried,Healthcare,64075.0,676.0,25.86,63.7,69.73,96218.0,0.5205,0
873,55,East,Salaried,Retail,90592.0,693.0,13.58,32.53,69.85,85051.0,0.2547,0
874,49,South,SelfEmployed,Retail,94911.0,717.0,10.12,27.41,83.45,19753.0,0.2109,0
875,51,North,Salaried,Construction,92888.0,687.0,64.27,10.1,60.66,74918.0,0.4789,0
876,33,North,Salaried,Retail,80396.0,792.0,66.53,16.88,94.75,38309.0,0.3968,0
877,32,East,SelfEmployed,Manufacturing,82369.0,694.0,15.65,86.74,92.0,38224.0,0.5971,0
878,22,East,Salaried,Healthcare,70393.0,791.0,39.22,72.26,40.71,25721.0,0.2844,0
879,53,North,Salaried,Construction,72258.0,672.0,19.1,89.74,89.27,147887.0,0.676,0
880,28,North,Salaried,IT,92079.0,604.0,66.92,43.14,77.43,55929.0,0.851,0
881,61,North,Salaried,IT,80286.0,850.0,24.81,59.11,67.61,48625.0,0.1407,0
882,60,East,Salaried,Healthcare,65537.0,695.0,40.1,48.53,72.05,40832.0,0.5141,0
883,69,North,Salaried,IT,96987.0,722.0,19.94,84.32,86.3,193612.0,0.5268,0
884,61,North,SelfEmployed,Manufacturing,62843.0,613.0,29.97,94.22,92.31,99374.0,0.8567,0
885,52,West,Salaried,Retail,77914.0,716.0,26.01,88.95,70.82,18012.0,0.5534,0
886,58,North,Salaried,Healthcare,50200.0,749.0,38.53,58.83,49.97,118427.0,0.3405,0
887,48,East,Salaried,Construction,56084.0,631.0,35.19,10.56,75.19,37820.0,0.4581,1
888,35,North,SelfEmployed,Retail,75382.0,691.0,29.85,60.58,44.19,83178.0,0.4026,0
889,43,North,SelfEmployed,IT,61075.0,696.0,16.35,13.73,74.93,47969.0,0.2101,0
890,44,North,Salaried,IT,70417.0,623.0,39.07,17.49,84.47,25145.0,0.5763,0
891,33,East,Salaried,Construction,99265.0,797.0,61.01,22.22,59.43,46277.0,0.2576,0
892,41,West,Salaried,Manufacturing,72505.0,539.0,53.81,37.71,43.92,67547.0,0.7995,0
893,32,West,Salaried,Construction,92997.0,572.0,53.23,58.26,78.07,68097.0,0.8772,0
894,33,South,Salaried,Healthcare,59386.0,706.0,31.97,35.02,58.66,50255.0,0.3155,0
895,59,East,Salaried,Construction,85978.0,640.0,52.51,45.7,53.7,61492.0,0.6551,1
896,43,North,Salaried,IT,54996.0,741.0,37.93,9.26,77.9,63968.0,0.2378,0
897,66,South,SelfEmployed,Manufacturing,70004.0,679.0,19.02,60.78,93.33,94493.0,0.5358,0
898,63,West,Salaried,Manufacturing,86790.0,724.0,35.14,64.13,80.99,115305.0,0.5157,0
899,48,North,SelfEmployed,Construction,75255.0,618.0,17.96,13.95,67.02,59930.0,0.3528,0
900,34,North,Salaried,Healthcare,93846.0,676.0,16.87,75.66,73.03,30890.0,0.5258,0
901,37,North,Salaried,IT,88350.0,673.0,11.38,63.27,47.83,82463.0,0.3407,0
902,44,North,Salaried,Retail,68832.0,841.0,26.97,49.08,84.73,84245.0,0.1687,0
903,54,North,Salaried,Manufacturing,100939.0,673.0,29.85,54.76,73.24,93511.0,0.5277,0
904,68,East,Salaried,Construction,83726.0,563.0,51.97,50.27,93.12,37064.0,0.8894,0
905,42,South,Salaried,Healthcare,70126.0,766.0,42.28,9.84,93.87,89615.0,0.2617,0
906,30,West,Salaried,Healthcare,77915.0,685.0,61.51,71.16,59.5,70135.0,0.7422,0
907,28,West,Salaried,IT,76818.0,716.0,20.59,51.06,94.37,80007.0,0.4116,0
908,41,South,Salaried,Manufacturing,79032.0,679.0,25.96,20.55,92.63,40839.0,0.3861,0
909,57,South,Salaried,IT,72165.0,623.0,66.46,66.27,75.19,23440.0,0.8768,0
910,27,South,Salaried,Retail,82451.0,778.0,36.64,67.56,58.34,30290.0,0.3299,0
911,46,East,Salaried,Retail,90796.0,641.0,57.34,24.21,81.43,93117.0,0.682,0
912,33,South,SelfEmployed,Retail,83511.0,611.0,39.53,76.68,54.92,140897.0,0.7654,0
913,36,East,Salaried,Healthcare,82831.0,728.0,38.27,46.09,74.64,88446.0,0.4151,0
914,50,South,Salaried,Manufacturing,72986.0,709.0,18.89,21.25,41.35,32444.0,0.1504,0
915,51,East,Salaried,IT,57278.0,764.0,61.07,64.19,74.57,58577.0,0.5849,0
916,25,South,Salaried,IT,52413.0,717.0,14.7,58.71,92.34,69286.0,0.397,0
917,52,South,SelfEmployed,Retail,60848.0,695.0,28.62,20.34,52.93,61220.0,0.2413,0
918,36,West,Salaried,Manufacturing,66640.0,754.0,50.41,83.51,82.8,64822.0,0.6525,0
919,67,West,Salaried,Manufacturing,108436.0,601.0,40.44,81.91,56.14,35168.0,0.8072,1
920,29,North,Salaried,Construction,100033.0,689.0,62.88,80.26,78.93,28412.0,0.8227,0
921,42,West,Salaried,Manufacturing,63134.0,643.0,12.36,40.93,78.5,36648.0,0.4218,0
922,64,South,SelfEmployed,Manufacturing,83994.0,715.0,48.96,79.22,50.16,32135.0,0.5996,0
923,60,West,Salaried,IT,73648.0,749.0,38.65,81.03,72.84,63391.0,0.5333,0
924,65,West,Salaried,Manufacturing,79720.0,717.0,19.26,94.69,87.25,67219.0,0.5898,0
925,57,South,Salaried,Manufacturing,64028.0,743.0,54.6,91.18,61.04,30088.0,0.6686,1
926,34,North,Salaried,IT,119835.0,774.0,34.68,39.46,79.07,57408.0,0.2733,0
927,36,South,Salaried,Manufacturing,112290.0,730.0,41.89,22.84,77.09,150653.0,0.3358,0
928,63,East,Salaried,IT,69148.0,744.0,68.04,31.32,54.16,64289.0,0.4465,0
929,40,East,Salaried,Construction,63073.0,812.0,39.17,49.53,90.53,48271.0,0.2992,1
930,64,South,SelfEmployed,Healthcare,93509.0,850.0,59.4,77.49,70.99,92394.0,0.4126,1
931,35,North,Salaried,IT,50807.0,691.0,56.17,70.07,59.54,196530.0,0.6951,0
932,64,West,Salaried,IT,91919.0,644.0,49.77,75.89,49.04,66425.0,0.7428,0
933,46,West,Salaried,Manufacturing,77509.0,545.0,63.81,39.19,66.04,44506.0,0.8793,0
934,29,East,SelfEmployed,IT,46318.0,815.0,25.1,27.22,80.16,63494.0,0.1295,0
935,21,North,Salaried,Retail,71965.0,666.0,59.25,7.17,74.3,119566.0,0.5315,0
936,55,South,Salaried,Retail,61885.0,728.0,32.67,61.36,79.99,57690.0,0.4699,0
937,64,North,Salaried,Construction,78236.0,740.0,58.75,76.55,83.55,60885.0,0.7111,0
938,40,West,Salaried,IT,76150.0,748.0,39.63,85.02,64.26,121656.0,0.5299,1
939,65,North,Salaried,Manufacturing,48054.0,685.0,61.46,47.86,68.61,63357.0,0.675,0
940,26,East,Salaried,Manufacturing,68317.0,748.0,63.69,88.49,94.25,141510.0,0.797,0
941,62,South,Salaried,Healthcare,86494.0,733.0,45.86,23.22,93.24,29774.0,0.4167,0
942,30,East,Salaried,Construction,89938.0,659.0,40.46,51.29,62.81,75274.0,0.5839,1
943,68,East,Salaried,Manufacturing,67739.0,798.0,57.0,24.24,77.68,160728.0,0.2961,0
944,53,West,SelfEmployed,Healthcare,84155.0,741.0,26.02,21.93,54.72,204797.0,0.1657,0
945,36,North,SelfEmployed,Manufacturing,80328.0,623.0,10.92,90.8,48.4,48746.0,0.5963,0
946,56,North,Salaried,Healthcare,73947.0,678.0,34.43,78.6,82.26,52438.0,0.6924,0
947,26,North,Salaried,Retail,84278.0,676.0,40.47,6.06,63.99,158143.0,0.3277,0
948,39,West,Salaried,Retail,56496.0,666.0,27.84,29.17,49.74,50403.0,0.3222,0
949,51,West,Salaried,Manufacturing,75019.0,737.0,33.0,23.46,81.74,46257.0,0.2826,0
950,22,East,SelfEmployed,Construction,42921.0,777.0,17.98,18.24,90.33,46721.0,0.1461,0
951,38,East,Salaried,IT,73917.0,634.0,26.64,67.77,91.33,38510.0,0.7173,1
952,62,East,Salaried,Construction,103501.0,679.0,24.41,56.02,72.8,35115.0,0.4772,0
953,48,North,Salaried,Construction,68609.0,769.0,28.06,45.85,66.38,54504.0,0.2345,0
954,24,West,Salaried,IT,101501.0,650.0,27.94,22.05,47.8,26529.0,0.3209,0
955,21,South,Salaried,Retail,68928.0,657.0,43.54,29.99,83.6,44309.0,0.5837,0
956,67,South,Salaried,Retail,53306.0,565.0,25.04,37.05,91.99,131625.0,0.7258,0
957,62,East,Salaried,IT,88308.0,746.0,66.46,75.69,88.92,93438.0,0.7559,0
958,36,North,Salaried,Healthcare,84279.0,712.0,40.68,94.03,81.35,45270.0,0.7211,0
959,65,North,Salaried,Construction,121380.0,680.0,17.74,21.56,40.25,68298.0,0.1851,0
960,67,East,SelfEmployed,Manufacturing,55414.0,604.0,26.78,35.74,62.43,57221.0,0.5418,0
961,22,North,Salaried,Retail,82128.0,679.0,53.79,30.22,62.59,41155.0,0.5281,0
962,56,East,SelfEmployed,Manufacturing,82841.0,585.0,10.82,8.97,89.19,18957.0,0.4367,0
963,21,North,Salaried,IT,96164.0,689.0,66.27,24.73,43.61,38384.0,0.498,0
964,59,South,Salaried,Manufacturing,85596.0,815.0,36.71,86.15,69.22,51524.0,0.3682,0
965,43,South,Salaried,Manufacturing,69238.0,712.0,41.26,80.86,47.49,209269.0,0.5498,0
966,46,South,SelfEmployed,Construction,53579.0,774.0,69.3,20.08,76.43,81997.0,0.4104,0
967,31,East,SelfEmployed,IT,81932.0,778.0,40.2,37.95,83.57,57081.0,0.307,0
968,62,South,Salaried,Manufacturing,82488.0,668.0,66.86,32.97,75.31,77266.0,0.7031,1
969,21,East,SelfEmployed,Retail,87628.0,737.0,64.91,18.3,83.7,68045.0,0.487,0
970,31,South,SelfEmployed,IT,69211.0,536.0,66.48,61.0,73.41,42327.0,0.9373,0
971,44,East,Salaried,Retail,80563.0,717.0,58.74,55.16,50.44,58270.0,0.5506,0
972,30,West,Salaried,Healthcare,44117.0,765.0,27.78,43.43,61.05,50291.0,0.218,0
973,34,East,SelfEmployed,Manufacturing,54415.0,731.0,30.78,81.99,92.63,28117.0,0.5961,0
974,34,North,SelfEmployed,IT,93711.0,678.0,31.9,60.77,55.85,45317.0,0.4939,0
975,27,North,Salaried,Retail,78597.0,775.0,68.75,28.33,43.46,57135.0,0.3269,0
976,43,South,SelfEmployed,Manufacturing,84516.0,768.0,31.65,38.63,61.17,74991.0,0.2154,0
977,63,East,Salaried,Construction,63033.0,697.0,16.52,18.51,60.15,60997.0,0.1896,0
978,42,North,Salaried,Retail,60491.0,789.0,56.7,58.22,65.87,97262.0,0.4278,0
979,56,South,Salaried,Retail,66529.0,731.0,31.96,57.8,70.82,54248.0,0.4052,0
980,47,East,Salaried,Healthcare,79754.0,603.0,47.26,83.32,94.58,114780.0,0.9019,0
981,22,South,Salaried,Construction,88718.0,719.0,65.46,82.02,81.59,66370.0,0.8,0
982,59,West,Salaried,Healthcare,70018.0,657.0,44.53,80.32,41.97,75848.0,0.6796,0
983,66,North,SelfEmployed,Construction,41808.0,730.0,48.26,54.41,79.2,69287.0,0.5438,0
984,39,North,Salaried,Retail,83021.0,500.0,48.57,63.68,85.33,47283.0,0.9405,0
985,27,East,Salaried,Healthcare,80341.0,796.0,46.74,74.8,89.26,83208.0,0.5077,0
986,32,South,Salaried,Manufacturing,84583.0,767.0,19.59,13.25,63.32,44785.0,0.1074,0
987,23,East,Salaried,Construction,92130.0,795.0,37.38,32.05,57.25,37296.0,0.1704,1
988,67,South,SelfEmployed,Retail,90551.0,699.0,10.46,20.22,86.16,68752.0,0.2256,0
989,25,North,Salaried,IT,102216.0,769.0,47.58,51.03,82.77,58077.0,0.4368,1
990,28,West,SelfEmployed,Construction,75568.0,713.0,44.52,80.39,69.48,40701.0,0.6477,0
991,34,West,Salaried,Construction,66361.0,641.0,29.09,25.76,46.48,63042.0,0.3602,1
992,56,East,Salaried,Manufacturing,95817.0,651.0,41.43,70.78,75.85,84836.0,0.7375,0
993,27,South,Salaried,Construction,93167.0,679.0,39.58,41.52,43.61,54482.0,0.4084,1
994,27,East,Salaried,Construction,70343.0,775.0,25.05,86.28,45.52,133382.0,0.3015,0
995,66,South,Salaried,Manufacturing,97118.0,773.0,27.6,61.41,58.21,106824.0,0.2591,0
996,52,North,Salaried,Manufacturing,76491.0,661.0,55.75,92.89,60.41,48616.0,0.8284,1
997,28,West,Salaried,Healthcare,100526.0,743.0,55.34,27.11,65.41,33880.0,0.3783,0
998,32,North,Salaried,Retail,109584.0,701.0,38.19,88.16,58.65,56491.0,0.6292,0
999,30,West,Salaried,Retail,127821.0,643.0,53.05,37.14,41.86,75289.0,0.5692,0
1000,34,South,Salaried,Healthcare,76245.0,629.0,37.05,60.98,48.66,25809.0,0.6271,0
1001,29,North,Salaried,Retail,103309.0,686.0,61.08,20.71,46.33,25592.0,0.4577,0
1002,58,East,Salaried,Construction,92077.0,756.0,29.97,73.38,63.72,32217.0,0.3805,0
1003,50,West,SelfEmployed,Healthcare,93939.0,670.0,65.64,93.04,51.67,106317.0,0.8401,0
1004,25,East,Salaried,Healthcare,83489.0,747.0,42.54,75.87,56.14,121885.0,0.4779,0
1005,21,West,Salaried,Retail,94022.0,719.0,42.14,60.42,65.94,35358.0,0.5064,0
1006,21,East,SelfEmployed,IT,47518.0,602.0,50.25,45.34,52.96,29827.0,0.7194,0
1007,40,East,Salaried,Retail,74423.0,820.0,30.45,36.07,53.53,67242.0,0.1174,0
1008,69,West,Salaried,IT,61930.0,772.0,53.46,42.71,85.82,64179.0,0.4448,0
1009,31,North,Salaried,Healthcare,60258.0,615.0,29.23,34.55,70.14,33014.0,0.5535,0
1010,46,South,Salaried,IT,46290.0,724.0,33.85,79.94,87.12,36213.0,0.6063,0
1011,64,North,SelfEmployed,Construction,64466.0,789.0,50.48,85.38,68.3,43103.0,0.5277,0
1012,23,West,SelfEmployed,Manufacturing,71517.0,725.0,32.71,90.47,90.01,48282.0,0.6558,0
1013,26,West,SelfEmployed,IT,78686.0,675.0,22.0,42.65,54.01,69748.0,0.3367,0
1014,63,North,Salaried,Manufacturing,74751.0,693.0,62.31,54.16,73.92,18557.0,0.7079,0
1015,65,East,Salaried,Construction,96047.0,685.0,65.33,56.92,67.68,155302.0,0.7338,1
1016,31,West,Salaried,Manufacturing,57080.0,692.0,47.6,63.6,90.53,72169.0,0.7095,0
1017,28,North,Salaried,Construction,36127.0,767.0,58.67,5.22,63.02,62528.0,0.247,0
1018,49,East,Salaried,Manufacturing,85629.0,728.0,69.2,80.84,87.02,43653.0,0.8122,0
1019,30,West,Salaried,Manufacturing,74065.0,648.0,46.89,29.13,71.01,39281.0,0.5799,0
1020,54,North,Salaried,Retail,73650.0,684.0,64.53,47.49,78.97,40301.0,0.7278,0
1021,44,East,Salaried,IT,60744.0,676.0,31.56,80.74,88.78,46884.0,0.7071,0
1022,66,South,SelfEmployed,Manufacturing,93183.0,717.0,52.03,94.72,94.83,73459.0,0.8106,0
1023,68,West,SelfEmployed,Healthcare,66619.0,633.0,13.35,76.54,80.21,105791.0,0.6352,1
1024,37,West,Salaried,Retail,57329.0,610.0,57.34,7.23,57.3,29532.0,0.5935,0
1025,52,West,Salaried,IT,108485.0,644.0,59.79,38.19,56.45,48025.0,0.6706,0
1026,31,South,Salaried,Retail,88831.0,606.0,34.07,27.25,57.0,64197.0,0.527,0
1027,54,West,SelfEmployed,IT,74197.0,608.0,48.34,91.77,45.38,66513.0,0.8366,0
1028,44,West,Salaried,Construction,26175.0,773.0,61.5,28.78,42.95,44833.0,0.285,0
1029,25,South,Salaried,Manufacturing,70292.0,692.0,63.02,89.9,71.95,49932.0,0.8313,0
1030,49,West,Salaried,Healthcare,74568.0,722.0,16.39,89.38,84.58,53273.0,0.5187,0
1031,68,North,Salaried,Retail,104274.0,704.0,59.65,80.55,41.99,33038.0,0.6778,0
1032,68,East,Salaried,Retail,40000.0,707.0,26.45,13.83,71.16,37643.0,0.2346,1
1033,54,North,Salaried,Retail,106205.0,718.0,53.64,5.18,60.45,23349.0,0.308,0
1034,36,North,Salaried,Retail,83739.0,735.0,29.51,76.45,89.09,103895.0,0.5369,0
1035,45,North,Salaried,Manufacturing,50848.0,722.0,13.38,80.9,48.0,79566.0,0.3247,0
1036,57,East,Salaried,IT,93436.0,850.0,22.59,91.6,70.99,30385.0,0.2359,0
1037,28,South,Salaried,Manufacturing,70123.0,638.0,34.52,24.65,93.4,34123.0,0.5732,0
1038,49,East,SelfEmployed,Construction,41762.0,636.0,54.47,70.98,58.98,30342.0,0.7899,0
1039,66,North,Salaried,Manufacturing,66112.0,667.0,16.04,51.72,80.8,37347.0,0.4516,0
1040,45,South,SelfEmployed,Manufacturing,80098.0,621.0,58.78,34.56,88.53,67623.0,0.7902,0
1041,62,East,Salaried,Construction,76239.0,683.0,69.82,59.57,50.24,251743.0,0.7236,0
1042,43,West,Salaried,Manufacturing,87870.0,643.0,57.3,54.34,94.59,48046.0,0.8247,0
1043,54,South,Salaried,IT,96949.0,705.0,38.42,31.31,84.52,75867.0,0.4373,0
1044,23,East,Salaried,Healthcare,53029.0,704.0,44.09,29.16,47.57,56399.0,0.3375,0
1045,50,West,Salaried,Construction,74582.0,622.0,10.37,48.79,57.1,67628.0,0.4198,1
1046,54,East,Salaried,Retail,62801.0,746.0,22.56,47.66,74.37,51918.0,0.276,0
1047,52,North,Salaried,IT,50021.0,652.0,63.94,32.18,88.67,106613.0,0.7546,0
1048,49,North,Salaried,Healthcare,73963.0,644.0,11.3,28.74,50.72,80639.0,0.2665,1
1049,29,West,SelfEmployed,IT,83633.0,726.0,64.29,90.89,80.22,59709.0,0.8078,0
1050,22,North,SelfEmployed,IT,84814.0,700.0,16.8,82.61,54.89,82698.0,0.4328,0
1051,59,West,Salaried,Retail,67096.0,700.0,17.98,78.51,84.3,96272.0,0.5308,0
1052,27,East,SelfEmployed,Healthcare,54843.0,640.0,20.52,24.29,77.59,41787.0,0.4039,0
1053,66,West,Salaried,IT,62107.0,633.0,57.96,22.04,68.76,75732.0,0.6522,0
1054,25,West,Salaried,Retail,37463.0,748.0,38.69,77.84,75.74,92473.0,0.5312,0
1055,28,West,SelfEmployed,Construction,51214.0,696.0,18.71,21.62,88.2,75575.0,0.2913,0
1056,52,South,Salaried,Retail,52948.0,714.0,51.21,50.32,61.25,85210.0,0.5185,0
1057,38,West,Salaried,Manufacturing,91906.0,709.0,66.44,24.93,82.31,62467.0,0.595,0
1058,58,South,Salaried,Retail,91888.0,741.0,44.35,39.03,48.74,78779.0,0.3069,0
1059,66,South,SelfEmployed,Retail,117590.0,697.0,15.92,81.81,78.57,128389.0,0.5192,0
1060,38,East,SelfEmployed,Retail,79807.0,686.0,13.29,85.23,81.29,36132.0,0.5527,0
1061,69,West,Salaried,IT,65322.0,743.0,57.75,94.7,64.36,59788.0,0.7134,0
1062,61,West,Salaried,Healthcare,75239.0,834.0,47.57,89.95,83.65,40713.0,0.4725,0
1063,65,West,Salaried,Retail,71615.0,625.0,65.36,65.41,70.64,44313.0,0.861,0
1064,36,South,Salaried,Retail,62366.0,667.0,42.84,43.86,91.5,76769.0,0.6488,0
1065,41,South,Salaried,Manufacturing,81398.0,718.0,13.74,10.19,46.19,25797.0,0.1075,0
1066,30,East,Salaried,Manufacturing,78867.0,569.0,34.22,59.73,47.2,34197.0,0.7281,1
1067,62,North,Salaried,Construction,73348.0,767.0,49.48,23.96,86.33,109648.0,0.3413,0
1068,24,North,Salaried,Construction,69114.0,748.0,33.09,81.51,86.33,30857.0,0.5476,0
1069,64,South,Salaried,Manufacturing,87638.0,702.0,69.98,54.4,65.92,123122.0,0.7126,0
1070,28,South,Salaried,Healthcare,63925.0,728.0,34.32,71.02,93.02,59512.0,0.5782,0
1071,67,South,SelfEmployed,Construction,66937.0,790.0,42.77,65.61,77.37,57783.0,0.4018,0
1072,39,North,Salaried,Healthcare,84502.0,717.0,23.52,36.26,94.06,42573.0,0.3585,0
1073,67,North,Salaried,Manufacturing,95230.0,624.0,19.13,73.32,69.28,50878.0,0.643,1
1074,60,North,Salaried,Construction,93403.0,758.0,48.72,80.9,51.09,67091.0,0.5049,0
1075,60,West,Salaried,Retail,69808.0,756.0,45.32,71.97,64.44,53623.0,0.4899,0
1076,29,South,Salaried,Manufacturing,49713.0,712.0,10.26,74.91,93.93,38511.0,0.4601,0
1077,50,South,Salaried,Construction,69210.0,850.0,27.09,37.4,60.37,81552.0,0.0925,0
1078,37,East,Salaried,Healthcare,76470.0,694.0,48.61,89.93,92.64,111301.0,0.8115,0
1079,60,North,Salaried,Healthcare,52716.0,592.0,58.73,43.21,83.84,26823.0,0.8469,0
1080,64,West,Salaried,Construction,68838.0,716.0,28.74,85.73,64.32,179075.0,0.534,0
1081,35,West,Salaried,Healthcare,99142.0,709.0,48.85,82.2,69.8,69226.0,0.6939,0
1082,24,North,SelfEmployed,Construction,77950.0,834.0,25.92,16.19,73.41,76279.0,0.0844,0
1083,26,South,Salaried,Construction,64188.0,721.0,51.42,91.96,76.62,127053.0,0.7441,0
1084,36,West,Salaried,Healthcare,75577.0,686.0,51.88,94.67,44.22,20804.0,0.7326,0
1085,46,West,Salaried,IT,76675.0,625.0,17.81,59.55,91.35,27084.0,0.6454,0
1086,57,South,Salaried,Retail,67533.0,808.0,49.91,75.48,72.83,21738.0,0.4414,1
1087,43,East,Salaried,Manufacturing,90448.0,563.0,30.01,89.03,91.21,32291.0,0.8973,0
1088,33,North,Salaried,Retail,38432.0,728.0,20.36,6.8,74.75,80183.0,0.1593,0
1089,67,West,Salaried,Manufacturing,84435.0,579.0,40.02,88.7,63.71,32414.0,0.8683,0
1090,37,North,Salaried,Manufacturing,63537.0,682.0,37.14,61.46,71.18,37664.0,0.5833,0
1091,47,West,Salaried,Retail,95914.0,679.0,56.43,79.56,85.62,41101.0,0.8223,0
1092,42,East,Salaried,Construction,49507.0,659.0,15.07,53.67,57.94,55479.0,0.3909,0
1093,57,East,Salaried,Healthcare,93772.0,678.0,57.39,52.75,92.61,54119.0,0.7573,0
1094,39,East,Salaried,IT,59215.0,708.0,16.36,85.78,65.63,39773.0,0.4643,0
1095,59,North,Salaried,IT,81440.0,672.0,22.45,50.67,92.59,35306.0,0.5256,0
1096,55,North,Salaried,IT,65700.0,693.0,40.95,47.46,88.44,51187.0,0.5806,0
1097,33,North,Salaried,Retail,97544.0,658.0,37.79,59.74,82.22,59892.0,0.6745,0
1098,34,North,SelfEmployed,Retail,71178.0,685.0,69.33,51.67,65.71,120344.0,0.7299,1
1099,68,West,Salaried,Construction,60539.0,758.0,45.37,45.17,72.28,36268.0,0.381,0
1100,51,South,SelfEmployed,IT,102982.0,672.0,29.65,21.25,86.09,55787.0,0.4092,0
1101,65,North,Salaried,Construction,69397.0,794.0,64.01,40.77,69.92,21508.0,0.4007,0
1102,22,West,Salaried,IT,85436.0,758.0,28.73,30.38,80.6,103248.0,0.2397,0
1103,66,West,Salaried,Retail,93781.0,749.0,26.43,41.04,83.49,55541.0,0.2938,0
1104,59,West,SelfEmployed,Healthcare,57410.0,700.0,39.66,58.38,68.22,88326.0,0.5316,0
1105,57,West,Salaried,Healthcare,83439.0,643.0,64.79,59.8,69.49,109234.0,0.818,0
1106,34,North,Salaried,Healthcare,86144.0,706.0,52.51,26.48,50.88,74680.0,0.3915,0
1107,29,South,Salaried,Healthcare,44050.0,806.0,50.65,12.6,53.46,63451.0,0.1503,0
1108,30,West,Salaried,Manufacturing,81461.0,650.0,53.56,72.0,89.77,22878.0,0.8373,0
1109,27,East,Salaried,IT,67922.0,718.0,49.58,52.57,86.22,54760.0,0.6001,0
1110,48,North,SelfEmployed,Healthcare,107404.0,646.0,55.59,44.79,40.56,36191.0,0.6145,0
1111,66,West,SelfEmployed,Manufacturing,92322.0,676.0,21.57,16.66,87.82,34221.0,0.3294,0
1112,45,North,Salaried,Manufacturing,83782.0,718.0,20.64,42.32,41.39,22758.0,0.2069,0
1113,66,North,SelfEmployed,Manufacturing,34173.0,722.0,31.73,78.64,65.21,53388.0,0.5085,0
1114,48,East,Salaried,Construction,83900.0,707.0,61.06,57.33,43.71,38444.0,0.5778,0
1115,22,East,Salaried,Construction,59781.0,736.0,52.87,13.19,93.29,40163.0,0.4098,0
1116,37,East,Salaried,Manufacturing,92471.0,727.0,43.99,34.9,93.48,35706.0,0.4743,0
1117,24,North,Salaried,Healthcare,71802.0,680.0,11.17,93.18,73.6,115212.0,0.562,0
1118,33,West,SelfEmployed,IT,64618.0,743.0,24.15,54.01,61.57,34626.0,0.2777,0
1119,38,South,Salaried,Retail,66268.0,642.0,58.21,30.78,68.16,48400.0,0.6714,0
1120,23,North,Salaried,Construction,67596.0,684.0,24.55,87.21,81.93,53954.0,0.649,1
1121,57,West,Salaried,Healthcare,48055.0,672.0,53.82,35.24,52.28,52869.0,0.533,0
1122,53,West,Salaried,Healthcare,50680.0,722.0,21.08,70.69,64.29,142103.0,0.3863,0
1123,61,West,Salaried,Retail,68290.0,557.0,46.38,18.25,80.55,21626.0,0.7579,0
1124,44,West,SelfEmployed,Retail,106103.0,676.0,47.69,19.08,61.75,66995.0,0.4325,0
1125,28,East,SelfEmployed,Healthcare,89289.0,727.0,55.12,55.52,41.76,92623.0,0.4666,0
1126,55,East,Salaried,Retail,91080.0,848.0,36.3,26.58,67.91,67929.0,0.1098,0
1127,22,North,Salaried,Healthcare,98945.0,703.0,47.96,9.44,80.56,174900.0,0.3908,0
1128,53,South,Salaried,Retail,80622.0,635.0,39.22,88.38,93.72,115668.0,0.8519,0
1129,32,South,Salaried,Retail,65866.0,740.0,66.84,10.04,42.04,42029.0,0.3062,0
1130,42,South,Salaried,Healthcare,66780.0,659.0,41.31,69.57,69.7,53787.0,0.6973,0
1131,33,East,Salaried,Manufacturing,58485.0,619.0,22.58,34.97,64.75,87656.0,0.4782,0
1132,30,South,Salaried,Healthcare,91220.0,711.0,50.07,89.02,53.33,56154.0,0.6733,0
1133,37,North,Salaried,IT,56275.0,779.0,42.91,93.74,75.08,56687.0,0.5609,0
1134,63,North,Salaried,Retail,116807.0,652.0,58.23,35.19,49.0,164056.0,0.6027,0
1135,25,East,Salaried,Construction,56942.0,687.0,20.61,58.2,55.61,98684.0,0.376,1
1136,29,North,Salaried,Retail,99458.0,742.0,25.66,74.57,83.0,168027.0,0.4602,0
1137,33,West,Salaried,IT,99566.0,761.0,65.3,16.11,65.32,57079.0,0.3537,0
1138,43,South,SelfEmployed,Construction,87487.0,786.0,65.8,68.85,94.65,64305.0,0.6604,0
1139,50,South,Salaried,Construction,107411.0,658.0,36.54,86.56,61.26,70746.0,0.7139,0
1140,63,East,SelfEmployed,Healthcare,71075.0,692.0,12.87,21.07,65.48,84466.0,0.2001,0
1141,24,West,Salaried,Manufacturing,77565.0,570.0,28.39,80.48,56.51,51067.0,0.7959,0
1142,41,South,Salaried,Healthcare,79489.0,676.0,24.83,15.4,53.0,37709.0,0.2377,0
1143,63,East,Salaried,Construction,86802.0,637.0,34.88,56.15,90.73,39840.0,0.7129,0
1144,29,East,SelfEmployed,Construction,38621.0,708.0,29.07,35.54,81.19,56262.0,0.3697,0
1145,27,South,Salaried,Manufacturing,72877.0,753.0,59.74,47.45,58.34,26369.0,0.4588,0
1146,36,West,Salaried,Retail,92165.0,741.0,10.18,32.06,78.51,72020.0,0.1765,0
1147,43,West,Salaried,Manufacturing,67562.0,630.0,48.68,28.45,93.12,19144.0,0.7051,0
1148,43,East,Salaried,Healthcare,114192.0,676.0,49.86,71.88,44.07,27454.0,0.6419,0
1149,51,West,Salaried,Retail,77561.0,728.0,49.64,25.08,54.55,109478.0,0.3279,0
1150,25,West,SelfEmployed,Healthcare,85290.0,708.0,41.24,41.76,51.03,62179.0,0.3805,0
1151,26,East,Salaried,Manufacturing,106020.0,658.0,46.67,29.71,87.84,73809.0,0.6187,0
1152,21,West,Salaried,Retail,77589.0,722.0,58.63,26.48,49.86,70087.0,0.3921,0
1153,68,East,Salaried,Manufacturing,105693.0,746.0,57.05,61.44,56.94,157348.0,0.5212,0
1154,48,East,Salaried,IT,86663.0,689.0,12.08,9.09,69.91,109494.0,0.176,0
1155,38,East,Salaried,Construction,86702.0,641.0,11.83,76.0,74.16,139221.0,0.5821,0
1156,44,West,Salaried,Retail,57217.0,723.0,60.34,54.16,84.45,45705.0,0.6646,0
1157,33,North,Salaried,Construction,97129.0,648.0,44.48,79.56,62.4,56351.0,0.7557,0
1158,53,West,Salaried,IT,62872.0,779.0,67.45,24.17,69.38,29110.0,0.3785,0
1159,30,West,Salaried,Retail,71272.0,542.0,35.9,68.85,93.1,95936.0,0.8987,0
1160,27,North,SelfEmployed,Construction,100184.0,681.0,20.6,42.85,56.35,86108.0,0.3242,0
1161,57,West,Salaried,Construction,67665.0,647.0,38.39,11.91,53.65,41875.0,0.3726,0
1162,52,North,Salaried,Retail,81956.0,743.0,36.19,72.72,79.08,45116.0,0.5123,0
1163,65,South,Salaried,Construction,73923.0,786.0,41.03,73.6,82.41,74665.0,0.4574,1
1164,42,East,Salaried,Construction,74620.0,661.0,58.48,29.38,62.81,53577.0,0.6051,0
1165,36,North,Salaried,Retail,72011.0,644.0,49.34,87.44,51.71,42262.0,0.7887,1
1166,44,West,Salaried,Construction,54276.0,739.0,21.12,73.76,82.84,49185.0,0.4292,0
1167,34,West,Salaried,Construction,85903.0,593.0,54.07,32.61,76.88,48880.0,0.7775,0
1168,31,East,SelfEmployed,Healthcare,87682.0,715.0,45.51,26.52,88.19,73071.0,0.4553,0
1169,39,North,Salaried,Healthcare,63360.0,698.0,44.7,44.61,86.44,53451.0,0.5744,0
1170,43,South,Salaried,IT,66154.0,687.0,50.7,31.35,51.29,14204.0,0.4498,0
1171,54,East,Salaried,Healthcare,93260.0,650.0,43.84,24.53,85.78,57216.0,0.5856,0
1172,60,West,Salaried,Healthcare,69724.0,573.0,37.45,40.92,49.63,42152.0,0.6689,0
1173,33,East,Salaried,IT,76852.0,758.0,48.42,7.31,87.5,83642.0,0.2844,0
1174,59,South,SelfEmployed,Construction,57368.0,738.0,53.42,41.13,82.37,64910.0,0.5083,0
1175,64,East,Salaried,Construction,73731.0,697.0,23.55,24.95,71.34,42249.0,0.2809,0
1176,48,East,Salaried,Healthcare,57476.0,714.0,39.82,28.79,75.32,43090.0,0.3805,0
1177,60,West,Salaried,IT,62900.0,691.0,37.49,12.43,45.72,65244.0,0.2497,0
1178,36,North,Salaried,Construction,59716.0,759.0,12.39,58.0,42.19,58710.0,0.1578,0
1179,48,West,Salaried,Manufacturing,92266.0,688.0,60.07,47.48,58.19,50704.0,0.621,0
1180,24,East,Salaried,Retail,48408.0,698.0,32.64,72.56,85.18,56405.0,0.6171,0
1181,48,West,Salaried,Retail,80334.0,709.0,14.36,93.84,65.62,73564.0,0.4884,0
1182,32,South,Salaried,Retail,70538.0,677.0,37.47,15.76,52.29,26166.0,0.311,0
1183,36,East,Salaried,Healthcare,102925.0,694.0,19.69,29.52,85.9,121539.0,0.3263,1
1184,69,West,SelfEmployed,Retail,90589.0,692.0,52.26,66.42,52.57,47772.0,0.6257,0
1185,56,North,Salaried,Retail,50201.0,659.0,44.31,26.36,84.85,106371.0,0.5721,0
1186,40,West,SelfEmployed,Manufacturing,63790.0,643.0,26.21,7.71,64.91,168862.0,0.3178,0
1187,46,East,Salaried,Construction,74722.0,688.0,67.03,14.88,65.49,79278.0,0.5398,0
1188,46,North,Salaried,Manufacturing,63785.0,682.0,27.5,44.03,55.0,22963.0,0.3687,0
1189,42,South,Salaried,Healthcare,93165.0,764.0,43.3,43.77,89.51,33455.0,0.409,0
1190,29,East,Salaried,Retail,78399.0,642.0,58.09,92.51,44.88,73845.0,0.8311,0
1191,25,North,Salaried,Construction,71133.0,667.0,40.83,46.94,47.94,42822.0,0.4919,0
1192,37,East,Salaried,Retail,94618.0,711.0,67.65,66.03,74.97,125297.0,0.7529,0
1193,69,South,Salaried,Retail,51453.0,724.0,60.63,49.3,86.76,41324.0,0.6496,0
1194,54,East,SelfEmployed,Healthcare,69690.0,692.0,65.26,29.29,45.25,79121.0,0.514,0
1195,22,North,Salaried,Retail,79960.0,749.0,32.36,14.49,80.36,56680.0,0.2184,0
1196,27,West,Salaried,IT,72174.0,694.0,42.9,82.32,80.84,60970.0,0.7228,0
1197,56,West,Salaried,Construction,20000.0,648.0,60.41,18.74,71.98,82360.0,0.6313,0
1198,33,West,SelfEmployed,Construction,81780.0,698.0,64.21,13.72,66.77,12551.0,0.4939,0
1199,40,East,Salaried,IT,85055.0,745.0,66.66,24.24,57.66,58884.0,0.414,0
1200,50,North,Salaried,Healthcare,54749.0,758.0,62.75,5.22,59.33,93997.0,0.2776,0
1201,50,West,Salaried,Retail,31340.0,757.0,53.85,11.48,77.09,33267.0,0.3067,0
1202,31,North,Salaried,Retail,61445.0,712.0,11.45,62.17,43.59,83013.0,0.245,0
1203,51,North,SelfEmployed,Construction,70930.0,716.0,28.9,26.92,72.17,53388.0,0.285,0
1204,23,South,Salaried,Healthcare,72789.0,735.0,17.74,35.47,55.33,43167.0,0.1776,1
1205,22,South,Salaried,Healthcare,35658.0,602.0,19.29,80.18,65.66,52899.0,0.7097,1
1206,68,West,SelfEmployed,Healthcare,79064.0,657.0,27.45,74.56,70.74,120080.0,0.6357,1
1207,23,East,Salaried,Retail,95578.0,718.0,14.48,49.3,88.71,65202.0,0.3367,0
1208,35,South,Salaried,Healthcare,94136.0,641.0,24.58,60.17,71.85,31975.0,0.5891,0
1209,37,South,Salaried,IT,99437.0,769.0,67.42,12.72,52.49,69314.0,0.2939,0
1210,68,West,Salaried,Manufacturing,50741.0,764.0,28.72,73.54,44.37,61296.0,0.2906,0
1211,27,South,Salaried,Healthcare,92581.0,667.0,19.58,51.46,74.48,105389.0,0.4524,0
1212,68,South,Salaried,Manufacturing,56324.0,646.0,53.1,56.39,69.98,57770.0,0.7435,0
1213,25,North,Salaried,Retail,90785.0,726.0,59.71,64.9,76.95,101755.0,0.676,0
1214,54,West,Salaried,Healthcare,60253.0,623.0,28.84,50.02,65.27,61970.0,0.5892,0
1215,53,East,Salaried,Construction,82040.0,708.0,26.71,51.95,85.38,73026.0,0.447,0
1216,65,North,SelfEmployed,Retail,105704.0,850.0,24.51,49.97,90.61,41438.0,0.1603,0
1217,36,North,Salaried,IT,93659.0,639.0,33.6,49.71,42.2,79557.0,0.4975,0
1218,57,East,Salaried,IT,56554.0,653.0,15.23,72.52,80.92,164493.0,0.5843,0
1219,23,East,Salaried,Manufacturing,52222.0,663.0,50.15,43.45,41.93,141617.0,0.5307,0
1220,67,South,Salaried,Manufacturing,90527.0,646.0,59.33,5.26,64.48,34356.0,0.5352,0
1221,68,West,Salaried,Construction,101389.0,649.0,49.82,60.09,65.39,25495.0,0.7182,0
1222,63,North,Salaried,Construction,83596.0,803.0,35.27,90.74,78.29,72265.0,0.4418,0
1223,41,South,Salaried,IT,64777.0,704.0,27.34,28.13,59.38,53009.0,0.2662,0
1224,61,West,Salaried,Healthcare,75837.0,755.0,34.57,78.46,85.15,39153.0,0.5219,0
1225,28,South,Salaried,IT,83649.0,772.0,35.43,45.99,58.86,172342.0,0.249,0
1226,42,East,Salaried,IT,73209.0,592.0,49.96,62.87,58.84,280414.0,0.8133,0
1227,25,South,Salaried,Construction,56574.0,654.0,65.68,85.18,52.25,24143.0,0.8415,0
1228,37,South,SelfEmployed,Manufacturing,96275.0,646.0,14.24,74.39,77.61,40478.0,0.5922,0
1229,57,West,Salaried,Construction,112566.0,542.0,67.2,84.61,44.21,31379.0,0.9371,0
1230,34,South,Salaried,Construction,103531.0,726.0,64.61,5.86,59.97,39635.0,0.3657,0
1231,59,West,Salaried,Construction,31577.0,718.0,17.06,21.86,54.68,104964.0,0.1594,0
1232,61,North,SelfEmployed,IT,98120.0,779.0,21.02,43.11,52.61,68064.0,0.1466,0
1233,48,North,Salaried,Healthcare,86564.0,728.0,28.7,81.31,43.35,90771.0,0.402,0
1234,51,North,Salaried,IT,61854.0,544.0,43.58,80.46,50.47,115787.0,0.8795,0
1235,37,East,Salaried,Retail,35756.0,658.0,18.07,21.66,64.54,70892.0,0.2921,0
1236,55,South,SelfEmployed,Construction,72727.0,662.0,22.02,17.8,67.71,37345.0,0.3015,1
1237,60,West,Salaried,Construction,82274.0,731.0,64.16,80.12,54.82,77547.0,0.6884,1
1238,42,South,Salaried,Retail,52863.0,541.0,16.56,53.73,75.76,56786.0,0.7407,1
1239,65,West,SelfEmployed,Construction,99645.0,733.0,33.93,61.41,58.47,55064.0,0.3886,0
1240,68,North,SelfEmployed,Construction,99160.0,747.0,55.78,77.83,60.2,39579.0,0.6011,0
1241,49,West,SelfEmployed,Construction,84358.0,685.0,63.31,24.06,83.04,96800.0,0.6286,0
1242,30,West,Salaried,Retail,47544.0,652.0,30.16,17.28,70.36,76975.0,0.3859,0
1243,38,West,Salaried,IT,69758.0,771.0,19.87,82.31,92.42,91247.0,0.4187,0
1244,55,West,Salaried,Construction,89474.0,617.0,54.22,15.06,59.76,37539.0,0.5997,0
1245,64,West,Salaried,Healthcare,88155.0,769.0,56.35,12.94,85.53,101433.0,0.3307,0
1246,36,East,Salaried,Retail,61019.0,755.0,68.8,29.94,80.61,71306.0,0.5192,0
1247,69,North,Salaried,Manufacturing,63952.0,734.0,18.37,33.52,88.96,96386.0,0.263,0
1248,27,North,Salaried,Retail,60504.0,809.0,52.57,26.7,92.62,40443.0,0.3016,0
1249,50,West,Salaried,IT,69342.0,701.0,35.04,71.75,40.42,64874.0,0.4582,0
1250,39,East,Salaried,Retail,65266.0,737.0,64.88,92.6,44.86,106636.0,0.7003,0
1251,43,West,Salaried,Manufacturing,61621.0,697.0,34.47,22.96,77.09,80417.0,0.3609,0
1252,28,South,Salaried,Healthcare,72248.0,681.0,36.76,75.37,61.46,56575.0,0.6165,0
1253,37,North,Salaried,Manufacturing,75800.0,732.0,17.61,8.98,85.05,78657.0,0.1703,0
1254,41,North,Salaried,Retail,96741.0,682.0,29.26,15.7,40.66,37153.0,0.2199,0
1255,46,East,Salaried,Manufacturing,39375.0,704.0,34.05,51.36,84.38,84304.0,0.5067,0
1256,48,South,Salaried,Retail,99385.0,704.0,11.05,94.96,47.44,94467.0,0.4138,0
1257,59,North,Salaried,Healthcare,60054.0,676.0,36.25,90.44,55.96,75057.0,0.6746,0
1258,53,South,Salaried,Healthcare,112210.0,744.0,30.18,15.07,93.3,57599.0,0.2527,0
1259,60,North,SelfEmployed,IT,88464.0,594.0,58.23,26.57,42.84,71409.0,0.6756,0
1260,39,East,Salaried,Healthcare,85947.0,658.0,16.43,90.12,59.2,58666.0,0.5867,0
1261,49,South,Salaried,Construction,72920.0,642.0,55.61,18.57,44.65,54979.0,0.5109,1
1262,40,West,SelfEmployed,Manufacturing,116260.0,718.0,52.84,71.85,86.95,87909.0,0.7093,0
1263,40,South,Salaried,Manufacturing,74388.0,686.0,24.51,5.1,78.67,132053.0,0.2516,0
1264,30,South,SelfEmployed,Retail,105234.0,615.0,15.0,61.85,84.02,65814.0,0.6338,0
1265,32,North,SelfEmployed,Healthcare,63509.0,728.0,60.51,49.51,69.0,45855.0,0.5765,1
1266,53,North,Salaried,IT,89332.0,714.0,24.97,47.39,59.67,37221.0,0.3112,0
1267,45,South,SelfEmployed,IT,112964.0,702.0,18.73,79.63,40.13,43157.0,0.3739,0
1268,45,South,Salaried,IT,58041.0,747.0,31.54,12.27,55.29,178463.0,0.1548,0
1269,24,East,Salaried,Construction,84825.0,731.0,34.05,38.96,68.3,135177.0,0.3235,0
1270,24,South,Salaried,Healthcare,60873.0,686.0,29.57,45.14,76.54,96721.0,0.457,0
1271,29,East,Salaried,IT,83593.0,725.0,68.59,16.15,52.59,113369.0,0.4182,0
1272,35,West,SelfEmployed,Construction,112880.0,782.0,62.85,12.71,47.64,45874.0,0.2284,0
1273,46,West,Salaried,Manufacturing,56332.0,691.0,62.38,21.17,51.09,100997.0,0.4758,0
1274,35,North,Salaried,Retail,78120.0,775.0,33.93,26.69,59.47,105401.0,0.1745,0
1275,46,South,Salaried,Healthcare,58311.0,814.0,67.77,91.95,48.16,57324.0,0.5517,0
1276,48,North,Salaried,Healthcare,72414.0,720.0,51.04,47.81,48.62,33119.0,0.4424,1
1277,27,North,Salaried,Manufacturing,87425.0,640.0,59.92,50.93,42.41,29051.0,0.6911,0
1278,52,West,Salaried,Healthcare,69037.0,682.0,40.05,68.63,87.12,73422.0,0.692,1
1279,32,North,SelfEmployed,Healthcare,106478.0,710.0,19.64,66.58,52.09,46984.0,0.344,0
1280,55,South,Salaried,Healthcare,84667.0,701.0,63.21,50.25,85.2,70645.0,0.7145,0
1281,52,East,SelfEmployed,Healthcare,48532.0,708.0,39.19,35.59,64.11,52192.0,0.3826,0
1282,29,East,Salaried,Construction,81396.0,773.0,68.11,34.79,74.78,34383.0,0.4705,0
1283,34,East,Salaried,Construction,104222.0,649.0,25.29,10.19,44.16,145055.0,0.247,0
1284,33,North,Salaried,Retail,85848.0,722.0,69.54,85.97,72.1,35322.0,0.8047,0
1285,64,South,Salaried,Healthcare,80215.0,755.0,23.35,74.25,55.95,42964.0,0.3147,0
1286,53,East,Salaried,Manufacturing,69049.0,685.0,32.09,61.1,45.24,59659.0,0.4412,0
1287,52,North,SelfEmployed,IT,73059.0,638.0,45.64,40.65,89.95,64308.0,0.7103,0
1288,39,South,Salaried,Retail,75217.0,688.0,51.6,57.42,73.2,27311.0,0.661,1
1289,50,North,SelfEmployed,IT,26081.0,638.0,53.22,48.66,53.29,90262.0,0.6779,0
1290,36,North,Salaried,IT,84274.0,658.0,38.58,29.65,63.08,83492.0,0.4677,0
1291,32,South,Salaried,Healthcare,94934.0,735.0,14.61,31.87,59.63,179082.0,0.164,0
1292,30,North,Salaried,Manufacturing,60041.0,716.0,39.76,83.7,78.53,69232.0,0.6539,0
1293,22,East,SelfEmployed,IT,79650.0,743.0,30.08,62.14,73.41,57037.0,0.3939,0
1294,38,East,Salaried,IT,82072.0,729.0,49.46,5.13,41.09,37731.0,0.2079,0
1295,33,West,SelfEmployed,Retail,91206.0,688.0,20.94,34.42,50.88,31685.0,0.2599,0
1296,49,North,SelfEmployed,Manufacturing,75247.0,639.0,33.63,35.6,66.3,54596.0,0.5178,0
1297,44,North,Salaried,Manufacturing,85793.0,719.0,67.97,68.57,64.5,31008.0,0.7178,0
1298,58,North,Salaried,IT,51768.0,668.0,15.33,68.04,68.42,90317.0,0.4794,0
1299,32,East,Salaried,Manufacturing,54715.0,692.0,46.14,46.77,79.31,48340.0,0.5849,1
1300,49,East,Salaried,Retail,83623.0,657.0,15.44,90.59,77.51,110689.0,0.6494,0
1301,42,North,Salaried,Retail,70408.0,754.0,19.42,83.5,60.5,69271.0,0.347,0
1302,56,West,Salaried,Retail,43386.0,566.0,46.3,82.96,88.27,70631.0,0.9218,1
1303,21,North,Salaried,Healthcare,81950.0,731.0,36.64,36.34,43.46,36707.0,0.2533,0
1304,63,East,Salaried,IT,49505.0,709.0,42.91,43.79,72.15,82754.0,0.4765,0
1305,60,East,Salaried,Manufacturing,129052.0,753.0,62.79,42.71,92.23,74444.0,0.584,1
1306,54,West,Salaried,Retail,31477.0,627.0,59.03,44.62,70.2,22790.0,0.7685,0
1307,54,East,Salaried,IT,76054.0,697.0,63.28,85.03,65.03,113496.0,0.7945,0
1308,68,West,Salaried,IT,52677.0,674.0,46.98,27.42,47.37,92724.0,0.4194,0
1309,53,South,Salaried,Healthcare,93317.0,691.0,39.38,77.2,84.56,40276.0,0.6982,0
1310,24,West,SelfEmployed,Manufacturing,66942.0,701.0,37.55,51.26,60.56,95652.0,0.4501,1
1311,58,North,Salaried,Manufacturing,95257.0,671.0,54.39,27.42,78.57,48559.0,0.5978,0
1312,50,West,Salaried,Retail,90347.0,694.0,41.28,52.46,50.87,43332.0,0.4664,0
1313,66,East,Salaried,Retail,53645.0,774.0,16.35,22.59,42.3,71371.0,0.0819,0
1314,40,West,Salaried,IT,60453.0,787.0,18.52,14.74,56.8,98085.0,0.082,0
1315,46,South,Salaried,Manufacturing,68110.0,714.0,31.42,80.44,55.48,128476.0,0.4976,0
1316,35,East,SelfEmployed,Manufacturing,73649.0,788.0,14.07,67.94,88.04,144129.0,0.2634,0
1317,27,East,Salaried,Retail,71071.0,613.0,24.35,23.45,87.56,27032.0,0.5323,1
1318,27,East,Salaried,Construction,89562.0,748.0,49.38,89.81,69.36,24947.0,0.6423,0
1319,49,North,Salaried,IT,79679.0,713.0,10.75,7.2,41.04,48301.0,0.0915,0
1320,43,North,Salaried,Manufacturing,62747.0,678.0,46.25,35.0,52.56,38128.0,0.4621,0
1321,54,North,Salaried,Healthcare,56751.0,737.0,56.34,6.95,75.15,205848.0,0.3404,0
1322,40,North,Salaried,Healthcare,58682.0,709.0,20.21,17.81,45.58,68882.0,0.1548,0
1323,35,West,Salaried,Construction,81600.0,664.0,20.86,21.21,78.53,53897.0,0.3402,0
1324,53,North,Salaried,Retail,71139.0,742.0,11.73,77.93,40.66,45658.0,0.2406,0
1325,37,West,Salaried,Retail,116606.0,697.0,40.75,94.37,77.54,66131.0,0.7408,0
1326,40,South,Salaried,Retail,74995.0,657.0,49.28,83.06,86.45,20764.0,0.8341,0
1327,33,North,SelfEmployed,Healthcare,78775.0,749.0,37.41,62.16,65.81,93992.0,0.4053,0
1328,64,West,Salaried,Retail,38979.0,598.0,33.37,70.06,85.6,120620.0,0.8114,0
1329,44,East,Salaried,Healthcare,48239.0,799.0,37.26,52.05,82.98,25408.0,0.3032,0
1330,67,South,Salaried,Construction,52572.0,754.0,56.89,43.03,76.93,80122.0,0.4818,0
1331,57,East,Salaried,IT,64339.0,587.0,12.01,67.3,64.48,74888.0,0.636,0
1332,27,East,Salaried,Manufacturing,45355.0,773.0,57.03,92.58,54.95,78114.0,0.6007,1
1333,28,North,Salaried,Construction,51901.0,705.0,49.98,7.6,87.35,77686.0,0.416,0
1334,43,West,Salaried,Healthcare,88299.0,577.0,24.49,33.27,75.67,35202.0,0.627,0
1335,34,West,Salaried,Construction,57803.0,588.0,41.48,34.71,83.89,55886.0,0.7434,0
1336,24,East,Salaried,Manufacturing,74180.0,734.0,12.96,42.28,70.36,92533.0,0.2135,0
1337,41,North,Salaried,IT,86843.0,634.0,32.78,61.42,49.45,25732.0,0.5888,0
1338,66,East,Salaried,Manufacturing,93932.0,648.0,20.44,51.24,93.87,63340.0,0.5796,1
1339,30,North,Salaried,Healthcare,80850.0,706.0,11.34,6.69,50.05,79652.0,0.1102,0
1340,42,North,Salaried,Manufacturing,82055.0,730.0,31.43,42.04,90.12,50021.0,0.397,0
1341,50,South,Salaried,Construction,94546.0,713.0,53.57,60.75,51.45,75876.0,0.5538,0
1342,50,South,Salaried,Retail,83285.0,646.0,65.26,50.43,60.56,61082.0,0.7629,0
1343,36,West,Salaried,Construction,95709.0,655.0,49.74,83.49,64.2,53713.0,0.79,0
1344,31,East,SelfEmployed,Healthcare,32132.0,636.0,34.12,40.87,90.68,48346.0,0.6428,1
1345,42,East,Salaried,IT,73326.0,714.0,69.97,6.13,88.85,113263.0,0.5415,0
1346,49,South,Salaried,Manufacturing,76114.0,711.0,26.98,30.64,85.28,56454.0,0.3415,0
1347,45,South,Salaried,IT,72642.0,724.0,21.23,17.21,60.72,39030.0,0.1684,0
1348,34,South,SelfEmployed,Healthcare,77464.0,711.0,37.82,27.52,40.25,31804.0,0.2551,0
1349,34,West,Salaried,Manufacturing,66833.0,707.0,40.29,37.59,77.49,28115.0,0.4514,0
1350,22,North,Salaried,Construction,90780.0,754.0,31.29,65.9,62.6,28986.0,0.3566,0
1351,33,West,Salaried,Construction,64289.0,706.0,51.73,34.18,81.64,47659.0,0.5378,0
1352,23,East,Salaried,Healthcare,70645.0,753.0,21.03,84.57,83.72,56121.0,0.4496,0
1353,50,South,Salaried,Manufacturing,103881.0,676.0,40.62,31.96,64.18,51289.0,0.4517,0
1354,38,East,Salaried,Construction,101089.0,653.0,40.01,17.32,81.15,39437.0,0.4965,0
1355,56,South,SelfEmployed,Healthcare,78153.0,772.0,59.43,20.2,86.2,45596.0,0.3797,0
1356,41,West,SelfEmployed,Healthcare,62262.0,672.0,65.62,89.11,91.07,83731.0,0.8955,0
1357,39,West,Salaried,IT,42315.0,693.0,49.8,45.93,72.04,100088.0,0.5766,0
1358,36,South,Salaried,Construction,72373.0,650.0,28.32,41.28,82.82,139994.0,0.5409,0
1359,48,South,SelfEmployed,Manufacturing,85164.0,819.0,51.38,11.2,67.2,61078.0,0.1586,0
1360,24,East,Salaried,Construction,60577.0,608.0,25.08,71.0,42.29,115820.0,0.6166,0
1361,35,West,Salaried,Construction,75119.0,759.0,67.99,67.52,48.54,64454.0,0.5692,0
1362,21,North,Salaried,Construction,68031.0,588.0,59.34,38.82,47.05,122878.0,0.7556,0
1363,68,East,Salaried,Healthcare,40556.0,677.0,35.87,67.26,49.45,80349.0,0.5349,0
1364,67,East,Salaried,Retail,77343.0,744.0,57.06,38.07,40.56,61206.0,0.3515,0
1365,36,East,Salaried,Retail,83702.0,801.0,34.52,11.58,87.23,22134.0,0.1568,0
1366,40,North,Salaried,IT,78188.0,686.0,14.48,71.43,70.81,55581.0,0.4547,0
1367,53,East,Salaried,Construction,107250.0,668.0,52.41,91.87,61.07,39920.0,0.8022,0
1368,37,West,Salaried,Retail,68563.0,712.0,34.28,63.35,62.54,49856.0,0.4653,0
1369,25,North,Salaried,IT,66974.0,799.0,65.82,29.88,65.48,112099.0,0.3349,0
1370,25,North,SelfEmployed,Healthcare,118329.0,710.0,28.39,29.29,44.06,74042.0,0.2221,0
1371,59,West,Salaried,Construction,50025.0,731.0,60.6,88.61,55.11,98928.0,0.7027,0
1372,33,North,Salaried,Manufacturing,62604.0,662.0,50.83,32.3,86.84,79700.0,0.6473,0
1373,64,West,SelfEmployed,Healthcare,82220.0,755.0,61.2,74.14,80.9,36984.0,0.6763,0
1374,56,South,SelfEmployed,IT,97505.0,606.0,27.51,62.86,70.99,157135.0,0.6979,1
1375,50,North,Salaried,Healthcare,93697.0,775.0,37.68,58.33,66.44,54934.0,0.3301,0
1376,24,West,Salaried,Manufacturing,54202.0,780.0,59.39,21.3,54.24,100676.0,0.2638,0
1377,43,South,Salaried,Healthcare,107553.0,821.0,48.63,8.1,65.92,135283.0,0.1355,0
1378,41,East,SelfEmployed,IT,84281.0,780.0,31.6,48.98,72.88,30329.0,0.264,0
1379,41,South,SelfEmployed,Manufacturing,58613.0,668.0,40.72,93.93,79.2,57179.0,0.7961,0
1380,26,East,SelfEmployed,Manufacturing,60296.0,788.0,69.77,22.62,49.17,84879.0,0.3002,0
1381,44,North,Salaried,Healthcare,76431.0,768.0,54.51,53.32,84.72,52051.0,0.5111,0
1382,67,South,Salaried,Manufacturing,118046.0,657.0,46.87,65.39,59.02,235294.0,0.6866,0
1383,51,West,Salaried,Healthcare,79249.0,713.0,59.67,48.53,67.68,68433.0,0.5989,0
1384,39,South,Salaried,Construction,117863.0,525.0,36.52,50.62,73.43,81611.0,0.8465,0
1385,58,East,Salaried,Manufacturing,92562.0,617.0,67.0,64.51,66.85,149888.0,0.8677,0
1386,32,South,Salaried,Healthcare,49754.0,749.0,43.12,78.34,71.46,30024.0,0.5473,0
1387,34,West,Salaried,Construction,103150.0,798.0,29.61,35.0,46.13,48036.0,0.1245,0
1388,32,North,Salaried,Manufacturing,56117.0,749.0,15.16,85.93,63.77,37072.0,0.351,0
1389,35,West,Salaried,Construction,62698.0,703.0,32.54,48.64,55.43,74322.0,0.3769,1
1390,39,South,Salaried,Manufacturing,80515.0,638.0,44.12,64.57,44.73,135708.0,0.6583,0
1391,48,North,Salaried,IT,74431.0,739.0,52.19,14.59,50.54,35488.0,0.2648,0
1392,60,North,Salaried,IT,92868.0,585.0,62.51,49.32,73.13,29570.0,0.8651,0
1393,61,North,Salaried,Healthcare,85034.0,731.0,66.64,6.45,50.82,65494.0,0.3388,0
1394,25,East,Salaried,Retail,72641.0,646.0,16.15,40.19,49.96,118154.0,0.3382,0
1395,25,South,SelfEmployed,IT,108979.0,745.0,46.05,9.9,70.41,40362.0,0.2559,0
1396,26,West,Salaried,Retail,65509.0,748.0,50.0,85.73,89.76,36061.0,0.696,0
1397,43,South,Salaried,Construction,55000.0,666.0,20.32,65.55,83.38,132111.0,0.5648,0
1398,23,North,Salaried,Construction,84266.0,756.0,42.74,76.27,89.78,54355.0,0.5851,1
1399,57,East,Salaried,Retail,74636.0,595.0,30.09,47.09,72.06,82251.0,0.6744,0
1400,53,East,SelfEmployed,Healthcare,79908.0,691.0,14.65,81.67,62.55,119441.0,0.4618,0
1401,63,North,Salaried,Manufacturing,89763.0,747.0,13.95,83.57,80.13,77550.0,0.3935,0
1402,41,North,SelfEmployed,Retail,71298.0,737.0,55.55,37.11,54.38,60919.0,0.4017,0
1403,40,North,Salaried,Retail,112172.0,667.0,46.93,38.92,44.29,36887.0,0.4835,0
1404,21,East,SelfEmployed,Retail,80300.0,753.0,52.91,50.74,58.95,45899.0,0.4273,0
1405,59,East,Salaried,Retail,65992.0,755.0,51.12,8.8,56.46,71322.0,0.2235,0
1406,67,South,SelfEmployed,Retail,86792.0,630.0,18.06,94.62,77.15,111500.0,0.7399,0
1407,37,West,Salaried,Healthcare,73290.0,693.0,19.09,37.33,70.32,47118.0,0.3082,0
1408,49,West,Salaried,IT,77266.0,712.0,25.15,47.38,47.6,44567.0,0.2787,0
1409,28,East,Salaried,Manufacturing,52877.0,711.0,33.95,72.93,89.97,76281.0,0.6149,1
1410,46,West,SelfEmployed,IT,55144.0,749.0,66.35,31.78,72.63,40874.0,0.4947,0
1411,48,North,Salaried,Retail,96232.0,675.0,50.43,23.15,65.17,74618.0,0.4879,0
1412,54,North,Salaried,IT,50313.0,798.0,25.31,16.47,91.55,39024.0,0.1456,0
1413,46,South,SelfEmployed,Healthcare,72552.0,676.0,13.36,52.52,45.35,68187.0,0.2927,0
1414,33,North,Salaried,Construction,81517.0,632.0,51.05,5.49,83.43,51025.0,0.5801,0
1415,64,East,Salaried,IT,103261.0,686.0,47.52,68.86,60.06,63385.0,0.6433,0
1416,57,West,Salaried,Manufacturing,65374.0,715.0,50.55,46.53,78.25,89592.0,0.5543,0
1417,33,North,Salaried,Healthcare,90178.0,629.0,25.67,52.86,91.19,57095.0,0.6576,1
1418,58,North,SelfEmployed,Construction,72590.0,682.0,41.02,28.69,68.47,73287.0,0.4417,0
1419,45,South,Salaried,Healthcare,31398.0,626.0,31.7,21.04,41.25,42362.0,0.374,0
1420,67,West,Salaried,Retail,75922.0,742.0,59.06,68.0,41.59,45532.0,0.5209,0
1421,43,South,SelfEmployed,Construction,73662.0,689.0,14.16,23.92,58.18,34606.0,0.203,0
1422,42,East,Salaried,Manufacturing,83502.0,557.0,26.53,75.21,82.99,58033.0,0.8489,0
1423,41,North,Salaried,Construction,62147.0,762.0,46.18,23.33,55.85,69308.0,0.2345,0
1424,50,North,Salaried,Manufacturing,64280.0,630.0,22.31,60.14,58.4,72627.0,0.55,0
1425,31,West,Salaried,Retail,99021.0,850.0,50.36,62.95,83.15,139866.0,0.3245,0
1426,24,West,Salaried,Manufacturing,68277.0,659.0,18.21,50.51,46.39,75961.0,0.3572,0
1427,53,North,SelfEmployed,Healthcare,36731.0,665.0,11.37,94.71,86.57,48231.0,0.6527,0
1428,67,West,Salaried,IT,84809.0,710.0,61.81,38.83,54.62,191631.0,0.5259,0
1429,32,East,Salaried,Healthcare,92251.0,555.0,30.01,84.5,42.82,40412.0,0.8071,0
1430,29,West,Salaried,Healthcare,92075.0,726.0,19.41,20.23,46.45,66175.0,0.1382,0
1431,52,South,Salaried,Construction,62693.0,742.0,20.36,35.35,92.39,104358.0,0.2755,0
1432,31,East,SelfEmployed,Retail,75005.0,754.0,63.15,18.08,64.82,79135.0,0.3624,0
1433,57,South,SelfEmployed,IT,85626.0,717.0,49.27,59.33,54.1,21080.0,0.5144,0
1434,44,East,Salaried,Manufacturing,94278.0,705.0,67.38,62.44,68.67,84018.0,0.7302,0
1435,27,North,Salaried,Construction,85042.0,609.0,58.0,45.82,77.53,45499.0,0.8145,0
1436,28,North,Salaried,Retail,90512.0,730.0,56.05,69.81,57.53,40918.0,0.5975,0
1437,53,South,Salaried,IT,60357.0,697.0,39.99,83.09,79.89,25854.0,0.6974,0
1438,45,East,Salaried,Healthcare,29198.0,674.0,59.25,74.89,53.87,64692.0,0.7483,0
1439,21,North,Salaried,Retail,96074.0,638.0,34.76,26.75,46.18,47748.0,0.411,0
1440,23,East,Salaried,Retail,56080.0,729.0,59.62,33.84,70.23,71027.0,0.4952,0
1441,60,West,Salaried,Retail,71572.0,681.0,55.46,39.22,48.31,38603.0,0.5291,0
1442,48,North,Salaried,Healthcare,91157.0,587.0,50.71,23.34,91.73,357593.0,0.7761,0
1443,63,East,Salaried,Manufacturing,75534.0,687.0,29.78,37.51,40.02,48835.0,0.2948,0
1444,53,South,Salaried,Construction,89053.0,654.0,47.84,26.42,81.56,106980.0,0.5986,1
1445,66,West,Salaried,Manufacturing,124097.0,753.0,40.41,94.62,55.37,105937.0,0.5398,0
1446,21,North,Salaried,IT,86030.0,690.0,37.69,75.49,86.53,97456.0,0.6874,1
1447,58,East,SelfEmployed,Construction,60427.0,684.0,69.41,82.4,43.31,38995.0,0.7838,0
1448,47,West,Salaried,IT,46056.0,719.0,40.26,87.99,92.42,156366.0,0.7148,0
1449,58,West,Salaried,Healthcare,88534.0,800.0,11.92,64.85,45.58,68893.0,0.1282,0
1450,55,East,Salaried,Manufacturing,76630.0,724.0,47.59,20.84,83.33,73056.0,0.4015,0
1451,30,South,SelfEmployed,Retail,47421.0,653.0,53.68,73.27,68.45,57546.0,0.7902,0
1452,32,East,SelfEmployed,Construction,98581.0,607.0,63.11,6.41,63.67,60075.0,0.6594,0
1453,30,West,Salaried,Retail,89483.0,780.0,47.96,15.19,55.41,61361.0,0.1863,0
1454,54,East,Salaried,IT,74768.0,553.0,11.17,7.66,86.28,27760.0,0.5009,0
1455,44,North,SelfEmployed,Retail,118736.0,699.0,17.18,17.19,50.99,68110.0,0.1662,0
1456,48,West,Salaried,Retail,95463.0,841.0,19.67,72.68,79.67,89296.0,0.1945,0
1457,42,East,Salaried,Healthcare,55187.0,593.0,22.68,84.69,64.52,44981.0,0.7611,0
1458,65,East,Salaried,Healthcare,98453.0,633.0,57.99,30.1,94.92,56842.0,0.7659,0
1459,36,North,Salaried,Manufacturing,80098.0,712.0,28.59,15.72,73.63,25565.0,0.251,0
1460,33,East,Salaried,IT,112866.0,652.0,28.74,29.57,45.73,104267.0,0.3482,0
1461,56,South,Salaried,Healthcare,93860.0,693.0,55.34,63.24,63.07,130559.0,0.6661,0
1462,56,East,Salaried,Healthcare,84686.0,726.0,34.75,36.52,43.65,66793.0,0.254,0
1463,63,North,SelfEmployed,Manufacturing,83548.0,734.0,13.88,91.5,55.71,71428.0,0.3753,0
1464,43,East,Salaried,Construction,51230.0,766.0,45.11,16.79,58.88,69364.0,0.2071,0
1465,34,West,SelfEmployed,Manufacturing,64760.0,605.0,17.8,94.13,86.92,87059.0,0.8053,0
1466,52,North,Salaried,Retail,79167.0,776.0,44.3,6.12,86.09,67884.0,0.2198,0
1467,23,West,Salaried,Retail,47565.0,781.0,56.78,45.65,40.64,99877.0,0.3032,0
1468,47,South,Salaried,Healthcare,84344.0,751.0,65.77,27.66,69.28,84421.0,0.4522,0
1469,39,West,SelfEmployed,Healthcare,60134.0,632.0,14.02,55.97,52.29,87982.0,0.4387,0
1470,42,West,Salaried,Manufacturing,67136.0,629.0,28.24,13.69,57.61,72546.0,0.3646,1
1471,21,East,Salaried,Manufacturing,89214.0,718.0,49.15,83.82,41.19,85692.0,0.5844,1
1472,25,East,SelfEmployed,IT,63881.0,739.0,28.93,17.29,81.24,40852.0,0.2307,0
1473,69,West,Salaried,Retail,84390.0,771.0,37.06,57.87,92.28,23005.0,0.4251,0
1474,53,South,SelfEmployed,Manufacturing,77899.0,671.0,11.21,8.0,52.06,57520.0,0.1565,0
1475,39,South,Salaried,Construction,53828.0,738.0,51.61,32.99,58.8,151730.0,0.3691,0
1476,56,East,SelfEmployed,IT,92628.0,734.0,63.0,18.48,51.35,83406.0,0.3627,0
1477,26,West,Salaried,Manufacturing,93655.0,661.0,68.61,93.01,91.15,86536.0,0.919,0
1478,35,West,Salaried,Healthcare,94742.0,674.0,59.83,6.08,40.51,36180.0,0.3867,1
1479,56,West,Salaried,Manufacturing,113154.0,604.0,11.91,36.72,72.11,74919.0,0.4703,0
1480,53,South,Salaried,Healthcare,66777.0,636.0,49.11,32.25,87.89,34649.0,0.6953,0
1481,44,West,Salaried,Healthcare,36007.0,662.0,39.74,64.16,50.25,59392.0,0.5884,0
1482,47,North,Salaried,Retail,61860.0,731.0,66.27,10.07,72.45,52518.0,0.4288,1
1483,69,East,Salaried,Retail,94190.0,836.0,64.13,77.96,42.79,75550.0,0.3816,0
1484,31,North,Salaried,Manufacturing,73373.0,729.0,69.28,46.99,84.8,60864.0,0.679,0
1485,69,South,Salaried,Manufacturing,46905.0,625.0,61.72,45.75,55.09,93616.0,0.7483,0
1486,43,South,Salaried,Construction,41332.0,671.0,42.81,25.41,94.38,100184.0,0.5609,0
1487,53,South,SelfEmployed,IT,103407.0,763.0,52.89,49.1,90.71,110669.0,0.5124,0
1488,61,East,Salaried,IT,87172.0,652.0,67.88,37.75,80.29,271245.0,0.7734,0
1489,66,South,Salaried,Manufacturing,65067.0,790.0,44.69,27.06,67.33,41011.0,0.2214,0
1490,67,South,Salaried,Retail,112650.0,741.0,60.4,20.18,82.16,48857.0,0.447,0
1491,49,North,Salaried,Construction,127978.0,685.0,66.53,70.55,47.18,49488.0,0.7341,0
1492,51,South,Salaried,IT,95697.0,585.0,44.23,17.78,57.06,22721.0,0.6074,1
1493,21,North,Salaried,Manufacturing,90107.0,760.0,19.55,20.12,41.48,68968.0,0.0959,0
1494,54,North,Salaried,Retail,85565.0,739.0,19.33,56.94,75.48,57051.0,0.3132,0
1495,38,East,SelfEmployed,Retail,92114.0,728.0,16.92,25.35,84.3,106615.0,0.2219,0
1496,38,East,Salaried,Retail,114167.0,850.0,38.58,46.34,92.05,94552.0,0.2167,0
1497,26,East,Salaried,Healthcare,55546.0,644.0,38.81,54.76,77.76,74861.0,0.6765,0
1498,60,South,Salaried,Retail,68218.0,791.0,47.04,29.7,80.27,68568.0,0.2781,0
1499,21,South,Salaried,Manufacturing,74044.0,689.0,38.97,35.92,89.25,45263.0,0.522,0
1500,67,West,Salaried,Construction,86486.0,715.0,68.38,23.92,91.5,66075.0,0.6223,0
1501,62,East,Salaried,Manufacturing,106309.0,719.0,27.48,46.44,67.02,72480.0,0.3365,0
1502,50,South,Salaried,Retail,83257.0,750.0,62.43,94.32,46.04,59086.0,0.668,0
1503,24,North,Salaried,Construction,87505.0,657.0,16.02,37.64,65.65,59295.0,0.3537,0
1504,52,South,Salaried,IT,88534.0,844.0,46.12,63.8,70.58,64273.0,0.2753,0
1505,30,South,Salaried,IT,75462.0,634.0,48.9,62.23,74.73,66531.0,0.7766,0
1506,63,South,SelfEmployed,Manufacturing,66677.0,679.0,56.33,75.78,94.41,93942.0,0.83,0
1507,25,East,Salaried,Construction,76494.0,811.0,40.18,69.07,90.47,16185.0,0.3984,0
1508,29,East,SelfEmployed,Manufacturing,61914.0,771.0,21.83,6.06,61.8,68877.0,0.0949,0
1509,25,East,SelfEmployed,Construction,62258.0,679.0,32.14,32.83,46.24,68264.0,0.327,0
1510,31,West,Salaried,Construction,82361.0,741.0,26.33,83.32,51.81,91542.0,0.3954,0
1511,55,West,Salaried,Manufacturing,65436.0,635.0,35.15,53.56,49.56,56905.0,0.566,0
1512,47,East,Salaried,Construction,111934.0,651.0,41.8,14.38,59.58,21001.0,0.4186,0
1513,24,West,SelfEmployed,Retail,77931.0,678.0,47.5,29.85,88.21,24137.0,0.5778,1
1514,30,North,Salaried,Construction,102185.0,786.0,60.71,30.5,64.09,21161.0,0.3289,0
1515,59,North,Salaried,Construction,50098.0,574.0,64.6,83.59,71.2,99438.0,0.9365,1
1516,53,North,Salaried,Manufacturing,50710.0,753.0,37.75,54.81,49.85,29179.0,0.3097,0
1517,58,East,SelfEmployed,IT,72779.0,676.0,15.32,59.75,67.11,115833.0,0.413,0
1518,28,West,Salaried,Healthcare,93735.0,737.0,57.82,38.04,88.05,49734.0,0.5482,0
1519,69,North,SelfEmployed,Construction,65199.0,735.0,38.63,10.43,82.54,53803.0,0.27,0
1520,44,West,Salaried,Healthcare,72992.0,698.0,42.79,11.77,44.47,143156.0,0.2596,0
1521,59,North,Salaried,Construction,94999.0,655.0,45.75,42.83,87.41,68935.0,0.6778,0
1522,53,West,Salaried,Manufacturing,67239.0,660.0,50.07,20.97,55.06,30258.0,0.4744,0
1523,61,South,Salaried,Manufacturing,59850.0,681.0,63.41,14.38,76.61,63613.0,0.5689,0
1524,63,North,Salaried,Construction,89168.0,602.0,67.13,28.6,48.05,96753.0,0.7373,0
1525,39,South,Salaried,Manufacturing,48919.0,705.0,66.41,71.78,77.11,45866.0,0.7826,0
1526,22,South,SelfEmployed,Manufacturing,67527.0,658.0,58.57,11.57,41.96,148975.0,0.448,1
1527,31,South,Salaried,Construction,77286.0,672.0,63.35,45.34,73.04,32068.0,0.7172,0
1528,55,South,SelfEmployed,IT,85580.0,688.0,12.98,79.35,75.53,20868.0,0.4957,0
1529,37,West,Salaried,Construction,91453.0,745.0,60.95,29.11,53.45,143131.0,0.3804,0
1530,62,East,SelfEmployed,IT,94573.0,774.0,14.34,32.17,91.53,39149.0,0.1756,0
1531,23,South,Salaried,Manufacturing,68951.0,782.0,54.77,84.58,42.53,36785.0,0.4748,0
1532,42,East,SelfEmployed,IT,94150.0,725.0,20.16,63.5,89.04,46589.0,0.429,0
1533,55,East,SelfEmployed,Manufacturing,85123.0,677.0,31.61,76.79,61.0,36804.0,0.5946,0
1534,41,South,Salaried,IT,89424.0,622.0,21.05,31.03,79.27,93867.0,0.4939,0
1535,45,South,Salaried,IT,62324.0,846.0,36.61,94.71,75.84,47457.0,0.3579,0
1536,59,North,Salaried,Construction,88302.0,807.0,34.7,17.68,49.25,33031.0,0.1011,0
1537,22,North,Salaried,IT,71945.0,754.0,12.88,91.57,57.54,52214.0,0.3309,0
1538,21,East,SelfEmployed,Manufacturing,75957.0,739.0,59.83,86.19,69.13,38051.0,0.7132,0
1539,27,North,Salaried,Construction,78303.0,679.0,61.25,54.67,86.56,58700.0,0.767,0
1540,40,East,Salaried,IT,117264.0,708.0,57.25,57.68,92.52,37153.0,0.7172,0
1541,63,East,Salaried,Construction,56703.0,755.0,60.86,74.75,41.13,54320.0,0.5338,0
1542,26,North,SelfEmployed,Healthcare,98786.0,587.0,55.05,32.61,59.39,54984.0,0.7463,0
1543,56,East,SelfEmployed,Construction,103607.0,663.0,66.25,52.47,76.75,152131.0,0.7867,0
1544,41,South,Salaried,Healthcare,91512.0,701.0,44.58,86.21,69.03,107904.0,0.6986,0
1545,66,West,Salaried,Healthcare,64291.0,585.0,44.96,11.14,91.87,65275.0,0.7013,1
1546,55,South,Salaried,Construction,108930.0,611.0,61.59,86.5,40.93,51394.0,0.8623,0
1547,56,West,Salaried,Manufacturing,68360.0,661.0,30.96,70.59,64.08,51062.0,0.6099,1
1548,28,East,Salaried,Manufacturing,88742.0,705.0,13.0,74.29,76.78,63843.0,0.4319,0
1549,24,North,Salaried,Manufacturing,77418.0,791.0,54.99,10.82,51.97,39351.0,0.1809,0
1550,63,East,Salaried,Retail,67617.0,673.0,25.28,21.9,79.92,49619.0,0.3574,0
1551,36,West,Salaried,Healthcare,85934.0,813.0,38.45,88.27,44.47,52836.0,0.3116,1
1552,23,East,Salaried,Construction,112588.0,656.0,24.43,16.16,64.81,59254.0,0.3131,0
1553,27,West,Salaried,Manufacturing,80127.0,692.0,59.63,61.81,77.19,64813.0,0.7327,1
1554,22,West,Salaried,Manufacturing,114569.0,611.0,67.5,75.44,54.67,86127.0,0.88,0
1555,21,North,Salaried,Construction,71334.0,674.0,13.3,25.82,44.06,94975.0,0.1959,1
1556,21,North,Salaried,Healthcare,76548.0,586.0,24.0,67.89,92.64,78550.0,0.7956,1
1557,58,East,Salaried,Construction,50484.0,850.0,21.37,10.9,90.26,143222.0,0.0733,0
1558,27,South,Salaried,Retail,63843.0,637.0,50.39,49.89,90.95,83186.0,0.7774,0
1559,44,West,Salaried,Retail,70633.0,722.0,35.72,35.1,93.82,58243.0,0.4293,0
1560,25,West,SelfEmployed,Construction,68419.0,671.0,37.38,63.12,50.16,57456.0,0.5429,0
1561,41,South,Salaried,Healthcare,55795.0,686.0,19.42,85.01,48.68,94399.0,0.4761,0
1562,48,North,Salaried,Manufacturing,59763.0,695.0,34.88,16.29,41.88,52959.0,0.2309,0
1563,38,West,Salaried,Retail,69268.0,757.0,28.19,45.53,89.05,73380.0,0.3257,0
1564,44,South,Salaried,Retail,98731.0,730.0,46.67,43.09,81.4,77097.0,0.482,0
1565,52,West,Salaried,Healthcare,45088.0,715.0,23.03,34.14,74.83,17405.0,0.2893,0
1566,65,South,Salaried,Retail,33356.0,735.0,46.89,48.22,91.02,28385.0,0.5346,0
1567,53,East,Salaried,Retail,39783.0,722.0,32.66,84.27,71.63,92637.0,0.5664,0
1568,30,North,Salaried,Healthcare,58052.0,623.0,30.78,92.63,47.14,74834.0,0.7308,1
1569,29,East,Salaried,Construction,87739.0,685.0,28.33,5.26,49.73,15065.0,0.1978,0
1570,69,South,Salaried,Manufacturing,67874.0,741.0,50.43,71.51,47.27,15441.0,0.498,0
1571,53,East,Salaried,Manufacturing,67601.0,664.0,43.75,60.36,56.92,123782.0,0.6179,0
1572,53,North,Salaried,Retail,67152.0,721.0,61.1,94.51,60.87,82821.0,0.7635,0
1573,27,East,Salaried,Manufacturing,37443.0,766.0,24.5,13.09,83.83,119326.0,0.1601,1
1574,24,West,SelfEmployed,Construction,92228.0,658.0,12.41,78.02,50.52,36922.0,0.4643,0
1575,48,North,Salaried,Retail,101210.0,761.0,20.92,89.05,79.9,44075.0,0.4369,0
1576,43,North,Salaried,Manufacturing,68291.0,694.0,30.6,87.09,67.02,148743.0,0.6174,0
1577,52,North,SelfEmployed,IT,76709.0,704.0,20.78,55.45,94.98,73581.0,0.4658,0
1578,64,East,Salaried,IT,77374.0,751.0,15.01,34.48,82.71,62451.0,0.2014,0
1579,36,East,Salaried,IT,53644.0,736.0,36.72,62.59,93.29,55270.0,0.5366,0
1580,66,East,Salaried,IT,66170.0,537.0,50.62,32.55,58.83,25236.0,0.8074,1
1581,30,North,SelfEmployed,IT,110715.0,590.0,55.09,42.1,46.77,105371.0,0.7403,0
1582,34,South,SelfEmployed,Retail,74920.0,732.0,33.92,45.12,67.82,22286.0,0.3471,0
1583,59,East,Salaried,Healthcare,79470.0,692.0,38.68,32.18,46.83,83142.0,0.341,0
1584,56,South,Salaried,Healthcare,61127.0,604.0,55.33,35.76,67.08,62417.0,0.749,0
1585,54,West,Salaried,Retail,66401.0,660.0,31.16,5.66,54.85,69430.0,0.2722,0
1586,44,North,Salaried,Retail,87926.0,598.0,57.09,31.74,67.01,44587.0,0.754,0
1587,38,East,Salaried,Construction,58208.0,694.0,68.04,47.51,92.23,124227.0,0.7664,1
1588,36,South,Salaried,Healthcare,107400.0,775.0,62.83,20.57,55.9,44837.0,0.2952,0
1589,61,South,Salaried,IT,42675.0,657.0,37.22,77.5,94.64,59192.0,0.7799,1
1590,57,East,Salaried,Retail,62337.0,715.0,44.77,53.39,52.61,60279.0,0.4508,0
1591,61,East,Salaried,IT,45402.0,694.0,52.99,76.45,51.45,50725.0,0.6688,0
1592,45,West,Salaried,Healthcare,101487.0,796.0,30.96,16.53,69.96,73372.0,0.1299,0
1593,28,North,Salaried,Manufacturing,74275.0,776.0,57.95,78.85,86.31,85896.0,0.6455,0
1594,44,North,SelfEmployed,Manufacturing,69272.0,605.0,36.22,91.24,81.22,56670.0,0.8621,1
1595,40,East,Salaried,Retail,82952.0,689.0,60.81,36.72,79.79,81976.0,0.6503,0
1596,68,East,Salaried,Construction,102980.0,647.0,25.28,30.56,55.54,82545.0,0.3739,0
1597,50,South,Salaried,IT,79321.0,664.0,10.68,63.21,41.24,73038.0,0.3349,0
1598,40,North,Salaried,Retail,97853.0,747.0,47.96,62.23,48.9,127226.0,0.4245,0
1599,38,North,SelfEmployed,Construction,69127.0,712.0,37.11,15.12,59.22,134442.0,0.257,0
1600,24,West,Salaried,IT,55773.0,746.0,13.59,88.41,93.44,49063.0,0.4662,0
1601,68,North,Salaried,Healthcare,79644.0,563.0,39.26,48.12,90.59,51534.0,0.8353,0
1602,56,South,Salaried,Manufacturing,61053.0,756.0,20.11,73.8,51.04,84669.0,0.2762,0
1603,26,North,Salaried,Construction,88775.0,726.0,47.78,37.34,79.91,57983.0,0.4681,0
1604,23,South,SelfEmployed,IT,66813.0,796.0,36.7,28.54,71.85,69932.0,0.1878,0
1605,38,North,Salaried,Retail,73309.0,663.0,20.27,15.01,42.74,33324.0,0.2085,0
1606,67,East,Salaried,IT,30192.0,765.0,34.72,29.71,60.44,52250.0,0.2053,0
1607,60,North,Salaried,Retail,72506.0,718.0,23.96,94.41,66.73,62409.0,0.5456,0
1608,38,West,Salaried,Manufacturing,70148.0,708.0,49.19,64.22,76.72,37911.0,0.6413,0
1609,43,North,SelfEmployed,Manufacturing,98259.0,671.0,27.71,77.25,56.22,26207.0,0.5652,1
1610,55,East,Salaried,IT,92402.0,694.0,59.32,91.27,91.36,113320.0,0.856,0
1611,26,West,SelfEmployed,IT,75484.0,641.0,10.85,12.11,64.85,27682.0,0.2457,0
1612,46,East,Salaried,Retail,42391.0,676.0,34.21,19.82,53.67,130724.0,0.3135,1
1613,41,East,Salaried,Retail,66195.0,665.0,47.02,88.52,57.4,105338.0,0.7589,0
1614,44,South,Salaried,Construction,98280.0,683.0,11.36,55.81,81.35,69870.0,0.401,0
1615,35,South,Salaried,Construction,71031.0,689.0,22.95,62.14,75.22,75033.0,0.4796,0
1616,47,East,Salaried,Construction,53665.0,691.0,29.65,43.49,80.82,86982.0,0.454,1
1617,52,West,Salaried,IT,98036.0,700.0,11.31,78.3,56.08,48619.0,0.3778,0
1618,32,East,Salaried,Construction,42530.0,699.0,42.8,51.55,57.98,49719.0,0.4863,0
1619,25,East,Salaried,IT,72741.0,706.0,47.85,79.35,61.82,54355.0,0.6536,1
1620,27,East,Salaried,Manufacturing,86162.0,698.0,23.65,94.3,50.37,71159.0,0.5297,0
1621,42,South,Salaried,Healthcare,77521.0,684.0,42.61,63.21,78.01,42871.0,0.6513,0
1622,47,North,Salaried,Manufacturing,50170.0,726.0,69.95,52.59,58.11,46453.0,0.6257,0
1623,35,East,Salaried,IT,56416.0,773.0,63.22,37.86,57.94,162956.0,0.3883,0
1624,59,West,Salaried,IT,61040.0,680.0,13.52,22.52,54.82,69934.0,0.2026,0
1625,65,North,SelfEmployed,Healthcare,90689.0,668.0,17.67,64.1,64.91,33484.0,0.4642,0
1626,55,East,Salaried,Retail,78411.0,723.0,39.66,10.64,82.46,91900.0,0.3023,0
1627,46,North,SelfEmployed,Retail,67249.0,706.0,24.71,91.07,85.96,51983.0,0.6312,0
1628,43,East,Salaried,Retail,83178.0,642.0,14.86,63.28,84.25,44279.0,0.5757,0
1629,33,North,Salaried,Construction,59996.0,655.0,25.27,91.34,74.17,202965.0,0.7106,0
1630,46,South,Salaried,Retail,89768.0,664.0,13.67,29.5,55.42,62149.0,0.257,0
1631,23,West,Salaried,Construction,84011.0,638.0,41.79,90.19,80.42,40082.0,0.837,0
1632,49,South,Salaried,Construction,70510.0,726.0,39.42,60.09,42.16,44777.0,0.3784,0
1633,22,East,Salaried,Retail,71755.0,746.0,10.38,77.92,83.9,64490.0,0.3588,0
1634,48,West,Salaried,Retail,68164.0,651.0,38.95,21.1,82.91,64272.0,0.5178,0
1635,43,West,Salaried,Healthcare,94919.0,618.0,41.19,50.01,76.85,75619.0,0.7221,0
1636,56,North,Salaried,Healthcare,79322.0,710.0,46.34,56.21,45.39,25474.0,0.4605,0
1637,69,South,SelfEmployed,Construction,70670.0,702.0,68.21,40.36,94.85,34272.0,0.7326,0
1638,26,North,Salaried,Healthcare,55594.0,838.0,68.96,27.79,81.6,54515.0,0.3138,0
1639,31,West,Salaried,Construction,86790.0,740.0,41.62,86.43,80.41,45879.0,0.6301,0
1640,58,West,Salaried,IT,85855.0,632.0,60.71,12.66,43.52,34941.0,0.5383,0
1641,54,East,Salaried,Construction,64487.0,643.0,15.11,18.86,61.93,72029.0,0.285,0
1642,37,West,Salaried,Construction,66597.0,719.0,41.87,33.85,44.74,75226.0,0.3026,0
1643,23,East,Salaried,Healthcare,72660.0,697.0,50.73,87.78,59.86,141510.0,0.7228,0
1644,64,East,SelfEmployed,IT,51927.0,693.0,43.88,55.78,71.38,85163.0,0.5791,0
1645,66,North,Salaried,Manufacturing,76474.0,704.0,23.84,38.59,88.34,76143.0,0.3827,0
1646,54,West,Salaried,Manufacturing,42091.0,747.0,13.76,41.24,55.56,54896.0,0.1619,0
1647,42,North,SelfEmployed,Manufacturing,49411.0,811.0,33.2,80.4,74.29,232653.0,0.3443,0
1648,49,West,SelfEmployed,IT,64808.0,780.0,48.86,7.41,49.06,50646.0,0.1547,0
1649,49,West,Salaried,Retail,62434.0,639.0,69.5,6.02,59.47,50435.0,0.6121,0
1650,25,East,SelfEmployed,IT,84028.0,668.0,24.19,9.15,92.1,97179.0,0.3455,0
1651,30,North,Salaried,Healthcare,80660.0,559.0,65.07,47.23,81.12,26883.0,0.9068,0
1652,30,South,SelfEmployed,Construction,102532.0,713.0,14.1,57.31,70.02,57541.0,0.3193,0
1653,29,South,Salaried,Construction,76857.0,668.0,65.86,61.2,53.84,63006.0,0.7451,0
1654,41,South,Salaried,Healthcare,79123.0,699.0,59.94,70.8,60.88,48925.0,0.7087,0
1655,33,North,Salaried,Healthcare,51739.0,651.0,11.26,22.08,48.62,101171.0,0.2231,0
1656,30,West,Salaried,Construction,51780.0,650.0,27.89,28.61,59.44,76616.0,0.3895,0
1657,58,East,Salaried,Retail,76289.0,608.0,13.06,26.92,48.28,69417.0,0.3382,0
1658,31,South,Salaried,Retail,76634.0,681.0,69.73,18.43,83.74,61919.0,0.6588,0
1659,24,South,Salaried,Retail,80792.0,734.0,35.67,27.0,44.44,50054.0,0.2117,0
1660,66,South,Salaried,Healthcare,100393.0,660.0,49.73,60.23,50.42,21195.0,0.6473,0
1661,51,East,Salaried,Construction,52664.0,739.0,24.05,37.98,78.01,78525.0,0.271,0
1662,69,East,Salaried,Construction,108798.0,659.0,66.02,74.11,89.64,96716.0,0.8779,0
1663,54,West,Salaried,Construction,45200.0,700.0,26.45,53.28,93.05,59666.0,0.5011,0
1664,62,South,Salaried,IT,82459.0,781.0,25.61,24.08,85.98,28352.0,0.1789,0
1665,55,West,SelfEmployed,IT,50073.0,671.0,28.88,47.06,51.63,46756.0,0.4073,0
1666,59,West,Salaried,Manufacturing,89483.0,714.0,37.75,58.4,55.71,47192.0,0.4381,0
1667,59,North,Salaried,IT,45323.0,716.0,11.11,82.96,87.89,47596.0,0.4763,0
1668,53,West,Salaried,Retail,20351.0,716.0,45.87,80.03,88.91,76903.0,0.7103,0
1669,28,North,Salaried,Retail,77917.0,732.0,11.9,43.38,75.24,31114.0,0.2288,0
1670,52,West,Salaried,Retail,72500.0,715.0,42.35,63.29,57.25,54350.0,0.4993,0
1671,53,South,Salaried,Retail,97121.0,638.0,37.47,31.8,52.32,55288.0,0.4778,0
1672,28,West,SelfEmployed,Manufacturing,76557.0,675.0,24.55,61.97,86.88,127514.0,0.5689,0
1673,66,West,Salaried,Retail,60103.0,735.0,29.79,87.15,51.29,72994.0,0.4528,1
1674,34,West,Salaried,Healthcare,64204.0,742.0,52.34,61.21,76.4,48045.0,0.5665,0
1675,54,West,Salaried,Healthcare,139320.0,655.0,10.58,32.34,93.24,119926.0,0.3913,0
1676,28,South,SelfEmployed,Healthcare,57509.0,758.0,29.0,62.96,78.79,32755.0,0.3723,0
1677,62,North,Salaried,IT,85491.0,671.0,50.82,86.25,54.17,42793.0,0.75,0
1678,27,South,Salaried,Construction,83044.0,720.0,19.14,17.33,55.54,24119.0,0.155,0
1679,33,North,Salaried,Manufacturing,85957.0,712.0,43.62,48.42,45.11,132056.0,0.3981,0
1680,41,East,Salaried,Healthcare,84324.0,645.0,20.14,33.89,77.74,66642.0,0.4368,0
1681,67,South,Salaried,Healthcare,69648.0,684.0,19.29,26.73,68.51,53888.0,0.28,0
1682,52,West,Salaried,Retail,39759.0,577.0,56.34,40.66,51.36,111259.0,0.7773,0
1683,31,East,SelfEmployed,Healthcare,78113.0,676.0,25.99,40.46,52.52,44805.0,0.3459,0
1684,34,West,Salaried,Retail,74744.0,774.0,32.55,23.94,40.5,47883.0,0.127,0
1685,31,North,Salaried,Retail,77479.0,586.0,53.8,41.33,93.81,103432.0,0.8508,0
1686,22,West,Salaried,Construction,86305.0,648.0,20.77,62.04,85.54,44870.0,0.6031,0
1687,54,West,Salaried,IT,66728.0,672.0,41.9,7.32,61.68,46956.0,0.3442,0
1688,64,South,Salaried,Retail,62594.0,572.0,65.07,94.03,92.03,61914.0,0.9625,0
1689,67,East,Salaried,Retail,93017.0,579.0,43.23,31.63,77.24,70993.0,0.7396,0
1690,37,West,Salaried,Construction,68423.0,824.0,12.93,61.13,81.33,86528.0,0.1603,0
1691,34,North,Salaried,Retail,65126.0,735.0,45.38,30.52,77.4,53827.0,0.3848,0
1692,45,East,Salaried,Manufacturing,63395.0,760.0,15.41,40.42,81.63,25911.0,0.2051,0
1693,68,South,Salaried,IT,86891.0,721.0,26.93,54.43,49.4,71460.0,0.3052,0
1694,47,North,SelfEmployed,Manufacturing,70805.0,735.0,60.98,60.07,70.93,66290.0,0.6218,0
1695,28,South,Salaried,Healthcare,119256.0,681.0,10.66,74.34,86.72,65393.0,0.5121,0
1696,37,North,Salaried,IT,76149.0,763.0,14.62,76.25,41.07,41032.0,0.2148,0
1697,25,North,Salaried,Healthcare,50868.0,786.0,31.8,51.68,46.79,23419.0,0.1945,0
1698,32,North,Salaried,Retail,66263.0,659.0,69.96,11.82,53.51,58931.0,0.5729,0
1699,58,West,SelfEmployed,Construction,88106.0,685.0,27.51,55.2,56.21,37279.0,0.4185,0
1700,38,East,Salaried,Manufacturing,62997.0,665.0,19.44,47.98,50.05,79103.0,0.3524,0
1701,46,West,Salaried,Healthcare,74656.0,695.0,42.97,24.38,74.34,87051.0,0.4239,0
1702,51,South,Salaried,Retail,94569.0,744.0,41.16,5.91,56.17,27722.0,0.1826,1
1703,57,South,Salaried,Manufacturing,97577.0,689.0,36.98,33.44,48.7,42162.0,0.3465,0
1704,26,East,Salaried,Manufacturing,64512.0,595.0,66.8,28.35,89.82,140413.0,0.8477,0
1705,61,South,Salaried,Healthcare,69864.0,758.0,26.81,48.46,78.23,47941.0,0.2922,0
1706,35,North,SelfEmployed,Retail,76936.0,654.0,27.6,73.54,53.53,66077.0,0.577,1
1707,62,East,SelfEmployed,Construction,101847.0,724.0,18.42,44.51,59.85,92913.0,0.2399,0
1708,69,North,Salaried,Healthcare,53004.0,730.0,51.84,90.64,80.74,66933.0,0.7363,1
1709,46,East,Salaried,Manufacturing,82194.0,674.0,29.28,24.92,83.5,103236.0,0.41,0
1710,32,East,SelfEmployed,Manufacturing,76109.0,645.0,58.16,24.89,49.7,95604.0,0.5714,0
1711,61,North,Salaried,IT,57060.0,671.0,68.31,59.4,91.51,116459.0,0.8385,0
1712,67,North,Salaried,Retail,99747.0,796.0,12.62,85.66,83.19,65302.0,0.2956,0
1713,34,West,Salaried,IT,94807.0,643.0,69.59,65.47,87.12,48959.0,0.8832,0
1714,21,South,SelfEmployed,Construction,105766.0,634.0,25.25,65.63,47.91,31000.0,0.5497,0
1715,37,North,SelfEmployed,Healthcare,98604.0,711.0,35.21,77.57,47.89,73863.0,0.4903,0
1716,53,West,Salaried,Manufacturing,75204.0,687.0,56.66,65.18,56.8,111620.0,0.6755,0
1717,49,North,Salaried,Retail,87388.0,675.0,49.92,73.34,43.56,41346.0,0.6488,0
1718,65,East,Salaried,Manufacturing,81637.0,646.0,56.71,82.95,45.01,43710.0,0.7903,0
1719,51,West,Salaried,IT,56858.0,699.0,37.98,5.71,47.88,50021.0,0.22,0
1720,28,North,Salaried,IT,48912.0,690.0,64.96,84.71,79.18,38132.0,0.8426,0
1721,50,North,Salaried,Healthcare,82380.0,780.0,57.4,24.37,41.66,64516.0,0.2283,1
1722,33,North,Salaried,Retail,76929.0,647.0,28.55,87.09,44.58,46537.0,0.6338,0
1723,36,South,SelfEmployed,Retail,68272.0,671.0,66.91,28.96,91.93,33014.0,0.7325,0
1724,22,North,Salaried,Healthcare,73153.0,777.0,67.66,45.97,44.6,39557.0,0.4008,0
1725,65,East,Salaried,IT,110389.0,669.0,34.9,89.05,69.56,123105.0,0.7175,0
1726,38,North,Salaried,IT,31408.0,657.0,49.12,14.88,75.34,63347.0,0.521,0
1727,55,East,Salaried,IT,87798.0,727.0,58.89,72.08,92.72,123605.0,0.7467,0
1728,65,West,Salaried,Manufacturing,91850.0,710.0,59.04,40.32,89.49,45683.0,0.6399,1
1729,39,West,SelfEmployed,Construction,94354.0,681.0,10.85,7.17,64.24,29025.0,0.1635,0
1730,33,East,SelfEmployed,IT,47433.0,705.0,47.74,89.52,91.82,52228.0,0.7866,0
1731,24,South,Salaried,Construction,69136.0,728.0,68.42,15.6,63.77,136235.0,0.4469,1
1732,39,East,Salaried,Construction,68137.0,710.0,23.88,74.67,76.85,18729.0,0.504,0
1733,45,East,SelfEmployed,Retail,80840.0,735.0,57.74,39.58,54.28,25051.0,0.4358,0
1734,58,South,Salaried,Healthcare,52412.0,689.0,42.05,77.95,75.02,51620.0,0.6919,1
1735,51,North,Salaried,Manufacturing,82570.0,638.0,23.29,72.53,69.6,101534.0,0.6367,1
1736,56,West,Salaried,Construction,57305.0,734.0,13.06,61.99,73.38,35568.0,0.2978,0
1737,24,South,SelfEmployed,Manufacturing,69048.0,684.0,55.6,89.53,77.55,65229.0,0.8226,0
1738,59,North,Salaried,Retail,101901.0,682.0,28.99,13.9,49.54,58160.0,0.2349,0
1739,27,South,Salaried,IT,91843.0,745.0,32.54,76.87,56.57,108826.0,0.4169,0
1740,36,South,SelfEmployed,Construction,77477.0,800.0,39.11,65.37,80.49,190463.0,0.364,0
1741,68,West,Salaried,Healthcare,47155.0,599.0,40.43,33.32,49.01,40393.0,0.5921,0
1742,25,East,Salaried,Retail,81648.0,681.0,22.37,54.14,58.93,50106.0,0.3959,0
1743,67,West,Salaried,Manufacturing,82992.0,695.0,50.24,63.02,76.66,57895.0,0.6712,1
1744,43,North,SelfEmployed,IT,33012.0,707.0,51.55,71.26,91.57,39758.0,0.7369,1
1745,56,South,Salaried,Manufacturing,82017.0,689.0,18.54,21.84,44.14,145200.0,0.1846,0
1746,52,South,SelfEmployed,Healthcare,53479.0,695.0,41.97,14.19,68.41,34276.0,0.348,0
1747,44,North,Salaried,Construction,45408.0,722.0,46.56,14.19,44.5,112229.0,0.2456,0
1748,45,South,Salaried,Healthcare,52560.0,688.0,21.18,31.45,60.85,48337.0,0.2777,0
1749,65,West,SelfEmployed,Manufacturing,31770.0,668.0,63.67,18.88,49.65,58057.0,0.5254,0
1750,48,North,Salaried,Manufacturing,66848.0,666.0,38.97,53.21,75.72,63630.0,0.6121,0
1751,39,East,Salaried,Healthcare,54894.0,780.0,16.9,44.33,81.68,47064.0,0.1934,0
1752,27,North,Salaried,Healthcare,97812.0,819.0,30.06,85.38,53.6,88377.0,0.2638,0
1753,64,North,Salaried,Healthcare,67819.0,680.0,38.62,69.57,79.21,74163.0,0.6662,1
1754,61,North,Salaried,IT,60603.0,681.0,10.61,23.52,64.58,128773.0,0.2138,0
1755,37,West,Salaried,Manufacturing,43140.0,724.0,11.91,9.12,55.6,82381.0,0.108,0
1756,22,West,Salaried,Retail,66441.0,708.0,13.33,68.82,68.79,32883.0,0.3724,0
1757,36,West,SelfEmployed,IT,102069.0,691.0,42.29,81.12,60.88,55477.0,0.6554,0
1758,59,South,Salaried,IT,105946.0,625.0,30.17,68.09,52.65,132004.0,0.6356,0
1759,38,North,SelfEmployed,IT,67705.0,651.0,63.59,62.94,81.63,45037.0,0.8362,0
1760,59,East,Salaried,Retail,73610.0,742.0,43.55,27.44,83.86,125857.0,0.3655,0
1761,21,South,Salaried,Healthcare,89058.0,683.0,55.59,49.51,84.02,85898.0,0.6976,0
1762,23,West,Salaried,Manufacturing,54489.0,818.0,51.23,70.25,61.02,89480.0,0.3606,1
1763,41,North,Salaried,Construction,82381.0,815.0,41.22,22.4,49.32,20556.0,0.1214,0
1764,50,South,Salaried,Construction,122335.0,645.0,54.68,47.89,86.22,73890.0,0.7671,0
1765,31,North,Salaried,Manufacturing,90302.0,779.0,42.68,15.53,58.11,169315.0,0.1708,0
1766,42,South,SelfEmployed,Retail,89664.0,692.0,33.13,52.76,81.14,38738.0,0.5241,1
1767,67,East,SelfEmployed,Construction,101876.0,709.0,36.15,56.62,84.96,132653.0,0.5385,0
1768,45,South,Salaried,IT,93076.0,742.0,60.31,53.18,82.25,65664.0,0.6071,0
1769,23,South,SelfEmployed,Construction,69944.0,760.0,43.8,47.25,61.44,40045.0,0.3383,0
1770,50,South,Salaried,Manufacturing,51404.0,657.0,32.64,57.87,91.59,51912.0,0.6667,0
1771,44,South,Salaried,IT,72330.0,831.0,20.78,94.71,76.31,25491.0,0.2888,0
1772,65,West,SelfEmployed,Construction,55606.0,717.0,39.72,61.03,71.67,61073.0,0.5174,1
1773,56,West,Salaried,Manufacturing,69362.0,581.0,25.14,72.73,78.39,73572.0,0.7893,0
1774,43,West,Salaried,Retail,57575.0,684.0,67.33,22.29,42.46,195326.0,0.5025,0
1775,28,West,Salaried,Manufacturing,67203.0,827.0,39.46,52.7,61.48,72626.0,0.2044,0
1776,24,South,Salaried,Retail,45293.0,665.0,10.54,5.68,88.47,122449.0,0.2426,0
1777,59,East,Salaried,IT,61134.0,837.0,15.57,7.83,48.86,36335.0,0.0367,0
1778,63,South,Salaried,Manufacturing,83110.0,707.0,27.06,34.02,62.79,54668.0,0.2911,0
1779,51,South,SelfEmployed,Healthcare,88159.0,700.0,15.53,46.99,62.29,70202.0,0.2875,0
1780,49,West,Salaried,Healthcare,83819.0,637.0,63.64,56.81,59.58,38921.0,0.7889,1
1781,56,North,Salaried,Healthcare,67480.0,737.0,61.26,84.92,70.93,53704.0,0.7271,0
1782,33,West,Salaried,Healthcare,77496.0,680.0,68.25,74.46,94.79,97343.0,0.8704,0
1783,61,South,Salaried,Healthcare,113879.0,699.0,52.39,32.0,54.07,202020.0,0.4463,1
1784,29,East,Salaried,Retail,60585.0,687.0,48.73,71.91,78.77,90265.0,0.7229,0
1785,41,East,Salaried,Manufacturing,107098.0,751.0,65.41,54.45,81.69,42032.0,0.6274,0
1786,23,West,SelfEmployed,IT,46123.0,688.0,66.78,75.13,72.15,58792.0,0.8117,0
1787,45,East,SelfEmployed,Healthcare,40823.0,549.0,62.65,41.99,45.36,35453.0,0.8396,1
1788,45,East,SelfEmployed,Healthcare,72054.0,649.0,61.69,13.27,71.48,68099.0,0.6098,0
1789,32,North,SelfEmployed,IT,74251.0,621.0,50.3,60.66,92.44,126002.0,0.8389,0
1790,49,East,Salaried,IT,52387.0,789.0,10.1,55.13,58.81,69618.0,0.1357,0
1791,31,North,SelfEmployed,Healthcare,68418.0,736.0,35.77,90.82,75.18,59590.0,0.6008,1
1792,31,East,Salaried,Retail,83052.0,703.0,48.14,19.59,92.77,57879.0,0.4872,0
1793,69,East,Salaried,IT,55503.0,688.0,42.83,64.05,83.89,65959.0,0.6663,0
1794,46,East,Salaried,Manufacturing,95318.0,615.0,59.27,47.67,77.86,137771.0,0.8173,0
1795,34,North,Salaried,Manufacturing,97503.0,686.0,59.13,39.1,93.41,88006.0,0.699,0
1796,36,North,Salaried,Retail,99901.0,757.0,45.92,76.51,49.38,35738.0,0.4568,0
1797,30,East,SelfEmployed,Construction,56842.0,749.0,11.32,77.96,82.5,44509.0,0.3532,0
1798,51,North,Salaried,Retail,59443.0,726.0,32.16,69.31,62.38,110360.0,0.4451,0
1799,51,North,Salaried,Healthcare,71543.0,617.0,23.73,12.52,59.82,73416.0,0.3646,1
1800,56,North,Salaried,Construction,69555.0,656.0,30.33,36.06,68.64,23976.0,0.4626,0
1801,30,West,Salaried,Healthcare,68486.0,722.0,47.04,9.21,41.86,101498.0,0.2227,0
1802,46,East,Salaried,Manufacturing,90115.0,631.0,13.99,35.93,57.19,48463.0,0.3624,0
1803,40,South,Salaried,IT,87233.0,743.0,11.33,63.31,49.14,42120.0,0.2076,0
1804,64,South,Salaried,Healthcare,57509.0,620.0,36.21,51.68,47.63,100885.0,0.5947,0
1805,29,South,Salaried,Manufacturing,52177.0,634.0,57.61,68.26,58.55,97801.0,0.7996,1
1806,35,West,Salaried,Retail,50219.0,621.0,11.84,54.63,84.12,56715.0,0.5633,0
1807,29,East,Salaried,Healthcare,57419.0,670.0,60.94,55.02,51.06,74515.0,0.6773,0
1808,27,North,Salaried,Manufacturing,91918.0,609.0,33.03,50.99,69.23,44204.0,0.6708,0
1809,46,North,Salaried,IT,77867.0,671.0,17.09,37.79,81.18,41348.0,0.3841,0
1810,44,North,Salaried,Healthcare,93517.0,645.0,44.05,45.19,53.25,50099.0,0.5795,0
1811,32,East,Salaried,Manufacturing,41000.0,659.0,67.14,15.12,90.83,50285.0,0.6985,0
1812,40,West,Salaried,Healthcare,80468.0,740.0,42.55,80.11,87.66,44408.0,0.6323,1
1813,34,South,Salaried,IT,80212.0,699.0,51.2,85.03,53.81,93011.0,0.69,1
1814,42,North,Salaried,Healthcare,99006.0,740.0,58.99,73.96,94.43,63065.0,0.7339,0
1815,36,North,Salaried,Healthcare,66818.0,833.0,57.96,57.52,76.8,37035.0,0.3681,0
1816,49,West,Salaried,Manufacturing,65403.0,599.0,14.39,56.23,55.74,43711.0,0.5387,0
1817,52,South,Salaried,Construction,105130.0,667.0,54.46,47.33,77.46,32524.0,0.6941,0
1818,39,West,SelfEmployed,Healthcare,71580.0,638.0,66.97,25.82,76.64,57645.0,0.7394,0
1819,55,East,SelfEmployed,Construction,78545.0,658.0,52.04,39.54,73.34,123450.0,0.6501,1
1820,63,South,Salaried,Retail,84526.0,723.0,60.19,94.09,79.14,69421.0,0.802,0
1821,52,North,Salaried,Healthcare,41645.0,806.0,39.13,18.12,54.76,63035.0,0.1241,0
1822,40,North,Salaried,Construction,75822.0,739.0,29.14,53.84,93.84,28599.0,0.431,0
1823,60,East,SelfEmployed,Retail,50097.0,729.0,50.57,82.99,87.18,118702.0,0.7198,0
1824,40,West,SelfEmployed,Manufacturing,73247.0,762.0,39.53,45.77,81.02,61270.0,0.3641,0
1825,28,East,Salaried,Healthcare,69109.0,790.0,63.72,59.5,41.45,63059.0,0.3961,0
1826,55,East,SelfEmployed,Manufacturing,64873.0,808.0,68.46,79.5,72.47,33719.0,0.5994,0
1827,62,North,Salaried,Retail,87533.0,729.0,59.19,54.28,78.86,56369.0,0.6229,0
1828,33,West,Salaried,Manufacturing,76948.0,642.0,69.56,70.83,86.98,37890.0,0.8943,0
1829,61,West,Salaried,Manufacturing,53782.0,680.0,30.9,36.25,92.04,42667.0,0.4966,0
1830,26,South,Salaried,IT,53103.0,577.0,63.75,70.97,90.37,25563.0,0.9351,0
1831,67,West,SelfEmployed,Retail,91803.0,746.0,29.8,8.69,62.33,22648.0,0.1535,0
1832,36,East,Salaried,Manufacturing,74244.0,649.0,17.08,18.76,89.31,176200.0,0.3748,0
1833,25,East,Salaried,Construction,46518.0,657.0,47.28,62.36,40.04,66173.0,0.6097,1
1834,65,East,SelfEmployed,Retail,66670.0,721.0,37.3,45.41,59.33,106150.0,0.367,0
1835,54,West,SelfEmployed,IT,71851.0,583.0,65.3,79.55,46.26,51849.0,0.8969,0
1836,26,East,Salaried,Healthcare,50322.0,762.0,39.53,35.78,88.57,54796.0,0.3455,0
1837,53,North,Salaried,Manufacturing,62262.0,733.0,65.66,74.05,91.04,35273.0,0.7744,0
1838,35,South,Salaried,Construction,93357.0,674.0,14.72,17.52,54.08,81195.0,0.1999,0
1839,35,West,Salaried,IT,124793.0,697.0,59.83,88.71,60.2,86968.0,0.7776,1
1840,34,North,SelfEmployed,Retail,81053.0,660.0,55.55,42.66,94.11,77794.0,0.7472,0
1841,59,South,SelfEmployed,Manufacturing,47903.0,850.0,53.2,25.78,71.13,59951.0,0.172,0
1842,25,South,Salaried,IT,70647.0,645.0,31.31,76.02,67.34,69512.0,0.6835,0
1843,46,South,Salaried,IT,77441.0,719.0,57.03,90.31,67.52,48216.0,0.7477,0
1844,68,East,Salaried,Construction,90727.0,684.0,39.0,87.63,78.29,100645.0,0.732,0
1845,37,West,SelfEmployed,Healthcare,91200.0,703.0,52.91,26.41,92.5,30275.0,0.555,0
1846,63,North,Salaried,Healthcare,102285.0,731.0,43.13,65.48,60.16,40196.0,0.4871,0
1847,67,North,Salaried,Healthcare,74969.0,733.0,19.45,54.22,49.5,53550.0,0.2367,0
1848,36,North,Salaried,Retail,75354.0,679.0,13.87,70.26,50.18,31860.0,0.3866,0
1849,55,West,Salaried,IT,37241.0,630.0,31.97,48.82,41.12,27804.0,0.4999,0
1850,58,East,Salaried,Retail,54744.0,656.0,65.97,47.28,70.55,53640.0,0.7635,0
1851,43,South,Salaried,IT,47755.0,672.0,41.78,84.44,91.1,48141.0,0.7917,0
1852,33,West,SelfEmployed,Construction,58187.0,664.0,58.13,83.41,79.22,55279.0,0.8466,0
1853,53,West,SelfEmployed,Construction,51963.0,637.0,44.56,75.88,94.61,60265.0,0.8387,1
1854,49,West,Salaried,Retail,53316.0,727.0,67.47,68.44,90.02,81059.0,0.7729,1
1855,66,West,Salaried,Retail,96786.0,619.0,32.17,66.05,67.05,62927.0,0.7017,0
1856,54,South,Salaried,Construction,36528.0,697.0,13.42,10.06,66.76,143143.0,0.166,0
1857,54,West,Salaried,Manufacturing,71033.0,602.0,56.84,72.46,74.56,66011.0,0.881,1
1858,47,South,Salaried,Healthcare,92283.0,765.0,52.33,62.43,46.1,129746.0,0.4026,0
1859,35,West,SelfEmployed,Healthcare,68970.0,663.0,41.65,32.22,73.42,101217.0,0.5285,0
1860,29,East,Salaried,Construction,101542.0,656.0,29.58,78.81,65.52,106148.0,0.6532,0
1861,46,West,Salaried,Healthcare,63009.0,646.0,21.3,79.92,75.35,27572.0,0.6581,0
1862,23,East,SelfEmployed,Manufacturing,110015.0,802.0,38.94,88.9,71.09,65947.0,0.4352,0
1863,56,North,SelfEmployed,Manufacturing,43628.0,780.0,49.97,42.65,57.07,72324.0,0.3019,0
1864,67,East,Salaried,IT,101580.0,703.0,44.73,54.61,73.43,51770.0,0.5629,0
1865,25,West,Salaried,Retail,57115.0,670.0,36.25,86.54,60.13,64817.0,0.6838,0
1866,40,West,Salaried,Healthcare,103898.0,825.0,42.38,33.51,50.7,36032.0,0.1427,0
1867,40,North,Salaried,Manufacturing,65639.0,730.0,16.48,76.7,77.13,122811.0,0.4101,0
1868,25,North,Salaried,Retail,97092.0,685.0,51.75,94.28,56.85,60241.0,0.7674,0
1869,30,North,Salaried,Retail,100476.0,666.0,54.06,63.67,88.9,73400.0,0.7884,0
1870,36,East,SelfEmployed,IT,63441.0,749.0,10.69,93.53,50.96,40276.0,0.3133,0
1871,45,West,Salaried,Retail,95438.0,687.0,26.23,51.42,73.01,131358.0,0.4484,0
1872,64,North,Salaried,Retail,74441.0,620.0,15.53,18.77,71.44,90522.0,0.3696,0
1873,45,East,Salaried,Construction,45748.0,710.0,69.89,20.8,50.88,100970.0,0.4807,0
1874,50,West,Salaried,IT,85166.0,714.0,45.6,70.82,64.19,164858.0,0.5876,0
1875,34,East,SelfEmployed,IT,54669.0,703.0,37.94,5.08,77.15,53858.0,0.2933,0
1876,42,East,Salaried,Healthcare,61940.0,730.0,37.78,64.57,57.52,80682.0,0.434,0
1877,63,East,Salaried,Retail,57144.0,681.0,67.89,18.61,46.26,77750.0,0.5117,0
1878,48,East,Salaried,Healthcare,82564.0,700.0,49.59,93.59,73.84,45304.0,0.7708,0
1879,50,South,Salaried,Manufacturing,55288.0,699.0,20.12,19.68,52.33,72589.0,0.1882,0
1880,39,East,Salaried,Retail,50473.0,620.0,36.89,54.72,77.48,40264.0,0.7144,1
1881,58,East,Salaried,Manufacturing,54133.0,742.0,56.45,65.25,86.17,59117.0,0.6501,0
1882,62,West,Salaried,Construction,60804.0,733.0,35.4,78.75,46.78,26685.0,0.44,0
1883,40,East,Salaried,Retail,84933.0,759.0,28.57,46.33,64.07,40415.0,0.25,1
1884,55,West,Salaried,Healthcare,93181.0,639.0,69.47,89.04,64.47,23969.0,0.8991,0
1885,42,North,SelfEmployed,Healthcare,92895.0,675.0,66.14,48.22,74.79,127755.0,0.7454,0
1886,35,South,SelfEmployed,Retail,74305.0,767.0,66.49,27.69,58.39,83492.0,0.3796,0
1887,31,North,Salaried,Healthcare,73789.0,665.0,17.9,58.37,63.02,47373.0,0.4367,0
1888,54,North,Salaried,Retail,71326.0,808.0,24.06,64.22,40.66,41099.0,0.1529,0
1889,44,East,Salaried,IT,83883.0,606.0,36.52,50.67,46.73,106540.0,0.6214,0
1890,26,West,Salaried,Healthcare,97392.0,666.0,59.93,70.99,71.34,145709.0,0.7985,0
1891,37,North,Salaried,Retail,71978.0,672.0,54.21,42.86,51.87,88790.0,0.5721,0
1892,48,South,SelfEmployed,Retail,85653.0,746.0,60.98,5.39,47.95,116331.0,0.2589,0
1893,51,West,SelfEmployed,Healthcare,50191.0,800.0,65.25,28.81,57.84,59595.0,0.2998,0
1894,56,North,Salaried,IT,92053.0,718.0,56.85,90.13,48.99,21183.0,0.6922,0
1895,29,East,Salaried,Healthcare,79321.0,543.0,25.71,73.69,43.28,56808.0,0.7715,0
1896,30,East,SelfEmployed,Retail,54348.0,695.0,27.13,22.06,55.61,63859.0,0.2475,0
1897,41,East,SelfEmployed,IT,96386.0,707.0,31.15,11.0,49.04,101892.0,0.1925,0
1898,54,North,Salaried,Manufacturing,50176.0,724.0,28.18,36.57,83.97,49426.0,0.3431,0
1899,51,South,Salaried,Construction,29502.0,695.0,24.95,80.27,43.45,33633.0,0.4508,0
1900,49,West,Salaried,Healthcare,91936.0,778.0,55.15,14.54,81.11,24531.0,0.2948,0
1901,63,East,Salaried,Retail,82707.0,647.0,12.04,53.9,61.05,83283.0,0.4105,0
1902,63,North,Salaried,IT,50780.0,638.0,53.7,29.75,77.14,51569.0,0.6752,0
1903,31,West,Salaried,IT,82107.0,663.0,59.41,70.36,42.9,34400.0,0.7212,0
1904,53,North,Salaried,Manufacturing,98398.0,850.0,13.96,5.04,90.64,81703.0,0.0536,0
1905,66,East,Salaried,Healthcare,80224.0,689.0,13.71,29.95,82.21,89092.0,0.2893,0
1906,21,North,Salaried,IT,123771.0,769.0,27.13,66.13,47.71,54151.0,0.2521,0
1907,41,West,Salaried,Manufacturing,57980.0,768.0,22.5,54.21,52.03,99008.0,0.1997,0
1908,43,South,SelfEmployed,Retail,30287.0,597.0,44.87,75.1,75.42,82924.0,0.8533,0
1909,29,South,SelfEmployed,Manufacturing,46781.0,697.0,50.53,19.19,90.69,55789.0,0.511,0
1910,21,North,Salaried,Healthcare,29112.0,767.0,48.05,52.79,64.52,53749.0,0.3877,0
1911,41,South,Salaried,Manufacturing,117778.0,850.0,31.44,22.62,66.71,50632.0,0.0868,0
1912,42,West,SelfEmployed,IT,74901.0,765.0,39.9,62.53,53.08,59874.0,0.3423,0
1913,24,West,Salaried,IT,113782.0,679.0,48.4,16.82,61.07,126624.0,0.4158,0
1914,21,South,Salaried,Construction,67909.0,788.0,17.17,18.38,55.73,108388.0,0.0826,0
1915,30,South,Salaried,Manufacturing,56898.0,674.0,23.77,34.54,59.28,77516.0,0.3322,0
1916,35,East,Salaried,Retail,40399.0,632.0,63.43,41.17,41.13,148806.0,0.684,0
1917,56,West,Salaried,Healthcare,67065.0,742.0,30.54,49.87,42.26,105995.0,0.2456,0
1918,49,East,SelfEmployed,Construction,91884.0,613.0,58.07,57.26,77.44,55465.0,0.8416,0
1919,66,South,Salaried,Manufacturing,70508.0,664.0,25.06,47.19,77.5,79697.0,0.4914,0
1920,25,South,Salaried,Retail,43050.0,789.0,12.5,9.11,58.16,118236.0,0.0622,0
1921,49,East,SelfEmployed,Construction,88062.0,743.0,40.02,35.91,88.7,62588.0,0.3946,0
1922,67,North,Salaried,IT,91776.0,648.0,63.55,10.52,54.64,53972.0,0.551,1
1923,67,East,Salaried,Healthcare,64403.0,708.0,59.16,15.63,61.77,148987.0,0.4206,0
1924,47,South,Salaried,Manufacturing,61899.0,694.0,25.18,13.35,80.23,78749.0,0.2754,0
1925,45,West,Salaried,Retail,40813.0,754.0,64.6,19.23,80.9,101004.0,0.4357,0
1926,36,North,Salaried,IT,87561.0,723.0,38.78,78.16,87.36,41939.0,0.6363,0
1927,36,East,Salaried,Construction,65753.0,709.0,12.94,61.48,41.6,94362.0,0.2495,0
1928,56,South,Salaried,Healthcare,21424.0,698.0,11.68,50.61,50.11,54468.0,0.2471,1
1929,45,East,Salaried,Construction,45298.0,634.0,39.11,70.9,75.23,58759.0,0.7558,0
1930,61,North,Salaried,Construction,86244.0,783.0,42.78,91.51,58.6,36983.0,0.4786,0
1931,21,East,Salaried,Retail,68162.0,725.0,14.79,42.59,42.4,53509.0,0.1723,0
1932,25,East,Salaried,IT,52291.0,680.0,65.33,38.07,72.26,29415.0,0.6797,0
1933,61,East,Salaried,Manufacturing,76076.0,685.0,53.09,93.0,61.62,105470.0,0.7825,0
1934,40,East,Salaried,Retail,58199.0,694.0,58.08,74.42,60.03,45576.0,0.7196,1
1935,25,East,SelfEmployed,Healthcare,62145.0,651.0,45.04,74.94,54.54,71094.0,0.7133,0
1936,56,West,Salaried,Construction,69609.0,666.0,49.81,58.99,40.33,33555.0,0.5914,0
1937,49,South,Salaried,Healthcare,108710.0,759.0,33.27,50.63,50.03,76448.0,0.2538,0
1938,68,West,Salaried,Retail,108615.0,606.0,50.76,54.55,66.08,16911.0,0.7848,1
1939,54,South,Salaried,Retail,35576.0,812.0,68.69,63.69,55.17,38118.0,0.4494,0
1940,68,North,Salaried,Manufacturing,73708.0,700.0,48.86,38.92,88.09,117893.0,0.5777,0
1941,38,North,SelfEmployed,Construction,45956.0,653.0,30.5,75.41,47.86,43041.0,0.5905,0
1942,22,South,SelfEmployed,Retail,53735.0,679.0,27.11,86.83,88.14,53976.0,0.6963,0
1943,36,West,Salaried,Healthcare,37822.0,725.0,67.8,56.42,62.27,20283.0,0.6442,0
1944,49,East,Salaried,Manufacturing,57645.0,671.0,21.1,39.33,55.17,117796.0,0.3287,0
1945,53,West,Salaried,Healthcare,51136.0,740.0,58.37,67.6,56.74,52661.0,0.5765,0
1946,36,East,Salaried,Construction,95511.0,636.0,37.92,21.39,58.15,115847.0,0.4564,0
1947,55,South,Salaried,Manufacturing,58161.0,652.0,36.63,92.17,67.86,42464.0,0.7665,0
1948,67,North,Salaried,Manufacturing,36083.0,715.0,54.85,64.22,59.46,28554.0,0.6047,0
1949,63,South,SelfEmployed,Manufacturing,74944.0,663.0,18.88,11.08,75.6,121343.0,0.2777,0
1950,62,South,Salaried,IT,71461.0,818.0,37.98,52.68,63.38,72925.0,0.2172,0
1951,37,North,Salaried,Manufacturing,69729.0,750.0,12.15,72.53,76.94,63088.0,0.3147,0
1952,24,North,Salaried,Healthcare,87200.0,731.0,50.22,30.01,73.24,44307.0,0.4129,0
1953,69,East,Salaried,Healthcare,99638.0,707.0,13.5,9.59,53.44,108794.0,0.128,0
1954,24,East,Salaried,Construction,69437.0,679.0,15.24,49.02,84.7,23831.0,0.4173,0
1955,45,West,SelfEmployed,Retail,80314.0,685.0,60.69,80.03,83.94,89406.0,0.8298,0
1956,53,West,Salaried,Retail,69946.0,650.0,36.58,27.64,94.39,32943.0,0.5786,0
1957,34,East,Salaried,IT,85130.0,713.0,22.06,69.53,49.63,75334.0,0.3588,1
1958,44,South,Salaried,Manufacturing,45606.0,625.0,45.56,41.7,86.63,162132.0,0.7306,0
1959,31,East,Salaried,IT,87347.0,788.0,41.16,10.37,87.96,58686.0,0.2037,0
1960,45,West,SelfEmployed,Construction,80660.0,704.0,34.65,32.36,75.32,57344.0,0.3846,1
1961,48,North,Salaried,Construction,55810.0,782.0,64.33,33.25,67.85,46272.0,0.3871,0
1962,27,South,Salaried,Retail,119167.0,754.0,54.97,86.42,92.65,55345.0,0.7273,0
1963,69,West,SelfEmployed,Construction,47811.0,696.0,19.1,93.36,93.5,47979.0,0.6534,0
1964,56,South,Salaried,Manufacturing,81595.0,727.0,44.25,23.88,75.29,60537.0,0.3582,1
1965,30,East,Salaried,Healthcare,55856.0,674.0,15.32,43.75,59.78,51893.0,0.318,0
1966,69,East,Salaried,Construction,86560.0,694.0,24.68,92.9,84.94,55022.0,0.6638,1
1967,56,North,SelfEmployed,IT,114993.0,653.0,64.59,41.65,44.91,45199.0,0.6593,0
1968,51,South,Salaried,Manufacturing,90511.0,800.0,37.72,36.43,55.98,56221.0,0.1752,0
1969,39,South,Salaried,Construction,72679.0,711.0,63.53,14.89,94.21,58722.0,0.5631,0
1970,38,North,Salaried,Construction,93572.0,751.0,19.96,72.8,84.79,137472.0,0.3938,1
1971,69,North,Salaried,Manufacturing,63191.0,674.0,22.32,45.23,91.68,132739.0,0.4905,0
1972,26,West,Salaried,Construction,84780.0,795.0,31.17,62.48,72.71,70503.0,0.2847,0
1973,48,South,Salaried,Healthcare,76755.0,657.0,31.98,50.89,62.42,47945.0,0.5245,0
1974,27,East,Salaried,Retail,50668.0,693.0,54.72,20.71,93.88,71236.0,0.5703,0
1975,58,South,Salaried,Manufacturing,109172.0,672.0,45.96,20.87,57.02,39778.0,0.4217,1
1976,32,West,Salaried,IT,99876.0,716.0,43.19,89.58,81.66,45386.0,0.7104,0
1977,61,South,Salaried,Construction,57877.0,659.0,46.14,85.06,70.7,61569.0,0.7876,0
1978,54,South,SelfEmployed,Retail,95513.0,735.0,53.93,59.96,52.57,42969.0,0.5003,1
1979,45,West,Salaried,IT,51450.0,716.0,63.57,5.11,40.96,43394.0,0.3134,0
1980,37,West,Salaried,IT,84258.0,690.0,34.88,44.0,61.11,47440.0,0.4228,0
1981,53,North,Salaried,Healthcare,75950.0,636.0,58.18,52.74,70.12,187764.0,0.7758,0
1982,43,West,Salaried,Retail,108568.0,695.0,39.71,45.45,50.08,65286.0,0.4133,0
1983,29,South,SelfEmployed,Manufacturing,81638.0,694.0,53.32,88.29,62.8,25213.0,0.7541,0
1984,26,South,SelfEmployed,Retail,44097.0,754.0,62.49,8.68,73.84,66012.0,0.347,0
1985,22,North,SelfEmployed,Retail,95385.0,683.0,11.93,63.94,79.32,75249.0,0.4379,0
1986,58,North,Salaried,IT,66188.0,641.0,42.8,33.25,42.9,58092.0,0.4825,0
1987,29,East,Salaried,Healthcare,65245.0,594.0,69.36,55.35,76.53,81209.0,0.8955,0
1988,23,South,Salaried,Healthcare,75584.0,769.0,39.77,64.03,43.12,45030.0,0.306,0
1989,36,South,Salaried,Retail,63506.0,689.0,61.86,44.67,41.55,55684.0,0.5571,0
1990,45,East,Salaried,Retail,110896.0,720.0,21.15,18.35,48.38,57303.0,0.1519,0
1991,44,West,SelfEmployed,Construction,91104.0,669.0,46.26,51.71,75.95,42446.0,0.6503,0
1992,67,North,Salaried,IT,52122.0,664.0,62.22,88.97,42.91,37244.0,0.802,1
1993,49,East,Salaried,Manufacturing,60449.0,694.0,35.89,53.23,41.15,62235.0,0.3932,0
1994,64,North,Salaried,Manufacturing,48808.0,650.0,39.2,16.06,46.49,67153.0,0.3649,1
1995,60,West,SelfEmployed,Healthcare,94355.0,678.0,14.92,79.17,92.23,14745.0,0.5951,0
1996,46,East,Salaried,IT,73662.0,743.0,12.53,24.96,89.9,46275.0,0.1892,0
1997,58,West,Salaried,Healthcare,55467.0,742.0,38.12,38.32,44.76,51951.0,0.2517,0
1998,55,North,SelfEmployed,Manufacturing,106436.0,670.0,60.61,43.59,56.72,65570.0,0.6439,0
1999,43,North,Salaried,Retail,85098.0,686.0,65.88,35.57,92.1,90256.0,0.7225,0
2000,24,South,Salaried,IT,78711.0,584.0,49.52,41.4,45.37,51223.0,0.7108,0
2001,62,South,Salaried,IT,77767.0,600.0,59.58,76.59,45.2,80062.0,0.8519,1
2002,34,North,Salaried,Construction,47840.0,669.0,54.09,25.1,44.73,30078.0,0.4637,0
2003,67,West,SelfEmployed,Retail,86187.0,703.0,52.09,47.34,93.71,117066.0,0.6545,1
2004,59,North,Salaried,Retail,66623.0,624.0,56.14,6.8,80.87,58373.0,0.6332,1
2005,27,South,Salaried,Healthcare,92413.0,742.0,40.32,50.69,51.8,28201.0,0.338,0
2006,28,West,Salaried,IT,87785.0,751.0,37.48,15.05,42.53,80652.0,0.1548,0
2007,62,South,Salaried,Healthcare,73778.0,649.0,19.55,30.4,93.09,52440.0,0.4617,0
2008,39,West,Salaried,Retail,72364.0,647.0,60.63,34.24,63.4,149969.0,0.6763,0
2009,22,North,Salaried,Construction,108179.0,725.0,12.68,12.41,72.91,133018.0,0.145,0
2010,67,South,Salaried,IT,48263.0,800.0,26.05,37.45,55.36,93342.0,0.1312,0
2011,21,North,Salaried,Retail,63532.0,675.0,41.19,49.83,81.71,14195.0,0.6127,1
2012,62,North,SelfEmployed,Construction,97731.0,756.0,68.3,43.8,50.82,53450.0,0.4689,0
2013,58,West,Salaried,Manufacturing,104704.0,698.0,57.16,30.24,83.28,112941.0,0.5829,0
2014,33,North,Salaried,Retail,72242.0,704.0,32.12,31.54,52.68,91156.0,0.2886,0
2015,62,East,Salaried,Manufacturing,61014.0,689.0,52.84,62.02,45.39,37753.0,0.5912,0
2016,64,South,SelfEmployed,Healthcare,61419.0,756.0,65.88,69.66,66.34,56828.0,0.6348,0
2017,44,South,Salaried,Manufacturing,46311.0,819.0,42.33,56.89,84.73,80591.0,0.3186,0
2018,52,West,Salaried,Retail,115035.0,751.0,37.72,92.86,61.17,26986.0,0.5357,1
2019,50,North,Salaried,Manufacturing,72039.0,629.0,43.18,90.04,41.59,28180.0,0.7645,0
2020,26,East,Salaried,IT,84298.0,685.0,28.69,13.86,70.43,202489.0,0.2884,0
2021,58,West,Salaried,Retail,84501.0,583.0,64.44,28.52,77.43,51335.0,0.8297,0
2022,53,East,SelfEmployed,Construction,104677.0,823.0,57.84,83.16,80.74,23043.0,0.5315,0
2023,64,West,SelfEmployed,Manufacturing,66615.0,721.0,52.33,7.67,62.11,42349.0,0.3087,0
2024,43,North,Salaried,IT,68025.0,652.0,45.35,58.3,45.34,70442.0,0.6077,1
2025,30,South,Salaried,Healthcare,91618.0,716.0,68.17,90.9,72.14,89110.0,0.8231,0
2026,66,South,Salaried,Healthcare,39102.0,813.0,27.86,66.08,58.13,43073.0,0.2056,0
2027,35,East,Salaried,Manufacturing,104806.0,650.0,26.99,13.27,92.08,32911.0,0.4275,0
2028,43,West,SelfEmployed,Healthcare,109763.0,666.0,24.53,72.3,67.65,92554.0,0.5717,0
2029,56,South,Salaried,Construction,79916.0,630.0,54.51,38.88,65.97,37333.0,0.7019,0
2030,21,East,Salaried,Retail,56245.0,734.0,57.84,87.94,57.01,52758.0,0.6811,0
2031,28,North,Salaried,IT,92062.0,692.0,45.83,30.77,58.63,83760.0,0.4264,0
2032,23,East,Salaried,Manufacturing,71179.0,571.0,49.12,47.59,68.2,46961.0,0.8166,0
2033,34,South,Salaried,Healthcare,77844.0,720.0,30.94,72.19,56.87,163274.0,0.4434,0
2034,37,West,Salaried,Retail,79370.0,757.0,12.39,28.18,89.08,39101.0,0.1753,0
2035,54,East,Salaried,Construction,61833.0,668.0,25.22,21.36,64.15,49812.0,0.3134,0
2036,67,South,SelfEmployed,Healthcare,81945.0,697.0,45.06,5.24,56.06,49135.0,0.2839,0
2037,26,North,Salaried,Healthcare,45734.0,688.0,58.78,48.92,48.55,43548.0,0.5844,0
2038,25,North,Salaried,IT,31085.0,741.0,56.63,88.58,76.98,102993.0,0.7237,1
2039,66,North,Salaried,Construction,82288.0,601.0,20.77,30.33,41.42,50301.0,0.4,0
2040,61,South,Salaried,Construction,95873.0,661.0,13.09,8.9,64.75,249559.0,0.2118,0
2041,60,West,Salaried,Manufacturing,64729.0,682.0,61.03,60.84,70.26,62990.0,0.7379,1
2042,49,East,Salaried,IT,63606.0,746.0,14.54,10.06,58.69,66815.0,0.1002,0
2043,55,East,Salaried,Manufacturing,87951.0,700.0,33.6,50.62,81.24,27363.0,0.4969,1
2044,38,North,Salaried,IT,74586.0,621.0,15.65,39.34,77.16,44835.0,0.4873,0
2045,60,West,SelfEmployed,Construction,63678.0,665.0,43.84,47.79,93.43,84293.0,0.6831,1
2046,68,East,Salaried,IT,81106.0,776.0,31.8,19.64,67.98,78637.0,0.1626,0
2047,50,North,Salaried,IT,75127.0,621.0,22.15,13.12,69.58,35214.0,0.3809,0
2048,35,East,Salaried,IT,50014.0,762.0,45.71,72.41,53.52,47549.0,0.4392,0
2049,35,East,Salaried,Retail,72823.0,756.0,31.8,27.11,61.2,12017.0,0.1983,0
2050,36,North,Salaried,Retail,78659.0,773.0,20.01,77.04,41.48,40320.0,0.2283,0
2051,53,South,SelfEmployed,Construction,64324.0,766.0,52.01,73.26,77.91,142055.0,0.5705,0
2052,30,South,Salaried,IT,93515.0,782.0,60.21,22.85,57.14,67281.0,0.2795,0
2053,39,North,SelfEmployed,Construction,84667.0,592.0,26.42,86.75,69.72,104945.0,0.8023,0
2054,57,West,Salaried,Retail,69459.0,779.0,21.19,19.52,54.02,25794.0,0.0998,0
2055,23,West,Salaried,IT,77673.0,730.0,14.52,76.74,74.16,62813.0,0.3859,0
2056,56,East,Salaried,Manufacturing,67471.0,666.0,41.67,42.85,64.62,56471.0,0.5423,0
2057,24,South,SelfEmployed,Retail,70514.0,629.0,59.88,21.47,66.5,43867.0,0.6641,1
2058,31,South,Salaried,Retail,71250.0,702.0,25.05,89.43,91.84,53353.0,0.6569,0
2059,61,East,SelfEmployed,Retail,39597.0,843.0,37.64,91.69,78.84,46002.0,0.3698,0
2060,53,East,SelfEmployed,IT,75548.0,731.0,19.65,51.02,54.4,33424.0,0.2429,0
2061,48,North,SelfEmployed,Healthcare,81367.0,671.0,34.25,47.23,67.72,64040.0,0.5073,0
2062,52,East,Salaried,Manufacturing,124230.0,842.0,10.93,86.08,65.67,92693.0,0.1629,0
2063,36,West,Salaried,Manufacturing,83798.0,739.0,64.64,58.65,83.73,40501.0,0.675,0
2064,29,South,Salaried,Construction,61942.0,741.0,50.59,28.94,85.83,41444.0,0.4323,0
2065,31,North,Salaried,IT,42184.0,717.0,29.97,43.27,55.59,89595.0,0.3045,1
2066,26,West,Salaried,Retail,53874.0,731.0,62.87,80.24,85.16,61353.0,0.7702,0
2067,69,North,Salaried,Healthcare,65014.0,552.0,20.98,82.36,49.87,50292.0,0.778,0
2068,47,South,Salaried,IT,65371.0,709.0,14.72,89.53,81.95,62899.0,0.5299,0
2069,32,North,Salaried,IT,70251.0,748.0,66.56,30.94,53.68,167845.0,0.4239,0
2070,42,South,Salaried,Healthcare,66954.0,795.0,28.54,66.2,56.39,106389.0,0.2364,0
2071,60,West,Salaried,Retail,70382.0,838.0,66.16,11.15,86.89,141765.0,0.2468,0
2072,68,East,Salaried,IT,66554.0,766.0,48.26,70.33,63.1,86499.0,0.4721,0
2073,57,North,Salaried,Manufacturing,75368.0,713.0,68.8,55.69,94.48,40894.0,0.7716,0
2074,41,West,Salaried,Manufacturing,56932.0,704.0,55.21,27.48,48.36,48003.0,0.4107,0
2075,53,West,Salaried,Healthcare,49825.0,658.0,16.33,63.92,65.48,41024.0,0.4798,0
2076,37,West,Salaried,Retail,70239.0,733.0,61.13,17.17,80.28,81745.0,0.4511,0
2077,49,North,Salaried,Healthcare,83679.0,819.0,18.87,35.04,40.3,51436.0,0.0713,0
2078,60,South,Salaried,IT,52619.0,678.0,51.53,41.08,48.35,39465.0,0.5161,0
2079,30,West,Salaried,Manufacturing,63508.0,711.0,40.02,74.94,41.12,56564.0,0.4887,0
2080,38,West,Salaried,Construction,72077.0,658.0,52.46,32.79,94.61,29741.0,0.695,0
2081,67,North,Salaried,Healthcare,71594.0,762.0,55.9,9.41,81.83,99149.0,0.3143,0
2082,33,North,Salaried,Construction,90057.0,775.0,58.22,21.27,60.55,36931.0,0.2852,0
2083,47,South,Salaried,Construction,93797.0,658.0,60.1,59.73,48.6,94489.0,0.7093,0
2084,30,West,Salaried,Manufacturing,79440.0,735.0,60.83,6.37,44.97,75582.0,0.2742,0
2085,52,East,Salaried,Healthcare,99188.0,542.0,34.75,76.3,69.25,79858.0,0.8741,1
2086,61,South,Salaried,Construction,67620.0,684.0,63.35,86.1,93.67,33767.0,0.8744,0
2087,65,North,Salaried,IT,91804.0,777.0,53.17,49.59,77.1,61894.0,0.4311,0
2088,23,East,Salaried,Retail,62740.0,672.0,60.34,68.69,60.08,46195.0,0.7533,0
2089,42,West,Salaried,Retail,80920.0,622.0,69.35,46.64,67.55,24933.0,0.8259,0
2090,47,South,Salaried,Manufacturing,87882.0,741.0,16.98,32.79,94.94,122765.0,0.2545,0
2091,23,West,Salaried,Healthcare,76123.0,693.0,32.23,19.84,68.53,57089.0,0.3116,0
2092,53,West,SelfEmployed,Healthcare,55700.0,712.0,58.39,51.63,93.03,47797.0,0.6925,0
2093,22,North,Salaried,Retail,41549.0,720.0,15.18,88.69,40.9,119013.0,0.352,1
2094,31,East,Salaried,IT,86138.0,755.0,42.45,85.1,79.65,97102.0,0.5925,1
2095,66,South,Salaried,Retail,69540.0,765.0,61.5,87.77,74.49,312329.0,0.694,1
2096,30,West,Salaried,Retail,70942.0,723.0,11.14,91.98,77.69,37205.0,0.4643,0
2097,59,East,SelfEmployed,Healthcare,105002.0,771.0,66.37,19.88,71.38,45036.0,0.3782,0
2098,53,East,Salaried,Construction,56075.0,699.0,68.69,18.19,42.43,157933.0,0.4557,0
2099,27,West,Salaried,IT,89807.0,719.0,29.34,43.5,48.23,39023.0,0.2752,0
2100,35,South,SelfEmployed,Healthcare,60246.0,702.0,56.01,67.04,90.72,41547.0,0.7525,0
2101,46,West,Salaried,Retail,71454.0,630.0,17.63,44.57,52.81,57492.0,0.4173,0
2102,31,East,Salaried,Construction,53282.0,789.0,56.37,85.31,94.61,136519.0,0.6621,0
2103,58,North,SelfEmployed,IT,60106.0,704.0,38.89,69.57,77.38,45927.0,0.6065,0
2104,47,East,Salaried,Manufacturing,83265.0,796.0,61.62,62.06,64.44,186992.0,0.4617,1
2105,59,West,Salaried,IT,100880.0,728.0,22.76,11.39,90.6,59478.0,0.2211,1
2106,27,South,Salaried,IT,83470.0,726.0,50.36,20.78,83.72,117090.0,0.4197,0
2107,21,West,Salaried,Retail,81117.0,757.0,57.17,43.53,63.59,50489.0,0.4303,0
2108,30,West,Salaried,Retail,125981.0,718.0,22.15,92.87,43.77,36772.0,0.4377,0
2109,41,South,SelfEmployed,Manufacturing,86211.0,663.0,59.1,35.1,87.76,79758.0,0.7129,0
2110,35,West,Salaried,Manufacturing,56328.0,692.0,67.48,61.7,82.08,28951.0,0.7892,0
2111,50,North,Salaried,Manufacturing,41334.0,771.0,46.96,94.0,83.49,26346.0,0.6424,0
2112,50,North,SelfEmployed,Healthcare,82583.0,743.0,57.09,28.76,80.97,85254.0,0.4548,0
2113,28,North,Salaried,Healthcare,46870.0,649.0,41.96,20.0,55.17,44968.0,0.4365,0
2114,44,West,Salaried,Retail,54971.0,718.0,45.89,54.17,87.24,30061.0,0.5827,0
2115,39,East,Salaried,Retail,81066.0,642.0,10.8,54.67,40.12,44356.0,0.3439,0
2116,23,North,SelfEmployed,Manufacturing,95798.0,706.0,41.46,87.97,53.05,79290.0,0.6199,0
2117,35,South,SelfEmployed,Healthcare,69286.0,761.0,44.53,7.38,42.56,37410.0,0.1493,1
2118,56,East,Salaried,Construction,50877.0,664.0,50.2,41.66,46.08,14842.0,0.5349,0
2119,26,North,Salaried,Healthcare,72071.0,694.0,20.16,33.11,69.28,55258.0,0.2918,0
2120,62,West,Salaried,Retail,69558.0,644.0,24.48,56.39,42.05,71632.0,0.4509,0
2121,68,West,SelfEmployed,Healthcare,77354.0,737.0,55.36,5.84,49.98,89837.0,0.2517,0
2122,38,East,Salaried,Retail,50950.0,709.0,20.06,69.0,52.8,99826.0,0.3626,0
2123,58,West,Salaried,Manufacturing,58257.0,662.0,34.96,48.65,76.04,55304.0,0.5736,0
2124,39,South,SelfEmployed,Manufacturing,95471.0,725.0,25.03,68.06,65.79,154843.0,0.4004,1
2125,69,West,Salaried,Manufacturing,90225.0,699.0,42.71,45.3,65.21,56300.0,0.4824,0
2126,50,East,Salaried,Construction,98282.0,730.0,69.21,47.68,82.26,53462.0,0.671,0
2127,33,East,Salaried,Construction,37990.0,645.0,61.12,85.6,65.12,51804.0,0.8614,0
2128,59,North,Salaried,Retail,57277.0,681.0,26.17,23.98,59.17,64298.0,0.2884,0
2129,32,West,Salaried,IT,94818.0,708.0,32.12,24.57,92.93,77212.0,0.3815,0
2130,54,South,SelfEmployed,Construction,86847.0,741.0,65.12,55.35,40.46,120323.0,0.501,1
2131,32,North,Salaried,Retail,83146.0,641.0,63.9,64.42,56.8,45681.0,0.801,0
2132,64,North,Salaried,Healthcare,67752.0,707.0,19.63,36.92,73.52,40084.0,0.2914,0
2133,44,East,Salaried,Manufacturing,62597.0,760.0,59.76,51.76,83.05,64249.0,0.5568,0
2134,24,East,Salaried,Manufacturing,75645.0,704.0,27.86,25.51,84.9,48099.0,0.339,0
2135,56,East,Salaried,Manufacturing,66030.0,681.0,42.63,17.23,42.53,34189.0,0.3104,0
2136,68,West,Salaried,Retail,85562.0,668.0,10.31,26.44,79.0,109322.0,0.2882,0
2137,34,North,SelfEmployed,Manufacturing,75743.0,669.0,69.92,87.47,79.61,107608.0,0.8913,0
2138,37,East,Salaried,Construction,55577.0,713.0,55.67,77.16,51.77,28726.0,0.6468,1
2139,69,North,Salaried,Healthcare,87699.0,581.0,24.5,17.62,46.2,55929.0,0.4309,0
2140,23,West,Salaried,Manufacturing,100086.0,667.0,51.03,9.19,81.23,79898.0,0.5029,0
2141,58,West,SelfEmployed,Retail,101421.0,725.0,27.6,13.39,53.72,156525.0,0.1681,0
2142,43,East,Salaried,Healthcare,88468.0,745.0,15.37,31.41,40.09,58043.0,0.1185,0
2143,33,East,Salaried,Manufacturing,88742.0,644.0,35.52,78.02,52.3,92186.0,0.673,0
2144,29,South,Salaried,IT,51776.0,662.0,46.82,33.92,41.71,49787.0,0.459,0
2145,41,South,SelfEmployed,Manufacturing,61573.0,704.0,15.39,21.71,53.71,75127.0,0.1689,0
2146,61,West,Salaried,Construction,71633.0,737.0,41.1,40.63,58.43,93974.0,0.3317,0
2147,28,South,Salaried,Healthcare,86851.0,678.0,40.89,16.16,54.93,71285.0,0.3421,0
2148,37,South,Salaried,Construction,62993.0,692.0,47.72,47.32,90.6,60677.0,0.637,0
2149,36,South,Salaried,IT,68861.0,720.0,24.68,65.8,52.79,97131.0,0.3532,0
2150,36,West,Salaried,IT,86192.0,631.0,11.24,38.2,65.71,118615.0,0.3844,0
2151,48,South,Salaried,Construction,77742.0,798.0,29.49,20.63,92.66,64560.0,0.1768,0
2152,36,North,Salaried,Healthcare,81677.0,705.0,33.91,45.79,88.36,100344.0,0.4897,0
2153,66,East,SelfEmployed,IT,59439.0,679.0,48.14,73.62,57.01,45226.0,0.6753,0
2154,66,West,SelfEmployed,IT,68591.0,768.0,65.81,11.89,57.96,49064.0,0.2988,0
2155,34,North,Salaried,Manufacturing,65609.0,708.0,22.2,11.38,72.63,131154.0,0.207,0
2156,66,North,SelfEmployed,Retail,74981.0,690.0,51.24,33.63,90.48,14030.0,0.6039,0
2157,64,North,Salaried,IT,66337.0,722.0,15.84,42.35,40.55,53147.0,0.1762,0
2158,58,South,Salaried,Healthcare,63623.0,702.0,21.44,24.48,61.62,66724.0,0.2283,0
2159,40,South,Salaried,Healthcare,77501.0,663.0,40.55,7.42,86.74,33469.0,0.4465,0
2160,65,East,Salaried,Manufacturing,116935.0,764.0,52.5,24.76,62.58,102555.0,0.2929,0
2161,68,East,Salaried,Healthcare,86671.0,610.0,61.51,44.18,79.6,58453.0,0.828,0
2162,61,East,Salaried,Manufacturing,39396.0,676.0,54.63,12.15,78.06,85532.0,0.5115,0
2163,54,South,Salaried,IT,82026.0,811.0,10.92,69.43,51.3,127356.0,0.1327,0
2164,49,West,Salaried,IT,64702.0,706.0,51.04,54.69,64.73,110793.0,0.5701,1
2165,23,South,Salaried,IT,56179.0,605.0,59.48,44.1,71.14,50325.0,0.8076,1
2166,30,West,Salaried,IT,89077.0,768.0,41.53,51.68,79.35,33905.0,0.3875,0
2167,40,East,SelfEmployed,Retail,76544.0,683.0,67.94,64.02,85.23,48926.0,0.8202,1
2168,22,North,Salaried,Retail,124727.0,636.0,10.26,94.53,81.8,64754.0,0.6924,0
2169,47,East,Salaried,IT,72715.0,763.0,59.12,74.76,41.56,24608.0,0.5025,0
2170,52,South,Salaried,Healthcare,70475.0,766.0,30.09,53.63,76.89,132432.0,0.3144,0
2171,30,East,Salaried,Manufacturing,98943.0,786.0,49.03,74.35,67.35,63619.0,0.4655,0
2172,60,North,SelfEmployed,Construction,75439.0,642.0,51.61,47.77,71.56,53269.0,0.7127,0
2173,37,North,Salaried,Manufacturing,53855.0,692.0,28.37,32.98,60.51,22783.0,0.3214,0
2174,53,West,Salaried,Construction,57385.0,682.0,69.73,28.58,79.27,60268.0,0.6853,0
2175,26,North,Salaried,Construction,68431.0,644.0,16.2,40.95,77.06,62812.0,0.4429,0
2176,59,West,Salaried,IT,88153.0,734.0,19.42,5.21,71.87,39362.0,0.1384,0
2177,67,South,SelfEmployed,Construction,100443.0,766.0,63.53,20.93,87.39,69482.0,0.4327,0
2178,38,East,Salaried,IT,91039.0,673.0,17.15,16.39,45.6,56126.0,0.19,0
2179,29,East,Salaried,Retail,86361.0,709.0,32.88,91.43,56.56,26833.0,0.5793,0
2180,28,East,Salaried,Healthcare,96938.0,709.0,53.99,10.84,67.23,84266.0,0.3795,0
2181,45,South,Salaried,Construction,87423.0,765.0,57.49,50.09,92.72,205946.0,0.554,0
2182,51,North,Salaried,Healthcare,56935.0,700.0,67.28,87.77,43.96,146553.0,0.7647,0
2183,62,North,Salaried,IT,70585.0,702.0,57.37,59.68,58.54,76560.0,0.6279,0
2184,24,South,Salaried,Construction,64695.0,755.0,60.67,49.57,90.92,68775.0,0.593,0
2185,40,East,Salaried,Manufacturing,100246.0,707.0,66.96,71.87,89.39,28179.0,0.812,0
2186,48,West,SelfEmployed,Retail,55908.0,666.0,43.22,36.8,87.59,67901.0,0.6078,0
2187,60,West,Salaried,Retail,56296.0,634.0,30.61,22.43,56.96,51700.0,0.4079,0
2188,21,West,Salaried,Construction,78399.0,663.0,55.7,81.26,86.58,16820.0,0.8476,0
2189,60,West,Salaried,Retail,113580.0,715.0,19.81,10.09,67.79,49597.0,0.1705,0
2190,64,East,Salaried,Manufacturing,89698.0,622.0,14.09,77.7,74.09,44923.0,0.6498,0
2191,43,South,Salaried,Healthcare,95834.0,716.0,57.12,14.3,53.14,27651.0,0.3504,0
2192,67,West,Salaried,Manufacturing,52864.0,609.0,67.04,61.3,78.87,56912.0,0.8887,0
2193,33,East,Salaried,Retail,88376.0,640.0,36.55,47.93,58.02,28598.0,0.5679,1
2194,36,East,Salaried,Healthcare,52776.0,739.0,19.67,94.87,58.91,73307.0,0.4329,0
2195,46,North,SelfEmployed,Manufacturing,89619.0,673.0,39.82,39.91,75.02,79152.0,0.5338,0
2196,51,South,Salaried,IT,43583.0,714.0,33.6,91.16,53.19,21349.0,0.5599,0
2197,21,South,Salaried,IT,68218.0,697.0,32.35,41.34,52.34,48729.0,0.3465,0
2198,37,West,Salaried,Healthcare,33938.0,793.0,47.68,66.35,60.3,47371.0,0.3723,0
2199,36,East,SelfEmployed,Healthcare,57306.0,708.0,20.48,62.93,82.79,53209.0,0.4461,0
2200,57,South,SelfEmployed,Healthcare,46508.0,639.0,32.83,12.78,52.36,17550.0,0.352,0
2201,30,West,Salaried,IT,88024.0,736.0,62.12,71.9,83.3,72614.0,0.7183,1
2202,58,North,Salaried,Manufacturing,76888.0,637.0,53.78,23.78,78.26,127952.0,0.6558,0
2203,64,South,Salaried,Healthcare,65649.0,760.0,13.34,39.96,77.35,127797.0,0.1846,0
2204,51,North,Salaried,IT,77342.0,748.0,40.83,75.4,66.11,94355.0,0.4996,0
2205,30,East,SelfEmployed,Healthcare,58381.0,718.0,15.48,89.99,81.02,21877.0,0.5129,0
2206,69,West,Salaried,Healthcare,81437.0,745.0,67.45,55.38,40.74,43713.0,0.5098,0
2207,54,South,Salaried,Healthcare,73446.0,770.0,24.68,51.74,56.81,77018.0,0.2097,0
2208,26,West,Salaried,IT,120618.0,698.0,65.96,50.44,77.35,75387.0,0.7139,0
2209,48,South,Salaried,Manufacturing,107670.0,710.0,60.04,78.49,94.3,107006.0,0.8074,0
2210,48,West,Salaried,IT,93811.0,715.0,43.08,94.38,40.14,52510.0,0.5955,0
2211,33,West,Salaried,IT,80846.0,656.0,30.18,62.02,68.05,32532.0,0.5881,0
2212,61,West,Salaried,Healthcare,83407.0,665.0,61.48,39.08,90.81,78055.0,0.7472,0
2213,32,North,Salaried,Construction,99818.0,703.0,19.17,24.68,87.49,47182.0,0.2883,0
2214,60,West,Salaried,Construction,80763.0,700.0,20.8,22.89,41.27,120254.0,0.1757,0
2215,22,East,Salaried,Construction,81993.0,715.0,23.48,82.05,69.13,83792.0,0.495,1
2216,28,South,Salaried,IT,63470.0,670.0,45.86,94.31,40.24,49779.0,0.7134,0
2217,62,West,Salaried,Healthcare,61254.0,612.0,28.86,67.82,83.43,65133.0,0.7516,0
2218,29,South,Salaried,Construction,72855.0,788.0,69.35,91.02,56.99,104623.0,0.6511,0
2219,28,West,SelfEmployed,Retail,22705.0,616.0,21.71,36.5,82.11,78052.0,0.5496,0
2220,23,North,SelfEmployed,Retail,74419.0,749.0,58.34,61.48,91.96,64155.0,0.6505,0
2221,29,East,SelfEmployed,Retail,70157.0,682.0,15.75,51.05,93.68,67913.0,0.4579,0
2222,33,East,Salaried,Manufacturing,92581.0,712.0,31.21,48.38,89.18,51406.0,0.4679,0
2223,29,North,Salaried,Healthcare,99493.0,740.0,24.63,61.91,51.23,73584.0,0.2886,0
2224,51,North,Salaried,IT,126429.0,673.0,68.61,32.93,50.7,60556.0,0.6228,0
2225,45,North,SelfEmployed,IT,86591.0,618.0,11.54,62.66,74.42,35650.0,0.5711,0
2226,64,South,SelfEmployed,Healthcare,78041.0,760.0,53.3,65.56,69.92,74155.0,0.5272,0
2227,65,South,SelfEmployed,Manufacturing,63677.0,740.0,24.86,80.25,40.52,78872.0,0.3335,0
2228,28,East,Salaried,Healthcare,54021.0,704.0,58.67,70.74,61.55,99063.0,0.691,0
2229,67,South,SelfEmployed,Manufacturing,93284.0,749.0,28.67,33.78,89.87,27111.0,0.2971,0
2230,51,South,Salaried,Construction,74451.0,720.0,21.24,45.57,89.41,68444.0,0.3642,0
2231,65,East,Salaried,Construction,83498.0,697.0,51.58,15.83,51.21,49319.0,0.3578,0
2232,65,North,Salaried,Manufacturing,75371.0,688.0,25.45,28.16,61.01,79694.0,0.2916,0
2233,51,West,Salaried,Healthcare,75893.0,571.0,39.13,51.89,70.82,32330.0,0.7882,0
2234,37,West,Salaried,Construction,79384.0,716.0,17.89,14.07,86.9,114464.0,0.216,0
2235,67,East,Salaried,Healthcare,83442.0,639.0,53.48,56.35,69.26,35001.0,0.7558,0
2236,39,East,Salaried,Construction,93814.0,726.0,34.41,40.13,93.25,46511.0,0.4304,0
2237,23,West,Salaried,Healthcare,50354.0,683.0,18.43,8.13,83.95,232370.0,0.2497,0
2238,66,North,SelfEmployed,Healthcare,86722.0,596.0,54.5,44.1,92.42,62728.0,0.8442,0
2239,50,North,Salaried,Retail,49237.0,696.0,16.2,30.3,80.23,103300.0,0.2857,0
2240,30,North,Salaried,Manufacturing,89028.0,673.0,44.49,11.03,88.27,67772.0,0.4748,0
2241,69,West,SelfEmployed,IT,81405.0,783.0,46.45,31.4,85.71,112895.0,0.3165,0
2242,49,North,SelfEmployed,Manufacturing,73468.0,580.0,65.82,31.47,53.96,89517.0,0.7965,0
2243,60,East,Salaried,Healthcare,74250.0,650.0,19.06,36.96,52.62,40166.0,0.3426,0
2244,38,West,Salaried,Healthcare,77738.0,629.0,49.2,37.98,87.54,24621.0,0.7322,0
2245,32,West,Salaried,Manufacturing,96820.0,747.0,32.85,43.68,44.66,31629.0,0.2324,0
2246,69,East,Salaried,Healthcare,95049.0,713.0,34.05,13.28,62.47,46510.0,0.2399,0
2247,43,North,Salaried,Construction,92708.0,745.0,40.11,5.48,85.14,79410.0,0.2482,0
2248,31,West,SelfEmployed,Healthcare,48072.0,633.0,24.03,71.24,84.73,98788.0,0.6975,0
2249,29,East,Salaried,Manufacturing,86524.0,642.0,37.67,35.36,47.63,58489.0,0.47,0
2250,44,North,SelfEmployed,Manufacturing,27045.0,703.0,51.21,60.23,66.82,65054.0,0.6126,0
2251,45,North,SelfEmployed,Manufacturing,32386.0,804.0,37.43,32.63,66.39,18816.0,0.1795,0
2252,45,West,SelfEmployed,Retail,97479.0,733.0,12.55,93.58,57.8,51949.0,0.3867,0
2253,67,East,Salaried,Retail,46061.0,647.0,25.47,33.39,90.44,57124.0,0.5162,0
2254,29,West,SelfEmployed,Retail,71418.0,713.0,31.09,59.45,75.92,74939.0,0.47,0
2255,32,West,Salaried,Retail,103087.0,736.0,31.28,24.8,93.91,50867.0,0.3177,0
2256,31,East,Salaried,Retail,86675.0,618.0,14.86,51.6,43.67,46611.0,0.4252,0
2257,69,East,Salaried,Retail,82400.0,685.0,36.97,57.14,61.69,153914.0,0.5201,0
2258,58,South,Salaried,Retail,73912.0,689.0,51.52,21.45,85.93,30056.0,0.5305,0
2259,48,South,Salaried,Manufacturing,77518.0,808.0,12.92,16.13,63.25,118569.0,0.0649,0
2260,28,South,Salaried,IT,62496.0,706.0,55.06,92.62,54.4,81779.0,0.7335,0
2261,30,West,Salaried,Retail,65408.0,800.0,67.31,85.39,94.88,56216.0,0.7114,0
2262,45,East,Salaried,Manufacturing,76729.0,655.0,10.56,64.41,88.02,180091.0,0.531,1
2263,67,West,Salaried,IT,79648.0,733.0,21.62,82.49,70.06,57975.0,0.4429,0
2264,56,South,Salaried,Retail,71843.0,617.0,42.61,13.6,70.89,39009.0,0.5488,0
2265,63,East,SelfEmployed,IT,30273.0,737.0,23.08,70.64,40.38,66637.0,0.2873,0
2266,29,East,Salaried,IT,106297.0,677.0,55.88,30.7,93.95,92770.0,0.6642,0
2267,61,East,Salaried,Construction,93746.0,681.0,28.73,53.55,84.35,78930.0,0.5357,0
2268,28,East,Salaried,Healthcare,70919.0,743.0,27.62,73.83,42.02,45702.0,0.3225,0
2269,23,North,Salaried,Construction,94369.0,749.0,10.06,8.01,49.7,83497.0,0.0737,0
2270,38,East,Salaried,IT,67829.0,718.0,26.21,67.54,85.16,25361.0,0.4953,0
2271,66,North,Salaried,Manufacturing,81351.0,808.0,23.06,44.14,44.78,118257.0,0.1102,0
2272,55,South,SelfEmployed,Retail,36536.0,704.0,30.59,44.57,91.8,89327.0,0.4738,0
2273,37,South,Salaried,Healthcare,80135.0,720.0,18.86,86.66,94.99,20240.0,0.5689,0
2274,56,East,Salaried,Retail,69373.0,716.0,45.68,82.38,88.75,41529.0,0.7192,0
2275,48,West,Salaried,Manufacturing,79361.0,742.0,24.32,10.18,80.64,111652.0,0.1783,0
2276,35,East,SelfEmployed,Healthcare,109198.0,701.0,59.91,60.65,66.8,53364.0,0.6787,0
2277,39,East,Salaried,Construction,74638.0,639.0,27.07,44.23,44.53,58822.0,0.4325,0
2278,42,East,Salaried,IT,65850.0,723.0,22.65,15.6,80.17,120935.0,0.217,0
2279,26,East,Salaried,Manufacturing,66072.0,608.0,13.41,81.59,61.83,44509.0,0.6531,0
2280,67,North,Salaried,IT,46677.0,751.0,54.39,11.44,71.36,20489.0,0.303,0
2281,27,South,Salaried,IT,83085.0,770.0,40.49,7.89,56.14,119505.0,0.1495,0
2282,64,South,Salaried,Retail,85689.0,671.0,16.83,22.78,53.32,48119.0,0.2317,0
2283,68,South,Salaried,Manufacturing,76308.0,669.0,23.28,32.3,57.84,59086.0,0.326,0
2284,29,North,Salaried,IT,93398.0,583.0,69.92,10.48,84.76,54324.0,0.8176,0
2285,40,North,Salaried,Construction,93588.0,697.0,58.36,62.72,63.46,46980.0,0.6769,1
2286,57,South,Salaried,Healthcare,76397.0,723.0,30.99,44.34,57.14,38888.0,0.3087,0
2287,31,West,Salaried,Manufacturing,86710.0,720.0,42.55,42.1,63.81,54721.0,0.4076,0
2288,22,South,Salaried,Retail,118454.0,716.0,34.96,18.08,41.78,37121.0,0.2019,0
2289,42,South,SelfEmployed,Manufacturing,58559.0,684.0,12.18,44.4,88.98,118837.0,0.3768,0
2290,68,North,SelfEmployed,Retail,90463.0,755.0,56.72,40.11,70.35,109961.0,0.4409,0
2291,56,East,Salaried,Healthcare,76736.0,642.0,53.02,39.53,45.77,78953.0,0.598,0
2292,25,South,Salaried,Construction,95915.0,644.0,34.53,24.67,55.86,77696.0,0.4211,0
2293,27,North,Salaried,IT,59130.0,619.0,60.75,13.5,94.1,25598.0,0.7434,1
2294,26,East,Salaried,Manufacturing,79006.0,661.0,42.08,28.46,72.62,105401.0,0.5163,0
2295,42,North,Salaried,Retail,61408.0,631.0,13.91,65.05,56.03,47831.0,0.4989,0
2296,30,North,SelfEmployed,Healthcare,39660.0,563.0,25.56,11.56,63.45,117609.0,0.5183,0
2297,66,North,Salaried,IT,103088.0,657.0,37.71,39.41,54.22,139903.0,0.479,0
2298,60,North,Salaried,Healthcare,66311.0,749.0,16.21,51.29,41.75,53059.0,0.1682,0
2299,66,North,Salaried,Construction,58150.0,717.0,44.26,91.68,86.31,19511.0,0.7374,0
2300,66,South,Salaried,IT,63462.0,738.0,17.23,80.94,56.09,67217.0,0.343,0
2301,40,West,Salaried,IT,111489.0,732.0,22.03,87.5,86.11,33572.0,0.5339,0
2302,48,East,Salaried,IT,101211.0,681.0,63.64,78.8,66.32,44366.0,0.8059,0
2303,43,East,Salaried,Retail,70636.0,686.0,69.99,58.02,50.06,53881.0,0.7106,0
2304,55,South,SelfEmployed,IT,92227.0,657.0,43.02,82.47,84.1,96161.0,0.7993,0
2305,21,West,Salaried,Healthcare,53492.0,715.0,47.18,55.87,60.74,74976.0,0.5113,0
2306,49,South,SelfEmployed,Retail,85471.0,850.0,57.85,37.2,78.93,129252.0,0.2522,0
2307,29,North,SelfEmployed,IT,66389.0,622.0,51.77,38.51,86.05,40249.0,0.7588,0
2308,29,East,Salaried,Healthcare,83722.0,760.0,20.95,55.89,92.96,105186.0,0.3301,0
2309,42,North,Salaried,Healthcare,47524.0,668.0,34.7,77.85,44.72,88208.0,0.5839,0
2310,22,South,Salaried,Manufacturing,63097.0,787.0,42.11,17.03,40.46,83846.0,0.1288,0
2311,36,East,SelfEmployed,Healthcare,78638.0,722.0,31.58,8.53,70.16,104380.0,0.2141,0
2312,60,West,Salaried,Construction,78427.0,666.0,20.57,76.06,54.53,90632.0,0.5126,0
2313,26,South,Salaried,IT,45744.0,686.0,54.17,63.28,65.8,26676.0,0.6833,0
2314,33,East,Salaried,IT,55563.0,743.0,21.93,78.92,44.0,44856.0,0.3135,0
2315,53,West,Salaried,IT,83468.0,801.0,25.63,92.9,67.59,97474.0,0.3491,0
2316,39,North,SelfEmployed,Healthcare,81120.0,748.0,27.19,27.63,46.87,76257.0,0.1594,0
2317,35,South,Salaried,Healthcare,88110.0,673.0,19.71,22.49,86.12,100678.0,0.3428,0
2318,53,South,Salaried,IT,78804.0,729.0,60.97,35.69,81.77,66308.0,0.5565,1
2319,30,South,Salaried,Retail,53936.0,796.0,46.64,84.02,44.07,45913.0,0.3852,0
2320,21,South,SelfEmployed,Retail,67923.0,728.0,60.08,6.26,86.0,39724.0,0.4228,0
2321,32,West,Salaried,Construction,85620.0,692.0,39.62,5.95,57.87,26286.0,0.2696,0
2322,63,East,Salaried,Manufacturing,54966.0,615.0,41.17,24.51,59.41,77940.0,0.5535,0
2323,49,East,Salaried,Construction,52479.0,774.0,46.97,38.83,49.89,29048.0,0.2585,0
2324,37,South,Salaried,IT,68941.0,692.0,32.26,32.21,85.94,59892.0,0.4325,0
2325,24,West,Salaried,IT,80429.0,658.0,39.8,79.24,62.26,56530.0,0.7084,0
2326,49,West,Salaried,IT,38143.0,744.0,42.81,67.08,42.69,104528.0,0.3957,0
2327,27,West,Salaried,Manufacturing,70150.0,746.0,67.21,80.41,93.14,188483.0,0.7872,0
2328,64,North,Salaried,Healthcare,85371.0,645.0,62.97,39.54,54.07,49326.0,0.6889,0
2329,33,East,Salaried,Manufacturing,89307.0,655.0,17.75,58.62,91.49,77846.0,0.5696,0
2330,25,North,Salaried,Construction,54925.0,734.0,12.48,51.39,56.57,59820.0,0.208,0
2331,26,South,Salaried,Healthcare,82439.0,773.0,50.82,47.73,85.73,38261.0,0.4476,0
2332,54,North,SelfEmployed,Healthcare,94874.0,680.0,12.95,30.93,76.53,108102.0,0.2896,1
2333,27,East,SelfEmployed,Construction,87134.0,688.0,13.62,68.83,87.37,73126.0,0.4925,0
2334,66,East,Salaried,Healthcare,66762.0,659.0,19.56,52.16,93.69,80392.0,0.5497,0
2335,48,North,Salaried,Retail,27296.0,774.0,31.1,12.07,87.93,93786.0,0.1831,0
2336,66,South,Salaried,Construction,79187.0,739.0,36.1,5.05,62.2,94125.0,0.1784,0
2337,30,South,Salaried,Construction,106571.0,633.0,41.16,6.83,84.8,55141.0,0.5156,0
2338,24,South,Salaried,Retail,91481.0,800.0,69.54,11.84,79.14,101239.0,0.3238,0
2339,23,North,Salaried,Manufacturing,90092.0,850.0,33.11,38.39,43.39,55203.0,0.088,0
2340,45,South,Salaried,Manufacturing,78370.0,592.0,24.57,32.51,91.14,32790.0,0.642,1
2341,43,West,SelfEmployed,Manufacturing,92936.0,721.0,44.52,19.1,65.63,76819.0,0.3192,0
2342,47,North,Salaried,Healthcare,81065.0,607.0,22.91,51.39,47.39,117912.0,0.5259,0
2343,34,North,Salaried,Retail,40074.0,682.0,66.43,92.32,63.4,42862.0,0.8479,1
2344,58,South,Salaried,Construction,92832.0,612.0,25.56,19.46,73.17,27158.0,0.471,0
2345,52,West,Salaried,Construction,57777.0,788.0,69.4,27.55,71.51,63780.0,0.395,0
2346,43,East,Salaried,Construction,76345.0,678.0,35.12,46.59,71.61,35475.0,0.5076,0
2347,67,East,Salaried,Healthcare,89784.0,761.0,58.76,62.68,54.07,45074.0,0.4927,0
2348,60,South,Salaried,Healthcare,60017.0,710.0,48.9,59.02,74.8,62771.0,0.6025,0
2349,57,East,Salaried,Manufacturing,55291.0,802.0,66.01,51.91,89.91,13615.0,0.5236,0
2350,23,North,SelfEmployed,Healthcare,84543.0,627.0,47.53,71.35,61.38,47642.0,0.7772,0
2351,55,East,Salaried,Manufacturing,52729.0,568.0,44.87,81.14,74.68,49421.0,0.8962,0
2352,33,West,Salaried,Manufacturing,71144.0,665.0,49.17,94.91,53.42,150942.0,0.781,0
2353,54,East,Salaried,Construction,97567.0,678.0,57.19,46.9,42.66,55372.0,0.5665,0
2354,44,West,Salaried,Healthcare,107530.0,604.0,63.93,94.55,72.22,173865.0,0.9307,0
2355,21,East,Salaried,Manufacturing,39367.0,726.0,26.01,70.74,42.62,111053.0,0.3378,1
2356,32,North,Salaried,Retail,70626.0,723.0,22.05,64.16,79.8,74916.0,0.4165,0
2357,28,West,SelfEmployed,Retail,100401.0,780.0,12.06,62.57,76.87,71603.0,0.2169,0
2358,39,North,SelfEmployed,Healthcare,67038.0,762.0,32.2,86.97,60.31,70442.0,0.4352,0
2359,29,East,Salaried,Construction,90838.0,670.0,60.77,90.31,62.62,64068.0,0.8345,0
2360,48,North,SelfEmployed,Construction,92346.0,631.0,14.19,21.06,90.48,28557.0,0.413,0
2361,34,North,Salaried,Manufacturing,62780.0,597.0,42.31,49.41,40.72,71246.0,0.6563,0
2362,47,South,Salaried,Healthcare,83572.0,688.0,51.69,89.73,70.98,62800.0,0.7822,0
2363,38,South,Salaried,Retail,84789.0,687.0,60.21,39.39,90.78,66503.0,0.6974,0
2364,62,South,SelfEmployed,Manufacturing,93204.0,723.0,45.01,25.94,90.27,143048.0,0.4358,0
2365,61,East,Salaried,Manufacturing,42497.0,602.0,21.18,14.24,72.16,53975.0,0.4332,0
2366,26,North,Salaried,IT,100857.0,708.0,67.87,58.75,60.97,35152.0,0.6881,0
2367,53,North,Salaried,Healthcare,88737.0,732.0,15.68,68.02,45.44,45236.0,0.2584,0
2368,57,East,Salaried,Manufacturing,52392.0,661.0,56.14,22.6,49.56,90915.0,0.5046,0
2369,62,South,Salaried,Retail,72444.0,734.0,15.19,65.63,77.38,69024.0,0.3409,0
2370,45,East,SelfEmployed,IT,91757.0,686.0,18.61,85.97,40.91,61269.0,0.4466,1
2371,33,East,Salaried,Retail,53458.0,771.0,63.89,26.92,88.59,30130.0,0.4559,0
2372,43,West,Salaried,Construction,56509.0,786.0,55.18,15.98,72.34,108983.0,0.2592,0
2373,56,East,Salaried,IT,75372.0,702.0,31.93,80.19,42.48,44098.0,0.4831,0
2374,53,South,Salaried,IT,66275.0,752.0,48.32,87.48,53.19,71701.0,0.5576,0
2375,41,East,Salaried,Manufacturing,80017.0,619.0,37.43,24.34,72.68,56943.0,0.5649,0
2376,54,South,Salaried,Construction,91459.0,672.0,13.99,69.92,41.96,27060.0,0.3735,1
2377,56,South,Salaried,Manufacturing,80445.0,722.0,53.27,58.18,82.9,72056.0,0.6306,0
2378,37,West,Salaried,Healthcare,74794.0,673.0,55.8,26.53,90.6,32889.0,0.6414,0
2379,30,South,Salaried,Retail,91551.0,683.0,62.94,79.13,92.87,70843.0,0.8557,0
2380,43,West,Salaried,Retail,72902.0,642.0,42.44,47.34,80.35,46076.0,0.6813,0
2381,64,West,Salaried,Manufacturing,60085.0,804.0,50.39,68.03,87.13,54395.0,0.4725,0
2382,22,West,Salaried,Retail,98106.0,643.0,36.28,32.13,73.59,85372.0,0.5395,0
2383,55,West,SelfEmployed,Retail,26627.0,746.0,29.13,78.42,65.22,31859.0,0.4275,0
2384,34,South,Salaried,Healthcare,76281.0,670.0,34.7,28.79,79.22,281893.0,0.4646,0
2385,67,South,Salaried,Construction,67732.0,737.0,64.71,37.83,52.33,39231.0,0.465,0
2386,65,East,Salaried,IT,56540.0,662.0,19.85,40.23,46.04,84885.0,0.3139,0
2387,61,South,Salaried,Manufacturing,80972.0,679.0,24.91,23.58,81.9,93985.0,0.3566,0
2388,22,East,SelfEmployed,Manufacturing,84194.0,724.0,46.37,83.69,92.7,128504.0,0.7238,0
2389,39,East,Salaried,Healthcare,58420.0,736.0,16.98,15.21,71.76,42862.0,0.1514,0
2390,36,East,Salaried,Healthcare,47081.0,753.0,63.51,55.68,66.54,41189.0,0.5597,0
2391,63,South,Salaried,IT,48881.0,702.0,12.83,78.27,69.39,103622.0,0.4315,0
2392,64,North,Salaried,Construction,111265.0,764.0,55.32,57.28,66.32,78610.0,0.4763,0
2393,45,South,SelfEmployed,Manufacturing,113474.0,714.0,32.42,34.42,64.32,79489.0,0.3179,0
2394,21,North,Salaried,Healthcare,75591.0,691.0,13.07,75.32,92.09,120425.0,0.5299,0
2395,22,West,Salaried,Manufacturing,47569.0,751.0,60.58,49.93,66.39,62803.0,0.5136,0
2396,68,South,Salaried,Retail,72093.0,706.0,48.43,19.67,44.46,65541.0,0.3098,0
2397,47,North,Salaried,Manufacturing,30987.0,714.0,10.53,33.52,82.1,116383.0,0.236,0
2398,22,North,SelfEmployed,Construction,81294.0,641.0,26.05,58.27,61.54,65389.0,0.553,0
2399,50,East,Salaried,Construction,55119.0,661.0,31.12,64.29,79.09,36058.0,0.6321,0
2400,30,East,Salaried,Manufacturing,50796.0,724.0,29.35,54.33,71.88,38206.0,0.3896,0
2401,39,South,Salaried,Retail,94553.0,647.0,39.9,29.48,79.22,52379.0,0.5633,0
2402,62,North,Salaried,Construction,71915.0,702.0,41.61,58.44,43.41,71551.0,0.4504,0
2403,36,South,Salaried,Healthcare,92314.0,586.0,33.81,34.92,41.86,96681.0,0.557,0
2404,33,South,Salaried,Manufacturing,99138.0,814.0,29.91,25.24,60.82,198549.0,0.1112,0
2405,68,East,Salaried,Retail,73212.0,740.0,40.26,90.1,78.12,52934.0,0.6288,0
2406,28,East,Salaried,Healthcare,74897.0,673.0,12.02,33.34,52.3,29715.0,0.2371,0
2407,51,South,Salaried,Manufacturing,96165.0,790.0,48.71,35.21,63.84,26972.0,0.2628,0
2408,65,North,SelfEmployed,Retail,64224.0,646.0,46.36,85.71,93.94,53790.0,0.8581,0
2409,45,West,Salaried,Healthcare,98093.0,666.0,26.75,17.84,51.82,59580.0,0.2736,0
2410,59,South,Salaried,Construction,34535.0,730.0,20.77,57.61,86.64,81412.0,0.3824,0
2411,41,East,Salaried,Manufacturing,67904.0,756.0,14.38,75.53,85.4,203551.0,0.3576,0
2412,58,North,Salaried,Manufacturing,78745.0,666.0,45.24,29.63,89.02,81551.0,0.5935,0
2413,61,South,Salaried,Construction,50900.0,728.0,44.13,80.97,90.33,62512.0,0.6842,0
2414,49,North,SelfEmployed,IT,82391.0,720.0,42.0,74.27,67.9,98790.0,0.5774,0
2415,26,East,Salaried,Healthcare,78444.0,698.0,69.14,48.75,77.51,27127.0,0.7265,0
2416,38,West,Salaried,Construction,60356.0,667.0,41.89,15.68,74.04,67835.0,0.4395,0
2417,69,South,Salaried,Manufacturing,59591.0,751.0,53.31,92.31,56.99,26539.0,0.6329,0
2418,64,North,Salaried,Healthcare,57559.0,579.0,16.78,61.18,55.39,121038.0,0.6264,0
2419,55,North,Salaried,Healthcare,43669.0,708.0,27.94,51.54,58.79,30479.0,0.3583,0
2420,47,South,Salaried,IT,107202.0,659.0,26.53,84.69,52.02,98458.0,0.6059,0
2421,25,North,Salaried,Manufacturing,70792.0,693.0,44.56,42.92,81.66,89872.0,0.5605,0
2422,27,North,Salaried,Retail,47941.0,658.0,29.85,55.73,93.05,125102.0,0.6393,0
2423,30,West,Salaried,IT,72554.0,628.0,48.46,82.26,87.73,37781.0,0.8686,0
2424,30,South,Salaried,IT,79798.0,661.0,51.41,40.37,51.99,58155.0,0.5663,0
2425,48,South,Salaried,Retail,58639.0,667.0,12.02,74.52,42.86,97874.0,0.3957,0
2426,56,West,Salaried,Retail,67707.0,686.0,48.39,28.05,81.64,71230.0,0.5315,0
2427,30,North,Salaried,IT,101080.0,699.0,17.01,68.21,61.46,76531.0,0.3902,1
2428,55,West,Salaried,Healthcare,51644.0,738.0,37.91,50.94,85.35,86584.0,0.4527,0
2429,55,South,Salaried,Construction,63368.0,789.0,53.59,19.84,82.86,50709.0,0.2908,0
2430,57,West,Salaried,Construction,34892.0,704.0,52.2,17.24,74.4,36996.0,0.4344,0
2431,68,East,Salaried,IT,111466.0,637.0,27.99,46.19,54.04,40322.0,0.4876,0
2432,40,West,Salaried,Healthcare,88163.0,747.0,26.34,68.98,45.72,57260.0,0.2974,0
2433,33,West,Salaried,Retail,74009.0,716.0,36.41,59.3,53.9,41242.0,0.4201,1
2434,31,South,Salaried,IT,60639.0,640.0,21.32,81.93,68.04,51905.0,0.6564,0
2435,65,West,Salaried,Manufacturing,59640.0,705.0,68.48,40.07,93.87,59171.0,0.7248,0
2436,39,South,SelfEmployed,Healthcare,69618.0,741.0,30.7,80.93,43.5,127938.0,0.3861,0
2437,48,South,Salaried,Manufacturing,84923.0,649.0,65.38,8.33,51.0,34582.0,0.5375,0
2438,58,South,Salaried,Manufacturing,53728.0,666.0,64.5,37.92,74.5,40973.0,0.7108,1
2439,65,East,Salaried,IT,65738.0,705.0,31.89,11.57,56.74,58618.0,0.2216,0
2440,24,North,Salaried,Healthcare,92145.0,683.0,25.25,87.73,87.22,35771.0,0.678,0
2441,57,East,Salaried,Manufacturing,107183.0,607.0,56.25,47.78,47.67,13077.0,0.7382,0
2442,39,East,Salaried,Healthcare,85871.0,841.0,23.76,33.45,92.97,44009.0,0.1323,0
2443,57,West,Salaried,Construction,61755.0,664.0,41.27,49.32,90.18,52528.0,0.6657,0
2444,34,West,Salaried,Manufacturing,71900.0,658.0,16.64,52.96,88.81,65579.0,0.5152,0
2445,51,South,Salaried,Manufacturing,83246.0,677.0,33.16,81.16,49.52,36890.0,0.5835,0
2446,48,South,Salaried,Healthcare,69171.0,693.0,14.69,53.82,58.12,138200.0,0.3113,0
2447,56,South,Salaried,Construction,89237.0,719.0,27.01,43.82,84.23,88287.0,0.3808,1
2448,64,North,Salaried,Manufacturing,60399.0,635.0,49.92,91.52,84.43,34407.0,0.88,0
2449,58,North,Salaried,IT,107266.0,775.0,69.48,92.17,78.78,44105.0,0.7524,0
2450,39,South,Salaried,Healthcare,73250.0,614.0,25.29,8.46,64.64,42470.0,0.3794,0
2451,62,South,Salaried,Healthcare,62378.0,673.0,38.4,68.62,57.14,35022.0,0.6,0
2452,21,West,Salaried,Manufacturing,86832.0,745.0,36.88,38.46,92.96,106277.0,0.3936,0
2453,43,East,Salaried,Construction,55417.0,742.0,21.05,65.77,47.66,35125.0,0.2683,0
2454,48,South,Salaried,Manufacturing,77958.0,532.0,46.6,62.32,42.41,63098.0,0.8467,0
2455,68,East,SelfEmployed,Retail,103028.0,696.0,53.48,34.71,40.5,46194.0,0.4254,0
2456,24,North,SelfEmployed,Manufacturing,50669.0,703.0,18.83,93.8,82.63,54193.0,0.5997,0
2457,61,South,Salaried,Retail,98828.0,713.0,55.43,37.14,43.12,100165.0,0.4177,0
2458,38,East,Salaried,IT,49179.0,663.0,52.01,61.88,69.63,70178.0,0.7233,0
2459,69,South,Salaried,Healthcare,91410.0,684.0,21.84,78.2,60.2,71809.0,0.5076,0
2460,67,South,Salaried,Healthcare,56067.0,730.0,48.94,18.09,48.08,70123.0,0.2683,0
2461,59,West,Salaried,Construction,98836.0,744.0,33.62,32.05,80.73,76247.0,0.3033,1
2462,45,West,Salaried,Manufacturing,63478.0,613.0,50.87,22.91,43.03,35451.0,0.5613,0
2463,38,East,SelfEmployed,IT,67870.0,727.0,39.77,75.36,57.51,42608.0,0.5097,0
2464,26,East,Salaried,Retail,56231.0,721.0,12.89,77.11,70.92,72059.0,0.3864,0
2465,39,East,Salaried,Construction,26760.0,750.0,57.22,28.03,62.13,41712.0,0.3675,0
2466,32,North,Salaried,IT,52153.0,648.0,43.34,5.37,54.25,50215.0,0.3763,0
2467,45,South,SelfEmployed,IT,41309.0,726.0,53.49,43.1,90.93,68674.0,0.5791,1
2468,55,North,Salaried,Retail,34162.0,587.0,17.56,66.84,91.2,103985.0,0.7516,0
2469,21,South,Salaried,Retail,80879.0,678.0,53.28,61.03,62.89,91783.0,0.6763,0
2470,25,East,Salaried,Healthcare,105497.0,680.0,34.82,45.11,61.66,133169.0,0.4546,0
2471,21,North,SelfEmployed,Manufacturing,110947.0,705.0,57.96,32.17,56.91,64428.0,0.4847,0
2472,28,West,Salaried,Construction,51748.0,743.0,45.95,47.69,87.07,63515.0,0.4884,0
2473,59,West,SelfEmployed,Manufacturing,72802.0,634.0,31.29,6.36,71.24,43009.0,0.3874,1
2474,67,East,Salaried,Construction,98296.0,772.0,22.12,11.65,44.92,79009.0,0.0832,0
2475,63,East,Salaried,IT,48768.0,559.0,58.96,19.64,86.93,112124.0,0.8354,0
2476,38,West,Salaried,Retail,99072.0,599.0,43.61,61.29,69.42,45198.0,0.7922,0
2477,66,North,Salaried,Retail,99401.0,756.0,69.25,24.69,62.86,74830.0,0.4255,0
2478,29,West,Salaried,IT,36078.0,706.0,32.41,43.1,58.58,104762.0,0.3545,0
2479,25,North,SelfEmployed,IT,27878.0,802.0,51.14,60.93,45.47,39450.0,0.3017,0
2480,24,West,Salaried,Construction,66995.0,746.0,47.37,79.75,92.62,78786.0,0.6673,0
2481,64,South,Salaried,IT,93761.0,701.0,48.25,54.47,80.77,81060.0,0.6204,0
2482,49,West,Salaried,Construction,44605.0,670.0,54.22,20.94,47.25,19659.0,0.45,0
2483,21,West,Salaried,Manufacturing,34234.0,662.0,18.35,90.66,68.12,45807.0,0.6252,0
2484,50,North,Salaried,Retail,76287.0,722.0,42.98,13.1,70.56,34278.0,0.2972,0
2485,65,South,Salaried,Retail,87655.0,665.0,40.55,38.04,49.23,46355.0,0.4538,0
2486,21,West,Salaried,Retail,61396.0,715.0,30.55,87.92,63.5,48613.0,0.5567,0
2487,23,South,Salaried,Manufacturing,63031.0,659.0,36.17,59.21,75.52,58766.0,0.6359,0
2488,42,West,SelfEmployed,Manufacturing,87534.0,712.0,41.13,64.64,55.62,94214.0,0.4974,0
2489,28,East,Salaried,Healthcare,57602.0,792.0,29.26,32.15,58.24,110177.0,0.1444,0
2490,38,South,SelfEmployed,Construction,59103.0,733.0,27.59,12.07,46.71,65344.0,0.1403,0
2491,45,South,Salaried,Construction,80546.0,672.0,54.3,37.92,62.73,114572.0,0.5889,0
2492,68,North,Salaried,Healthcare,82780.0,721.0,14.02,41.19,72.11,90686.0,0.2433,0
2493,40,West,Salaried,Retail,70521.0,717.0,28.78,29.32,46.41,57370.0,0.2193,0
2494,51,South,Salaried,Construction,104690.0,712.0,49.22,24.39,73.81,124616.0,0.425,0
2495,50,East,SelfEmployed,Construction,89995.0,723.0,22.53,37.0,61.88,61913.0,0.243,0
2496,36,South,Salaried,Retail,67981.0,754.0,44.34,62.55,77.3,67767.0,0.4865,0
2497,22,East,Salaried,IT,49186.0,764.0,28.13,90.41,57.32,36901.0,0.4054,0
2498,37,West,SelfEmployed,IT,94828.0,700.0,60.6,68.34,71.27,71681.0,0.7315,0
2499,30,West,Salaried,Healthcare,95530.0,617.0,31.0,75.16,73.7,73935.0,0.7532,1
2500,27,South,Salaried,Manufacturing,73019.0,705.0,23.77,32.55,77.98,92327.0,0.3171,0
2501,62,West,Salaried,Construction,80538.0,691.0,41.81,14.42,81.63,53498.0,0.4041,0
2502,29,West,SelfEmployed,Construction,89025.0,733.0,18.14,31.24,47.5,41610.0,0.1546,0
2503,37,East,Salaried,Healthcare,107062.0,627.0,57.85,41.24,93.09,73469.0,0.8074,1
2504,29,West,Salaried,Healthcare,92745.0,730.0,50.8,67.09,86.4,86659.0,0.6483,0
2505,29,North,Salaried,Construction,83900.0,708.0,56.23,89.54,70.93,50580.0,0.7712,0
2506,57,North,SelfEmployed,Retail,93595.0,642.0,33.93,77.84,88.97,39333.0,0.7762,0
2507,44,West,Salaried,Retail,98022.0,576.0,60.1,28.98,61.03,48722.0,0.7846,0
2508,59,South,Salaried,Manufacturing,80414.0,752.0,39.61,78.83,41.89,132426.0,0.4065,0
2509,31,West,Salaried,Construction,93351.0,641.0,15.68,42.06,79.99,36796.0,0.4638,0
2510,28,West,SelfEmployed,Construction,61474.0,611.0,23.44,20.79,91.88,36303.0,0.5338,0
2511,45,North,SelfEmployed,Construction,95705.0,666.0,52.66,46.51,48.9,152391.0,0.5824,0
2512,66,West,SelfEmployed,Construction,61640.0,770.0,63.79,55.69,75.41,55363.0,0.5513,0
2513,22,South,Salaried,Healthcare,54833.0,712.0,15.71,73.71,84.74,32485.0,0.4624,0
2514,30,East,Salaried,IT,72423.0,727.0,61.85,36.49,89.78,29529.0,0.6024,0
2515,44,East,Salaried,Construction,48165.0,697.0,57.94,18.21,55.21,79774.0,0.4279,0
2516,68,West,SelfEmployed,IT,63070.0,718.0,31.39,13.49,47.08,70800.0,0.1805,0
2517,36,North,Salaried,Retail,82569.0,688.0,51.36,15.12,53.63,80098.0,0.3823,0
2518,39,South,Salaried,Manufacturing,80558.0,672.0,21.22,90.5,71.77,38921.0,0.6355,0
2519,51,East,Salaried,Retail,87791.0,662.0,58.8,90.66,90.53,33065.0,0.8879,0
2520,31,East,Salaried,Construction,88100.0,682.0,49.44,92.19,72.04,78391.0,0.7927,1
2521,26,East,Salaried,Retail,82484.0,845.0,36.33,32.22,90.58,35493.0,0.1673,0
2522,26,North,Salaried,Healthcare,57967.0,734.0,61.87,22.25,82.35,55134.0,0.486,0
2523,52,South,Salaried,IT,93465.0,649.0,18.35,93.28,72.91,38460.0,0.6845,0
2524,59,South,Salaried,Construction,72808.0,620.0,60.75,93.94,41.2,136499.0,0.8662,1
2525,68,West,Salaried,Healthcare,79805.0,695.0,11.43,12.05,58.32,94957.0,0.1497,0
2526,33,South,Salaried,IT,77082.0,597.0,55.19,72.73,43.16,223563.0,0.8225,1
2527,23,North,Salaried,Healthcare,106492.0,754.0,44.4,30.98,57.72,82401.0,0.2737,0
2528,61,West,Salaried,Retail,51102.0,547.0,51.8,86.84,43.43,70025.0,0.9024,0
2529,55,North,Salaried,Construction,68138.0,681.0,34.74,13.03,49.23,84110.0,0.2647,0
2530,58,West,Salaried,Retail,85627.0,592.0,61.87,84.97,62.59,27266.0,0.9109,1
2531,37,East,Salaried,Manufacturing,75438.0,727.0,28.79,5.24,68.32,24553.0,0.1786,0
2532,23,West,Salaried,Construction,65306.0,655.0,26.5,51.98,51.94,85453.0,0.4547,0
2533,54,South,Salaried,Retail,36639.0,742.0,28.11,35.2,80.29,44781.0,0.2847,0
2534,32,North,Salaried,Construction,69261.0,570.0,56.46,43.46,72.47,59858.0,0.8453,0
2535,44,East,SelfEmployed,IT,82248.0,768.0,39.72,44.04,78.05,26518.0,0.3352,0
2536,26,West,Salaried,Construction,85870.0,721.0,42.23,63.82,80.3,46197.0,0.5713,0
2537,62,East,Salaried,Construction,71639.0,698.0,59.9,7.08,79.98,49977.0,0.4773,0
2538,31,North,Salaried,IT,78560.0,649.0,60.0,67.22,91.49,95076.0,0.8547,0
2539,68,West,Salaried,Retail,52130.0,681.0,19.7,7.0,53.05,63992.0,0.1769,0
2540,47,West,Salaried,Construction,82788.0,743.0,42.99,21.67,54.86,30031.0,0.2434,0
2541,68,East,Salaried,Healthcare,75189.0,650.0,17.56,59.61,45.18,46151.0,0.4129,0
2542,44,West,Salaried,Construction,78304.0,693.0,62.11,12.78,72.59,104259.0,0.5062,0
2543,38,West,Salaried,Retail,70611.0,682.0,60.22,94.18,61.74,47776.0,0.8244,0
2544,47,East,SelfEmployed,IT,79256.0,711.0,60.96,75.59,67.29,93925.0,0.7293,0
2545,61,North,Salaried,Retail,87692.0,616.0,52.29,68.51,49.34,45550.0,0.78,0
2546,41,South,Salaried,Manufacturing,80109.0,787.0,38.01,29.09,75.7,70788.0,0.2204,0
2547,54,North,Salaried,Construction,38542.0,756.0,34.28,9.37,74.05,61659.0,0.1846,1
2548,53,South,Salaried,Construction,80523.0,594.0,33.71,93.09,54.56,56719.0,0.8184,1
2549,68,South,SelfEmployed,IT,67243.0,582.0,13.97,18.31,65.6,31072.0,0.425,0
2550,38,North,Salaried,Construction,60836.0,784.0,66.93,79.75,89.19,26723.0,0.7,0
2551,23,South,SelfEmployed,Healthcare,101983.0,704.0,37.02,22.78,82.54,67620.0,0.3809,0
2552,44,North,Salaried,Healthcare,56350.0,592.0,65.81,38.67,52.48,60994.0,0.7967,0
2553,21,West,Salaried,Retail,58606.0,670.0,62.76,67.42,88.34,45869.0,0.8324,0
2554,26,West,Salaried,IT,30172.0,683.0,59.72,90.08,43.7,38665.0,0.7636,0
2555,39,North,Salaried,Manufacturing,103810.0,738.0,45.3,6.78,62.77,116922.0,0.2319,0
2556,42,West,Salaried,Retail,92823.0,757.0,16.09,28.47,44.41,98245.0,0.1092,0
2557,63,East,Salaried,IT,68355.0,708.0,29.43,73.85,90.83,86948.0,0.598,0
2558,28,South,Salaried,IT,87256.0,690.0,46.22,20.61,42.24,134068.0,0.3286,0
2559,25,North,Salaried,Retail,30488.0,672.0,10.81,15.03,48.32,34567.0,0.1658,0
2560,29,East,SelfEmployed,Retail,84506.0,784.0,12.56,9.16,90.33,68722.0,0.1016,0
2561,67,West,Salaried,Construction,57859.0,675.0,50.66,50.22,72.02,29887.0,0.6475,0
2562,41,East,Salaried,Manufacturing,108475.0,731.0,63.29,74.1,83.74,48960.0,0.7458,1
2563,48,North,Salaried,Healthcare,82351.0,636.0,61.31,91.56,40.9,51275.0,0.8426,0
2564,66,North,Salaried,Construction,77620.0,624.0,20.09,29.07,63.05,42624.0,0.411,0
2565,24,South,Salaried,IT,58586.0,711.0,64.67,15.92,94.15,58691.0,0.576,0
2566,44,South,SelfEmployed,Manufacturing,58711.0,677.0,51.78,41.23,71.89,175510.0,0.6068,0
2567,28,North,SelfEmployed,Manufacturing,86851.0,618.0,52.98,9.99,86.73,68239.0,0.6604,0
2568,37,South,Salaried,Retail,58399.0,681.0,28.24,34.82,93.0,97735.0,0.4705,0
2569,54,West,SelfEmployed,Manufacturing,57612.0,849.0,52.96,62.88,77.68,63047.0,0.3249,0
2570,40,West,Salaried,Manufacturing,103142.0,698.0,52.59,20.13,58.02,25916.0,0.4069,0
2571,36,South,Salaried,IT,80751.0,682.0,45.68,61.87,56.97,43680.0,0.5968,0
2572,30,West,Salaried,Construction,53076.0,682.0,31.44,92.48,43.92,45820.0,0.594,0
2573,54,South,Salaried,Manufacturing,86035.0,772.0,58.66,82.78,63.53,58616.0,0.5985,0
2574,63,South,Salaried,Retail,69419.0,691.0,66.25,37.12,90.35,81003.0,0.7155,0
2575,30,North,Salaried,Construction,39684.0,715.0,62.19,42.93,66.29,92110.0,0.5793,0
2576,50,East,Salaried,Retail,65020.0,743.0,24.58,42.74,90.1,71283.0,0.3238,0
2577,50,West,Salaried,Manufacturing,54028.0,778.0,36.74,82.39,84.94,101747.0,0.4979,0
2578,45,East,Salaried,Construction,80116.0,656.0,30.54,94.44,94.13,43207.0,0.8028,0
2579,66,South,SelfEmployed,Manufacturing,61888.0,642.0,52.45,79.33,92.12,79279.0,0.8664,0
2580,63,East,Salaried,IT,76818.0,657.0,59.89,55.23,78.86,76899.0,0.7795,1
2581,61,North,Salaried,Construction,88325.0,739.0,22.95,13.76,87.92,93946.0,0.2043,0
2582,27,West,Salaried,Retail,122219.0,746.0,66.84,90.9,81.14,41502.0,0.7908,1
2583,67,East,Salaried,IT,114598.0,712.0,50.64,82.4,78.69,150338.0,0.7271,1
2584,40,South,Salaried,Healthcare,79465.0,759.0,23.11,80.73,79.36,40381.0,0.416,0
2585,37,East,Salaried,Retail,73948.0,746.0,32.27,40.26,79.66,47487.0,0.3223,0
2586,23,East,Salaried,Manufacturing,63098.0,663.0,16.28,45.25,60.87,86943.0,0.3611,0
2587,67,North,Salaried,Retail,42138.0,610.0,45.82,15.77,63.3,27312.0,0.5718,0
2588,66,East,Salaried,Healthcare,29274.0,674.0,20.15,89.41,56.17,37537.0,0.5619,0
2589,60,North,Salaried,Retail,58146.0,732.0,51.59,89.89,48.15,62521.0,0.6214,0
2590,56,East,Salaried,IT,107749.0,730.0,54.23,27.9,65.21,24061.0,0.4054,0
2591,46,West,Salaried,Retail,107062.0,592.0,38.76,67.64,89.5,40194.0,0.8442,0
2592,30,West,SelfEmployed,Construction,76433.0,558.0,15.63,23.31,75.82,62569.0,0.5595,0
2593,54,East,Salaried,Healthcare,84304.0,741.0,46.65,40.37,43.09,39683.0,0.3077,0
2594,34,East,SelfEmployed,Retail,62906.0,743.0,32.33,32.21,84.62,145945.0,0.311,0
2595,28,North,Salaried,Healthcare,74397.0,722.0,66.98,40.06,91.45,86041.0,0.6719,0
2596,47,West,SelfEmployed,IT,59477.0,754.0,40.79,32.81,85.62,75024.0,0.3477,0
2597,30,South,Salaried,Construction,59441.0,713.0,14.34,36.08,80.01,64226.0,0.2642,0
2598,35,South,Salaried,Manufacturing,87251.0,620.0,48.16,76.2,48.26,87850.0,0.7756,0
2599,57,South,SelfEmployed,Retail,62894.0,681.0,56.76,32.0,59.19,61630.0,0.5417,0
2600,42,North,Salaried,IT,84843.0,695.0,19.63,78.32,71.09,36475.0,0.5045,0
2601,65,East,Salaried,Healthcare,72056.0,666.0,36.94,56.11,44.23,71033.0,0.4965,0
2602,51,North,Salaried,Healthcare,103357.0,665.0,54.59,75.24,45.84,41864.0,0.7177,0
2603,22,East,Salaried,IT,86047.0,694.0,11.23,87.7,91.38,74174.0,0.5664,0
2604,65,South,SelfEmployed,Retail,79887.0,650.0,11.74,17.46,78.65,69404.0,0.2949,0
2605,51,North,Salaried,Manufacturing,46394.0,572.0,50.61,35.95,55.13,43667.0,0.749,1
2606,34,East,Salaried,Retail,65190.0,706.0,53.51,10.0,58.0,167583.0,0.3455,0
2607,30,North,Salaried,Construction,73994.0,775.0,60.75,41.62,61.14,113243.0,0.3953,0
2608,50,South,Salaried,Retail,76091.0,568.0,33.98,26.37,44.13,58252.0,0.5699,1
2609,56,East,Salaried,Construction,88265.0,710.0,33.39,56.45,80.65,77166.0,0.4977,0
2610,67,North,Salaried,Healthcare,79120.0,639.0,43.14,75.51,49.73,70760.0,0.7124,0
2611,60,West,Salaried,Construction,54335.0,741.0,55.44,48.77,84.28,45685.0,0.5609,1
2612,35,North,Salaried,Manufacturing,86842.0,723.0,48.46,35.03,86.52,79665.0,0.4934,1
2613,34,North,SelfEmployed,IT,65775.0,763.0,29.64,18.73,75.11,54267.0,0.1838,1
2614,51,East,Salaried,Construction,62049.0,649.0,30.79,7.41,82.34,29679.0,0.3926,0
2615,49,South,Salaried,Retail,52946.0,704.0,55.78,66.01,49.45,46365.0,0.6097,1
2616,47,North,Salaried,Construction,67973.0,849.0,42.08,7.75,71.68,46505.0,0.0952,0
2617,41,South,Salaried,Healthcare,63856.0,712.0,15.88,87.88,77.22,22757.0,0.5051,0
2618,29,South,Salaried,Construction,98215.0,743.0,19.18,58.48,76.39,116716.0,0.3133,1
2619,40,West,SelfEmployed,Manufacturing,69650.0,784.0,61.07,36.8,46.45,46033.0,0.3043,1
2620,55,South,Salaried,Construction,85643.0,647.0,69.93,8.77,58.94,49576.0,0.6075,0
2621,35,West,SelfEmployed,Manufacturing,38945.0,579.0,30.14,42.21,57.88,184507.0,0.6406,1
2622,44,West,Salaried,Retail,89889.0,598.0,33.2,83.06,71.49,36778.0,0.8172,0
2623,69,South,Salaried,Healthcare,87828.0,630.0,19.27,92.28,82.09,57113.0,0.7504,0
2624,36,West,Salaried,IT,45885.0,675.0,24.14,12.64,71.38,27047.0,0.2788,0
2625,56,South,Salaried,Retail,57563.0,730.0,35.48,74.94,81.52,43475.0,0.5592,1
2626,31,West,Salaried,Retail,61740.0,757.0,27.06,28.25,45.44,46136.0,0.1464,0
2627,28,North,SelfEmployed,IT,70946.0,635.0,52.09,39.15,88.3,104821.0,0.7437,0
2628,23,East,Salaried,Construction,60902.0,829.0,42.27,54.29,69.51,39459.0,0.2423,0
2629,39,South,SelfEmployed,Construction,70101.0,778.0,59.34,94.53,42.06,91602.0,0.5675,0
2630,66,South,Salaried,Construction,88071.0,670.0,53.47,23.79,75.38,230967.0,0.5657,0
2631,61,East,Salaried,Healthcare,63837.0,843.0,17.69,16.74,68.45,143649.0,0.0581,0
2632,23,East,Salaried,Retail,80945.0,736.0,17.4,58.55,52.12,14384.0,0.2439,0
2633,56,North,Salaried,Manufacturing,78511.0,696.0,63.74,81.77,82.04,76656.0,0.8276,0
2634,45,North,SelfEmployed,IT,20000.0,644.0,59.17,63.34,91.35,131359.0,0.8487,0
2635,56,East,Salaried,Retail,58843.0,633.0,38.08,36.28,57.75,39574.0,0.5382,0
2636,31,East,Salaried,Construction,94713.0,756.0,17.82,92.93,67.17,57377.0,0.3985,0
2637,36,West,Salaried,IT,57105.0,706.0,63.91,94.55,47.05,51201.0,0.7697,0
2638,37,West,Salaried,Manufacturing,53583.0,725.0,23.84,74.36,91.14,96504.0,0.5162,1
2639,62,West,Salaried,Retail,95718.0,632.0,12.13,77.22,57.53,47179.0,0.5507,1
2640,44,East,Salaried,Retail,78069.0,733.0,65.45,73.48,50.71,155678.0,0.6496,1
2641,37,South,Salaried,Healthcare,104145.0,704.0,58.54,28.19,66.31,110704.0,0.505,0
2642,68,North,Salaried,Retail,65704.0,635.0,51.61,18.52,42.38,27333.0,0.4889,1
2643,40,West,Salaried,Retail,99043.0,615.0,12.04,54.89,53.91,27503.0,0.4678,1
2644,42,East,Salaried,Manufacturing,57223.0,702.0,41.71,90.87,43.72,66501.0,0.611,0
2645,26,North,Salaried,Manufacturing,23631.0,741.0,49.22,84.05,47.01,53786.0,0.5503,1
2646,27,South,Salaried,IT,88465.0,764.0,55.56,14.62,46.17,57658.0,0.2253,0
2647,34,West,Salaried,Construction,86465.0,714.0,38.26,10.13,87.98,45039.0,0.3275,1
2648,31,East,Salaried,Manufacturing,88458.0,652.0,67.2,83.64,91.17,35192.0,0.9081,0
2649,32,South,Salaried,IT,70869.0,701.0,24.69,60.17,66.1,60689.0,0.419,0
2650,66,South,Salaried,Retail,104339.0,721.0,14.18,32.39,74.67,75787.0,0.2193,1
2651,25,North,Salaried,IT,92310.0,654.0,29.97,55.56,78.27,100755.0,0.597,0
2652,25,South,Salaried,IT,91498.0,672.0,49.71,24.95,61.52,109313.0,0.4865,0
2653,40,South,Salaried,IT,77433.0,702.0,54.23,90.23,60.36,61125.0,0.7445,0
2654,35,North,SelfEmployed,IT,48060.0,713.0,54.31,79.45,77.16,71581.0,0.7296,0
2655,46,West,Salaried,Manufacturing,76353.0,625.0,16.64,91.6,60.72,25874.0,0.6785,0
2656,53,South,Salaried,Construction,82189.0,667.0,63.11,21.84,71.96,85715.0,0.6202,1
2657,50,West,Salaried,IT,115656.0,708.0,26.85,80.93,68.34,116937.0,0.5287,0
2658,44,West,Salaried,Healthcare,80321.0,730.0,22.59,55.43,68.85,83081.0,0.3254,0
2659,43,North,Salaried,Retail,54078.0,708.0,46.87,34.25,85.61,58454.0,0.5104,0
2660,29,East,Salaried,Retail,84346.0,718.0,22.71,48.17,78.72,37085.0,0.3544,0
2661,23,South,Salaried,Retail,100150.0,715.0,40.48,89.99,92.84,37129.0,0.7317,1
2662,56,West,Salaried,Retail,109171.0,651.0,34.42,67.23,83.5,54362.0,0.7054,0
2663,68,North,Salaried,Retail,72862.0,783.0,23.92,37.39,48.02,75311.0,0.1311,0
2664,27,East,Salaried,IT,71008.0,677.0,27.52,94.99,80.62,21272.0,0.7141,0
2665,42,East,Salaried,Construction,46773.0,655.0,35.64,36.12,76.61,30899.0,0.5359,0
2666,34,South,Salaried,Healthcare,62933.0,613.0,30.77,78.23,75.53,95764.0,0.7766,1
2667,68,North,Salaried,Manufacturing,83656.0,669.0,32.89,75.59,66.44,142035.0,0.6354,0
2668,49,East,Salaried,Healthcare,44523.0,658.0,54.13,70.06,43.44,54860.0,0.6991,1
2669,36,East,SelfEmployed,Manufacturing,115951.0,677.0,20.1,65.25,92.33,83095.0,0.5668,0
2670,68,South,Salaried,Manufacturing,67867.0,719.0,47.66,14.78,86.86,56511.0,0.3982,0
2671,54,East,Salaried,Healthcare,77407.0,771.0,50.69,94.55,66.77,63685.0,0.6105,0
2672,30,South,Salaried,IT,81843.0,749.0,58.13,19.49,48.72,34617.0,0.2946,0
2673,27,East,SelfEmployed,Retail,97583.0,579.0,60.84,58.65,85.35,79080.0,0.9035,0
2674,45,North,Salaried,IT,80334.0,760.0,19.52,27.42,63.69,41309.0,0.1461,0
2675,47,West,Salaried,Retail,53638.0,731.0,18.3,20.19,61.46,67636.0,0.156,0
2676,35,South,Salaried,Construction,83436.0,808.0,46.89,55.35,76.6,87233.0,0.3389,0
2677,52,South,Salaried,Manufacturing,97541.0,662.0,55.41,80.27,81.73,81959.0,0.8357,0
2678,48,North,SelfEmployed,Healthcare,57106.0,640.0,26.34,38.93,43.46,40003.0,0.3953,0
2679,29,North,Salaried,Construction,91001.0,752.0,41.55,11.95,82.22,68532.0,0.2592,0
2680,27,East,Salaried,Retail,80085.0,745.0,56.33,61.14,80.37,44912.0,0.6025,0
2681,36,South,SelfEmployed,IT,76903.0,659.0,56.05,73.98,72.41,86663.0,0.8027,0
2682,46,West,Salaried,Healthcare,62200.0,685.0,49.23,31.65,58.61,90946.0,0.4729,0
2683,55,North,Salaried,Manufacturing,70555.0,729.0,14.73,67.15,49.06,88448.0,0.2657,0
2684,37,South,Salaried,Construction,83771.0,721.0,13.04,11.82,45.65,126618.0,0.1046,0
2685,43,South,Salaried,Manufacturing,66516.0,698.0,33.31,37.53,40.07,78298.0,0.2937,0
2686,28,North,Salaried,Retail,55414.0,706.0,11.6,47.67,51.36,130287.0,0.2256,0
2687,22,North,Salaried,Manufacturing,54597.0,651.0,64.25,75.38,62.62,87127.0,0.8342,1
2688,51,South,Salaried,IT,80618.0,688.0,11.21,35.43,53.4,42821.0,0.217,0
2689,52,South,Salaried,Construction,84785.0,617.0,11.78,45.83,56.99,68613.0,0.427,0
2690,49,South,SelfEmployed,Construction,73646.0,700.0,19.92,61.55,61.47,104063.0,0.3785,0
2691,23,East,Salaried,IT,111302.0,618.0,47.62,61.17,56.95,108034.0,0.7461,0
2692,28,East,SelfEmployed,Manufacturing,40987.0,634.0,42.49,51.6,79.85,49439.0,0.7144,0
2693,22,North,Salaried,IT,82594.0,850.0,49.57,34.56,67.04,49142.0,0.1728,0
2694,51,South,Salaried,Healthcare,38185.0,586.0,63.61,65.29,41.06,83829.0,0.8481,0
2695,69,West,SelfEmployed,IT,72924.0,758.0,37.3,80.34,52.47,41886.0,0.4201,0
2696,57,East,Salaried,Manufacturing,80001.0,716.0,12.63,18.84,79.03,55917.0,0.1866,0
2697,40,East,Salaried,IT,71470.0,718.0,55.81,35.64,56.55,65399.0,0.4515,0
2698,49,South,Salaried,Retail,35957.0,636.0,58.72,65.19,90.61,57503.0,0.8599,0
2699,37,West,Salaried,IT,73098.0,744.0,12.99,73.02,79.2,93441.0,0.343,0
2700,30,West,Salaried,IT,75058.0,591.0,24.57,75.33,55.95,90107.0,0.7158,0
2701,61,East,SelfEmployed,Manufacturing,92950.0,670.0,56.24,63.79,68.4,67068.0,0.7379,0
2702,42,West,Salaried,Healthcare,46460.0,701.0,32.57,48.04,76.7,35346.0,0.4569,0
2703,26,North,Salaried,Healthcare,103819.0,800.0,38.36,63.12,50.64,124516.0,0.2544,0
2704,63,North,Salaried,Manufacturing,24644.0,739.0,59.39,17.15,53.54,42295.0,0.3284,1
2705,54,West,Salaried,Manufacturing,49080.0,674.0,15.68,23.7,67.89,46895.0,0.2634,0
2706,51,West,Salaried,Manufacturing,78523.0,683.0,50.64,88.48,90.87,40774.0,0.8276,0
2707,32,North,Salaried,Retail,81213.0,734.0,22.9,88.0,58.92,29096.0,0.4345,0
2708,32,South,Salaried,Construction,105239.0,627.0,13.76,70.15,62.12,100401.0,0.5559,0
2709,36,North,Salaried,IT,78865.0,767.0,49.75,34.43,50.48,151313.0,0.2734,1
2710,45,South,SelfEmployed,Manufacturing,72969.0,694.0,17.28,63.4,72.63,32379.0,0.4213,0
2711,42,West,Salaried,Manufacturing,83889.0,647.0,54.82,66.9,80.71,24366.0,0.8128,0
2712,47,East,Salaried,Manufacturing,28175.0,616.0,22.16,51.36,64.24,65098.0,0.5603,0
2713,44,South,Salaried,Healthcare,54847.0,550.0,12.91,72.37,81.26,71899.0,0.7861,0
2714,32,South,Salaried,Manufacturing,51493.0,805.0,15.96,7.67,56.64,20763.0,0.0563,0
2715,38,North,Salaried,IT,94039.0,587.0,60.48,28.06,78.88,35860.0,0.8086,0
2716,65,South,SelfEmployed,Manufacturing,101000.0,729.0,32.26,76.5,54.21,116659.0,0.4435,1
2717,67,East,Salaried,IT,112299.0,726.0,28.14,89.48,82.94,81645.0,0.5909,0
2718,36,West,SelfEmployed,Retail,86391.0,671.0,39.47,83.85,85.69,116194.0,0.7654,0
2719,24,West,Salaried,Construction,92840.0,693.0,47.98,69.48,83.87,35698.0,0.712,0
2720,32,North,SelfEmployed,Healthcare,76879.0,676.0,12.23,19.89,51.85,60036.0,0.1874,0
2721,69,West,Salaried,IT,65014.0,713.0,63.89,38.18,78.18,58223.0,0.6153,1
2722,53,West,SelfEmployed,Retail,53408.0,677.0,67.51,9.52,69.62,102880.0,0.5606,0
2723,42,West,Salaried,Construction,51616.0,683.0,35.04,62.59,94.23,43705.0,0.6547,0
2724,38,South,Salaried,Construction,47576.0,695.0,34.76,45.49,59.89,46540.0,0.4135,0
2725,68,South,SelfEmployed,Construction,89622.0,738.0,62.71,56.57,82.42,77403.0,0.6512,0
2726,53,South,Salaried,IT,66801.0,736.0,35.76,93.14,60.35,88802.0,0.5576,1
2727,47,North,Salaried,Retail,60529.0,693.0,61.37,41.2,61.83,47769.0,0.6029,0
2728,62,North,Salaried,Manufacturing,34457.0,685.0,11.7,32.6,46.1,67421.0,0.1973,0
2729,39,North,SelfEmployed,Retail,56737.0,734.0,39.38,18.55,53.18,96048.0,0.2248,0
2730,68,South,Salaried,Retail,69258.0,648.0,67.15,17.92,49.05,70212.0,0.5925,0
2731,34,East,Salaried,Retail,44272.0,630.0,25.17,51.67,48.76,48047.0,0.4923,0
2732,45,South,Salaried,IT,128200.0,620.0,25.97,72.43,40.5,69790.0,0.5963,0
2733,54,North,Salaried,IT,48193.0,714.0,47.81,55.8,83.66,82998.0,0.6015,0
2734,44,West,SelfEmployed,IT,98052.0,766.0,65.57,83.6,65.74,62427.0,0.6723,0
2735,58,West,Salaried,Retail,72590.0,704.0,21.92,33.43,84.23,78362.0,0.3312,0
2736,43,West,Salaried,IT,63671.0,716.0,65.3,58.55,73.69,96718.0,0.6957,0
2737,25,West,SelfEmployed,Construction,70011.0,669.0,49.78,64.51,85.72,73932.0,0.7561,0
2738,64,East,Salaried,IT,75281.0,716.0,69.58,30.26,67.71,92384.0,0.575,1
2739,56,West,Salaried,Healthcare,79530.0,708.0,54.19,40.67,45.17,55277.0,0.4463,0
2740,44,North,Salaried,IT,55361.0,729.0,50.07,58.18,73.92,47174.0,0.5584,0
2741,56,South,Salaried,IT,86186.0,557.0,58.89,6.88,77.28,121955.0,0.777,0
2742,25,North,Salaried,IT,69414.0,726.0,20.51,84.79,74.46,19577.0,0.4802,0
2743,59,North,Salaried,IT,48375.0,738.0,66.76,15.0,84.07,74018.0,0.4839,0
2744,26,North,Salaried,Healthcare,66443.0,736.0,19.94,9.28,80.23,51513.0,0.1642,0
2745,65,East,Salaried,Manufacturing,103394.0,693.0,11.54,24.35,63.79,84363.0,0.1999,0
2746,56,West,Salaried,IT,79389.0,805.0,51.87,50.21,85.05,33180.0,0.3853,0
2747,65,East,Salaried,Construction,75091.0,756.0,21.08,34.58,78.05,71923.0,0.2112,0
2748,24,North,Salaried,Healthcare,67046.0,787.0,55.53,44.61,46.62,80547.0,0.2966,0
2749,30,West,Salaried,Manufacturing,68618.0,727.0,57.7,12.58,69.69,73213.0,0.379,0
2750,21,East,Salaried,IT,79402.0,700.0,24.2,25.98,80.07,38766.0,0.3092,0
2751,41,South,Salaried,Manufacturing,69690.0,735.0,15.2,13.79,70.43,44371.0,0.1398,0
2752,60,East,Salaried,Construction,84082.0,662.0,40.05,25.67,92.2,85103.0,0.5556,0
2753,59,South,Salaried,Healthcare,81465.0,750.0,63.41,68.3,45.58,56812.0,0.5511,0
2754,57,South,Salaried,Healthcare,51141.0,673.0,60.84,56.78,79.73,22084.0,0.7648,0
2755,23,West,Salaried,Manufacturing,85557.0,665.0,17.02,35.06,85.34,47241.0,0.4003,0
2756,67,South,Salaried,IT,55908.0,621.0,67.89,28.51,78.65,108321.0,0.7902,0
2757,51,South,Salaried,Retail,55086.0,760.0,25.84,94.78,61.21,55702.0,0.4342,0
2758,47,West,SelfEmployed,Healthcare,74495.0,821.0,30.96,74.11,61.2,30965.0,0.2443,0
2759,37,East,SelfEmployed,Retail,80164.0,782.0,18.94,78.98,72.26,50110.0,0.3018,0
2760,43,North,Salaried,Healthcare,87299.0,754.0,32.67,7.37,61.84,59359.0,0.1499,0
2761,33,North,Salaried,IT,31873.0,756.0,48.14,10.36,88.58,41175.0,0.3042,0
2762,67,North,Salaried,IT,90785.0,754.0,40.36,69.14,46.05,117472.0,0.3769,0
2763,47,East,Salaried,Healthcare,83253.0,692.0,59.65,22.26,75.15,51559.0,0.5469,0
2764,40,South,Salaried,Manufacturing,60478.0,677.0,48.48,43.31,47.38,53553.0,0.5025,0
2765,66,North,Salaried,IT,70273.0,642.0,25.81,21.57,69.71,55476.0,0.3979,1
2766,33,West,Salaried,IT,78962.0,812.0,43.45,20.94,79.36,24289.0,0.1893,0
2767,64,East,Salaried,Construction,20000.0,688.0,13.85,14.82,49.1,72305.0,0.1569,0
2768,44,North,Salaried,IT,49980.0,709.0,44.85,58.48,78.72,44559.0,0.5891,0
2769,61,East,Salaried,Construction,98226.0,633.0,33.38,71.54,47.7,17677.0,0.6391,0
2770,23,East,Salaried,IT,62952.0,654.0,15.9,10.12,74.13,28295.0,0.2701,0
2771,63,North,Salaried,IT,73282.0,641.0,28.45,29.8,67.81,58345.0,0.452,0
2772,30,South,Salaried,Manufacturing,72667.0,678.0,63.89,64.25,56.39,110740.0,0.7336,0
2773,21,West,Salaried,Manufacturing,89293.0,738.0,45.16,40.31,46.14,85737.0,0.3144,1
2774,69,South,Salaried,IT,66867.0,728.0,64.2,68.42,80.47,79037.0,0.7254,1
2775,33,East,Salaried,Healthcare,68557.0,736.0,34.65,73.33,61.0,63001.0,0.4526,1
2776,34,South,Salaried,Healthcare,78812.0,699.0,68.73,7.91,44.76,72490.0,0.4136,0
2777,53,North,Salaried,IT,91933.0,745.0,31.6,39.28,82.5,62893.0,0.3256,0
2778,22,North,SelfEmployed,Healthcare,98262.0,691.0,55.41,70.62,52.81,41432.0,0.6694,0
2779,22,South,SelfEmployed,IT,68621.0,727.0,28.32,39.06,80.5,42221.0,0.3351,0
2780,59,North,Salaried,Manufacturing,65182.0,676.0,16.36,5.52,71.07,60326.0,0.2064,0
2781,61,North,Salaried,Retail,72075.0,766.0,59.98,35.27,50.7,40872.0,0.3436,1
2782,51,West,Salaried,Construction,101701.0,646.0,55.75,83.54,44.2,25795.0,0.7847,1
2783,24,West,SelfEmployed,Healthcare,90566.0,768.0,59.24,90.67,72.63,80820.0,0.6801,0
2784,54,West,Salaried,Healthcare,65405.0,722.0,27.98,55.45,41.39,74550.0,0.2895,0
2785,39,West,SelfEmployed,Manufacturing,42719.0,791.0,52.22,32.57,43.6,25516.0,0.2162,0
2786,57,North,Salaried,Healthcare,97139.0,660.0,23.2,46.95,78.62,32344.0,0.4901,0
2787,29,West,Salaried,IT,99385.0,686.0,10.68,26.26,69.64,70872.0,0.2277,0
2788,44,North,SelfEmployed,IT,52782.0,684.0,61.99,20.13,57.95,33760.0,0.5091,0
2789,33,West,Salaried,Retail,66096.0,648.0,41.41,49.42,69.66,60706.0,0.6326,0
2790,64,West,Salaried,Retail,92530.0,818.0,69.02,71.3,72.54,91202.0,0.5377,0
2791,50,East,Salaried,Retail,82716.0,657.0,33.1,25.02,71.09,47535.0,0.4347,0
2792,39,West,Salaried,IT,35114.0,645.0,67.41,86.86,75.34,83355.0,0.8997,1
2793,61,East,Salaried,Retail,52439.0,787.0,46.9,20.14,91.72,46506.0,0.2818,1
2794,30,South,Salaried,Retail,86632.0,746.0,40.73,55.26,61.38,50773.0,0.3865,0
2795,62,South,Salaried,IT,79984.0,689.0,28.17,74.87,56.56,73723.0,0.5138,0
2796,64,East,Salaried,Manufacturing,88320.0,589.0,59.52,24.2,42.11,83800.0,0.682,1
2797,34,North,SelfEmployed,Healthcare,90611.0,803.0,59.73,31.68,48.09,31985.0,0.2439,0
2798,60,East,Salaried,Construction,79834.0,817.0,35.02,9.63,45.84,30968.0,0.0768,0
2799,68,West,Salaried,IT,83408.0,737.0,53.64,89.96,58.45,27932.0,0.6612,0
2800,69,North,Salaried,IT,63608.0,731.0,36.83,48.83,73.55,138453.0,0.4067,0
2801,40,West,Salaried,Construction,77285.0,712.0,54.38,10.79,42.55,48161.0,0.2917,0
2802,24,West,Salaried,Construction,81269.0,674.0,69.65,79.71,80.02,42218.0,0.869,0
2803,58,West,SelfEmployed,Retail,109119.0,773.0,25.75,56.24,61.86,69291.0,0.2403,0
2804,64,West,Salaried,Construction,58508.0,677.0,48.04,9.98,92.99,26170.0,0.5039,0
2805,59,East,Salaried,Healthcare,89477.0,733.0,32.79,45.58,71.26,49656.0,0.3497,0
2806,25,West,Salaried,Healthcare,72689.0,713.0,42.9,44.1,82.42,60087.0,0.5061,0
2807,62,West,Salaried,Healthcare,89894.0,699.0,62.45,18.15,87.36,36828.0,0.5754,0
2808,52,North,SelfEmployed,Healthcare,72593.0,649.0,30.85,42.83,88.89,33589.0,0.5932,0
2809,26,South,Salaried,Healthcare,98548.0,628.0,14.34,30.45,68.52,49584.0,0.3856,1
2810,34,East,Salaried,Retail,60149.0,730.0,57.94,67.99,61.82,46848.0,0.6174,0
2811,26,North,Salaried,IT,77844.0,674.0,43.3,5.49,70.83,46183.0,0.3729,0
2812,34,East,Salaried,Construction,83787.0,709.0,36.96,14.57,62.11,28377.0,0.268,0
2813,32,East,Salaried,IT,61374.0,712.0,21.0,87.68,53.24,28273.0,0.4531,0
2814,47,North,Salaried,Construction,81093.0,719.0,15.57,44.0,57.82,112336.0,0.2277,0
2815,46,East,Salaried,Retail,95138.0,693.0,26.72,20.86,52.8,31094.0,0.2374,0
2816,32,West,Salaried,Retail,73658.0,739.0,53.13,76.39,54.82,53999.0,0.5757,0
2817,28,South,Salaried,Manufacturing,90010.0,695.0,34.71,81.64,45.15,55155.0,0.5375,0
2818,30,North,SelfEmployed,Manufacturing,61514.0,686.0,44.21,24.01,63.46,47100.0,0.414,0
2819,36,North,SelfEmployed,Retail,53071.0,744.0,14.92,69.22,52.94,55185.0,0.256,0
2820,46,South,Salaried,Retail,88910.0,702.0,17.39,60.36,64.66,50104.0,0.3619,0
2821,28,West,Salaried,Construction,63816.0,714.0,10.68,72.06,83.57,48649.0,0.4075,1
2822,61,North,Salaried,Retail,41466.0,757.0,50.4,75.91,64.66,101389.0,0.5455,0
2823,65,East,Salaried,IT,59795.0,725.0,25.87,64.48,92.5,37172.0,0.4875,0
2824,49,North,Salaried,Construction,101952.0,756.0,68.02,91.06,48.13,43574.0,0.6845,0
2825,40,South,Salaried,Retail,96205.0,605.0,28.51,82.78,86.76,94503.0,0.8192,0
2826,37,West,SelfEmployed,Construction,52592.0,850.0,31.82,25.61,53.65,44574.0,0.0774,0
2827,39,East,SelfEmployed,Construction,45766.0,743.0,38.17,87.22,91.37,47851.0,0.6405,0
2828,37,North,Salaried,Healthcare,66815.0,736.0,29.15,37.36,52.49,44282.0,0.2314,0
2829,59,South,Salaried,Manufacturing,95809.0,692.0,59.05,70.39,81.08,101124.0,0.7735,0
2830,21,North,Salaried,Construction,71085.0,610.0,62.57,81.32,43.42,93341.0,0.8587,0
2831,49,South,Salaried,Construction,71252.0,743.0,10.66,44.27,74.64,33091.0,0.2048,0
2832,34,East,Salaried,Healthcare,62717.0,767.0,49.28,9.64,52.03,121389.0,0.1879,0
2833,37,North,Salaried,Retail,69570.0,598.0,51.17,90.47,76.86,20280.0,0.9064,0
2834,33,South,SelfEmployed,Construction,91948.0,753.0,67.69,11.52,74.97,25911.0,0.4023,0
2835,49,South,Salaried,Healthcare,76705.0,793.0,32.22,36.33,90.8,27124.0,0.2458,0
2836,54,West,Salaried,IT,70963.0,790.0,21.72,58.68,74.47,34499.0,0.2297,0
2837,47,West,Salaried,Healthcare,88014.0,732.0,41.23,15.58,62.45,48243.0,0.2529,0
2838,66,North,Salaried,Manufacturing,76432.0,695.0,36.85,80.44,50.65,35032.0,0.5673,1
2839,53,West,Salaried,Manufacturing,94005.0,757.0,57.5,23.31,76.16,32704.0,0.3811,0
2840,49,South,SelfEmployed,Retail,61400.0,725.0,64.24,93.74,46.4,75430.0,0.731,0
2841,57,South,Salaried,Retail,80441.0,722.0,15.2,87.48,85.57,49902.0,0.5051,0
2842,59,West,Salaried,Manufacturing,92751.0,668.0,60.79,59.41,53.6,86395.0,0.7073,0
2843,39,West,Salaried,Manufacturing,106067.0,603.0,64.54,64.4,68.83,92124.0,0.8781,0
2844,66,West,Salaried,Construction,53127.0,751.0,65.45,53.02,72.78,62808.0,0.5869,0
2845,44,East,SelfEmployed,Manufacturing,71526.0,681.0,55.86,40.2,59.94,82161.0,0.5802,0
2846,34,South,Salaried,Retail,48681.0,641.0,54.52,36.65,76.51,52757.0,0.7015,0
2847,67,West,SelfEmployed,Manufacturing,55604.0,633.0,10.89,85.25,53.76,31110.0,0.5635,0
2848,57,South,Salaried,Retail,75370.0,689.0,65.21,56.9,41.9,28627.0,0.6415,0
2849,25,East,Salaried,IT,34461.0,627.0,31.09,79.1,92.76,21952.0,0.8006,0
2850,44,South,Salaried,Manufacturing,83387.0,765.0,12.47,51.27,57.6,84769.0,0.1633,0
2851,54,East,Salaried,Retail,86143.0,732.0,34.78,32.63,79.24,62327.0,0.334,0
2852,51,North,Salaried,Healthcare,73472.0,767.0,53.97,13.26,67.91,13139.0,0.2656,0
2853,50,North,Salaried,Construction,58192.0,638.0,36.52,34.13,76.79,79552.0,0.5741,0
2854,29,West,Salaried,Retail,70122.0,616.0,55.48,84.21,46.1,59544.0,0.8358,0
2855,47,North,Salaried,Manufacturing,117333.0,805.0,40.56,69.08,68.54,36634.0,0.3368,0
2856,48,East,Salaried,Manufacturing,64593.0,652.0,27.97,75.72,61.57,36402.0,0.6242,0
2857,62,North,Salaried,IT,59243.0,706.0,22.17,74.61,64.85,50095.0,0.4558,1
2858,46,North,Salaried,Healthcare,28757.0,654.0,35.27,15.8,93.14,104611.0,0.4948,0
2859,38,North,Salaried,Retail,95878.0,651.0,12.15,19.3,47.5,58841.0,0.2152,0
2860,56,North,Salaried,Healthcare,50196.0,736.0,35.35,33.55,81.51,40285.0,0.3424,0
2861,28,West,Salaried,IT,76764.0,692.0,14.12,32.09,58.17,175207.0,0.2253,0
2862,38,South,Salaried,Construction,117134.0,779.0,62.62,10.95,55.97,94679.0,0.2495,0
2863,40,West,Salaried,Healthcare,82386.0,593.0,44.53,18.81,54.89,93816.0,0.588,0
2864,52,East,Salaried,IT,82164.0,699.0,48.76,82.06,59.18,97102.0,0.6797,0
2865,49,South,Salaried,Retail,68484.0,669.0,27.33,58.01,59.64,108110.0,0.4829,0
2866,69,East,SelfEmployed,Construction,81276.0,685.0,23.55,35.81,54.89,73891.0,0.298,0
2867,68,East,Salaried,Manufacturing,76514.0,689.0,52.47,52.38,76.71,60487.0,0.6521,1
2868,38,West,Salaried,IT,85807.0,739.0,50.29,28.52,42.62,63156.0,0.2855,0
2869,27,South,Salaried,Manufacturing,26670.0,689.0,17.36,57.55,58.28,30022.0,0.356,0
2870,21,South,Salaried,Construction,82590.0,689.0,24.32,11.72,55.41,19525.0,0.2059,0
2871,48,West,SelfEmployed,IT,83669.0,805.0,66.79,86.24,81.33,85363.0,0.6578,0
2872,53,West,Salaried,IT,125947.0,627.0,28.25,26.64,48.06,148741.0,0.3973,0
2873,24,West,SelfEmployed,Construction,74914.0,635.0,11.55,78.72,91.74,49558.0,0.6678,1
2874,40,South,SelfEmployed,Retail,79433.0,811.0,13.83,64.4,49.38,119845.0,0.1278,0
2875,56,West,Salaried,IT,82927.0,803.0,56.53,52.07,60.35,129013.0,0.3469,0
2876,51,South,Salaried,Construction,83490.0,592.0,55.43,88.68,50.98,46257.0,0.8836,0
2877,58,South,Salaried,Healthcare,50328.0,829.0,32.91,19.11,55.77,109601.0,0.0887,0
2878,48,North,Salaried,Manufacturing,91368.0,735.0,19.19,15.73,81.86,82155.0,0.1856,0
2879,23,East,Salaried,IT,56652.0,657.0,39.89,33.97,66.2,50895.0,0.511,0
2880,26,North,Salaried,Healthcare,83133.0,700.0,29.91,79.72,48.94,78112.0,0.4932,0
2881,65,South,Salaried,IT,57818.0,674.0,32.44,8.17,42.56,69080.0,0.2284,1
2882,43,West,Salaried,Retail,70551.0,700.0,25.66,26.55,52.65,22436.0,0.2387,0
2883,27,North,Salaried,Construction,65591.0,675.0,13.77,43.22,92.01,207829.0,0.415,0
2884,56,North,SelfEmployed,IT,70020.0,629.0,57.47,69.16,86.49,34995.0,0.8654,0
2885,21,North,Salaried,Construction,73339.0,621.0,47.09,31.94,64.21,66038.0,0.6359,0
2886,26,West,SelfEmployed,IT,82446.0,713.0,60.08,45.33,66.51,149824.0,0.5811,0
2887,44,East,Salaried,Retail,73077.0,652.0,40.19,35.32,89.47,52257.0,0.6188,0
2888,57,South,Salaried,Retail,92490.0,615.0,69.1,13.29,72.52,41315.0,0.7371,0
2889,65,West,Salaried,Healthcare,64329.0,732.0,67.75,71.48,88.44,63891.0,0.772,0
2890,56,West,Salaried,Retail,83594.0,731.0,26.31,46.52,67.05,50366.0,0.3022,0
2891,44,South,Salaried,Construction,58350.0,731.0,33.22,78.13,51.01,110403.0,0.4406,0
2892,58,East,Salaried,Retail,110652.0,705.0,55.16,67.52,79.93,39414.0,0.7125,0
2893,65,West,SelfEmployed,IT,83679.0,647.0,56.6,10.2,68.95,44979.0,0.5528,1
2894,49,East,Salaried,Retail,61057.0,772.0,64.64,50.01,76.76,57283.0,0.5297,0
2895,57,North,Salaried,Construction,109690.0,753.0,49.16,94.18,48.65,31437.0,0.5767,0
2896,65,West,SelfEmployed,IT,85370.0,834.0,38.51,32.71,75.62,45447.0,0.1619,0
2897,52,East,Salaried,Healthcare,61128.0,776.0,32.66,49.37,61.02,45638.0,0.2453,0
2898,45,South,Salaried,Healthcare,72375.0,719.0,35.15,63.68,58.26,31768.0,0.4405,0
2899,30,South,Salaried,Healthcare,52241.0,806.0,61.02,23.2,76.93,43905.0,0.2971,0
2900,55,North,SelfEmployed,IT,52235.0,704.0,68.8,68.23,72.57,86668.0,0.7726,0
2901,45,North,Salaried,Healthcare,99168.0,705.0,13.11,64.38,75.7,22014.0,0.3816,0
2902,47,West,Salaried,Retail,57030.0,697.0,44.81,38.75,93.09,99440.0,0.573,0
2903,65,North,Salaried,IT,48249.0,670.0,41.2,30.6,78.57,46064.0,0.5197,0
2904,52,South,SelfEmployed,IT,87715.0,834.0,32.57,87.72,75.25,70510.0,0.3263,0
2905,32,East,Salaried,IT,108195.0,650.0,61.09,16.43,73.75,98832.0,0.6263,0
2906,24,North,SelfEmployed,Manufacturing,98146.0,601.0,44.54,43.88,61.93,37433.0,0.7084,0
2907,62,West,Salaried,Construction,120823.0,672.0,28.79,74.03,86.16,74981.0,0.6607,1
2908,46,North,Salaried,Manufacturing,123432.0,722.0,36.65,18.33,60.95,31112.0,0.2518,0
2909,23,South,Salaried,Manufacturing,56992.0,668.0,31.41,88.96,78.51,29766.0,0.7259,0
2910,37,South,Salaried,Manufacturing,68772.0,679.0,35.81,52.36,56.12,52950.0,0.4817,0
2911,29,North,SelfEmployed,Construction,43588.0,585.0,14.28,50.43,48.13,55267.0,0.5154,0
2912,49,North,Salaried,Manufacturing,51742.0,625.0,16.71,43.18,47.14,96984.0,0.3946,0
2913,21,East,Salaried,Healthcare,96449.0,621.0,47.42,83.07,74.9,28637.0,0.8518,0
2914,38,West,Salaried,IT,80537.0,750.0,51.04,90.36,58.04,80433.0,0.6122,0
2915,61,North,Salaried,IT,104129.0,616.0,48.2,39.21,55.13,48604.0,0.6564,1
2916,40,East,Salaried,Retail,57691.0,661.0,55.78,53.82,72.56,55780.0,0.7268,0
2917,61,East,Salaried,Healthcare,64026.0,689.0,66.61,33.39,41.41,20480.0,0.5376,0
2918,54,West,Salaried,Construction,86872.0,635.0,61.64,38.12,53.54,53313.0,0.6925,0
2919,48,South,Salaried,IT,96133.0,717.0,35.11,7.55,58.73,86479.0,0.2091,0
2920,68,South,Salaried,Manufacturing,42301.0,727.0,23.05,75.73,78.96,50978.0,0.4677,0
2921,55,South,Salaried,Retail,70190.0,788.0,28.71,92.24,69.98,49421.0,0.4082,0
2922,36,East,Salaried,Retail,82987.0,700.0,45.26,74.26,87.08,149624.0,0.7105,1
2923,41,West,Salaried,IT,90660.0,573.0,61.37,51.64,58.4,57816.0,0.8544,1
2924,33,North,Salaried,Healthcare,94614.0,665.0,52.1,79.48,56.3,24290.0,0.749,1
2925,55,South,SelfEmployed,Retail,73509.0,683.0,42.58,82.21,41.83,26950.0,0.6153,0
2926,62,West,Salaried,IT,50291.0,777.0,46.11,54.01,92.34,123613.0,0.4565,0
2927,52,West,SelfEmployed,Healthcare,36491.0,686.0,41.7,89.34,67.58,46020.0,0.7188,0
2928,58,West,SelfEmployed,IT,71355.0,724.0,68.3,7.72,67.64,88678.0,0.4313,0
2929,26,West,Salaried,IT,69223.0,682.0,58.97,5.91,90.79,49001.0,0.545,0
2930,58,South,Salaried,Healthcare,59080.0,732.0,56.88,12.33,55.95,72281.0,0.3137,0
2931,58,East,SelfEmployed,Healthcare,92862.0,662.0,41.04,10.21,58.27,47272.0,0.3631,0
2932,33,East,Salaried,Healthcare,52048.0,600.0,29.91,43.21,76.1,55186.0,0.6585,0
2933,66,North,Salaried,IT,61760.0,542.0,11.17,89.63,83.18,74474.0,0.8459,0
2934,59,East,Salaried,Retail,98336.0,730.0,12.61,65.77,78.46,31646.0,0.3353,0
2935,33,East,Salaried,Construction,59501.0,720.0,11.81,64.35,83.38,68541.0,0.3648,0
2936,67,North,Salaried,Construction,81463.0,724.0,68.83,39.64,71.63,65249.0,0.6085,0
2937,32,West,Salaried,IT,74808.0,707.0,16.87,53.04,87.46,27440.0,0.3911,1
2938,53,East,Salaried,IT,79864.0,582.0,18.53,32.38,70.26,226975.0,0.5458,0
2939,48,West,Salaried,Retail,92631.0,661.0,39.05,51.61,52.61,49601.0,0.5326,1
2940,23,North,Salaried,Healthcare,81506.0,694.0,38.88,72.2,69.79,35109.0,0.6148,0
2941,38,South,Salaried,IT,47269.0,656.0,65.2,55.28,79.21,124877.0,0.8081,0
2942,46,East,Salaried,Manufacturing,50652.0,734.0,14.41,42.7,75.95,31848.0,0.2376,0
2943,60,South,SelfEmployed,Healthcare,80896.0,691.0,67.43,81.04,53.37,43806.0,0.7837,0
2944,22,East,Salaried,IT,56611.0,739.0,22.98,30.87,42.26,64228.0,0.1539,0
2945,24,West,Salaried,Manufacturing,94106.0,769.0,68.21,48.33,53.89,44333.0,0.4696,0
2946,48,North,Salaried,Retail,81183.0,727.0,42.48,93.03,94.12,77794.0,0.737,0
2947,48,East,Salaried,Manufacturing,40685.0,710.0,49.12,92.06,50.15,78498.0,0.6716,0
2948,45,East,Salaried,IT,112782.0,621.0,28.94,5.57,65.54,40430.0,0.3779,0
2949,46,South,SelfEmployed,Construction,67675.0,704.0,46.71,52.9,75.11,124669.0,0.5746,0
2950,65,West,Salaried,IT,70814.0,604.0,52.65,35.32,88.37,51249.0,0.7897,0
2951,67,West,SelfEmployed,Construction,83451.0,628.0,10.62,31.21,81.81,66147.0,0.4119,0
2952,22,East,Salaried,Retail,73267.0,717.0,12.05,58.66,89.99,49246.0,0.3684,0
2953,62,East,Salaried,Retail,94233.0,624.0,69.19,45.17,73.24,47905.0,0.8302,0
2954,54,South,Salaried,Healthcare,54640.0,836.0,37.45,70.96,87.59,57752.0,0.3199,0
2955,50,West,SelfEmployed,Healthcare,97941.0,755.0,66.15,7.44,54.51,150712.0,0.3,0
2956,41,East,Salaried,Construction,88620.0,703.0,53.79,88.42,63.68,73824.0,0.7422,0
2957,64,East,Salaried,Construction,59512.0,532.0,32.38,56.08,86.41,35349.0,0.8601,0
2958,57,West,SelfEmployed,Retail,80033.0,586.0,19.05,66.57,57.91,62284.0,0.6593,0
2959,64,South,Salaried,Manufacturing,99244.0,837.0,68.69,59.41,87.92,45205.0,0.4876,0
2960,43,West,Salaried,Construction,85431.0,667.0,45.07,94.02,59.97,97284.0,0.7705,1
2961,53,North,SelfEmployed,Construction,77948.0,771.0,21.54,93.77,59.99,56608.0,0.3685,0
2962,22,South,Salaried,Manufacturing,87449.0,669.0,50.9,59.89,57.0,29402.0,0.6552,0
2963,47,South,Salaried,Healthcare,89133.0,640.0,15.52,66.56,70.08,73379.0,0.5492,0
2964,68,West,Salaried,Healthcare,64885.0,636.0,62.08,60.67,47.1,39539.0,0.7635,0
2965,42,West,Salaried,Construction,78135.0,608.0,15.41,32.96,42.01,73251.0,0.3595,0
2966,54,East,Salaried,Healthcare,91973.0,734.0,24.17,22.34,89.36,96594.0,0.2538,0
2967,36,East,Salaried,Healthcare,77658.0,723.0,15.49,41.25,91.09,51901.0,0.3053,0
2968,40,East,Salaried,Healthcare,60650.0,668.0,16.23,66.45,44.19,55227.0,0.3901,0
2969,46,West,Salaried,Retail,80602.0,575.0,41.43,10.04,70.23,65206.0,0.6207,0
2970,36,South,SelfEmployed,IT,67191.0,685.0,51.22,51.29,69.68,42992.0,0.6242,0
2971,26,South,SelfEmployed,Construction,86644.0,734.0,57.31,41.76,60.48,62624.0,0.4689,0
2972,65,North,Salaried,Construction,103538.0,833.0,51.7,52.47,71.29,66453.0,0.2879,0
2973,64,West,Salaried,Retail,88543.0,761.0,31.81,82.42,65.2,38432.0,0.4294,0
2974,43,East,SelfEmployed,IT,58527.0,712.0,43.44,9.28,66.93,108990.0,0.2947,0
2975,62,South,Salaried,IT,81034.0,649.0,65.66,73.73,81.54,25323.0,0.8727,0
2976,57,North,Salaried,Retail,23405.0,775.0,33.25,65.02,68.93,89653.0,0.3394,0
2977,28,West,SelfEmployed,Manufacturing,73007.0,707.0,25.14,23.35,57.8,119342.0,0.2261,0
2978,26,North,Salaried,Manufacturing,93804.0,709.0,41.16,71.08,71.98,88830.0,0.5965,0
2979,57,East,Salaried,IT,83044.0,771.0,27.84,49.67,75.24,35283.0,0.2687,0
2980,42,West,Salaried,Manufacturing,77201.0,685.0,25.71,48.29,76.43,92275.0,0.4451,0
2981,26,South,Salaried,Manufacturing,117596.0,754.0,56.73,48.48,74.01,171466.0,0.4983,0
2982,52,North,Salaried,Manufacturing,40903.0,628.0,63.45,90.43,76.55,54722.0,0.9114,0
2983,37,East,Salaried,IT,45384.0,657.0,40.14,89.99,57.06,59856.0,0.7385,0
2984,58,West,Salaried,Manufacturing,84642.0,728.0,56.79,87.22,64.54,88038.0,0.7075,0
2985,37,East,Salaried,Construction,92962.0,696.0,21.23,84.81,76.78,38704.0,0.5672,0
2986,57,West,Salaried,IT,93777.0,684.0,42.86,8.38,81.49,27806.0,0.397,0
2987,43,North,Salaried,Retail,63544.0,629.0,48.17,41.05,63.88,73910.0,0.6654,0
2988,69,East,Salaried,Manufacturing,58118.0,758.0,39.44,85.54,60.09,60978.0,0.4922,0
2989,69,East,Salaried,Healthcare,55172.0,601.0,17.01,72.96,79.37,35662.0,0.7111,0
2990,33,West,SelfEmployed,IT,81445.0,753.0,54.05,46.1,52.22,72591.0,0.3895,0
2991,52,North,Salaried,Retail,55336.0,703.0,60.34,74.59,40.52,50294.0,0.6524,0
2992,42,West,Salaried,Construction,97292.0,704.0,48.11,23.74,65.91,72246.0,0.4054,0
2993,27,East,Salaried,Retail,74562.0,697.0,20.15,58.98,49.54,65797.0,0.3333,0
2994,42,South,Salaried,Manufacturing,60925.0,648.0,14.47,52.97,60.81,64033.0,0.4193,1
2995,41,North,Salaried,Healthcare,61007.0,698.0,28.1,56.62,56.02,59448.0,0.3981,1
2996,26,West,Salaried,Manufacturing,44362.0,722.0,12.22,69.96,82.75,24916.0,0.3864,0
2997,34,North,Salaried,Retail,59117.0,725.0,60.35,90.48,58.23,28238.0,0.7303,0
2998,36,South,Salaried,IT,63944.0,694.0,52.18,28.76,75.24,147070.0,0.5198,0
2999,23,South,SelfEmployed,Healthcare,83162.0,693.0,43.82,73.22,77.07,119630.0,0.6798,0
3000,29,West,Salaried,Healthcare,73016.0,693.0,63.38,63.06,65.1,52124.0,0.7234,0
3001,67,East,Salaried,Retail,57805.0,685.0,16.61,67.56,44.46,74198.0,0.3589,0
3002,41,West,Salaried,Manufacturing,50495.0,594.0,52.87,43.6,78.52,25972.0,0.8092,0
3003,50,South,Salaried,Retail,70260.0,669.0,18.8,90.01,44.13,28468.0,0.5221,0
3004,50,East,SelfEmployed,Healthcare,33940.0,638.0,13.66,48.17,45.46,13715.0,0.3608,0
3005,62,East,Salaried,Retail,68643.0,690.0,17.97,15.94,50.78,34904.0,0.1776,0
3006,62,West,Salaried,Healthcare,97311.0,645.0,67.06,66.26,55.42,43258.0,0.8129,1
3007,52,West,Salaried,Manufacturing,70993.0,721.0,36.43,16.6,86.55,85266.0,0.3243,0
3008,43,North,Salaried,IT,78186.0,771.0,12.94,34.04,77.12,53285.0,0.1497,0
3009,23,East,Salaried,IT,75762.0,681.0,45.02,25.52,61.3,68383.0,0.431,0
3010,21,North,Salaried,Retail,47295.0,716.0,21.98,53.5,93.82,49763.0,0.4313,1
3011,23,East,SelfEmployed,Healthcare,110150.0,672.0,10.41,36.28,53.4,55969.0,0.2447,0
3012,57,South,Salaried,IT,66849.0,694.0,55.5,19.39,73.54,49883.0,0.492,0
3013,27,South,Salaried,Healthcare,74933.0,782.0,19.29,76.17,86.6,68156.0,0.3396,0
3014,23,South,Salaried,Manufacturing,61888.0,607.0,66.55,47.16,84.11,15231.0,0.8674,1
3015,56,East,Salaried,Retail,97761.0,660.0,45.57,45.9,44.97,59750.0,0.5285,0
3016,69,South,Salaried,Healthcare,45826.0,706.0,15.22,84.77,78.35,55390.0,0.5035,0
3017,23,East,Salaried,Retail,101046.0,690.0,23.07,53.49,54.18,137790.0,0.3601,0
3018,24,South,Salaried,Healthcare,68914.0,677.0,46.65,68.89,59.57,67082.0,0.6561,0
3019,51,North,Salaried,Healthcare,64329.0,629.0,30.29,34.53,66.89,132572.0,0.5151,0
3020,22,West,SelfEmployed,Manufacturing,62445.0,726.0,41.93,55.52,83.49,40399.0,0.5277,0
3021,34,South,Salaried,Retail,111173.0,694.0,57.97,70.38,49.14,41066.0,0.6669,1
3022,57,South,SelfEmployed,Construction,42904.0,739.0,57.56,31.68,45.97,138583.0,0.3576,0
3023,51,East,SelfEmployed,Healthcare,64303.0,762.0,51.88,66.97,48.44,53175.0,0.4375,0
3024,22,South,Salaried,Healthcare,49185.0,697.0,63.16,56.19,52.0,39973.0,0.6397,0
3025,51,North,Salaried,IT,38749.0,780.0,21.96,44.08,43.27,60515.0,0.1352,0
3026,67,South,Salaried,Retail,101106.0,763.0,20.63,69.17,90.95,65860.0,0.375,0
3027,63,West,SelfEmployed,Construction,74457.0,674.0,57.96,33.52,57.55,110966.0,0.5706,0
3028,42,East,Salaried,Manufacturing,51783.0,788.0,29.25,69.31,49.73,40080.0,0.2462,0
3029,30,East,Salaried,Construction,91582.0,739.0,40.73,54.6,75.08,86727.0,0.4493,0
3030,50,East,SelfEmployed,Manufacturing,66986.0,777.0,54.64,27.1,83.28,143789.0,0.3575,0
3031,53,North,Salaried,Construction,62069.0,590.0,33.76,65.14,81.43,104693.0,0.7997,0
3032,39,South,Salaried,Construction,86508.0,740.0,17.81,84.63,79.53,147878.0,0.4422,0
3033,66,West,Salaried,Retail,66556.0,719.0,50.77,32.9,42.78,60237.0,0.3511,0
3034,45,North,Salaried,IT,55744.0,651.0,59.03,78.11,83.02,80992.0,0.8604,1
3035,66,South,Salaried,Construction,88908.0,610.0,10.77,35.25,67.6,40662.0,0.4234,0
3036,21,South,Salaried,Healthcare,72173.0,691.0,43.75,78.9,75.7,205090.0,0.704,0
3037,52,South,Salaried,Healthcare,89928.0,703.0,38.16,9.6,92.6,93772.0,0.365,0
3038,45,West,SelfEmployed,Healthcare,66944.0,665.0,25.58,5.65,84.59,67174.0,0.3213,0
3039,61,North,Salaried,IT,95380.0,655.0,19.66,15.19,85.4,58264.0,0.3486,0
3040,37,East,SelfEmployed,Construction,75281.0,667.0,21.28,83.65,49.98,20615.0,0.5351,0
3041,34,North,SelfEmployed,Manufacturing,96187.0,660.0,53.5,53.03,66.2,20228.0,0.6927,0
3042,65,West,Salaried,Manufacturing,95533.0,756.0,42.17,58.47,92.21,34662.0,0.5023,1
3043,33,North,Salaried,Retail,99725.0,652.0,68.87,80.8,72.05,45668.0,0.8802,0
3044,58,South,Salaried,IT,76366.0,601.0,24.59,9.56,45.64,82816.0,0.3431,0
3045,59,East,Salaried,Construction,82654.0,747.0,67.41,39.84,80.25,89698.0,0.5748,0
3046,22,East,Salaried,Healthcare,70385.0,755.0,40.91,62.88,42.36,59869.0,0.3366,0
3047,52,South,Salaried,IT,57046.0,693.0,18.76,41.42,80.83,70380.0,0.3603,1
3048,52,South,Salaried,IT,115066.0,632.0,18.89,7.89,88.39,54728.0,0.3721,0
3049,60,South,SelfEmployed,Construction,59958.0,584.0,46.51,63.58,63.39,103576.0,0.8222,1
3050,26,South,Salaried,Retail,93097.0,702.0,59.89,40.23,62.75,41561.0,0.5674,0
3051,45,North,Salaried,Retail,89516.0,731.0,54.86,6.73,56.73,51170.0,0.2837,0
3052,23,South,Salaried,Retail,78621.0,651.0,49.34,20.35,88.23,65880.0,0.6102,0
3053,38,South,SelfEmployed,Healthcare,71900.0,748.0,20.33,24.58,70.13,40697.0,0.1711,0
3054,58,South,Salaried,Healthcare,72099.0,614.0,16.5,50.96,71.86,28405.0,0.5501,0
3055,63,East,SelfEmployed,Construction,61858.0,704.0,10.01,21.77,76.39,71573.0,0.1961,0
3056,23,West,Salaried,Retail,76889.0,578.0,16.11,37.52,56.51,184689.0,0.5129,0
3057,68,East,Salaried,Construction,51372.0,643.0,55.98,72.56,63.8,63344.0,0.8033,0
3058,25,North,Salaried,Retail,89945.0,595.0,63.71,77.69,80.79,87002.0,0.9226,0
3059,44,North,Salaried,IT,70429.0,734.0,24.42,76.59,94.2,50550.0,0.5222,0
3060,54,West,Salaried,Manufacturing,55760.0,720.0,57.69,67.56,41.89,73080.0,0.5636,0
3061,67,South,Salaried,Manufacturing,49471.0,847.0,21.93,53.76,42.35,29517.0,0.087,0
3062,68,North,Salaried,Retail,72362.0,712.0,24.96,54.56,63.54,34901.0,0.3604,0
3063,59,East,SelfEmployed,Construction,73058.0,674.0,23.45,90.8,76.28,81237.0,0.6619,0
3064,68,East,Salaried,Healthcare,64639.0,638.0,13.1,84.01,61.25,53179.0,0.5892,0
3065,44,East,SelfEmployed,Retail,85048.0,759.0,21.64,63.48,94.98,26042.0,0.378,0
3066,56,South,Salaried,Retail,81969.0,850.0,32.41,47.16,50.74,48554.0,0.1117,0
3067,48,North,Salaried,Healthcare,76135.0,761.0,34.33,70.62,40.44,94982.0,0.3086,0
3068,68,West,Salaried,Retail,56481.0,713.0,28.57,10.64,50.46,43793.0,0.1751,0
3069,69,South,Salaried,IT,60200.0,704.0,40.88,90.01,88.78,19263.0,0.7439,0
3070,54,East,Salaried,Healthcare,47068.0,602.0,32.68,54.28,47.98,144111.0,0.6259,0
3071,36,East,Salaried,IT,71173.0,753.0,68.22,50.25,66.34,63402.0,0.5668,0
3072,56,East,Salaried,Manufacturing,86215.0,657.0,58.44,31.18,63.06,135183.0,0.6233,0
3073,27,South,Salaried,Healthcare,50779.0,628.0,65.86,5.31,76.61,71412.0,0.6686,0
3074,38,South,Salaried,Healthcare,63777.0,689.0,43.45,10.51,43.0,43265.0,0.2731,0
3075,26,East,SelfEmployed,Construction,73942.0,653.0,50.7,28.67,76.23,71490.0,0.6119,0
3076,48,West,Salaried,Construction,86185.0,645.0,20.0,53.74,59.51,70173.0,0.468,0
3077,59,West,Salaried,Healthcare,45462.0,671.0,55.17,12.52,90.93,149813.0,0.5776,0
3078,54,North,Salaried,Manufacturing,119398.0,587.0,24.16,92.48,86.69,113847.0,0.8531,0
3079,61,North,Salaried,Retail,90052.0,684.0,18.75,41.99,61.97,84352.0,0.3182,0
3080,49,West,Salaried,Construction,63019.0,714.0,12.51,33.47,94.61,72536.0,0.2828,0
3081,24,East,Salaried,Manufacturing,53593.0,641.0,38.33,52.27,42.86,62337.0,0.5454,0
3082,34,West,Salaried,Manufacturing,80673.0,781.0,27.21,10.85,83.37,44806.0,0.145,0
3083,25,North,Salaried,Construction,84439.0,666.0,69.2,81.54,63.86,102545.0,0.853,0
3084,45,East,Salaried,Retail,55195.0,635.0,24.99,46.42,63.83,48465.0,0.5081,0
3085,59,East,Salaried,Construction,52718.0,749.0,61.99,21.05,49.36,53027.0,0.3276,0
3086,28,East,Salaried,Manufacturing,57131.0,704.0,28.99,19.56,68.32,61964.0,0.2683,0
3087,35,South,SelfEmployed,IT,76290.0,781.0,54.95,37.49,44.66,43784.0,0.2715,0
3088,39,North,Salaried,Construction,76544.0,796.0,49.59,56.6,73.91,47874.0,0.3808,0
3089,31,East,Salaried,Manufacturing,118287.0,617.0,43.71,42.52,53.29,59945.0,0.6318,0
3090,40,South,SelfEmployed,Construction,31701.0,834.0,35.01,58.71,79.87,57555.0,0.2381,0
3091,56,South,SelfEmployed,Manufacturing,61566.0,559.0,50.27,68.49,73.4,123980.0,0.8947,0
3092,38,West,Salaried,Retail,64417.0,624.0,34.44,72.36,81.05,27891.0,0.7698,0
3093,34,South,Salaried,Manufacturing,84729.0,620.0,42.89,41.09,81.24,79315.0,0.7066,1
3094,58,West,SelfEmployed,Healthcare,85533.0,781.0,45.39,69.53,50.82,47056.0,0.3671,0
3095,45,North,Salaried,IT,71008.0,731.0,26.04,17.74,40.04,50316.0,0.1388,0
3096,36,East,SelfEmployed,Manufacturing,105217.0,717.0,30.38,51.18,60.12,18239.0,0.3592,0
3097,38,West,Salaried,Construction,52677.0,555.0,11.08,11.53,90.55,41246.0,0.5292,0
3098,21,North,Salaried,Construction,61082.0,699.0,61.13,26.97,71.78,77617.0,0.5532,0
3099,60,North,Salaried,Manufacturing,48690.0,846.0,55.36,57.49,80.01,42363.0,0.3313,0
3100,21,South,Salaried,Healthcare,72068.0,731.0,21.01,71.64,88.38,47186.0,0.4575,1
3101,21,North,SelfEmployed,Manufacturing,68366.0,680.0,31.72,13.58,89.83,51429.0,0.3817,0
3102,41,East,SelfEmployed,Retail,90725.0,765.0,35.26,23.64,69.1,66256.0,0.2089,0
3103,45,West,Salaried,Healthcare,112070.0,709.0,30.06,94.27,69.75,137501.0,0.6216,1
3104,47,South,Salaried,Manufacturing,104811.0,670.0,57.89,35.39,86.8,57723.0,0.6892,0
3105,30,South,SelfEmployed,IT,50543.0,659.0,53.53,30.56,84.41,254032.0,0.6549,0
3106,32,South,Salaried,Healthcare,76067.0,733.0,56.03,12.67,78.44,218121.0,0.3859,0
3107,48,East,Salaried,Manufacturing,90488.0,683.0,64.25,67.54,73.25,135878.0,0.7851,0
3108,69,North,Salaried,IT,88369.0,710.0,45.71,50.74,73.95,99591.0,0.5362,0
3109,52,East,Salaried,Manufacturing,121288.0,561.0,46.87,19.18,59.96,71194.0,0.6971,0
3110,53,East,Salaried,Retail,70604.0,693.0,53.32,61.96,86.25,127937.0,0.7207,0
3111,28,East,Salaried,Construction,76562.0,636.0,50.87,52.32,73.98,172145.0,0.7443,0
3112,62,North,Salaried,Manufacturing,119817.0,762.0,62.19,55.85,52.29,63311.0,0.4737,0
3113,46,East,SelfEmployed,Healthcare,83398.0,636.0,56.21,94.54,53.19,68426.0,0.8533,0
3114,62,North,Salaried,Manufacturing,63058.0,654.0,17.23,7.58,87.39,88045.0,0.3075,1
3115,61,North,Salaried,Manufacturing,55504.0,619.0,65.7,87.35,74.41,56923.0,0.9165,0
3116,22,West,Salaried,Manufacturing,79181.0,750.0,50.99,80.77,61.93,125326.0,0.5809,0
3117,55,East,Salaried,Manufacturing,96332.0,731.0,17.63,42.38,50.29,32343.0,0.1932,0
3118,54,North,Salaried,Healthcare,96075.0,634.0,56.32,84.29,73.56,71144.0,0.8684,0
3119,26,North,Salaried,Healthcare,57557.0,644.0,31.5,63.37,50.14,33064.0,0.5671,0
3120,51,North,Salaried,Manufacturing,77066.0,748.0,58.36,85.04,65.86,58723.0,0.6712,0
3121,43,South,Salaried,Construction,65983.0,823.0,67.32,58.53,77.26,41435.0,0.4684,0
3122,32,North,Salaried,Manufacturing,72041.0,727.0,25.31,24.45,71.1,58226.0,0.2308,0
3123,48,North,Salaried,Healthcare,93111.0,769.0,61.44,56.86,90.72,25899.0,0.5992,0
3124,35,South,Salaried,Retail,74002.0,684.0,56.41,21.12,42.18,80778.0,0.4148,0
3125,39,East,Salaried,Manufacturing,88049.0,636.0,50.27,17.67,55.39,49395.0,0.52,0
3126,32,East,Salaried,Manufacturing,88649.0,690.0,33.1,63.87,43.14,101846.0,0.4422,0
3127,68,East,Salaried,Manufacturing,62781.0,765.0,16.59,90.27,50.7,58262.0,0.302,0
3128,22,North,SelfEmployed,Manufacturing,99579.0,666.0,39.03,57.96,46.82,91172.0,0.5305,0
3129,31,West,SelfEmployed,IT,53095.0,679.0,16.34,76.62,80.3,47446.0,0.5461,0
3130,64,West,Salaried,Manufacturing,49732.0,833.0,40.01,20.15,60.32,89356.0,0.1114,0
3131,57,West,Salaried,Healthcare,65450.0,806.0,59.22,63.88,90.88,171865.0,0.5272,0
3132,58,West,Salaried,Healthcare,55498.0,709.0,69.86,70.97,41.29,40872.0,0.6896,0
3133,45,West,SelfEmployed,IT,87106.0,771.0,21.88,8.75,75.91,89812.0,0.1205,0
3134,63,East,Salaried,Manufacturing,126270.0,629.0,22.47,13.74,93.38,32144.0,0.4534,0
3135,41,North,Salaried,Construction,97561.0,740.0,58.65,75.34,49.67,55902.0,0.5897,0
3136,62,East,Salaried,Manufacturing,58660.0,706.0,38.14,44.6,64.33,23771.0,0.4224,0
3137,56,East,Salaried,Healthcare,55040.0,725.0,64.95,41.5,78.6,83444.0,0.6117,0
3138,29,East,SelfEmployed,Retail,94549.0,619.0,56.14,87.83,74.82,44554.0,0.8928,0
3139,32,East,Salaried,Retail,51325.0,607.0,54.19,94.28,71.13,86997.0,0.9053,0
3140,30,North,Salaried,Construction,55304.0,666.0,16.12,73.79,57.97,69724.0,0.4788,0
3141,66,South,Salaried,Manufacturing,82381.0,618.0,12.15,76.33,80.05,53083.0,0.6598,0
3142,25,West,Salaried,IT,64162.0,643.0,29.01,23.75,75.93,88325.0,0.4511,1
3143,53,East,Salaried,Manufacturing,77387.0,850.0,23.04,22.3,48.95,101829.0,0.0532,0
3144,25,East,Salaried,Construction,68389.0,774.0,52.74,93.26,93.02,48556.0,0.7014,0
3145,36,South,SelfEmployed,Construction,74442.0,721.0,37.04,67.56,70.56,103797.0,0.5158,0
3146,57,South,Salaried,Construction,92488.0,727.0,41.39,66.8,68.9,53461.0,0.5228,0
3147,57,West,Salaried,Retail,87430.0,725.0,58.82,30.76,86.65,15205.0,0.5447,0
3148,49,East,SelfEmployed,Manufacturing,93340.0,689.0,38.71,84.78,75.22,66700.0,0.7005,0
3149,38,West,Salaried,Manufacturing,87785.0,719.0,42.7,9.0,44.1,43306.0,0.2105,0
3150,49,South,Salaried,IT,89169.0,757.0,60.54,29.71,67.86,49434.0,0.4038,0
3151,26,East,Salaried,Construction,74956.0,686.0,35.88,21.21,82.93,21831.0,0.4093,0
3152,38,North,SelfEmployed,Construction,45910.0,787.0,14.99,69.0,78.5,69531.0,0.248,0
3153,52,East,Salaried,Healthcare,72853.0,685.0,41.3,69.38,93.39,42413.0,0.7158,0
3154,62,South,SelfEmployed,Healthcare,81319.0,640.0,44.76,53.13,41.37,46096.0,0.5918,0
3155,67,South,Salaried,Retail,76484.0,716.0,40.71,5.47,54.37,101574.0,0.2208,0
3156,51,East,Salaried,Manufacturing,83398.0,688.0,25.48,83.64,70.2,20877.0,0.588,1
3157,31,West,Salaried,IT,116220.0,685.0,23.42,91.0,74.07,72106.0,0.6311,0
3158,46,North,Salaried,IT,64970.0,753.0,32.19,23.21,55.09,72814.0,0.1792,0
3159,48,West,Salaried,Construction,66903.0,678.0,19.97,80.8,85.47,67421.0,0.6143,0
3160,47,South,Salaried,IT,99174.0,644.0,49.96,92.6,49.04,104077.0,0.8016,1
3161,39,South,SelfEmployed,Construction,77491.0,677.0,46.88,34.43,40.05,93163.0,0.4206,0
3162,65,North,Salaried,Manufacturing,84093.0,656.0,47.94,21.66,92.38,63894.0,0.6108,0
3163,47,South,Salaried,IT,63164.0,655.0,23.49,92.98,61.54,41112.0,0.6655,0
3164,40,East,Salaried,Construction,60351.0,759.0,24.79,10.38,92.66,47848.0,0.183,0
3165,23,North,Salaried,Manufacturing,50859.0,639.0,57.24,29.84,55.29,59184.0,0.624,0
3166,36,South,Salaried,Manufacturing,78448.0,707.0,51.41,71.78,43.49,18649.0,0.5767,0
3167,59,West,Salaried,Construction,55428.0,680.0,62.51,60.56,82.49,46621.0,0.7813,0
3168,64,North,Salaried,Construction,52973.0,693.0,34.21,66.61,85.97,108860.0,0.614,0
3169,49,West,Salaried,Retail,88221.0,578.0,42.84,68.73,67.06,49237.0,0.8372,0
3170,35,South,Salaried,Manufacturing,62305.0,739.0,54.33,66.75,44.06,89648.0,0.4974,0
3171,50,East,SelfEmployed,Construction,50995.0,683.0,68.45,35.8,75.98,92622.0,0.6958,0
3172,60,South,SelfEmployed,Manufacturing,48933.0,758.0,69.38,33.04,50.02,109727.0,0.4157,0
3173,69,North,Salaried,IT,93234.0,724.0,69.95,43.56,86.72,51073.0,0.6858,0
3174,21,North,Salaried,Healthcare,72870.0,703.0,63.43,77.69,55.07,52762.0,0.7318,0
3175,49,North,Salaried,Healthcare,67013.0,700.0,48.38,89.44,86.62,69882.0,0.7833,0
3176,50,North,Salaried,Construction,78429.0,834.0,10.42,45.97,63.48,40222.0,0.0825,0
3177,60,East,Salaried,Construction,76525.0,652.0,51.97,12.72,72.81,42172.0,0.5343,0
3178,66,West,Salaried,Manufacturing,64413.0,718.0,24.32,89.45,83.43,98756.0,0.5853,0
3179,52,West,Salaried,Construction,68326.0,714.0,13.43,12.24,42.22,42292.0,0.1079,0
3180,30,East,Salaried,Manufacturing,89615.0,603.0,51.83,19.32,85.16,77286.0,0.7185,1
3181,47,North,Salaried,Construction,91495.0,696.0,55.36,83.09,47.63,73034.0,0.6947,0
3182,28,South,Salaried,Manufacturing,58236.0,607.0,49.57,54.63,59.71,59587.0,0.7613,0
3183,56,South,Salaried,Construction,100593.0,696.0,31.91,36.74,66.0,68429.0,0.3712,0
3184,62,North,SelfEmployed,Retail,115181.0,603.0,40.66,88.78,89.25,84202.0,0.8867,1
3185,55,East,Salaried,Manufacturing,69173.0,723.0,66.1,91.45,41.23,122886.0,0.7214,0
3186,56,East,Salaried,Retail,68694.0,624.0,53.78,34.77,70.76,37420.0,0.706,0
3187,68,South,Salaried,Retail,57035.0,699.0,40.28,83.16,75.34,36763.0,0.6811,0
3188,56,South,SelfEmployed,Retail,61628.0,603.0,45.61,66.07,57.41,56980.0,0.7817,0
3189,45,West,Salaried,Retail,81469.0,729.0,65.66,29.7,55.98,71459.0,0.4671,0
3190,40,West,Salaried,IT,121339.0,695.0,33.63,89.73,66.98,68932.0,0.6468,0
3191,65,South,SelfEmployed,Healthcare,89567.0,689.0,16.11,10.68,50.29,141459.0,0.156,0
3192,37,West,Salaried,IT,68357.0,708.0,29.55,33.61,65.75,37074.0,0.3124,0
3193,43,West,Salaried,Construction,66505.0,731.0,34.91,40.66,82.08,26213.0,0.384,0
3194,45,South,Salaried,Construction,61723.0,648.0,26.38,67.16,86.5,77412.0,0.6676,0
3195,68,South,Salaried,Healthcare,96198.0,699.0,41.74,8.46,61.18,66939.0,0.2889,0
3196,69,East,Salaried,Healthcare,70135.0,672.0,28.29,85.08,73.95,55920.0,0.6658,0
3197,51,West,Salaried,Healthcare,84085.0,778.0,16.19,64.32,40.0,89655.0,0.1599,0
3198,26,West,Salaried,Retail,70265.0,676.0,21.28,29.75,70.27,26455.0,0.328,1
3199,55,North,Salaried,IT,117361.0,652.0,65.09,64.25,93.64,25189.0,0.867,0
3200,24,South,Salaried,Construction,64316.0,610.0,47.78,53.32,57.17,22010.0,0.733,0
3201,60,East,Salaried,IT,60933.0,684.0,28.86,35.26,72.71,41992.0,0.3947,0
3202,40,East,Salaried,IT,65366.0,659.0,32.02,7.57,81.93,110288.0,0.3788,0
3203,61,North,SelfEmployed,IT,83480.0,722.0,39.6,54.6,73.49,28522.0,0.4789,0
3204,21,West,Salaried,Healthcare,103694.0,713.0,50.39,12.4,63.02,61045.0,0.3366,0
3205,65,East,Salaried,Healthcare,83523.0,732.0,44.93,77.92,48.39,69736.0,0.5159,0
3206,46,West,Salaried,Construction,89132.0,624.0,65.96,12.97,65.5,129772.0,0.674,0
3207,54,West,Salaried,Construction,86352.0,536.0,47.54,43.59,56.21,38909.0,0.8221,0
3208,30,East,Salaried,Construction,41700.0,700.0,64.65,44.11,78.28,38138.0,0.6784,0
3209,43,South,Salaried,IT,74677.0,749.0,10.33,55.06,64.31,100461.0,0.2029,0
3210,69,East,Salaried,Healthcare,68658.0,676.0,63.43,8.56,86.74,35026.0,0.5894,0
3211,44,North,Salaried,Retail,72175.0,807.0,53.29,23.34,50.63,109615.0,0.183,0
3212,33,East,Salaried,IT,58543.0,693.0,20.33,22.96,62.97,71571.0,0.2383,1
3213,49,North,Salaried,Manufacturing,92366.0,656.0,25.78,58.91,70.66,24766.0,0.5506,0
3214,66,East,Salaried,IT,75969.0,725.0,42.57,28.73,46.93,83000.0,0.28,0
3215,47,North,Salaried,Healthcare,75849.0,783.0,17.5,17.98,72.34,75045.0,0.1082,0
3216,51,North,Salaried,Manufacturing,72055.0,697.0,57.12,6.65,56.0,53048.0,0.3688,0
3217,63,North,Salaried,IT,62414.0,745.0,57.47,80.65,52.62,43781.0,0.6045,0
3218,30,North,Salaried,Healthcare,39359.0,675.0,28.06,92.44,47.81,134289.0,0.6014,0
3219,51,East,Salaried,Healthcare,80434.0,676.0,14.19,68.29,59.24,17600.0,0.4183,0
3220,59,East,Salaried,Retail,77272.0,767.0,69.33,42.14,91.09,28104.0,0.591,0
3221,30,East,SelfEmployed,IT,85685.0,594.0,25.04,15.98,41.71,45970.0,0.3797,0
3222,44,North,Salaried,Healthcare,76446.0,637.0,14.05,47.76,86.87,76249.0,0.5148,0
3223,53,North,Salaried,Construction,53414.0,735.0,29.8,46.16,61.85,59800.0,0.2987,1
3224,34,North,SelfEmployed,Healthcare,59104.0,679.0,68.14,42.79,70.89,42055.0,0.7149,0
3225,55,North,Salaried,Retail,101789.0,718.0,57.58,39.05,68.2,78040.0,0.5255,0
3226,65,West,Salaried,Healthcare,81379.0,732.0,38.82,49.71,90.92,25115.0,0.4882,0
3227,54,North,Salaried,IT,91064.0,621.0,28.32,11.59,82.36,71807.0,0.4645,0
3228,37,South,Salaried,IT,93378.0,620.0,35.4,8.45,94.17,51534.0,0.5472,0
3229,41,North,Salaried,Manufacturing,55325.0,769.0,11.04,10.76,83.69,83744.0,0.1053,0
3230,52,North,Salaried,IT,68190.0,677.0,53.1,23.0,56.27,76635.0,0.4697,0
3231,23,East,Salaried,Manufacturing,88620.0,659.0,15.98,30.03,92.96,87632.0,0.4085,0
3232,35,East,Salaried,Construction,58689.0,722.0,41.14,20.25,94.1,44119.0,0.3962,0
3233,28,North,Salaried,Retail,66835.0,759.0,43.95,27.67,46.77,41424.0,0.2203,0
3234,52,North,Salaried,Construction,64613.0,747.0,10.1,21.73,89.56,65988.0,0.163,0
3235,58,South,Salaried,Manufacturing,60238.0,728.0,68.79,18.57,76.53,28885.0,0.514,0
3236,46,North,Salaried,Healthcare,72397.0,769.0,28.13,31.37,90.71,181250.0,0.2474,0
3237,50,North,Salaried,Healthcare,65283.0,731.0,14.63,40.78,90.37,133773.0,0.2797,0
3238,29,West,Salaried,Construction,67029.0,667.0,61.26,71.98,89.03,27496.0,0.8449,0
3239,52,East,Salaried,Healthcare,80369.0,716.0,19.12,91.0,88.69,67108.0,0.5785,0
3240,31,East,Salaried,Manufacturing,94962.0,747.0,11.5,87.71,46.47,108133.0,0.2842,0
3241,42,South,Salaried,Retail,90292.0,651.0,39.68,47.83,47.89,49205.0,0.5252,0
3242,54,South,Salaried,IT,78528.0,666.0,17.8,46.52,46.48,41152.0,0.3213,1
3243,61,East,Salaried,Manufacturing,107788.0,712.0,68.95,16.31,45.01,108047.0,0.4259,0
3244,38,East,Salaried,Manufacturing,88180.0,741.0,10.62,92.46,59.43,117766.0,0.3537,1
3245,39,East,Salaried,IT,91090.0,699.0,13.07,73.41,77.62,26742.0,0.4473,0
3246,38,North,Salaried,IT,71739.0,715.0,60.0,81.28,59.51,63494.0,0.7137,0
3247,57,East,Salaried,Retail,67268.0,551.0,24.39,26.07,79.62,56367.0,0.6658,0
3248,38,South,Salaried,Retail,82521.0,796.0,64.7,41.1,85.12,24854.0,0.4576,0
3249,32,West,SelfEmployed,Retail,93124.0,747.0,28.67,14.24,76.64,26815.0,0.1945,0
3250,24,East,Salaried,Healthcare,78489.0,744.0,14.19,89.67,65.58,37781.0,0.3813,0
3251,67,East,SelfEmployed,Manufacturing,62337.0,739.0,10.64,30.72,56.25,60348.0,0.1349,0
3252,63,North,SelfEmployed,IT,49328.0,744.0,26.95,58.64,46.84,114208.0,0.2681,0
3253,47,East,Salaried,Manufacturing,43369.0,783.0,38.42,18.7,67.15,14901.0,0.175,0
3254,25,North,Salaried,Manufacturing,75851.0,767.0,10.06,77.25,79.58,63534.0,0.293,0
3255,26,South,Salaried,Retail,91319.0,726.0,44.87,21.77,70.15,37189.0,0.3378,0
3256,33,North,SelfEmployed,Retail,28939.0,748.0,30.02,77.84,79.68,78090.0,0.4798,0
3257,43,East,Salaried,Manufacturing,62851.0,717.0,33.41,41.16,58.44,99616.0,0.3286,1
3258,62,North,SelfEmployed,Retail,59587.0,654.0,25.68,57.0,43.67,101116.0,0.4433,0
3259,45,South,Salaried,Healthcare,82585.0,670.0,41.74,29.27,82.41,57023.0,0.5322,0
3260,66,West,Salaried,IT,61664.0,675.0,23.81,84.45,52.08,50620.0,0.5465,0
3261,24,North,Salaried,Manufacturing,50391.0,690.0,18.09,73.39,73.9,116593.0,0.4927,0
3262,52,East,Salaried,IT,62820.0,686.0,63.44,36.88,84.24,50738.0,0.6893,0
3263,64,South,Salaried,Healthcare,59686.0,631.0,33.43,57.68,47.65,61576.0,0.5779,0
3264,35,North,Salaried,Retail,75260.0,713.0,14.62,16.61,72.92,47520.0,0.1806,0
3265,46,West,SelfEmployed,Construction,70704.0,744.0,23.82,19.44,77.92,70798.0,0.1946,0
3266,62,North,Salaried,Healthcare,83850.0,672.0,28.6,53.03,81.06,30232.0,0.5408,0
3267,31,South,Salaried,Construction,74875.0,681.0,56.18,62.65,48.12,51701.0,0.6468,0
3268,29,East,Salaried,IT,95299.0,745.0,11.34,55.17,85.38,62699.0,0.2732,1
3269,31,East,Salaried,Manufacturing,66041.0,711.0,38.69,55.35,45.18,100402.0,0.397,0
3270,22,East,Salaried,Retail,87402.0,753.0,34.46,71.81,68.58,54946.0,0.4304,0
3271,65,South,Salaried,Healthcare,81357.0,744.0,68.1,86.22,64.39,17554.0,0.7393,0
3272,47,North,Salaried,Retail,69092.0,653.0,20.8,39.88,52.2,44568.0,0.3611,0
3273,46,East,Salaried,Construction,88760.0,714.0,47.67,53.32,56.61,124180.0,0.49,0
3274,28,East,Salaried,Construction,58956.0,736.0,22.13,85.37,49.04,64767.0,0.3768,1
3275,41,West,Salaried,Manufacturing,99797.0,658.0,42.91,46.79,63.41,41686.0,0.5847,1
3276,41,West,Salaried,Construction,59473.0,630.0,43.3,45.06,41.95,36154.0,0.5695,1
3277,28,West,Salaried,Manufacturing,48187.0,699.0,14.52,73.99,88.89,72170.0,0.5024,1
3278,21,South,Salaried,Healthcare,46625.0,574.0,37.39,83.96,48.99,42464.0,0.8241,0
3279,58,South,Salaried,Manufacturing,76822.0,501.0,37.67,71.39,88.73,60698.0,0.9328,1
3280,33,West,Salaried,Construction,63717.0,736.0,29.15,14.01,87.5,40816.0,0.2417,0
3281,29,South,Salaried,IT,78625.0,654.0,26.63,46.83,64.84,38325.0,0.4785,0
3282,48,North,SelfEmployed,Manufacturing,52946.0,682.0,23.46,24.08,67.37,49375.0,0.2946,0
3283,26,West,SelfEmployed,Retail,84740.0,714.0,10.36,33.56,56.61,56305.0,0.1731,0
3284,67,West,Salaried,IT,78681.0,698.0,10.11,47.19,94.83,58229.0,0.3644,0
3285,43,South,Salaried,Manufacturing,65850.0,654.0,45.39,24.94,76.89,52095.0,0.5558,0
3286,68,North,SelfEmployed,Retail,87497.0,818.0,27.49,51.43,92.35,103644.0,0.2337,0
3287,56,South,Salaried,IT,86501.0,695.0,20.07,62.89,62.81,48814.0,0.4012,0
3288,37,West,Salaried,Manufacturing,76842.0,850.0,51.08,83.74,88.57,122991.0,0.4467,0
3289,29,West,Salaried,Healthcare,92746.0,644.0,41.73,24.03,64.65,55221.0,0.5041,1
3290,32,North,Salaried,Retail,97210.0,677.0,64.9,32.95,87.68,43007.0,0.7104,1
3291,42,North,SelfEmployed,Healthcare,59229.0,701.0,59.86,41.52,47.2,69447.0,0.5174,0
3292,32,West,Salaried,Construction,97649.0,704.0,53.6,25.21,75.03,87039.0,0.4858,0
3293,26,South,Salaried,Manufacturing,57019.0,759.0,17.59,34.88,77.33,39784.0,0.1887,0
3294,64,East,Salaried,Manufacturing,90431.0,560.0,49.97,84.5,76.09,29226.0,0.9226,0
3295,29,West,Salaried,Retail,93944.0,792.0,51.64,17.48,64.59,98546.0,0.2144,0
3296,57,North,SelfEmployed,Manufacturing,71507.0,588.0,55.8,44.94,77.62,116991.0,0.8337,0
3297,23,East,Salaried,Construction,73935.0,653.0,25.79,32.99,53.17,78343.0,0.3652,0
3298,54,North,Salaried,Manufacturing,69019.0,703.0,48.42,11.94,72.77,41246.0,0.378,0
3299,28,South,Salaried,IT,58512.0,725.0,47.1,13.65,70.48,55502.0,0.3202,0
3300,30,West,SelfEmployed,Healthcare,62244.0,688.0,33.12,75.64,57.51,32882.0,0.5594,0
3301,67,South,Salaried,Construction,84932.0,671.0,49.81,81.71,82.84,100208.0,0.8035,1
3302,61,West,Salaried,Construction,92114.0,700.0,15.2,71.73,44.45,66796.0,0.3325,0
3303,62,East,Salaried,Healthcare,74711.0,676.0,48.61,53.53,49.43,74947.0,0.5644,0
3304,63,South,Salaried,Healthcare,54798.0,765.0,46.36,74.54,65.91,63884.0,0.4925,0
3305,29,North,Salaried,Construction,52075.0,742.0,22.64,18.68,89.05,59986.0,0.2181,0
3306,34,South,Salaried,Healthcare,72878.0,727.0,59.09,75.22,71.63,66467.0,0.6971,0
3307,57,South,Salaried,Retail,64448.0,761.0,62.46,43.11,86.31,59859.0,0.5417,0
3308,47,North,Salaried,Healthcare,98724.0,721.0,22.63,72.53,68.47,107330.0,0.425,0
3309,61,South,Salaried,IT,60954.0,686.0,14.56,25.5,83.2,29693.0,0.2866,0
3310,52,South,Salaried,IT,86948.0,603.0,46.21,79.93,57.92,38816.0,0.8276,0
3311,24,East,Salaried,Retail,62588.0,812.0,38.8,56.13,84.83,49943.0,0.3081,0
3312,22,East,Salaried,Healthcare,69330.0,767.0,35.66,5.66,62.09,54576.0,0.1407,0
3313,53,East,Salaried,IT,78443.0,627.0,55.66,51.73,70.74,98808.0,0.7758,0
3314,41,North,Salaried,Manufacturing,85392.0,744.0,68.18,32.93,49.67,30287.0,0.4402,0
3315,21,North,Salaried,Healthcare,83451.0,728.0,38.66,10.18,90.62,78530.0,0.3092,0
3316,64,East,Salaried,Retail,63802.0,643.0,10.37,45.26,78.58,55853.0,0.4282,0
3317,31,South,SelfEmployed,Healthcare,77007.0,783.0,45.78,33.03,87.24,91724.0,0.3233,0
3318,21,North,Salaried,Construction,67504.0,710.0,49.24,23.4,51.43,72917.0,0.3469,0
3319,66,West,SelfEmployed,Construction,46375.0,631.0,59.68,36.42,43.72,56177.0,0.6487,0
3320,31,West,Salaried,IT,79579.0,627.0,21.96,21.16,58.55,36426.0,0.3638,0
3321,27,East,Salaried,Construction,100254.0,725.0,41.46,31.98,68.42,71057.0,0.3567,0
3322,22,North,Salaried,Retail,105884.0,643.0,36.83,15.38,84.13,49120.0,0.4993,0
3323,35,West,Salaried,IT,81348.0,656.0,49.87,12.59,61.87,56746.0,0.4668,0
3324,28,East,Salaried,Retail,80039.0,725.0,13.84,86.9,54.85,88549.0,0.3708,0
3325,67,West,Salaried,Retail,22613.0,660.0,63.04,86.25,60.49,125221.0,0.8416,0
3326,46,West,SelfEmployed,Construction,129547.0,672.0,40.67,79.52,78.7,26493.0,0.7355,0
3327,60,West,Salaried,Construction,103619.0,653.0,62.62,25.73,58.49,88731.0,0.6212,1
3328,62,East,SelfEmployed,Retail,90183.0,740.0,30.41,70.33,93.85,114605.0,0.5183,0
3329,55,North,SelfEmployed,Construction,76440.0,774.0,49.21,58.07,49.62,55145.0,0.3519,0
3330,66,East,Salaried,Construction,30383.0,598.0,67.4,9.61,81.42,33640.0,0.7702,1
3331,61,East,Salaried,Construction,78646.0,641.0,66.6,85.96,72.4,71664.0,0.8951,0
3332,61,East,Salaried,Healthcare,75635.0,565.0,66.65,94.82,52.82,54643.0,0.9419,0
3333,41,North,SelfEmployed,Retail,46815.0,708.0,12.58,68.78,81.45,346659.0,0.4131,0
3334,58,North,Salaried,Manufacturing,83963.0,712.0,34.18,25.84,64.61,70761.0,0.297,0
3335,28,West,Salaried,Retail,99732.0,643.0,13.65,54.9,77.53,46992.0,0.4975,1
3336,63,East,Salaried,IT,81811.0,674.0,28.57,14.84,76.42,28716.0,0.3346,0
3337,52,West,SelfEmployed,Construction,81746.0,727.0,20.47,31.89,46.09,36825.0,0.1706,0
3338,28,West,Salaried,Construction,83030.0,793.0,47.21,69.55,86.2,93231.0,0.4798,0
3339,64,East,Salaried,Manufacturing,68545.0,656.0,56.84,32.1,77.48,25166.0,0.6689,0
3340,30,East,Salaried,IT,90167.0,707.0,40.8,18.25,82.93,25596.0,0.3816,0
3341,43,West,SelfEmployed,Healthcare,105476.0,733.0,57.73,5.67,64.63,98534.0,0.318,0
3342,24,East,Salaried,Retail,75825.0,808.0,10.77,56.53,50.73,49627.0,0.1078,0
3343,68,East,Salaried,Healthcare,59893.0,724.0,59.23,92.18,57.94,52419.0,0.7307,0
3344,58,North,Salaried,IT,47289.0,815.0,20.7,48.57,89.58,79962.0,0.1886,0
3345,50,South,SelfEmployed,Manufacturing,85019.0,614.0,37.66,24.14,91.59,53120.0,0.6459,0
3346,61,East,Salaried,IT,87284.0,725.0,36.56,46.7,66.5,26971.0,0.3848,0
3347,43,South,SelfEmployed,Manufacturing,82279.0,684.0,62.39,59.19,56.43,43044.0,0.6929,0
3348,25,North,Salaried,Healthcare,70288.0,699.0,67.96,77.12,80.17,75698.0,0.8247,0
3349,41,South,Salaried,Healthcare,80543.0,627.0,25.31,45.74,82.13,61907.0,0.5951,0
3350,26,North,Salaried,IT,64288.0,773.0,14.04,20.57,84.85,126702.0,0.1326,0
3351,69,North,SelfEmployed,IT,60784.0,735.0,49.03,21.92,41.71,73563.0,0.2565,0
3352,37,South,Salaried,Construction,55074.0,713.0,40.17,85.98,40.54,38926.0,0.5386,0
3353,45,West,SelfEmployed,Manufacturing,55282.0,597.0,43.94,26.26,59.64,120954.0,0.6263,0
3354,44,East,Salaried,Construction,85609.0,755.0,12.78,70.52,48.39,125081.0,0.2178,0
3355,42,North,Salaried,Retail,69615.0,660.0,56.52,29.21,84.27,42106.0,0.6665,0
3356,33,North,Salaried,Retail,61372.0,653.0,23.94,69.85,69.31,79331.0,0.5927,0
3357,37,East,Salaried,IT,47762.0,610.0,30.1,12.05,85.39,83546.0,0.5198,0
3358,34,South,Salaried,Healthcare,88421.0,680.0,23.7,23.67,49.73,70961.0,0.246,0
3359,54,West,Salaried,Retail,96395.0,667.0,66.76,41.78,74.5,30072.0,0.7384,0
3360,46,East,Salaried,Retail,54517.0,780.0,20.12,51.38,71.91,266777.0,0.2067,0
3361,39,West,SelfEmployed,Construction,72507.0,640.0,53.94,36.77,58.72,48346.0,0.6426,0
3362,46,South,Salaried,Construction,56349.0,657.0,24.74,56.62,68.44,71684.0,0.5206,0
3363,23,East,Salaried,Retail,72164.0,665.0,35.5,34.28,72.4,94793.0,0.4852,0
3364,22,South,Salaried,IT,87158.0,651.0,69.76,66.06,88.92,48696.0,0.8797,0
3365,48,West,Salaried,Construction,107367.0,620.0,16.03,51.01,43.06,111300.0,0.424,0
3366,22,East,Salaried,Retail,66059.0,739.0,62.88,68.46,85.29,59850.0,0.71,1
3367,42,South,Salaried,Healthcare,88998.0,690.0,66.76,43.79,93.91,43581.0,0.7579,0
3368,27,South,Salaried,Construction,89487.0,668.0,51.89,83.89,80.25,29327.0,0.8193,0
3369,24,North,Salaried,Retail,71977.0,661.0,10.6,39.39,80.55,49576.0,0.367,0
3370,69,East,Salaried,Manufacturing,98202.0,708.0,59.25,32.73,51.99,71790.0,0.4717,0
3371,58,North,Salaried,Construction,68446.0,661.0,62.94,55.14,68.77,51142.0,0.7611,0
3372,59,East,Salaried,Manufacturing,83708.0,696.0,68.86,50.83,78.83,83059.0,0.7418,0
3373,40,South,Salaried,Construction,63528.0,729.0,60.36,51.63,73.13,136996.0,0.5996,0
3374,26,East,Salaried,Construction,85630.0,721.0,36.74,76.65,61.18,51444.0,0.524,0
3375,29,West,Salaried,Manufacturing,83624.0,786.0,51.32,57.97,91.71,106100.0,0.4905,0
3376,51,West,Salaried,IT,98747.0,759.0,39.11,84.67,68.27,65480.0,0.5134,0
3377,46,West,Salaried,Retail,111711.0,720.0,31.18,60.72,93.34,69812.0,0.5254,0
3378,56,North,Salaried,IT,93317.0,723.0,47.59,6.95,71.01,60216.0,0.3,0
3379,46,North,Salaried,IT,88413.0,818.0,56.19,83.34,83.64,72917.0,0.545,0
3380,48,East,Salaried,Retail,67186.0,652.0,48.15,80.58,80.81,39763.0,0.8172,0
3381,25,South,Salaried,Healthcare,29687.0,730.0,59.59,9.4,76.35,41584.0,0.3947,0
3382,30,South,Salaried,IT,100966.0,648.0,20.58,16.28,40.8,44344.0,0.2355,0
3383,38,North,Salaried,IT,112124.0,750.0,32.42,55.07,44.26,24964.0,0.2665,0
3384,35,South,SelfEmployed,IT,81260.0,738.0,28.76,8.86,71.98,32677.0,0.1804,0
3385,53,North,Salaried,Healthcare,54878.0,685.0,21.65,42.01,90.15,57194.0,0.4351,0
3386,25,West,Salaried,Construction,102557.0,778.0,36.59,92.78,73.06,44917.0,0.5052,0
3387,57,North,SelfEmployed,Manufacturing,97102.0,704.0,66.87,20.55,52.98,58517.0,0.4814,0
3388,60,East,Salaried,Manufacturing,34254.0,720.0,42.28,23.55,57.61,81870.0,0.2999,0
3389,42,North,Salaried,Healthcare,77808.0,603.0,27.18,65.87,74.27,67795.0,0.7244,0
3390,42,East,Salaried,IT,79856.0,835.0,31.24,8.96,72.84,56680.0,0.0837,0
3391,42,South,Salaried,Manufacturing,42912.0,638.0,46.78,78.86,92.56,23778.0,0.8505,1
3392,35,West,Salaried,Healthcare,53423.0,625.0,31.16,22.91,69.1,61379.0,0.4814,0
3393,37,West,SelfEmployed,Retail,96831.0,737.0,42.3,52.84,59.53,42693.0,0.4003,0
3394,65,South,Salaried,Manufacturing,76395.0,710.0,26.45,27.39,68.87,84650.0,0.2732,0
3395,48,West,Salaried,Retail,56001.0,608.0,30.76,64.3,83.24,40191.0,0.7553,1
3396,42,West,Salaried,IT,61612.0,649.0,52.34,57.85,69.72,33780.0,0.7384,0
3397,41,West,Salaried,Manufacturing,50978.0,676.0,45.08,90.18,57.93,121795.0,0.7345,0
3398,62,West,Salaried,Healthcare,76508.0,655.0,15.61,45.1,58.62,24304.0,0.3649,0
3399,37,North,SelfEmployed,Construction,90046.0,712.0,68.39,83.74,81.62,139365.0,0.8296,0
3400,25,East,SelfEmployed,Manufacturing,98533.0,756.0,12.96,56.82,43.65,63132.0,0.164,0
3401,38,North,Salaried,Manufacturing,61640.0,832.0,14.98,87.3,55.11,50602.0,0.1755,1
3402,37,North,SelfEmployed,Manufacturing,67924.0,608.0,52.08,31.26,48.42,48230.0,0.6416,0
3403,24,West,Salaried,Manufacturing,85023.0,696.0,52.48,54.48,91.96,92967.0,0.697,0
3404,27,South,Salaried,Healthcare,94052.0,705.0,11.14,40.1,44.96,66751.0,0.1839,0
3405,45,East,Salaried,Healthcare,82416.0,704.0,48.57,10.93,81.7,65314.0,0.4033,0
3406,57,West,Salaried,Construction,100351.0,712.0,12.0,56.68,74.67,57940.0,0.3195,0
3407,60,West,Salaried,Healthcare,111338.0,705.0,67.65,76.48,74.8,47552.0,0.7992,0
3408,60,West,Salaried,Healthcare,42400.0,770.0,51.77,55.06,81.99,111864.0,0.4843,0
3409,63,North,Salaried,IT,105380.0,723.0,21.19,30.14,62.03,47219.0,0.2119,0
3410,29,North,Salaried,IT,100971.0,609.0,19.49,28.74,62.04,31524.0,0.4372,0
3411,39,South,Salaried,Retail,51489.0,621.0,44.18,26.41,55.88,69763.0,0.5578,1
3412,29,North,SelfEmployed,Construction,84276.0,754.0,48.01,93.17,72.88,29274.0,0.6462,0
3413,43,North,Salaried,IT,87719.0,730.0,59.87,40.93,91.14,125116.0,0.6073,0
3414,51,South,Salaried,Construction,53204.0,683.0,64.2,33.52,90.82,73542.0,0.7056,0
3415,52,West,Salaried,Construction,73778.0,728.0,33.55,42.66,78.66,20780.0,0.379,0
3416,51,East,Salaried,Manufacturing,78128.0,737.0,60.65,15.42,89.84,72434.0,0.4646,0
3417,37,South,Salaried,Construction,53401.0,761.0,42.54,22.64,92.99,49682.0,0.3246,0
3418,68,East,Salaried,Manufacturing,68222.0,686.0,38.23,50.8,83.73,113232.0,0.5763,0
3419,59,North,Salaried,Retail,103024.0,748.0,51.94,76.9,62.43,55813.0,0.5755,0
3420,42,North,Salaried,Retail,108666.0,692.0,16.19,83.88,66.58,56443.0,0.4971,0
3421,55,West,Salaried,Retail,52928.0,612.0,25.92,82.94,91.22,49015.0,0.8083,0
3422,50,East,Salaried,Manufacturing,21705.0,723.0,59.01,90.03,76.85,51647.0,0.7757,0
3423,60,West,Salaried,Manufacturing,99747.0,776.0,40.24,16.32,85.14,21129.0,0.2317,1
3424,57,North,Salaried,Retail,111448.0,747.0,64.48,8.69,46.39,45044.0,0.2862,0
3425,46,West,Salaried,Manufacturing,92535.0,772.0,15.32,14.52,50.66,36244.0,0.0787,0
3426,26,East,Salaried,Healthcare,69260.0,711.0,28.8,59.07,58.93,48543.0,0.395,0
3427,54,East,Salaried,Healthcare,53325.0,649.0,31.33,55.05,50.35,103382.0,0.5133,0
3428,52,East,SelfEmployed,Manufacturing,87336.0,712.0,35.36,65.41,89.86,134508.0,0.5869,0
3429,45,West,Salaried,Manufacturing,96094.0,678.0,69.21,38.4,51.93,66473.0,0.6452,0
3430,33,East,Salaried,IT,61804.0,720.0,28.64,40.24,70.65,44297.0,0.3267,0
3431,58,East,Salaried,IT,80501.0,704.0,41.12,54.1,44.7,29504.0,0.4258,0
3432,58,West,Salaried,Construction,66306.0,762.0,42.16,12.12,48.52,46835.0,0.1635,1
3433,22,West,Salaried,Construction,90079.0,617.0,56.25,76.99,53.61,32079.0,0.8336,1
3434,25,South,SelfEmployed,Construction,33823.0,560.0,41.07,88.06,94.06,53523.0,0.928,0
3435,31,East,SelfEmployed,Retail,82933.0,705.0,46.34,39.86,83.84,58133.0,0.5369,0
3436,31,South,Salaried,Healthcare,67681.0,679.0,55.2,71.56,77.05,65739.0,0.7696,0
3437,44,North,Salaried,Retail,111641.0,669.0,16.07,54.4,90.39,62972.0,0.4968,0
3438,34,East,Salaried,Manufacturing,81240.0,658.0,67.81,26.24,92.59,22852.0,0.7543,0
3439,65,West,Salaried,IT,89155.0,698.0,60.78,11.1,64.95,37050.0,0.448,0
3440,50,West,Salaried,Manufacturing,56137.0,725.0,33.33,27.13,58.02,37400.0,0.2526,0
3441,60,South,Salaried,Manufacturing,70571.0,733.0,53.71,59.44,57.34,47887.0,0.52,0
3442,67,East,Salaried,IT,82890.0,529.0,55.74,8.62,41.97,63003.0,0.7177,0
3443,64,North,Salaried,Manufacturing,67812.0,694.0,61.01,80.26,55.38,40752.0,0.7462,0
3444,55,West,Salaried,Construction,70155.0,593.0,21.3,92.33,59.53,290788.0,0.7682,0
3445,41,West,Salaried,IT,80259.0,753.0,52.22,12.52,42.03,110646.0,0.208,0
3446,25,East,Salaried,Manufacturing,40735.0,737.0,12.0,27.2,88.54,35653.0,0.1993,0
3447,58,West,Salaried,Construction,64512.0,636.0,16.93,65.81,86.63,116305.0,0.6255,0
3448,22,East,SelfEmployed,Construction,90776.0,705.0,56.56,77.55,53.83,137640.0,0.6797,0
3449,60,East,Salaried,Healthcare,67127.0,580.0,58.78,36.14,84.14,32038.0,0.8456,0
3450,57,North,Salaried,Construction,121731.0,726.0,45.55,51.37,83.79,33112.0,0.5346,0
3451,69,South,Salaried,Retail,76815.0,727.0,44.9,85.26,58.43,63730.0,0.6006,0
3452,54,East,Salaried,IT,37959.0,745.0,54.97,39.6,78.34,101737.0,0.4778,0
3453,31,East,Salaried,IT,83877.0,737.0,64.37,12.34,55.94,70505.0,0.353,0
3454,56,South,Salaried,IT,53882.0,668.0,35.27,94.54,43.87,25303.0,0.6637,0
3455,31,West,SelfEmployed,Manufacturing,81800.0,638.0,16.89,21.23,67.76,40258.0,0.3352,0
3456,29,North,Salaried,Manufacturing,63685.0,658.0,60.34,9.39,64.11,44615.0,0.5318,0
3457,26,East,Salaried,Retail,65012.0,692.0,30.5,41.96,47.6,91144.0,0.3303,0
3458,54,East,Salaried,Construction,95703.0,624.0,18.03,15.93,66.98,29434.0,0.3481,0
3459,67,East,SelfEmployed,Manufacturing,43330.0,679.0,46.88,93.09,92.22,31886.0,0.8332,0
3460,57,East,Salaried,Construction,65295.0,679.0,44.69,39.27,80.23,61682.0,0.5712,0
3461,52,South,SelfEmployed,Construction,63060.0,767.0,38.45,79.32,80.64,59761.0,0.5073,0
3462,32,North,SelfEmployed,Manufacturing,101741.0,728.0,61.59,20.89,81.67,94010.0,0.4895,0
3463,65,East,Salaried,Manufacturing,68022.0,657.0,26.33,17.49,80.95,43858.0,0.386,0
3464,52,East,SelfEmployed,Retail,56168.0,718.0,10.79,63.44,41.09,102747.0,0.2286,0
3465,37,North,SelfEmployed,Healthcare,79625.0,725.0,29.41,86.84,90.86,94515.0,0.6176,0
3466,24,East,Salaried,IT,57114.0,596.0,10.58,15.31,85.66,56862.0,0.4255,1
3467,62,South,Salaried,Manufacturing,60013.0,825.0,42.62,58.03,55.1,45732.0,0.2262,0
3468,53,East,Salaried,Manufacturing,88802.0,689.0,32.69,12.64,70.4,139167.0,0.2992,1
3469,63,West,Salaried,Construction,20000.0,646.0,58.84,78.09,73.83,75636.0,0.8488,0
3470,68,North,Salaried,Healthcare,55719.0,701.0,57.86,86.84,47.26,51837.0,0.7149,0
3471,63,North,Salaried,Manufacturing,61465.0,645.0,36.08,61.59,53.97,36860.0,0.6047,0
3472,29,West,Salaried,Healthcare,105903.0,594.0,22.99,66.95,41.28,114825.0,0.6115,0
3473,54,East,Salaried,IT,83907.0,734.0,35.35,9.99,87.52,43350.0,0.266,1
3474,59,East,Salaried,Construction,74365.0,703.0,48.48,11.57,41.37,45752.0,0.2751,0
3475,50,West,SelfEmployed,Retail,72936.0,716.0,21.41,21.17,57.53,41028.0,0.1857,0
3476,40,West,Salaried,IT,77469.0,599.0,56.38,29.64,44.3,49599.0,0.6712,0
3477,59,West,Salaried,Healthcare,79912.0,727.0,29.83,73.39,82.98,73138.0,0.521,0
3478,43,East,Salaried,Healthcare,77511.0,686.0,65.93,44.19,90.87,46326.0,0.7523,0
3479,61,South,Salaried,IT,113931.0,625.0,40.71,12.04,70.95,57006.0,0.5071,0
3480,64,South,SelfEmployed,Healthcare,66216.0,645.0,60.83,81.74,47.68,42078.0,0.8132,1
3481,55,North,Salaried,Retail,78488.0,794.0,46.95,94.44,70.7,76424.0,0.5411,0
3482,43,East,Salaried,Retail,75760.0,674.0,43.28,45.95,82.37,56932.0,0.6142,0
3483,68,South,SelfEmployed,Healthcare,93786.0,792.0,50.93,51.06,79.51,32347.0,0.3954,0
3484,59,West,SelfEmployed,Healthcare,61136.0,642.0,58.69,12.07,80.79,56243.0,0.6316,0
3485,43,East,Salaried,Retail,67664.0,666.0,48.67,39.47,55.35,67274.0,0.5435,0
3486,57,East,Salaried,Healthcare,44767.0,675.0,57.83,38.46,44.06,48710.0,0.5411,1
3487,43,South,Salaried,Manufacturing,94740.0,746.0,21.43,91.92,48.19,21180.0,0.375,0
3488,59,North,Salaried,Construction,44542.0,715.0,26.65,64.44,92.55,111968.0,0.5194,0
3489,48,North,Salaried,Manufacturing,85791.0,710.0,23.78,75.4,73.74,36201.0,0.4941,0
3490,39,South,Salaried,Healthcare,108622.0,762.0,57.9,16.55,80.03,81476.0,0.3534,0
3491,69,North,SelfEmployed,Healthcare,113515.0,736.0,15.17,42.52,89.45,49526.0,0.2756,0
3492,68,East,Salaried,Construction,68881.0,618.0,57.75,22.24,86.9,57075.0,0.7402,0
3493,50,West,Salaried,Healthcare,68082.0,757.0,33.34,82.42,52.01,54217.0,0.4028,0
3494,41,West,SelfEmployed,Construction,73518.0,636.0,14.77,18.71,43.19,98864.0,0.2419,0
3495,44,East,Salaried,Retail,93015.0,759.0,35.47,44.5,90.88,67278.0,0.3719,0
3496,41,North,SelfEmployed,Construction,72358.0,726.0,28.03,9.83,93.99,64369.0,0.256,0
3497,46,West,SelfEmployed,Construction,69525.0,734.0,45.52,62.09,71.2,32565.0,0.5211,1
3498,56,West,Salaried,Manufacturing,96454.0,674.0,38.35,48.37,88.86,126613.0,0.6143,0
3499,46,North,Salaried,Healthcare,75874.0,635.0,27.81,49.82,52.75,28002.0,0.5054,0
3500,53,East,Salaried,Retail,71938.0,691.0,61.74,14.15,46.11,114736.0,0.4176,0
3501,56,South,Salaried,IT,57477.0,718.0,34.41,51.26,67.49,24026.0,0.4119,0
3502,24,West,Salaried,Construction,95541.0,734.0,38.24,55.74,84.62,148168.0,0.4843,0
3503,29,West,Salaried,IT,79942.0,669.0,60.8,91.66,76.01,73585.0,0.8649,0
3504,28,North,SelfEmployed,Healthcare,74766.0,660.0,15.34,7.99,75.05,46270.0,0.2499,0
3505,22,West,Salaried,Construction,37761.0,681.0,33.39,88.04,40.96,29982.0,0.5788,0
3506,49,East,Salaried,IT,94090.0,748.0,34.17,48.16,57.46,59397.0,0.2934,0
3507,43,West,Salaried,Manufacturing,52315.0,592.0,39.75,23.91,91.67,75311.0,0.7065,0
3508,26,South,Salaried,IT,84038.0,683.0,16.37,64.9,47.39,61617.0,0.3585,0
3509,63,West,SelfEmployed,Manufacturing,59429.0,658.0,16.16,51.53,79.95,48844.0,0.4703,0
3510,56,North,Salaried,Retail,53538.0,730.0,34.98,25.41,81.76,41624.0,0.3178,0
3511,66,South,Salaried,Healthcare,93563.0,764.0,11.98,61.41,80.31,108083.0,0.2496,0
3512,41,North,Salaried,IT,77033.0,602.0,25.3,47.59,94.41,51030.0,0.7016,0
3513,42,West,Salaried,Construction,75821.0,719.0,22.07,67.01,62.51,72049.0,0.3774,0
3514,29,West,Salaried,Healthcare,114010.0,753.0,39.36,67.02,77.52,78688.0,0.4759,0
3515,54,West,Salaried,IT,113701.0,641.0,10.67,47.55,50.65,32184.0,0.3475,0
3516,46,West,Salaried,Construction,70061.0,758.0,50.54,40.17,61.98,56915.0,0.3586,0
3517,21,North,SelfEmployed,Construction,48857.0,640.0,61.34,10.69,67.04,115452.0,0.6002,0
3518,56,South,SelfEmployed,Construction,103276.0,736.0,52.4,49.45,51.82,69238.0,0.4336,0
3519,64,North,Salaried,Construction,48108.0,770.0,59.08,26.88,89.87,74821.0,0.4267,0
3520,25,North,SelfEmployed,IT,84504.0,655.0,48.6,9.79,79.39,48436.0,0.5124,0
3521,61,North,Salaried,Retail,69642.0,684.0,40.44,34.73,55.61,103143.0,0.4135,1
3522,42,South,Salaried,Manufacturing,76520.0,767.0,23.14,12.87,47.42,158892.0,0.0949,0
3523,24,South,Salaried,Manufacturing,99526.0,558.0,26.78,57.18,55.83,40622.0,0.7219,0
3524,68,North,Salaried,Manufacturing,59263.0,729.0,29.06,50.33,74.26,88679.0,0.3659,0
3525,22,North,Salaried,Retail,62837.0,808.0,12.28,76.32,85.45,30087.0,0.2401,0
3526,36,North,Salaried,Construction,90161.0,521.0,64.79,29.09,67.67,81165.0,0.8888,0
3527,36,West,Salaried,Construction,110776.0,765.0,64.02,38.44,45.64,74623.0,0.3723,0
3528,42,West,Salaried,Healthcare,124483.0,749.0,16.47,67.01,53.71,33790.0,0.2488,0
3529,63,West,Salaried,Manufacturing,45984.0,697.0,43.4,94.37,58.98,95109.0,0.7019,0
3530,21,South,Salaried,Manufacturing,66608.0,725.0,38.06,86.38,74.99,36386.0,0.622,1
3531,35,South,SelfEmployed,Construction,54369.0,715.0,51.0,51.87,53.57,157378.0,0.4934,0
3532,44,West,Salaried,Manufacturing,91931.0,667.0,46.18,66.02,52.87,64332.0,0.64,1
3533,24,South,Salaried,Construction,76217.0,774.0,17.46,52.87,55.74,55433.0,0.1715,0
3534,38,South,Salaried,Construction,92556.0,700.0,49.6,44.13,72.59,42887.0,0.5531,0
3535,37,North,Salaried,Construction,67098.0,724.0,46.53,59.21,67.09,81141.0,0.5251,0
3536,27,North,Salaried,IT,88991.0,642.0,41.87,39.78,86.29,71010.0,0.662,0
3537,65,South,Salaried,IT,71421.0,560.0,34.14,30.22,78.39,64292.0,0.7222,1
3538,30,South,SelfEmployed,IT,77845.0,629.0,67.3,68.51,76.68,41144.0,0.8804,0
3539,21,East,Salaried,IT,63475.0,810.0,60.97,83.48,48.51,52370.0,0.4697,1
3540,22,North,SelfEmployed,Retail,102201.0,739.0,45.11,30.92,43.04,41404.0,0.2652,0
3541,69,North,Salaried,Healthcare,49746.0,674.0,10.38,68.62,68.05,25402.0,0.4289,0
3542,42,West,Salaried,Healthcare,72725.0,734.0,35.93,44.06,43.94,55832.0,0.2738,0
3543,52,North,SelfEmployed,Construction,110618.0,725.0,52.02,32.19,60.02,34309.0,0.4015,0
3544,49,South,Salaried,Manufacturing,100520.0,592.0,17.04,60.9,41.44,164268.0,0.5452,0
3545,55,West,Salaried,IT,58136.0,751.0,34.39,89.55,49.72,153052.0,0.4523,0
3546,37,North,Salaried,Healthcare,59153.0,586.0,21.5,36.65,46.07,71432.0,0.491,0
3547,32,North,SelfEmployed,Healthcare,85281.0,662.0,30.29,73.35,84.05,23978.0,0.6822,0
3548,44,South,Salaried,IT,87999.0,641.0,11.6,33.32,59.04,75274.0,0.3182,0
3549,50,South,Salaried,Retail,98798.0,712.0,17.6,77.35,44.34,53686.0,0.3474,0
3550,64,East,Salaried,Retail,46815.0,713.0,37.29,73.4,54.6,104536.0,0.5072,0
3551,50,West,SelfEmployed,Healthcare,101316.0,520.0,63.89,73.91,77.55,99654.0,0.9574,0
3552,40,North,Salaried,Retail,56971.0,774.0,39.43,94.79,81.01,41012.0,0.5759,1
3553,62,East,Salaried,IT,101693.0,704.0,37.18,17.65,46.59,49881.0,0.246,0
3554,27,East,Salaried,Healthcare,42692.0,758.0,57.25,40.0,82.82,48087.0,0.483,0
3555,62,North,Salaried,IT,52721.0,702.0,26.07,61.77,60.38,48601.0,0.4142,0
3556,58,East,Salaried,Retail,109420.0,711.0,15.7,58.14,77.37,27120.0,0.3633,0
3557,27,South,Salaried,IT,110521.0,614.0,22.57,75.26,76.93,72489.0,0.7205,1
3558,69,South,Salaried,Retail,77007.0,653.0,57.48,9.22,83.65,62360.0,0.5939,0
3559,50,North,Salaried,Retail,68414.0,687.0,50.62,68.45,78.35,50855.0,0.7195,0
3560,32,South,SelfEmployed,IT,74679.0,742.0,15.49,71.4,42.14,68683.0,0.2418,0
3561,69,South,Salaried,Retail,83295.0,673.0,50.03,10.5,68.57,70488.0,0.4402,0
3562,51,West,SelfEmployed,Construction,85096.0,657.0,65.89,53.48,49.14,107244.0,0.7241,1
3563,38,North,Salaried,IT,69105.0,646.0,12.7,27.05,93.35,93704.0,0.4047,0
3564,66,South,SelfEmployed,Construction,36291.0,722.0,46.99,77.15,54.07,100302.0,0.5741,0
3565,63,South,Salaried,IT,64126.0,695.0,32.75,9.47,63.11,38218.0,0.2541,1
3566,22,East,Salaried,Retail,43900.0,647.0,40.06,18.15,50.82,34183.0,0.403,0
3567,53,East,SelfEmployed,Retail,90316.0,688.0,41.69,14.4,47.4,96342.0,0.2923,0
3568,31,East,SelfEmployed,Healthcare,82378.0,655.0,56.26,10.87,73.05,140656.0,0.5505,1
3569,54,West,Salaried,Healthcare,72775.0,641.0,43.42,59.01,67.12,91510.0,0.6956,0
3570,36,West,Salaried,Construction,69985.0,604.0,45.59,83.17,60.61,70610.0,0.8387,0
3571,55,South,Salaried,Retail,114322.0,618.0,29.97,50.99,44.7,60081.0,0.5386,0
3572,53,East,Salaried,Healthcare,97928.0,697.0,17.56,23.95,80.48,250281.0,0.2679,1
3573,41,West,Salaried,Retail,79106.0,578.0,50.96,35.94,40.32,90804.0,0.6939,0
3574,40,West,Salaried,IT,64239.0,649.0,10.03,37.43,65.17,54179.0,0.328,0
3575,28,West,SelfEmployed,Healthcare,100800.0,739.0,29.72,45.65,74.79,161444.0,0.3292,0
3576,46,South,Salaried,Construction,77210.0,759.0,23.08,42.85,63.69,141644.0,0.2084,0
3577,53,North,Salaried,Healthcare,62033.0,722.0,33.31,65.4,46.94,29246.0,0.3869,0
3578,46,South,Salaried,Retail,63188.0,749.0,28.68,35.59,82.8,32411.0,0.2839,0
3579,57,East,Salaried,Manufacturing,88237.0,701.0,52.25,64.67,57.82,54009.0,0.6145,0
3580,50,South,Salaried,Manufacturing,94046.0,637.0,25.61,54.21,47.41,113311.0,0.4863,1
3581,51,South,Salaried,Retail,87712.0,741.0,43.65,9.37,70.26,44808.0,0.2477,0
3582,53,West,Salaried,IT,88151.0,729.0,37.35,87.77,41.05,35957.0,0.4874,0
3583,31,South,SelfEmployed,Healthcare,68915.0,668.0,58.06,21.02,57.82,89952.0,0.5259,0
3584,61,West,Salaried,Manufacturing,64116.0,663.0,35.69,45.64,81.29,22815.0,0.5808,0
3585,25,South,Salaried,IT,77972.0,697.0,61.83,90.28,90.2,50230.0,0.8571,0
3586,22,South,Salaried,Retail,73360.0,768.0,10.01,27.26,72.55,35000.0,0.1196,0
3587,33,South,SelfEmployed,IT,54984.0,677.0,46.29,6.99,51.97,59628.0,0.3282,0
3588,38,West,Salaried,Retail,74355.0,518.0,10.59,49.1,52.1,37278.0,0.6581,0
3589,46,North,Salaried,Healthcare,88799.0,726.0,52.84,25.15,73.21,55500.0,0.4198,0
3590,45,North,Salaried,IT,67192.0,633.0,24.1,57.38,62.37,73921.0,0.5552,0
3591,64,West,SelfEmployed,Healthcare,106745.0,727.0,32.8,78.54,49.75,63888.0,0.4462,0
3592,34,North,Salaried,IT,49964.0,724.0,32.83,51.01,83.31,45769.0,0.4404,0
3593,25,East,Salaried,Retail,58517.0,792.0,60.79,63.05,51.01,50466.0,0.4199,0
3594,62,East,SelfEmployed,Retail,63544.0,694.0,16.13,64.95,57.69,184846.0,0.3677,0
3595,22,South,Salaried,IT,91450.0,730.0,50.01,78.85,43.38,93099.0,0.545,0
3596,24,East,Salaried,Retail,79248.0,708.0,68.88,66.91,78.58,53319.0,0.7778,0
3597,32,North,Salaried,Construction,57279.0,753.0,11.34,92.86,55.14,65458.0,0.3202,0
3598,31,East,Salaried,Construction,37555.0,500.0,67.95,46.06,52.81,75038.0,0.9243,0
3599,24,South,Salaried,Healthcare,51265.0,659.0,11.1,9.52,56.68,40906.0,0.187,0
3600,63,East,Salaried,Construction,39934.0,685.0,60.47,40.46,88.08,59939.0,0.699,0
3601,29,North,Salaried,Construction,92470.0,703.0,67.67,80.59,68.49,35008.0,0.8008,0
3602,30,East,Salaried,Manufacturing,53818.0,627.0,69.58,16.98,48.68,36430.0,0.6538,0
3603,47,North,SelfEmployed,Manufacturing,88611.0,718.0,37.55,71.23,82.6,92755.0,0.5896,0
3604,26,South,Salaried,Manufacturing,85876.0,753.0,62.02,53.21,51.46,98992.0,0.4793,0
3605,35,North,Salaried,Manufacturing,98832.0,658.0,17.34,86.06,62.69,106583.0,0.586,0
3606,62,North,Salaried,Retail,60707.0,642.0,35.52,70.81,71.24,57770.0,0.7076,0
3607,51,West,Salaried,Healthcare,83095.0,724.0,28.48,64.45,72.14,46785.0,0.4349,0
3608,42,South,Salaried,Healthcare,77434.0,710.0,33.71,84.82,43.8,60193.0,0.5048,1
3609,26,West,Salaried,Construction,77489.0,714.0,52.12,86.74,86.02,24459.0,0.7683,0
3610,53,West,SelfEmployed,Healthcare,74620.0,613.0,15.25,39.64,66.37,119844.0,0.4668,1
3611,49,East,Salaried,Construction,91838.0,850.0,69.89,88.51,94.41,15452.0,0.6302,0
3612,41,North,SelfEmployed,Healthcare,89651.0,552.0,48.1,9.92,79.46,97395.0,0.7435,0
3613,50,South,SelfEmployed,IT,74950.0,752.0,62.41,73.63,94.59,36507.0,0.73,1
3614,41,West,Salaried,IT,65812.0,657.0,59.78,35.29,64.94,59632.0,0.6579,0
3615,56,South,Salaried,Healthcare,63513.0,850.0,55.96,48.87,47.74,39122.0,0.2014,0
3616,42,North,SelfEmployed,Retail,75709.0,726.0,12.35,80.22,80.0,39422.0,0.4162,0
3617,66,East,SelfEmployed,Construction,79436.0,764.0,40.99,62.33,82.78,17673.0,0.4571,0
3618,40,West,Salaried,Healthcare,73171.0,730.0,29.69,46.17,86.91,31732.0,0.3939,0
3619,42,West,Salaried,Construction,49164.0,553.0,16.78,19.75,56.58,94391.0,0.4909,0
3620,60,North,Salaried,Manufacturing,68907.0,707.0,30.58,89.53,68.09,32455.0,0.6016,0
3621,31,East,SelfEmployed,Healthcare,64458.0,722.0,48.69,34.92,87.16,31773.0,0.5,0
3622,67,North,Salaried,Retail,75302.0,728.0,23.84,14.1,87.56,56725.0,0.2273,0
3623,51,North,Salaried,Manufacturing,125723.0,771.0,36.68,55.77,41.41,18691.0,0.2455,0
3624,60,West,SelfEmployed,Healthcare,83603.0,714.0,34.27,41.57,76.9,50242.0,0.4077,0
3625,33,North,Salaried,IT,100245.0,748.0,13.15,58.15,73.09,68134.0,0.2537,0
3626,38,South,Salaried,Healthcare,61318.0,654.0,47.68,26.02,44.58,72077.0,0.4566,0
3627,42,North,Salaried,IT,75438.0,594.0,47.13,39.09,91.16,35643.0,0.7977,0
3628,37,West,SelfEmployed,IT,99574.0,645.0,67.98,92.53,64.5,109530.0,0.8968,0
3629,58,West,Salaried,Healthcare,43391.0,655.0,27.88,89.29,77.08,99770.0,0.7259,0
3630,45,East,Salaried,Healthcare,70332.0,645.0,35.14,82.79,88.55,25240.0,0.7928,0
3631,52,West,Salaried,IT,87413.0,627.0,34.22,75.12,47.16,85580.0,0.6727,0
3632,35,North,Salaried,Construction,73548.0,643.0,65.18,19.09,87.07,64589.0,0.7247,0
3633,33,South,Salaried,Manufacturing,63642.0,674.0,34.52,47.02,79.84,77263.0,0.5468,0
3634,46,South,Salaried,Retail,64766.0,639.0,36.57,70.51,86.18,43997.0,0.7617,0
3635,31,North,Salaried,Healthcare,81308.0,850.0,25.14,28.56,67.22,31368.0,0.0819,0
3636,33,South,SelfEmployed,Manufacturing,43590.0,616.0,10.07,7.98,41.84,55584.0,0.2107,0
3637,53,West,SelfEmployed,Manufacturing,77493.0,726.0,16.63,42.63,76.88,72339.0,0.2671,0
3638,57,North,Salaried,Construction,89517.0,668.0,52.23,43.26,60.6,73005.0,0.6025,1
3639,58,South,Salaried,Manufacturing,67757.0,732.0,50.95,10.86,62.13,71059.0,0.2902,0
3640,21,North,Salaried,Healthcare,43800.0,685.0,29.35,33.86,64.27,34972.0,0.3582,0
3641,59,North,SelfEmployed,Manufacturing,64759.0,751.0,38.38,87.56,67.11,118812.0,0.5371,0
3642,47,West,Salaried,Healthcare,72525.0,676.0,27.84,27.53,76.41,108703.0,0.3826,1
3643,56,South,Salaried,Healthcare,53469.0,705.0,53.85,56.22,79.97,67732.0,0.6542,0
3644,52,South,Salaried,IT,75613.0,568.0,60.55,48.91,82.73,37178.0,0.8919,0
3645,61,West,Salaried,Construction,78441.0,618.0,63.95,82.59,76.94,68273.0,0.9088,0
3646,35,North,Salaried,Retail,99052.0,607.0,20.43,63.82,84.19,48343.0,0.6974,0
3647,51,South,Salaried,IT,71702.0,791.0,51.7,19.26,46.72,50205.0,0.179,0
3648,26,South,Salaried,Retail,77234.0,756.0,67.78,17.86,86.02,83724.0,0.468,0
3649,45,East,Salaried,Healthcare,63981.0,712.0,49.04,55.17,61.3,48555.0,0.5317,0
3650,69,West,Salaried,IT,65457.0,763.0,31.06,9.18,69.08,121425.0,0.1511,0
3651,38,West,Salaried,Manufacturing,89084.0,639.0,48.16,40.42,63.86,82064.0,0.6386,0
3652,42,South,Salaried,Manufacturing,70310.0,789.0,51.31,40.91,66.16,99104.0,0.3116,0
3653,51,West,Salaried,Retail,91532.0,706.0,33.82,22.67,55.7,38245.0,0.268,0
3654,56,North,Salaried,Healthcare,74064.0,686.0,16.24,32.09,49.35,43976.0,0.2248,0
3655,29,North,Salaried,Retail,52123.0,761.0,46.4,34.7,45.77,32150.0,0.2523,0
3656,66,North,Salaried,Construction,61142.0,757.0,58.13,6.06,64.83,115859.0,0.2718,0
3657,23,South,Salaried,Manufacturing,123368.0,615.0,69.85,77.53,46.89,252633.0,0.8756,1
3658,53,East,Salaried,IT,72991.0,752.0,23.38,91.17,53.47,77671.0,0.3917,0
3659,47,East,Salaried,IT,42693.0,690.0,52.02,31.03,47.35,68154.0,0.4367,0
3660,63,West,SelfEmployed,IT,52234.0,717.0,11.68,15.08,46.0,47170.0,0.1116,0
3661,21,East,Salaried,Manufacturing,60743.0,675.0,68.19,90.82,88.54,134376.0,0.8991,0
3662,64,East,Salaried,Healthcare,57134.0,634.0,10.75,71.65,77.07,58548.0,0.5793,0
3663,29,North,Salaried,Manufacturing,53016.0,619.0,31.53,85.2,90.81,43309.0,0.8283,1
3664,25,North,Salaried,Manufacturing,104247.0,663.0,14.58,37.48,75.42,28618.0,0.3636,0
3665,35,East,Salaried,IT,88293.0,726.0,47.26,48.57,86.42,35512.0,0.5433,0
3666,29,South,Salaried,Manufacturing,71004.0,715.0,30.37,88.72,70.54,62015.0,0.5844,0
3667,65,West,Salaried,IT,63255.0,712.0,53.98,46.36,65.44,23944.0,0.539,0
3668,48,North,Salaried,Healthcare,71766.0,748.0,39.18,65.49,69.07,32430.0,0.4485,0
3669,33,North,Salaried,Construction,110615.0,697.0,35.16,68.43,57.61,137534.0,0.5178,1
3670,44,South,SelfEmployed,IT,57699.0,814.0,30.91,80.34,76.19,90644.0,0.3296,0
3671,65,North,SelfEmployed,Retail,43457.0,723.0,15.17,92.77,89.34,50888.0,0.5434,0
3672,30,North,Salaried,Construction,88347.0,641.0,22.29,35.14,83.03,95944.0,0.4898,0
3673,62,East,Salaried,Healthcare,95163.0,620.0,48.35,27.27,65.41,40843.0,0.6295,0
3674,42,North,Salaried,Construction,104033.0,720.0,39.81,11.99,92.47,88410.0,0.3478,0
3675,59,East,Salaried,IT,67953.0,687.0,14.21,82.09,94.2,49938.0,0.589,0
3676,42,South,Salaried,Healthcare,68162.0,631.0,42.64,31.34,67.12,160276.0,0.5881,0
3677,57,North,Salaried,Retail,115246.0,691.0,13.25,9.47,87.56,33901.0,0.2218,0
3678,59,South,Salaried,IT,86910.0,667.0,40.7,82.87,40.26,128689.0,0.6372,0
3679,40,West,Salaried,IT,73298.0,673.0,67.9,50.89,43.67,56164.0,0.6739,0
3680,30,South,Salaried,Healthcare,85067.0,781.0,28.44,80.45,41.23,23409.0,0.2721,0
3681,30,West,Salaried,Healthcare,66280.0,743.0,53.41,54.9,82.52,69888.0,0.564,0
3682,46,North,SelfEmployed,Construction,81024.0,763.0,54.73,33.24,44.39,84919.0,0.2878,0
3683,45,West,Salaried,Retail,80700.0,803.0,34.29,16.68,40.94,126706.0,0.0908,1
3684,48,North,Salaried,Construction,91683.0,708.0,45.6,44.34,48.11,87614.0,0.4137,0
3685,33,East,Salaried,Construction,55301.0,715.0,38.32,7.39,56.85,37606.0,0.2225,0
3686,35,East,Salaried,IT,82109.0,720.0,27.0,59.22,65.56,100622.0,0.3851,0
3687,26,West,Salaried,Healthcare,51668.0,767.0,55.28,43.49,43.6,61514.0,0.3244,0
3688,32,South,Salaried,IT,112510.0,763.0,52.17,17.74,67.44,27157.0,0.2787,0
3689,39,North,Salaried,Retail,66616.0,665.0,64.03,52.72,53.64,57400.0,0.7073,1
3690,52,North,Salaried,Construction,41902.0,631.0,47.09,77.08,55.09,33244.0,0.7715,1
3691,31,West,Salaried,Retail,130547.0,635.0,33.32,92.73,85.2,55834.0,0.8216,0
3692,58,East,Salaried,Healthcare,64579.0,703.0,52.84,52.46,94.28,86184.0,0.683,0
3693,53,West,Salaried,Healthcare,76899.0,626.0,47.14,16.66,65.51,34089.0,0.5547,1
3694,22,North,Salaried,Manufacturing,41093.0,722.0,47.0,77.96,57.7,69364.0,0.5906,0
3695,35,South,Salaried,Retail,73940.0,572.0,60.99,67.62,91.23,102915.0,0.9294,1
3696,56,North,Salaried,IT,108454.0,812.0,64.63,90.86,67.52,43806.0,0.5979,0
3697,25,West,SelfEmployed,Retail,89099.0,618.0,20.81,53.17,80.17,51941.0,0.6138,0
3698,35,East,Salaried,Construction,40983.0,661.0,28.84,37.14,62.76,102151.0,0.4233,0
3699,63,West,Salaried,Healthcare,59736.0,665.0,49.02,91.66,51.14,104505.0,0.7627,1
3700,30,South,Salaried,Healthcare,93364.0,788.0,43.43,53.46,76.02,33548.0,0.3507,0
3701,37,East,SelfEmployed,Retail,87733.0,700.0,49.14,6.43,76.57,35585.0,0.3789,0
3702,54,East,SelfEmployed,Retail,65280.0,636.0,35.98,47.63,65.31,88890.0,0.599,0
3703,44,South,Salaried,Retail,82941.0,696.0,34.75,5.21,54.85,53341.0,0.2249,1
3704,30,West,Salaried,Construction,51037.0,703.0,17.06,71.39,85.75,55406.0,0.4873,0
3705,50,West,Salaried,Construction,48860.0,723.0,47.42,55.94,55.14,24866.0,0.4716,0
3706,23,West,Salaried,IT,25134.0,634.0,20.55,14.88,76.25,47541.0,0.3693,0
3707,57,East,Salaried,Retail,93508.0,753.0,50.26,78.17,61.12,55176.0,0.5517,0
3708,23,South,Salaried,IT,72896.0,708.0,68.02,53.28,65.99,85951.0,0.6831,0
3709,60,South,Salaried,Manufacturing,75084.0,788.0,25.38,15.27,51.63,49697.0,0.0921,0
3710,25,West,Salaried,Construction,20000.0,690.0,18.53,19.4,75.72,86080.0,0.2561,0
3711,48,North,SelfEmployed,Healthcare,74007.0,695.0,11.45,78.99,52.42,54932.0,0.3787,1
3712,64,East,Salaried,Manufacturing,86021.0,690.0,32.73,36.99,66.71,112185.0,0.3946,0
3713,34,East,Salaried,Healthcare,33211.0,775.0,22.88,78.9,58.07,59445.0,0.2961,0
3714,59,East,Salaried,Manufacturing,75884.0,741.0,39.51,11.26,93.0,46267.0,0.2983,0
3715,31,West,SelfEmployed,IT,73670.0,656.0,41.46,26.95,94.02,41542.0,0.5943,0
3716,28,South,SelfEmployed,IT,65694.0,850.0,30.96,73.81,81.44,35643.0,0.2454,0
3717,57,South,Salaried,Construction,101152.0,662.0,54.99,62.75,94.12,70042.0,0.8102,0
3718,28,North,Salaried,Healthcare,96354.0,668.0,64.29,32.61,46.25,159539.0,0.5841,1
3719,32,South,SelfEmployed,Manufacturing,141354.0,758.0,22.69,89.24,94.58,88684.0,0.514,0
3720,35,South,Salaried,Retail,50741.0,690.0,60.18,24.0,45.7,73596.0,0.4544,0
3721,39,South,Salaried,Retail,83573.0,635.0,17.87,81.48,62.85,32336.0,0.6237,0
3722,68,West,Salaried,Construction,104997.0,774.0,23.72,67.62,53.14,33176.0,0.2445,0
3723,66,West,Salaried,Healthcare,61156.0,820.0,43.68,15.9,92.46,96299.0,0.1922,0
3724,48,North,Salaried,Retail,108825.0,638.0,28.39,54.96,74.97,75395.0,0.6084,0
3725,27,South,SelfEmployed,Construction,82298.0,773.0,12.5,88.69,72.84,43579.0,0.3223,0
3726,60,West,Salaried,Construction,40066.0,670.0,27.69,60.7,94.86,25395.0,0.6258,0
3727,27,North,Salaried,Healthcare,49283.0,575.0,64.29,52.59,73.68,54216.0,0.8894,0
3728,50,North,Salaried,Retail,63393.0,739.0,20.45,37.97,75.54,38201.0,0.2432,0
3729,38,North,Salaried,Retail,73235.0,588.0,55.83,75.99,42.46,45973.0,0.8461,0
3730,44,East,Salaried,Retail,99769.0,656.0,53.34,87.18,87.25,31512.0,0.863,0
3731,26,North,Salaried,IT,73207.0,683.0,16.37,72.8,93.35,89610.0,0.5653,0
3732,24,West,Salaried,Retail,98986.0,698.0,29.77,70.27,92.82,44127.0,0.6131,0
3733,23,South,Salaried,Manufacturing,77159.0,766.0,21.36,22.32,52.16,77311.0,0.1155,0
3734,69,East,Salaried,IT,75248.0,663.0,11.39,80.06,52.43,72642.0,0.4619,0
3735,67,North,Salaried,IT,69161.0,784.0,20.38,8.66,60.13,44762.0,0.0831,0
3736,26,South,SelfEmployed,IT,94640.0,695.0,22.09,73.16,57.06,54580.0,0.4469,0
3737,46,East,Salaried,IT,77590.0,635.0,19.96,23.98,56.81,144333.0,0.339,0
3738,64,West,Salaried,Construction,60349.0,736.0,15.47,48.85,73.29,35789.0,0.2561,0
3739,58,West,Salaried,Manufacturing,81642.0,808.0,41.58,67.57,84.31,39339.0,0.3854,0
3740,31,East,Salaried,Healthcare,65854.0,672.0,29.36,73.32,91.52,20952.0,0.6784,0
3741,49,West,Salaried,Retail,64748.0,637.0,64.49,84.93,43.73,55631.0,0.841,0
3742,40,West,Salaried,IT,98653.0,665.0,21.23,30.43,55.29,20986.0,0.3038,1
3743,30,West,Salaried,Healthcare,71813.0,596.0,46.17,25.19,54.03,46914.0,0.6204,0
3744,46,North,Salaried,Construction,117692.0,718.0,64.04,94.66,59.66,24240.0,0.7817,0
3745,68,North,Salaried,Healthcare,89705.0,607.0,12.83,23.68,63.34,86087.0,0.3752,0
3746,47,North,Salaried,IT,59684.0,738.0,40.98,64.89,61.4,55042.0,0.4535,0
3747,34,East,Salaried,Manufacturing,58311.0,684.0,37.04,90.75,92.37,11317.0,0.7723,0
3748,56,South,Salaried,Healthcare,50185.0,742.0,65.73,85.69,64.04,36905.0,0.7271,0
3749,32,South,Salaried,IT,87119.0,684.0,49.83,44.89,70.34,47175.0,0.5879,0
3750,43,West,Salaried,IT,57868.0,729.0,30.95,62.38,81.17,77919.0,0.4632,0
3751,41,West,Salaried,Retail,29688.0,641.0,52.69,52.62,79.88,92449.0,0.7638,0
3752,28,West,Salaried,Retail,41971.0,717.0,44.96,36.2,72.06,72936.0,0.4345,0
3753,59,South,Salaried,Manufacturing,52917.0,661.0,30.83,18.0,87.35,69659.0,0.4351,0
3754,29,East,Salaried,Retail,81737.0,737.0,57.11,77.31,74.33,73645.0,0.6811,0
3755,44,South,SelfEmployed,Manufacturing,73348.0,691.0,50.09,13.14,88.11,82797.0,0.4809,0
3756,51,North,SelfEmployed,Construction,93857.0,766.0,10.32,59.87,56.65,60217.0,0.1744,0
3757,45,North,Salaried,Construction,56856.0,685.0,61.91,58.49,47.26,53734.0,0.6541,0
3758,37,South,Salaried,Retail,68513.0,655.0,33.83,35.13,85.07,65655.0,0.548,0
3759,62,South,Salaried,Construction,109947.0,708.0,48.73,17.19,61.04,107219.0,0.352,0
3760,49,West,Salaried,Healthcare,68176.0,841.0,33.81,76.97,75.81,18478.0,0.2757,1
3761,23,North,Salaried,Healthcare,79489.0,765.0,62.88,46.57,80.55,19013.0,0.5324,0
3762,41,East,Salaried,Healthcare,61874.0,652.0,49.05,70.27,57.97,79229.0,0.7266,0
3763,28,East,Salaried,Construction,70489.0,700.0,44.76,6.48,67.78,38218.0,0.319,0
3764,34,South,SelfEmployed,Healthcare,84505.0,660.0,68.82,11.71,89.22,62001.0,0.687,0
3765,59,South,Salaried,Manufacturing,88142.0,648.0,26.84,20.83,88.39,58940.0,0.4551,0
3766,36,South,SelfEmployed,IT,77363.0,701.0,13.92,15.25,81.21,176549.0,0.2111,0
3767,38,East,Salaried,Retail,69803.0,684.0,40.96,22.25,81.95,83928.0,0.4522,1
3768,51,South,Salaried,Manufacturing,77604.0,638.0,35.44,66.78,89.37,98946.0,0.7529,0
3769,31,North,Salaried,Healthcare,60277.0,660.0,37.26,9.23,80.5,51263.0,0.4146,0
3770,58,North,Salaried,IT,70690.0,703.0,47.21,8.41,58.68,40025.0,0.3062,0
3771,40,East,Salaried,Retail,81647.0,665.0,46.91,7.85,46.64,39214.0,0.3454,0
3772,66,West,Salaried,Manufacturing,94740.0,699.0,33.54,67.79,63.2,110521.0,0.5173,0
3773,65,South,Salaried,Retail,56770.0,658.0,61.77,53.25,44.8,77827.0,0.6812,0
3774,24,East,Salaried,Construction,71456.0,728.0,49.09,38.32,46.37,62195.0,0.3552,0
3775,40,East,SelfEmployed,Healthcare,54898.0,659.0,63.39,65.8,92.26,140898.0,0.8537,0
3776,51,West,Salaried,Manufacturing,66111.0,738.0,64.79,54.82,77.17,55849.0,0.6381,1
3777,40,West,SelfEmployed,Manufacturing,95010.0,682.0,20.04,5.66,86.84,40728.0,0.2578,1
3778,31,East,Salaried,IT,64269.0,571.0,50.83,80.47,75.36,50457.0,0.9091,1
3779,21,East,Salaried,IT,73080.0,684.0,29.05,36.52,63.02,102487.0,0.3671,0
3780,64,West,Salaried,IT,50264.0,730.0,60.19,40.96,41.38,30165.0,0.4237,0
3781,38,South,Salaried,Retail,63778.0,667.0,53.97,75.41,92.57,58464.0,0.8317,0
3782,59,South,SelfEmployed,Healthcare,44033.0,688.0,21.92,21.84,43.9,133898.0,0.2011,0
3783,64,North,Salaried,Retail,80575.0,737.0,66.32,5.91,73.56,73357.0,0.3981,0
3784,53,West,Salaried,Healthcare,82362.0,791.0,51.01,86.8,45.62,54257.0,0.4473,0
3785,56,West,Salaried,Manufacturing,81738.0,769.0,66.92,50.49,55.63,156841.0,0.4774,0
3786,38,North,Salaried,Retail,83022.0,707.0,22.11,36.46,50.22,71289.0,0.237,0
3787,67,East,Salaried,Retail,81774.0,734.0,62.18,78.71,70.45,26753.0,0.7132,0
3788,51,South,Salaried,Retail,44474.0,705.0,50.08,7.37,88.79,54935.0,0.4201,0
3789,55,North,Salaried,Construction,59244.0,610.0,43.14,23.21,74.96,109955.0,0.6304,0
3790,59,West,Salaried,Healthcare,30125.0,776.0,59.23,18.98,76.53,65117.0,0.3306,0
3791,58,North,SelfEmployed,Healthcare,65729.0,779.0,47.97,71.4,89.99,130136.0,0.5443,0
3792,35,North,Salaried,Retail,57585.0,599.0,50.18,33.09,81.22,35001.0,0.7579,0
3793,67,East,Salaried,Construction,74226.0,677.0,25.22,74.56,87.63,57349.0,0.6322,0
3794,26,East,Salaried,Retail,124189.0,792.0,59.02,8.73,62.9,71546.0,0.2172,0
3795,28,North,Salaried,Healthcare,90646.0,713.0,49.02,59.73,87.59,32132.0,0.6451,0
3796,60,East,Salaried,Manufacturing,105592.0,640.0,60.66,33.64,75.52,59697.0,0.7261,0
3797,42,East,Salaried,Construction,91428.0,773.0,31.09,21.82,47.46,74042.0,0.1301,1
3798,21,North,Salaried,Construction,72998.0,707.0,29.9,78.51,42.13,31819.0,0.4451,0
3799,33,North,Salaried,Retail,74806.0,778.0,11.43,42.1,53.42,28548.0,0.115,0
3800,44,East,Salaried,Manufacturing,92292.0,705.0,56.12,56.45,60.81,108433.0,0.6043,0
3801,41,South,Salaried,Healthcare,79967.0,571.0,29.82,7.98,86.07,63447.0,0.5958,0
3802,65,West,Salaried,IT,69241.0,808.0,29.63,76.25,80.77,18543.0,0.3299,0
3803,63,West,Salaried,Healthcare,103529.0,634.0,51.32,30.82,92.55,42630.0,0.7229,0
3804,24,West,SelfEmployed,Healthcare,83895.0,674.0,25.17,67.41,70.75,62294.0,0.5441,1
3805,27,South,Salaried,Manufacturing,46497.0,772.0,64.54,73.44,81.13,19200.0,0.6573,0
3806,32,West,SelfEmployed,Construction,71393.0,837.0,42.28,15.54,55.14,37765.0,0.0987,0
3807,33,South,Salaried,Healthcare,76005.0,696.0,68.17,31.63,77.38,51018.0,0.652,0
3808,64,South,Salaried,Construction,66913.0,721.0,14.6,70.11,78.84,51023.0,0.3913,0
3809,36,North,Salaried,Manufacturing,67297.0,629.0,30.21,25.9,86.66,35335.0,0.5462,0
3810,26,North,Salaried,Manufacturing,66654.0,683.0,32.89,81.34,69.5,55799.0,0.6392,0
3811,34,East,Salaried,Retail,39306.0,766.0,53.83,33.08,75.7,48886.0,0.3783,0
3812,68,South,Salaried,IT,35749.0,718.0,22.78,41.21,51.17,54337.0,0.2387,0
3813,51,North,SelfEmployed,Manufacturing,61932.0,804.0,32.52,13.98,80.52,69886.0,0.1385,0
3814,56,East,Salaried,Manufacturing,66990.0,616.0,64.64,18.29,86.11,23618.0,0.7658,0
3815,57,South,Salaried,Construction,48214.0,614.0,16.87,29.79,72.66,85559.0,0.4513,0
3816,61,East,Salaried,Manufacturing,54515.0,659.0,54.72,9.4,46.36,77923.0,0.4221,0
3817,55,South,Salaried,Healthcare,69937.0,662.0,52.15,22.37,57.21,76268.0,0.5005,0
3818,30,West,Salaried,Retail,95621.0,757.0,17.83,41.8,66.15,54752.0,0.1884,0
3819,37,West,Salaried,Retail,94306.0,675.0,51.31,39.2,77.24,54180.0,0.6174,0
3820,62,South,Salaried,Healthcare,94976.0,629.0,44.19,22.88,57.62,56286.0,0.526,0
3821,50,South,Salaried,Manufacturing,54794.0,724.0,27.25,12.24,86.22,62136.0,0.2436,0
3822,64,South,SelfEmployed,IT,70554.0,654.0,28.67,33.63,60.45,88958.0,0.4135,0
3823,27,West,Salaried,Manufacturing,99713.0,634.0,59.98,72.08,42.36,87362.0,0.7829,0
3824,38,South,Salaried,Retail,39706.0,764.0,23.86,50.91,83.67,51998.0,0.2897,0
3825,39,North,SelfEmployed,IT,65811.0,778.0,40.77,90.21,75.43,80376.0,0.533,0
3826,35,North,Salaried,Construction,79443.0,759.0,50.87,17.59,84.11,76439.0,0.3323,0
3827,59,South,Salaried,Construction,40897.0,650.0,17.79,23.66,59.19,84656.0,0.2985,1
3828,64,South,Salaried,Manufacturing,83577.0,665.0,65.94,30.23,40.97,49386.0,0.5747,1
3829,42,West,Salaried,Manufacturing,105940.0,733.0,25.64,6.17,44.06,113785.0,0.1168,1
3830,59,North,Salaried,IT,99492.0,745.0,29.13,89.9,46.15,89682.0,0.418,0
3831,62,South,Salaried,IT,71445.0,686.0,49.97,45.08,84.28,34731.0,0.6348,0
3832,50,West,Salaried,Manufacturing,91288.0,772.0,14.69,48.35,56.58,40109.0,0.1523,0
3833,40,West,Salaried,Retail,40673.0,577.0,47.66,19.21,94.88,128017.0,0.7711,0
3834,52,South,Salaried,Construction,80567.0,666.0,64.96,83.54,81.71,23678.0,0.8742,0
3835,62,South,SelfEmployed,IT,68907.0,833.0,24.95,67.34,73.06,59108.0,0.1997,0
3836,45,South,Salaried,Retail,72011.0,699.0,31.71,43.82,94.1,171096.0,0.4995,0
3837,43,West,Salaried,Manufacturing,77077.0,671.0,23.94,84.02,57.4,102461.0,0.5735,0
3838,25,North,Salaried,Healthcare,82753.0,728.0,59.13,86.49,49.11,99990.0,0.6694,0
3839,61,West,SelfEmployed,IT,45958.0,643.0,20.06,9.45,80.55,32990.0,0.3369,0
3840,50,East,Salaried,Healthcare,55391.0,560.0,30.8,15.74,55.29,89114.0,0.554,0
3841,68,East,Salaried,Retail,69875.0,850.0,46.06,7.49,92.86,128909.0,0.1388,0
3842,59,North,SelfEmployed,Construction,39427.0,648.0,34.27,57.36,94.34,51283.0,0.7018,0
3843,47,South,Salaried,Retail,77745.0,713.0,13.93,24.61,90.95,59966.0,0.2481,0
3844,62,South,SelfEmployed,Construction,91654.0,710.0,66.86,81.04,91.96,99333.0,0.8392,1
3845,57,North,Salaried,Retail,102843.0,730.0,30.27,46.93,73.86,53751.0,0.3561,1
3846,27,East,Salaried,IT,76928.0,652.0,36.74,80.39,78.07,28069.0,0.7516,1
3847,25,West,SelfEmployed,IT,112728.0,545.0,20.05,55.0,45.18,15317.0,0.6633,0
3848,35,East,Salaried,Healthcare,74299.0,661.0,61.92,76.66,81.97,70107.0,0.8536,0
3849,62,East,Salaried,Retail,49864.0,702.0,27.49,38.47,51.11,46540.0,0.2875,0
3850,28,North,Salaried,Retail,73881.0,706.0,11.19,90.09,86.22,15132.0,0.5297,0
3851,29,South,SelfEmployed,Healthcare,70887.0,794.0,28.98,65.04,92.88,40170.0,0.3488,0
3852,31,North,Salaried,Manufacturing,85323.0,683.0,69.04,58.59,51.68,49292.0,0.7189,1
3853,42,East,Salaried,Retail,80413.0,712.0,18.81,36.71,44.29,46991.0,0.1959,0
3854,54,West,Salaried,Retail,78985.0,652.0,11.87,89.35,66.61,105346.0,0.5909,0
3855,55,East,Salaried,Retail,94338.0,664.0,44.69,35.4,83.54,83209.0,0.6012,0
3856,33,North,Salaried,Manufacturing,66401.0,820.0,32.3,80.23,82.39,55683.0,0.3446,0
3857,31,South,Salaried,IT,85774.0,657.0,57.7,41.39,78.33,31665.0,0.7134,0
3858,52,East,Salaried,Healthcare,80617.0,677.0,53.91,74.05,85.14,85228.0,0.7945,1
3859,62,South,Salaried,Manufacturing,77279.0,765.0,21.13,87.07,49.62,124844.0,0.3139,0
3860,35,West,Salaried,Construction,73686.0,814.0,43.88,46.9,75.86,142324.0,0.2687,0
3861,58,West,Salaried,Construction,49574.0,749.0,11.95,52.35,73.31,52231.0,0.226,0
3862,21,East,SelfEmployed,Manufacturing,69922.0,749.0,36.37,34.73,48.44,80502.0,0.2269,0
3863,66,South,SelfEmployed,Manufacturing,71204.0,625.0,52.84,9.92,62.79,43359.0,0.5565,0
3864,44,South,Salaried,IT,60546.0,731.0,34.9,63.72,86.89,39637.0,0.5165,0
3865,63,North,Salaried,Construction,47842.0,682.0,17.08,15.77,93.45,85944.0,0.3023,0
3866,60,South,Salaried,Healthcare,63870.0,728.0,13.69,36.87,76.6,32027.0,0.225,0
3867,42,South,Salaried,Retail,65531.0,683.0,61.22,36.45,90.71,46990.0,0.6993,0
3868,23,East,Salaried,Retail,48194.0,666.0,63.48,18.59,47.26,106301.0,0.5195,1
3869,34,East,Salaried,IT,48173.0,613.0,30.59,65.0,93.63,46608.0,0.7768,0
3870,22,North,Salaried,IT,33161.0,695.0,19.85,20.71,41.84,35720.0,0.1733,0
3871,52,South,SelfEmployed,Construction,80901.0,710.0,68.72,75.05,69.0,162237.0,0.7763,1
3872,68,North,Salaried,Healthcare,94561.0,575.0,42.75,27.44,56.01,79392.0,0.6624,1
3873,58,North,Salaried,Healthcare,75322.0,663.0,38.6,30.86,84.77,26381.0,0.5411,0
3874,53,West,Salaried,Manufacturing,66914.0,684.0,54.5,35.94,51.96,70812.0,0.5104,0
3875,66,North,SelfEmployed,IT,47200.0,734.0,20.13,18.75,40.63,56368.0,0.1186,0
3876,62,South,Salaried,Retail,30902.0,665.0,44.8,44.08,62.8,89822.0,0.5675,0
3877,26,North,Salaried,Retail,74341.0,738.0,63.41,12.23,43.53,76977.0,0.3042,0
3878,61,West,Salaried,Construction,87313.0,717.0,11.38,43.44,55.96,58568.0,0.2028,0
3879,59,East,Salaried,Retail,58352.0,752.0,50.38,35.59,75.41,68340.0,0.3972,0
3880,45,North,Salaried,Healthcare,96108.0,668.0,43.09,35.44,56.21,70197.0,0.4782,0
3881,54,East,Salaried,Healthcare,61222.0,683.0,67.05,64.46,53.52,73150.0,0.7355,0
3882,31,East,Salaried,IT,96700.0,734.0,25.52,74.21,48.55,49614.0,0.3511,0
3883,66,West,Salaried,Construction,59384.0,639.0,61.53,37.04,47.43,29138.0,0.6594,0
3884,57,North,Salaried,Retail,21741.0,696.0,28.54,28.58,68.92,53597.0,0.3212,0
3885,61,West,SelfEmployed,IT,87527.0,759.0,35.79,49.49,77.48,47655.0,0.3502,0
3886,27,West,Salaried,Manufacturing,56543.0,660.0,22.8,75.89,64.9,58096.0,0.5806,1
3887,66,West,Salaried,Manufacturing,44151.0,720.0,61.82,63.01,46.8,103943.0,0.5914,0
3888,68,East,Salaried,Retail,84632.0,700.0,21.72,8.42,75.63,123951.0,0.2151,0
3889,42,East,Salaried,Retail,57213.0,788.0,61.54,48.19,70.64,85762.0,0.435,0
3890,68,South,Salaried,Retail,46742.0,705.0,37.34,94.19,60.97,89876.0,0.6501,0
3891,59,West,Salaried,Healthcare,101228.0,732.0,60.11,36.78,58.15,57178.0,0.4603,0
3892,30,East,SelfEmployed,Retail,70905.0,690.0,25.87,44.66,50.07,49362.0,0.3253,0
3893,41,East,SelfEmployed,Manufacturing,46298.0,669.0,17.96,30.87,48.05,86504.0,0.2569,0
3894,26,South,Salaried,Retail,65737.0,714.0,43.3,49.79,58.63,97380.0,0.4473,0
3895,69,East,Salaried,Construction,117651.0,666.0,40.57,19.48,42.29,96733.0,0.3388,0
3896,21,West,Salaried,Manufacturing,77247.0,762.0,31.4,27.23,64.01,55772.0,0.1941,0
3897,54,North,Salaried,Construction,62163.0,771.0,49.77,69.06,73.09,62422.0,0.5037,0
3898,34,West,Salaried,Manufacturing,85028.0,704.0,15.71,17.45,91.79,157780.0,0.2505,0
3899,56,East,Salaried,IT,65913.0,674.0,47.32,88.35,74.42,17797.0,0.7888,0
3900,47,West,SelfEmployed,Manufacturing,64812.0,714.0,22.71,32.72,74.32,97762.0,0.2817,0
3901,29,South,Salaried,Manufacturing,61873.0,624.0,17.74,56.75,60.59,50502.0,0.5227,1
3902,26,South,SelfEmployed,Construction,92079.0,655.0,64.58,33.96,47.33,50508.0,0.6297,0
3903,51,West,Salaried,Construction,78895.0,635.0,37.59,48.02,64.58,51910.0,0.6134,1
3904,37,South,Salaried,Manufacturing,103445.0,655.0,55.81,86.34,72.93,23725.0,0.8442,0
3905,63,West,Salaried,Manufacturing,81138.0,663.0,15.35,11.17,79.82,53910.0,0.2688,0
3906,56,South,Salaried,Healthcare,105552.0,623.0,13.45,82.07,85.43,113514.0,0.7001,0
3907,41,East,Salaried,IT,88002.0,684.0,39.69,55.18,54.08,51694.0,0.5038,0
3908,47,South,Salaried,IT,69801.0,688.0,28.93,64.86,53.27,55378.0,0.4576,0
3909,61,East,Salaried,Retail,72292.0,734.0,10.29,10.03,71.09,38365.0,0.1173,0
3910,48,South,SelfEmployed,Manufacturing,111557.0,706.0,21.0,73.53,71.13,60529.0,0.4636,0
3911,36,North,Salaried,Manufacturing,101076.0,785.0,23.13,16.5,51.99,16655.0,0.0916,0
3912,55,South,Salaried,Manufacturing,105935.0,735.0,27.31,91.83,72.31,40272.0,0.5343,1
3913,56,North,SelfEmployed,Manufacturing,54851.0,841.0,62.65,76.94,59.02,72656.0,0.413,1
3914,55,West,Salaried,IT,37497.0,631.0,35.24,49.36,75.16,30843.0,0.6483,1
3915,65,West,Salaried,Construction,58137.0,760.0,50.77,88.18,56.01,32243.0,0.5691,0
3916,39,South,Salaried,Healthcare,78310.0,606.0,11.1,20.22,72.58,47410.0,0.3816,0
3917,41,East,Salaried,Construction,62089.0,764.0,58.84,94.25,82.26,76789.0,0.7307,0
3918,53,South,SelfEmployed,Construction,75548.0,723.0,24.42,69.51,93.91,99273.0,0.5128,0
3919,43,East,Salaried,IT,65976.0,686.0,28.54,13.85,90.11,59910.0,0.3477,1
3920,26,West,Salaried,Healthcare,39706.0,713.0,12.72,53.29,67.69,51183.0,0.2863,0
3921,52,West,Salaried,Manufacturing,83578.0,671.0,34.58,68.98,66.86,73324.0,0.6141,0
3922,42,South,Salaried,IT,75617.0,665.0,61.15,60.17,64.07,53549.0,0.7503,0
3923,23,West,Salaried,IT,101587.0,726.0,32.72,43.16,41.53,86459.0,0.2602,0
3924,55,South,SelfEmployed,Healthcare,78197.0,603.0,64.52,27.33,49.13,125817.0,0.7193,1
3925,36,West,Salaried,Retail,90653.0,720.0,62.05,26.44,43.26,55334.0,0.3992,0
3926,62,North,Salaried,IT,58615.0,692.0,13.72,88.43,78.3,33871.0,0.5448,0
3927,45,East,Salaried,Construction,81940.0,680.0,28.32,26.13,62.73,58157.0,0.3228,0
3928,37,East,Salaried,Construction,91172.0,670.0,64.63,91.62,43.51,163944.0,0.8129,0
3929,59,East,Salaried,Manufacturing,86127.0,714.0,11.79,23.92,77.98,70152.0,0.1994,0
3930,33,North,SelfEmployed,IT,70469.0,762.0,55.95,39.59,75.44,36642.0,0.4336,0
3931,48,West,Salaried,Manufacturing,82009.0,834.0,64.39,6.11,79.6,60958.0,0.2076,0
3932,31,North,Salaried,IT,87455.0,767.0,56.23,86.28,72.99,57732.0,0.6423,0
3933,30,East,Salaried,Healthcare,99028.0,750.0,54.63,14.39,48.88,39516.0,0.2518,0
3934,59,North,Salaried,IT,63778.0,653.0,60.6,37.16,43.38,112496.0,0.607,0
3935,44,South,Salaried,Retail,52664.0,664.0,49.95,80.83,84.94,81546.0,0.8171,0
3936,58,East,Salaried,Construction,58374.0,700.0,35.39,76.27,51.87,106915.0,0.5294,0
3937,44,South,Salaried,Healthcare,77908.0,727.0,13.77,80.74,69.84,12758.0,0.3915,0
3938,53,North,SelfEmployed,Construction,75088.0,673.0,57.28,87.27,66.69,68873.0,0.8154,0
3939,37,North,Salaried,Manufacturing,87546.0,771.0,64.32,87.0,90.66,62262.0,0.7442,0
3940,64,South,Salaried,Healthcare,91616.0,660.0,40.7,74.34,70.38,36625.0,0.7144,0
3941,56,West,Salaried,Retail,37296.0,624.0,41.95,57.42,71.9,74525.0,0.7293,0
3942,55,West,Salaried,Construction,65379.0,762.0,34.2,55.54,57.57,36959.0,0.2949,0
3943,26,North,SelfEmployed,IT,79245.0,714.0,61.41,6.16,92.73,26817.0,0.4912,0
3944,36,South,SelfEmployed,IT,97304.0,683.0,10.89,70.03,73.68,86092.0,0.439,1
3945,65,North,Salaried,IT,73932.0,618.0,47.47,25.4,40.27,55410.0,0.5272,0
3946,48,North,SelfEmployed,Healthcare,102309.0,759.0,64.44,79.58,70.58,26397.0,0.6776,0
3947,61,East,Salaried,Retail,86028.0,843.0,16.19,54.84,60.01,122801.0,0.1003,0
3948,52,East,SelfEmployed,Retail,82616.0,730.0,67.55,93.85,41.77,61704.0,0.7277,0
3949,46,North,Salaried,Retail,72796.0,662.0,68.06,23.92,63.74,40053.0,0.6474,1
3950,31,North,Salaried,Construction,74508.0,714.0,65.79,70.11,82.55,26474.0,0.7723,0
3951,45,North,Salaried,Healthcare,81616.0,734.0,37.75,54.28,67.71,34474.0,0.4124,0
3952,51,West,SelfEmployed,IT,71092.0,730.0,32.98,88.86,75.17,26450.0,0.5855,0
3953,41,West,Salaried,Construction,97251.0,651.0,52.36,28.94,75.19,140993.0,0.626,0
3954,65,North,Salaried,Retail,92592.0,670.0,29.12,10.35,76.91,162740.0,0.329,1
3955,23,North,Salaried,IT,98960.0,655.0,14.1,53.95,61.32,110543.0,0.4061,0
3956,32,West,Salaried,Healthcare,54202.0,722.0,64.09,51.95,60.35,26109.0,0.5974,0
3957,60,West,Salaried,Manufacturing,53545.0,696.0,48.09,33.05,40.25,78468.0,0.3766,0
3958,66,South,SelfEmployed,Retail,84758.0,769.0,22.43,93.79,48.48,192290.0,0.3396,0
3959,61,North,Salaried,Retail,73388.0,715.0,11.1,11.27,92.29,40081.0,0.1892,0
3960,45,North,SelfEmployed,Retail,80177.0,743.0,53.41,56.26,86.33,57222.0,0.5854,0
3961,37,East,Salaried,Retail,52652.0,684.0,61.17,28.42,55.13,146932.0,0.5353,1
3962,58,South,Salaried,IT,45841.0,592.0,34.34,5.17,62.07,71266.0,0.4746,0
3963,56,North,Salaried,Healthcare,79652.0,781.0,14.85,93.91,91.7,83619.0,0.4113,0
3964,56,East,Salaried,Construction,59802.0,708.0,48.92,48.35,53.77,42521.0,0.479,0
3965,39,North,Salaried,IT,89282.0,725.0,27.82,82.15,69.29,28813.0,0.5047,0
3966,64,West,Salaried,Healthcare,62693.0,749.0,18.64,80.61,41.21,76179.0,0.2788,0
3967,22,South,Salaried,Construction,57251.0,715.0,40.62,78.11,74.09,46745.0,0.6195,0
3968,37,North,Salaried,Retail,29667.0,589.0,38.91,46.31,91.15,43144.0,0.79,1
3969,50,East,Salaried,Healthcare,99951.0,679.0,41.01,85.63,88.66,40211.0,0.7745,0
3970,67,South,Salaried,Retail,88951.0,671.0,59.44,38.05,67.61,90528.0,0.645,0
3971,30,West,Salaried,Healthcare,45086.0,673.0,39.07,41.75,75.73,76066.0,0.5405,0
3972,55,East,Salaried,Manufacturing,35051.0,688.0,64.03,28.01,71.34,155940.0,0.6048,0
3973,56,South,Salaried,Retail,63058.0,703.0,60.51,45.33,43.68,106773.0,0.5234,0
3974,53,East,Salaried,Retail,93946.0,816.0,49.07,93.79,48.73,64657.0,0.4184,0
3975,21,South,Salaried,Retail,64458.0,731.0,13.41,56.59,93.01,63083.0,0.3464,0
3976,38,West,Salaried,IT,70858.0,743.0,61.9,79.8,54.08,101718.0,0.6415,0
3977,24,South,Salaried,Construction,94812.0,672.0,64.33,28.7,61.14,64532.0,0.6111,0
3978,67,East,Salaried,Retail,55235.0,789.0,32.5,91.03,67.99,111500.0,0.419,0
3979,47,North,Salaried,Retail,61358.0,708.0,41.57,6.19,93.85,65526.0,0.3654,0
3980,45,South,Salaried,IT,79392.0,699.0,26.86,88.72,77.95,83679.0,0.6245,0
3981,48,West,Salaried,IT,69396.0,593.0,10.88,85.82,74.63,127157.0,0.7282,0
3982,42,West,Salaried,Manufacturing,57456.0,742.0,38.77,11.06,68.84,27483.0,0.2213,0
3983,62,North,Salaried,Healthcare,89145.0,756.0,17.76,59.44,78.54,121136.0,0.2871,0
3984,45,North,Salaried,Retail,85357.0,754.0,21.0,75.67,76.52,125129.0,0.3775,0
3985,37,West,Salaried,Healthcare,91644.0,616.0,38.84,41.34,89.66,53458.0,0.7169,0
3986,64,West,Salaried,IT,71934.0,756.0,62.02,13.27,69.8,63648.0,0.3451,0
3987,32,North,Salaried,IT,39782.0,681.0,60.68,79.65,63.18,51495.0,0.7855,0
3988,36,South,SelfEmployed,Manufacturing,75215.0,625.0,67.9,46.98,84.39,45440.0,0.8516,1
3989,57,South,SelfEmployed,Construction,51564.0,829.0,38.96,28.69,83.99,113584.0,0.1762,0
3990,36,West,Salaried,IT,34462.0,791.0,43.12,11.38,49.34,29814.0,0.1305,0
3991,37,North,Salaried,Retail,69506.0,739.0,59.33,62.62,53.02,64847.0,0.5465,0
3992,51,North,Salaried,Manufacturing,77035.0,731.0,51.98,8.81,92.73,31633.0,0.3922,0
3993,35,West,Salaried,Construction,106966.0,794.0,20.97,76.2,64.43,46491.0,0.2554,0
3994,33,North,Salaried,Manufacturing,50888.0,671.0,33.89,74.37,68.58,34515.0,0.64,0
3995,60,South,Salaried,IT,88541.0,849.0,65.75,34.06,57.06,63286.0,0.2262,0
3996,47,South,Salaried,Construction,43022.0,703.0,18.77,47.51,66.46,78803.0,0.3175,1
3997,41,South,Salaried,Healthcare,100402.0,760.0,22.56,65.23,80.88,109077.0,0.3424,0
3998,22,South,SelfEmployed,Construction,60987.0,732.0,34.04,91.32,66.53,60008.0,0.5676,0
3999,28,East,Salaried,Retail,68303.0,640.0,66.39,51.81,57.31,160974.0,0.7758,0
4000,62,North,SelfEmployed,Healthcare,68560.0,701.0,16.83,94.7,45.28,48451.0,0.4541,0
4001,27,East,SelfEmployed,Healthcare,90179.0,789.0,50.38,34.26,91.05,88835.0,0.3594,0
4002,30,West,Salaried,Retail,45991.0,654.0,17.93,52.38,87.94,120527.0,0.5296,0
4003,24,West,Salaried,Healthcare,71452.0,782.0,41.47,15.41,83.53,50909.0,0.2209,0
4004,63,North,Salaried,IT,62174.0,740.0,42.19,55.08,78.17,80804.0,0.4729,0
4005,61,North,Salaried,Construction,118961.0,621.0,12.56,53.27,68.35,17297.0,0.5008,0
4006,56,South,Salaried,Construction,53300.0,700.0,67.25,81.39,89.36,106469.0,0.8501,0
4007,55,South,Salaried,Retail,23359.0,697.0,58.4,94.69,83.54,40003.0,0.8427,0
4008,63,South,Salaried,IT,108892.0,639.0,28.17,93.76,84.88,131255.0,0.795,1
4009,23,East,Salaried,Healthcare,84827.0,718.0,17.84,26.27,57.03,59163.0,0.1803,0
4010,38,North,Salaried,Construction,59253.0,619.0,30.74,35.46,63.29,97795.0,0.5361,0
4011,66,North,Salaried,Construction,74356.0,753.0,63.66,29.72,78.87,44721.0,0.4777,0
4012,63,South,Salaried,Construction,58980.0,647.0,17.96,22.97,60.41,293706.0,0.3073,0
4013,44,East,Salaried,Construction,35860.0,681.0,30.96,18.51,67.17,66175.0,0.3195,0
4014,52,North,Salaried,Manufacturing,71715.0,700.0,39.66,51.06,75.56,194802.0,0.524,0
4015,54,East,Salaried,Retail,71571.0,791.0,11.97,83.52,64.08,60309.0,0.237,0
4016,22,South,Salaried,Healthcare,81787.0,624.0,26.08,58.09,83.62,50931.0,0.6699,0
4017,22,West,Salaried,Healthcare,55540.0,670.0,45.74,83.54,46.4,84580.0,0.688,1
4018,30,West,SelfEmployed,Retail,59505.0,709.0,29.44,91.35,79.49,110955.0,0.6365,0
4019,43,South,Salaried,IT,67469.0,696.0,62.23,39.48,47.99,95432.0,0.5412,0
4020,35,North,Salaried,Retail,55383.0,707.0,66.21,80.21,91.58,79721.0,0.8387,0
4021,32,South,Salaried,Construction,97735.0,688.0,36.49,9.71,57.27,61711.0,0.2731,0
4022,63,North,SelfEmployed,Construction,91982.0,717.0,41.92,48.3,83.75,92599.0,0.5155,0
4023,37,East,Salaried,Retail,64682.0,582.0,47.85,38.15,68.68,74212.0,0.7604,0
4024,38,West,Salaried,Retail,85692.0,785.0,49.87,23.44,45.01,56132.0,0.1885,0
4025,34,East,Salaried,Healthcare,50234.0,696.0,13.8,44.46,72.04,55671.0,0.3049,0
4026,37,West,Salaried,Healthcare,65773.0,850.0,13.22,44.93,90.17,123945.0,0.1089,0
4027,35,South,Salaried,Manufacturing,104272.0,680.0,61.94,77.77,48.65,31195.0,0.7494,0
4028,32,North,Salaried,Manufacturing,87917.0,762.0,23.19,83.2,57.67,93444.0,0.3439,0
4029,36,East,SelfEmployed,Construction,80782.0,655.0,45.05,64.13,64.15,88552.0,0.6886,0
4030,52,South,Salaried,Manufacturing,67829.0,703.0,47.48,62.0,55.13,184011.0,0.5538,0
4031,43,East,Salaried,Manufacturing,74161.0,640.0,19.87,14.92,91.91,12272.0,0.4074,0
4032,58,South,Salaried,IT,45632.0,681.0,55.7,56.77,60.76,27802.0,0.6591,0
4033,54,North,Salaried,Retail,68532.0,656.0,61.96,29.7,76.19,38530.0,0.6867,1
4034,54,West,SelfEmployed,Healthcare,82521.0,730.0,27.12,31.53,52.32,43720.0,0.211,0
4035,36,North,Salaried,Manufacturing,74472.0,799.0,62.67,13.53,52.08,96401.0,0.2125,0
4036,54,West,Salaried,Healthcare,74472.0,727.0,14.86,62.23,49.67,30868.0,0.2526,0
4037,60,West,Salaried,Manufacturing,61912.0,850.0,58.03,57.54,63.91,51930.0,0.2891,0
4038,27,West,SelfEmployed,Manufacturing,56845.0,742.0,48.41,24.82,69.31,42503.0,0.335,0
4039,53,East,Salaried,Construction,55015.0,644.0,44.99,28.67,40.59,51871.0,0.4605,0
4040,24,East,Salaried,IT,69962.0,846.0,23.81,74.57,85.81,120564.0,0.2292,0
4041,63,West,Salaried,Retail,89685.0,755.0,31.71,76.36,68.2,79841.0,0.4268,1
4042,27,South,Salaried,Retail,57829.0,616.0,64.62,49.38,48.65,44109.0,0.7758,0
4043,38,South,SelfEmployed,Construction,75815.0,699.0,37.94,18.41,43.7,30019.0,0.2544,0
4044,24,East,Salaried,Construction,75310.0,748.0,45.66,10.0,43.48,78362.0,0.1809,0
4045,69,South,Salaried,Retail,93603.0,734.0,66.15,29.43,54.17,43205.0,0.4495,0
4046,31,South,Salaried,Retail,75268.0,748.0,37.99,70.81,67.46,52379.0,0.4594,0
4047,63,South,Salaried,IT,45243.0,761.0,33.3,59.07,87.31,52973.0,0.4084,0
4048,40,East,Salaried,Manufacturing,117498.0,664.0,63.59,69.63,89.66,104373.0,0.8527,0
4049,31,West,SelfEmployed,IT,94434.0,730.0,64.65,47.46,85.78,50317.0,0.6506,0
4050,35,North,Salaried,Retail,84664.0,713.0,31.28,72.92,58.07,48777.0,0.4724,0
4051,66,West,SelfEmployed,Manufacturing,63490.0,685.0,45.52,48.27,56.86,37947.0,0.5214,0
4052,37,East,Salaried,Retail,68621.0,750.0,67.82,12.56,94.31,40986.0,0.4873,0
4053,54,West,Salaried,IT,46552.0,712.0,13.33,12.19,77.47,94694.0,0.1732,0
4054,68,East,Salaried,IT,68325.0,767.0,12.39,79.84,56.77,60099.0,0.2496,0
4055,32,West,Salaried,IT,78514.0,719.0,40.99,61.67,58.1,54311.0,0.4747,0
4056,62,North,SelfEmployed,Manufacturing,74496.0,681.0,27.47,30.12,63.91,30882.0,0.3382,0
4057,48,West,SelfEmployed,Healthcare,110051.0,710.0,44.91,73.15,74.2,35702.0,0.6404,0
4058,68,North,Salaried,Healthcare,88420.0,741.0,53.46,17.22,89.39,78280.0,0.4085,1
4059,55,West,Salaried,Retail,94472.0,702.0,14.14,63.07,50.91,53728.0,0.3049,0
4060,28,West,Salaried,Manufacturing,85803.0,673.0,62.94,94.05,44.64,53705.0,0.8107,0
4061,47,South,SelfEmployed,Construction,78253.0,710.0,26.61,18.5,62.32,71564.0,0.224,0
4062,42,North,SelfEmployed,Healthcare,84096.0,786.0,32.88,17.78,53.5,82657.0,0.1233,0
4063,44,West,Salaried,Manufacturing,35317.0,740.0,30.22,47.11,71.68,84711.0,0.3258,0
4064,22,South,Salaried,Manufacturing,69793.0,722.0,60.39,62.84,78.46,51998.0,0.6849,0
4065,51,West,Salaried,Healthcare,47045.0,689.0,20.24,7.39,57.09,56437.0,0.1787,0
4066,42,North,Salaried,Manufacturing,51401.0,713.0,11.72,49.97,77.7,77931.0,0.2965,0
4067,21,North,Salaried,Manufacturing,98872.0,643.0,68.31,12.49,58.87,19575.0,0.6231,0
4068,34,West,Salaried,Healthcare,53469.0,689.0,68.84,26.72,74.92,65011.0,0.6411,0
4069,45,East,Salaried,IT,48527.0,732.0,25.46,69.12,74.82,85477.0,0.4256,0
4070,56,West,Salaried,Retail,82792.0,707.0,10.56,71.5,55.3,42346.0,0.3229,0
4071,56,South,SelfEmployed,Construction,73626.0,678.0,48.76,70.68,74.96,31639.0,0.7257,0
4072,61,East,Salaried,Retail,83925.0,627.0,48.91,10.86,60.95,122308.0,0.5206,0
4073,23,East,Salaried,IT,110118.0,693.0,66.42,75.81,58.51,40328.0,0.7703,0
4074,25,East,Salaried,IT,86455.0,656.0,27.91,43.9,55.91,58633.0,0.4369,0
4075,21,East,Salaried,Manufacturing,43988.0,698.0,21.37,47.78,59.01,69948.0,0.3204,0
4076,39,East,Salaried,Retail,93658.0,717.0,46.98,42.77,83.27,37992.0,0.5238,1
4077,53,South,Salaried,IT,70602.0,787.0,43.82,82.13,53.48,27239.0,0.4116,0
4078,62,South,Salaried,Retail,78359.0,756.0,53.06,66.2,77.51,68914.0,0.5672,0
4079,50,West,Salaried,IT,41932.0,714.0,63.11,50.0,89.53,29858.0,0.6991,1
4080,32,North,Salaried,Construction,85065.0,826.0,43.58,80.09,59.27,83891.0,0.3303,0
4081,30,East,Salaried,IT,48971.0,724.0,19.0,77.48,41.62,55562.0,0.3209,0
4082,54,North,Salaried,Retail,85685.0,657.0,45.89,5.45,41.35,175209.0,0.3285,0
4083,36,East,Salaried,Manufacturing,60543.0,687.0,32.45,48.1,47.67,64308.0,0.3846,0
4084,60,East,Salaried,Retail,89443.0,850.0,37.16,8.8,46.05,41888.0,0.0591,0
4085,66,North,Salaried,Healthcare,49099.0,657.0,67.57,32.65,81.14,88865.0,0.7461,0
4086,49,North,Salaried,Retail,43785.0,682.0,43.3,77.35,56.22,102505.0,0.6501,0
4087,35,North,Salaried,Construction,64172.0,760.0,18.98,89.96,75.89,30563.0,0.4151,1
4088,68,East,SelfEmployed,Construction,80326.0,647.0,36.59,26.79,42.34,74310.0,0.3888,0
4089,31,West,Salaried,Construction,52097.0,762.0,23.71,6.93,56.27,71135.0,0.1021,0
4090,64,North,Salaried,IT,79077.0,770.0,18.13,41.21,52.88,97138.0,0.1434,0
4091,54,East,Salaried,Construction,92488.0,717.0,52.73,35.16,55.23,35860.0,0.4232,0
4092,56,South,Salaried,Retail,48528.0,800.0,47.71,65.93,50.49,85859.0,0.3229,0
4093,50,South,Salaried,Manufacturing,79107.0,690.0,39.87,49.56,73.99,73599.0,0.5364,0
4094,55,West,Salaried,Construction,85796.0,756.0,35.39,40.9,76.45,53062.0,0.3127,0
4095,29,South,Salaried,Retail,71142.0,558.0,29.33,25.66,48.17,227826.0,0.5702,0
4096,38,South,SelfEmployed,IT,73350.0,740.0,15.28,79.56,80.76,33063.0,0.4031,0
4097,39,North,Salaried,IT,46822.0,781.0,27.96,27.36,53.75,53038.0,0.1337,0
4098,59,North,Salaried,Manufacturing,83749.0,748.0,60.3,9.93,55.56,38270.0,0.2905,0
4099,24,South,SelfEmployed,Manufacturing,76224.0,678.0,57.02,55.81,85.58,70911.0,0.7474,0
4100,26,North,Salaried,Retail,78013.0,610.0,68.34,33.56,89.56,140534.0,0.8469,1
4101,53,East,Salaried,Manufacturing,116293.0,770.0,49.36,69.12,85.36,122546.0,0.5495,1
4102,52,South,Salaried,Manufacturing,70867.0,650.0,43.22,12.28,48.13,16092.0,0.3801,0
4103,36,East,Salaried,IT,81453.0,658.0,27.76,91.97,94.96,131875.0,0.7797,0
4104,31,North,Salaried,Retail,100762.0,684.0,14.61,21.82,76.97,46633.0,0.2566,0
4105,42,South,Salaried,Manufacturing,74034.0,740.0,47.08,37.14,68.09,42209.0,0.383,0
4106,56,East,Salaried,Retail,60668.0,773.0,39.29,48.29,92.52,64517.0,0.39,0
4107,43,West,Salaried,Construction,82968.0,822.0,55.54,85.11,84.96,51905.0,0.5423,0
4108,46,North,SelfEmployed,IT,61300.0,710.0,34.71,70.03,78.05,50579.0,0.5652,0
4109,51,West,Salaried,IT,98987.0,720.0,69.13,18.03,86.11,41476.0,0.5688,0
4110,49,East,Salaried,IT,85294.0,729.0,33.86,44.48,61.2,70296.0,0.327,0
4111,25,East,SelfEmployed,Healthcare,57779.0,674.0,29.98,53.86,77.64,110074.0,0.5384,0
4112,58,East,Salaried,Retail,50056.0,745.0,62.26,68.19,50.48,64404.0,0.5724,1
4113,45,North,Salaried,Construction,78127.0,668.0,33.73,56.46,94.34,56976.0,0.6528,0
4114,54,North,Salaried,Manufacturing,80110.0,770.0,62.25,46.16,72.39,81586.0,0.4824,0
4115,32,East,Salaried,Construction,50105.0,644.0,11.64,73.9,84.78,112853.0,0.5998,0
4116,42,South,Salaried,Retail,90715.0,756.0,51.56,39.03,62.4,63826.0,0.3663,0
4117,29,West,Salaried,IT,88305.0,757.0,14.31,93.85,81.72,55270.0,0.4282,1
4118,40,South,SelfEmployed,Healthcare,81831.0,610.0,18.89,90.3,61.31,82169.0,0.7189,0
4119,49,North,SelfEmployed,Retail,90156.0,724.0,52.0,68.66,72.45,42473.0,0.6301,0
4120,64,East,SelfEmployed,Retail,55206.0,797.0,27.38,84.44,82.8,21451.0,0.384,1
4121,49,South,SelfEmployed,Manufacturing,56371.0,718.0,22.63,40.39,46.41,81289.0,0.2237,0
4122,65,East,Salaried,Construction,69805.0,708.0,58.09,57.33,59.62,48567.0,0.6109,1
4123,47,East,Salaried,Construction,62311.0,674.0,66.77,29.54,69.97,45963.0,0.6569,0
4124,37,West,SelfEmployed,Manufacturing,85043.0,735.0,23.94,84.71,58.37,23131.0,0.4227,0
4125,25,West,Salaried,Healthcare,91110.0,683.0,29.03,47.39,57.0,41202.0,0.3987,0
4126,65,East,SelfEmployed,IT,60930.0,733.0,52.84,53.25,55.49,50183.0,0.4753,0
4127,33,East,Salaried,IT,57644.0,750.0,58.92,82.81,52.53,123030.0,0.6138,0
4128,62,West,Salaried,Healthcare,92096.0,721.0,69.95,76.76,86.69,143871.0,0.8131,1
4129,35,South,Salaried,Manufacturing,55360.0,772.0,26.4,33.96,90.8,54685.0,0.2435,0
4130,35,North,SelfEmployed,Retail,69289.0,729.0,43.4,12.87,78.51,78755.0,0.3096,1
4131,38,South,Salaried,Construction,54802.0,683.0,18.04,19.59,41.65,33733.0,0.1794,0
4132,22,North,Salaried,Retail,63163.0,596.0,29.85,35.52,83.24,63730.0,0.6556,0
4133,43,East,Salaried,Construction,44872.0,677.0,12.7,32.48,69.26,48759.0,0.279,0
4134,63,East,Salaried,Retail,100644.0,695.0,22.65,8.45,81.7,27194.0,0.245,0
4135,33,East,Salaried,Manufacturing,95246.0,739.0,40.39,43.89,64.05,105432.0,0.3578,0
4136,63,North,Salaried,Manufacturing,58859.0,593.0,19.83,14.53,42.27,66137.0,0.3416,0
4137,24,East,Salaried,Healthcare,84261.0,598.0,63.36,24.88,77.5,84678.0,0.7918,0
4138,67,South,Salaried,Retail,46286.0,591.0,52.62,75.87,64.43,49247.0,0.8706,0
4139,45,East,Salaried,Retail,87435.0,700.0,11.66,49.54,88.07,18856.0,0.3579,0
4140,31,East,Salaried,Healthcare,57319.0,625.0,62.6,38.57,80.6,29342.0,0.7949,0
4141,68,South,Salaried,Healthcare,99352.0,731.0,68.64,21.69,59.78,94532.0,0.4565,0
4142,62,North,Salaried,Manufacturing,85219.0,681.0,40.11,82.97,79.82,52971.0,0.7305,0
4143,32,North,SelfEmployed,Manufacturing,67689.0,611.0,28.88,86.33,67.24,81211.0,0.7762,0
4144,33,West,Salaried,Retail,66836.0,767.0,25.81,51.68,50.97,48418.0,0.207,0
4145,29,West,Salaried,Manufacturing,77890.0,703.0,15.25,87.91,63.09,62732.0,0.4694,0
4146,65,East,Salaried,Manufacturing,56522.0,769.0,39.5,46.83,52.24,59891.0,0.2621,0
4147,58,North,Salaried,Retail,97498.0,707.0,13.01,14.65,40.27,37746.0,0.1158,0
4148,26,South,Salaried,Healthcare,81120.0,797.0,40.23,6.53,53.57,68202.0,0.1107,0
4149,63,East,Salaried,Retail,94287.0,743.0,25.15,16.55,51.52,129525.0,0.1393,0
4150,63,West,Salaried,IT,26008.0,623.0,38.59,61.04,40.24,46810.0,0.6238,1
4151,30,North,Salaried,Retail,75322.0,673.0,35.1,33.88,83.12,26088.0,0.4989,0
4152,43,North,Salaried,IT,79961.0,666.0,28.31,63.35,44.23,85815.0,0.4682,0
4153,35,East,Salaried,Retail,74931.0,569.0,36.92,50.72,64.7,30166.0,0.7592,1
4154,65,South,Salaried,IT,75450.0,759.0,38.44,34.97,62.98,36599.0,0.2615,0
4155,43,South,Salaried,IT,68577.0,731.0,60.02,24.68,49.98,52214.0,0.3729,0
4156,60,North,Salaried,Retail,120147.0,792.0,49.95,12.29,93.18,82092.0,0.2633,0
4157,57,East,SelfEmployed,Manufacturing,79865.0,608.0,35.99,75.42,73.21,76301.0,0.7955,0
4158,54,West,Salaried,Construction,77449.0,637.0,64.31,78.71,84.74,51005.0,0.8963,0
4159,36,West,Salaried,Manufacturing,93731.0,646.0,55.34,53.73,67.29,30975.0,0.737,0
4160,65,East,Salaried,IT,63819.0,795.0,14.54,19.14,79.75,228961.0,0.1014,0
4161,61,East,SelfEmployed,Retail,49244.0,791.0,19.22,28.72,93.34,65628.0,0.1674,0
4162,67,North,Salaried,Retail,93144.0,627.0,14.9,90.96,59.16,90221.0,0.6536,0
4163,52,East,Salaried,Retail,68330.0,728.0,29.13,25.33,67.73,76266.0,0.2441,0
4164,58,South,Salaried,Retail,102214.0,743.0,36.14,10.11,68.3,127021.0,0.2023,0
4165,60,East,SelfEmployed,Construction,100960.0,697.0,40.25,54.5,94.56,35217.0,0.621,1
4166,66,South,SelfEmployed,Healthcare,28547.0,825.0,61.08,28.57,52.82,71860.0,0.2143,0
4167,25,North,SelfEmployed,IT,76447.0,557.0,11.08,91.17,77.14,51017.0,0.817,0
4168,37,North,Salaried,Construction,96532.0,588.0,35.7,56.73,47.6,34814.0,0.6887,1
4169,42,South,Salaried,Manufacturing,39895.0,711.0,34.66,91.92,90.99,114844.0,0.7066,0
4170,59,North,Salaried,Healthcare,82321.0,632.0,66.85,75.7,72.47,37354.0,0.8846,0
4171,61,North,Salaried,Healthcare,88158.0,759.0,24.46,70.08,87.27,76224.0,0.4029,0
4172,68,West,SelfEmployed,Retail,73905.0,608.0,17.34,79.73,89.24,139120.0,0.7542,0
4173,38,South,Salaried,Construction,74049.0,742.0,18.54,59.44,70.64,137634.0,0.2956,0
4174,48,East,Salaried,Manufacturing,98966.0,703.0,41.21,6.0,77.51,37748.0,0.3178,1
4175,33,West,Salaried,Retail,45109.0,814.0,33.45,40.32,78.43,97456.0,0.1976,0
4176,62,West,Salaried,Retail,91622.0,655.0,55.25,24.71,65.33,80440.0,0.5822,0
4177,21,East,Salaried,IT,84186.0,801.0,29.39,44.09,63.92,33193.0,0.1771,0
4178,39,West,Salaried,Healthcare,101034.0,751.0,17.68,47.35,50.24,23673.0,0.1785,0
4179,54,South,Salaried,Manufacturing,56037.0,646.0,33.21,16.5,61.12,60063.0,0.3865,1
4180,24,South,Salaried,Healthcare,104534.0,648.0,62.98,7.11,94.49,109595.0,0.673,0
4181,63,South,Salaried,Construction,47231.0,769.0,34.33,17.44,54.84,256518.0,0.1489,0
4182,23,East,Salaried,IT,68392.0,712.0,60.02,82.17,81.93,44228.0,0.7865,0
4183,61,East,Salaried,Retail,51736.0,695.0,32.29,73.03,43.26,65582.0,0.4707,0
4184,30,South,Salaried,IT,89495.0,809.0,26.88,76.9,65.71,35603.0,0.268,1
4185,48,North,Salaried,Retail,59761.0,751.0,56.49,29.87,43.21,132389.0,0.3065,0
4186,54,East,Salaried,IT,97694.0,652.0,22.55,26.25,66.17,70317.0,0.3596,0
4187,59,North,Salaried,Retail,41238.0,669.0,23.91,8.36,41.52,74602.0,0.1922,0
4188,67,East,Salaried,Healthcare,66095.0,728.0,12.99,47.5,73.73,63885.0,0.2527,1
4189,39,East,SelfEmployed,Healthcare,110719.0,716.0,21.27,39.42,72.26,39429.0,0.2888,0
4190,62,East,SelfEmployed,Healthcare,59786.0,746.0,32.73,80.23,83.88,94419.0,0.5348,0
4191,66,West,SelfEmployed,Healthcare,96187.0,752.0,33.97,66.37,72.08,100127.0,0.4157,0
4192,56,West,Salaried,IT,88926.0,795.0,35.24,17.99,90.93,113642.0,0.1947,0
4193,63,South,SelfEmployed,Retail,48851.0,677.0,38.78,93.84,83.07,101687.0,0.7802,1
4194,23,East,SelfEmployed,Healthcare,79227.0,845.0,44.31,74.36,47.3,37182.0,0.2368,0
4195,43,East,SelfEmployed,IT,105574.0,757.0,21.37,69.82,54.6,54299.0,0.276,0
4196,37,North,Salaried,Retail,66800.0,718.0,46.84,24.5,41.44,74316.0,0.2873,0
4197,27,North,Salaried,IT,61201.0,692.0,30.19,86.46,61.24,43725.0,0.5954,0
4198,46,South,SelfEmployed,Healthcare,81569.0,724.0,54.04,47.65,68.02,33812.0,0.526,1
4199,63,South,Salaried,Construction,70705.0,594.0,43.43,31.79,92.03,52031.0,0.7564,0
4200,38,East,Salaried,IT,45081.0,694.0,43.26,63.94,68.72,64634.0,0.6021,0
4201,66,West,SelfEmployed,Healthcare,70564.0,780.0,51.13,24.06,82.96,318548.0,0.3124,0
4202,66,North,Salaried,Manufacturing,65294.0,676.0,29.98,86.68,54.74,114454.0,0.6089,0
4203,26,North,Salaried,Retail,72319.0,586.0,35.75,81.89,48.42,41859.0,0.7902,0
4204,51,West,Salaried,Healthcare,26933.0,621.0,44.97,46.84,84.6,41568.0,0.7491,0
4205,49,North,SelfEmployed,Manufacturing,82287.0,682.0,35.29,22.16,53.61,35090.0,0.3184,0
4206,29,South,Salaried,IT,42321.0,720.0,36.66,49.69,87.92,87325.0,0.4901,0
4207,55,East,Salaried,IT,89934.0,650.0,26.35,18.42,49.34,49471.0,0.2994,0
4208,37,East,Salaried,Manufacturing,96442.0,618.0,27.24,29.29,86.84,55974.0,0.5675,0
4209,32,North,Salaried,Manufacturing,35288.0,656.0,51.94,48.45,82.51,47130.0,0.7212,0
4210,56,North,Salaried,Retail,100900.0,816.0,10.26,6.9,73.62,188575.0,0.0542,0
4211,68,North,SelfEmployed,IT,72663.0,850.0,15.72,73.92,86.76,114849.0,0.1826,0
4212,44,East,SelfEmployed,Manufacturing,96539.0,732.0,66.93,22.72,58.19,36397.0,0.4422,0
4213,30,East,Salaried,Construction,93623.0,716.0,21.22,83.0,49.13,33831.0,0.4062,0
4214,50,North,Salaried,Construction,46094.0,768.0,35.09,7.0,48.64,109550.0,0.1188,0
4215,49,East,Salaried,Manufacturing,57938.0,618.0,60.98,52.89,54.87,37179.0,0.7822,0
4216,59,West,Salaried,Retail,107284.0,667.0,10.01,74.9,64.54,115540.0,0.462,0
4217,30,North,Salaried,IT,50189.0,574.0,65.51,26.42,88.18,86152.0,0.8609,0
4218,59,South,SelfEmployed,Construction,82218.0,728.0,13.21,68.68,44.92,37792.0,0.2522,0
4219,48,East,SelfEmployed,Manufacturing,59882.0,697.0,20.25,69.88,90.34,83030.0,0.5341,0
4220,38,South,Salaried,Manufacturing,56920.0,653.0,11.75,62.41,90.9,73411.0,0.5466,1
4221,61,South,Salaried,Healthcare,74626.0,817.0,41.17,37.78,80.0,27158.0,0.2269,0
4222,37,East,Salaried,Manufacturing,118827.0,775.0,66.59,75.66,89.52,60041.0,0.7023,0
4223,31,West,Salaried,Retail,90362.0,698.0,60.34,61.56,82.35,50128.0,0.7399,0
4224,21,West,Salaried,Construction,53926.0,652.0,48.38,58.13,69.06,71968.0,0.7064,0
4225,37,East,SelfEmployed,Healthcare,78909.0,719.0,21.13,78.72,73.04,55113.0,0.4669,1
4226,56,East,SelfEmployed,Construction,37812.0,706.0,62.18,27.02,74.55,72257.0,0.5525,0
4227,56,South,Salaried,Construction,29906.0,669.0,55.29,25.92,46.98,43961.0,0.4847,0
4228,66,East,SelfEmployed,Retail,78383.0,641.0,26.01,39.78,50.62,56434.0,0.4186,0
4229,29,South,Salaried,Manufacturing,89299.0,715.0,58.31,11.58,68.79,30943.0,0.4054,0
4230,65,North,Salaried,Retail,106220.0,714.0,62.63,35.37,46.34,48971.0,0.474,0
4231,48,East,Salaried,Manufacturing,82458.0,635.0,51.89,41.56,93.07,48495.0,0.7652,0
4232,68,East,Salaried,Healthcare,75128.0,582.0,16.02,49.56,67.89,29174.0,0.603,1
4233,53,South,SelfEmployed,Retail,68222.0,680.0,69.05,27.86,60.9,61733.0,0.6218,1
4234,23,West,Salaried,Retail,85556.0,614.0,14.56,86.62,48.66,134589.0,0.6244,0
4235,28,North,Salaried,IT,50681.0,652.0,49.27,30.66,62.91,41982.0,0.5653,0
4236,26,South,Salaried,Retail,61434.0,667.0,16.63,81.64,56.63,107224.0,0.5155,0
4237,26,North,Salaried,IT,51364.0,727.0,64.32,45.05,44.84,69029.0,0.4953,0
4238,49,West,Salaried,Manufacturing,64516.0,666.0,31.0,69.63,93.19,22452.0,0.6916,0
4239,57,East,Salaried,Manufacturing,60505.0,716.0,40.69,14.98,54.57,205562.0,0.2544,0
4240,32,South,Salaried,Manufacturing,59150.0,646.0,20.73,54.02,77.98,37909.0,0.5408,0
4241,29,East,Salaried,IT,62202.0,720.0,42.79,91.47,45.02,60556.0,0.5845,0
4242,61,South,Salaried,Manufacturing,79216.0,681.0,66.33,64.96,90.22,72538.0,0.8302,0
4243,69,West,Salaried,Construction,100380.0,717.0,64.1,78.83,72.49,58865.0,0.7617,1
4244,39,South,Salaried,Retail,80765.0,778.0,13.83,28.5,76.13,90137.0,0.1298,0
4245,37,South,Salaried,IT,63535.0,689.0,32.7,77.02,83.0,110546.0,0.6523,0
4246,68,West,SelfEmployed,Manufacturing,83760.0,691.0,26.05,36.61,73.33,38120.0,0.3671,0
4247,64,South,Salaried,Construction,77205.0,727.0,38.88,48.66,43.9,53566.0,0.3276,0
4248,52,North,Salaried,Retail,78385.0,731.0,60.02,21.92,63.63,42760.0,0.4083,0
4249,55,East,Salaried,Retail,74537.0,557.0,54.33,48.71,54.41,42627.0,0.8319,0
4250,34,West,Salaried,Manufacturing,109515.0,631.0,30.64,51.41,66.77,63311.0,0.5954,0
4251,69,South,Salaried,Construction,76976.0,714.0,32.96,61.01,62.24,98484.0,0.4378,0
4252,36,North,Salaried,IT,63773.0,799.0,49.26,83.18,85.46,26673.0,0.5469,1
4253,41,South,Salaried,Manufacturing,59456.0,611.0,21.65,32.44,53.59,55509.0,0.4356,1
4254,32,East,Salaried,Retail,93028.0,666.0,16.16,93.57,51.07,39217.0,0.5537,0
4255,44,North,Salaried,Retail,51271.0,715.0,24.56,81.29,92.69,82018.0,0.5882,0
4256,54,East,Salaried,Retail,102140.0,642.0,17.44,41.26,92.22,78252.0,0.5161,0
4257,28,West,Salaried,Manufacturing,36667.0,732.0,31.12,25.4,94.64,97783.0,0.3288,0
4258,64,South,Salaried,Healthcare,99526.0,743.0,66.25,11.43,71.26,31981.0,0.4025,0
4259,41,South,Salaried,Healthcare,90945.0,726.0,17.22,26.09,46.22,71170.0,0.1441,0
4260,68,South,Salaried,Healthcare,66209.0,712.0,59.1,84.61,88.41,57570.0,0.8054,1
4261,28,North,Salaried,Construction,59996.0,639.0,42.08,31.28,47.98,26082.0,0.4919,0
4262,48,West,Salaried,Manufacturing,99643.0,682.0,47.97,17.42,48.56,28038.0,0.3643,0
4263,36,South,Salaried,Retail,110990.0,776.0,20.2,7.04,50.64,47630.0,0.0755,0
4264,30,South,Salaried,Construction,62728.0,722.0,19.08,31.79,75.94,59919.0,0.2459,0
4265,35,East,SelfEmployed,Healthcare,86609.0,560.0,19.76,24.45,45.9,109675.0,0.4811,0
4266,24,South,Salaried,IT,94590.0,749.0,50.02,14.2,82.81,51476.0,0.3285,0
4267,46,East,Salaried,Construction,87059.0,724.0,54.87,90.6,43.2,71895.0,0.6482,0
4268,35,North,Salaried,Construction,76086.0,679.0,65.21,29.09,46.07,62548.0,0.5462,0
4269,56,West,Salaried,Manufacturing,67203.0,688.0,33.89,5.56,63.9,37646.0,0.2614,0
4270,52,West,Salaried,Construction,80560.0,663.0,37.72,89.98,60.85,47143.0,0.7235,0
4271,63,East,Salaried,Manufacturing,33286.0,704.0,38.18,57.07,94.43,60636.0,0.6009,0
4272,58,West,Salaried,IT,101815.0,700.0,26.19,12.45,93.18,32220.0,0.3057,0
4273,24,North,Salaried,Retail,40865.0,685.0,29.69,7.83,50.43,79849.0,0.2145,1
4274,61,South,Salaried,Retail,58230.0,716.0,60.81,14.71,92.07,123366.0,0.5229,0
4275,29,East,Salaried,Healthcare,68254.0,692.0,30.62,58.23,78.07,133381.0,0.52,0
4276,55,East,Salaried,Healthcare,55026.0,760.0,62.15,10.57,62.49,84548.0,0.3018,0
4277,48,South,Salaried,IT,52435.0,750.0,28.32,56.13,80.68,70920.0,0.3616,0
4278,57,South,Salaried,Retail,103190.0,619.0,30.39,63.73,89.51,23648.0,0.748,0
4279,67,North,Salaried,Healthcare,110927.0,722.0,43.62,18.28,49.91,36048.0,0.2591,0
4280,29,South,Salaried,Construction,105970.0,683.0,16.19,48.96,50.78,30081.0,0.298,0
4281,22,North,Salaried,Manufacturing,91710.0,642.0,65.32,91.75,62.48,47179.0,0.8873,1
4282,23,East,SelfEmployed,Healthcare,124291.0,720.0,59.22,80.28,49.31,87844.0,0.6623,0
4283,64,North,Salaried,IT,69674.0,724.0,50.23,70.1,59.82,68313.0,0.5777,0
4284,68,North,Salaried,Retail,67754.0,850.0,69.29,51.6,75.51,72164.0,0.376,0
4285,25,East,SelfEmployed,IT,75225.0,567.0,10.96,40.48,84.7,75823.0,0.6204,0
4286,30,East,Salaried,Manufacturing,103581.0,672.0,34.66,45.63,56.61,41210.0,0.4584,0
4287,48,West,Salaried,Manufacturing,86721.0,850.0,61.5,73.81,55.5,53479.0,0.3552,0
4288,35,East,SelfEmployed,IT,109549.0,655.0,35.98,54.89,82.89,66582.0,0.6507,0
4289,34,South,Salaried,Healthcare,76306.0,722.0,10.31,73.82,60.96,104489.0,0.3169,0
4290,66,West,Salaried,Healthcare,45029.0,712.0,19.47,92.29,85.02,56078.0,0.5825,0
4291,43,East,Salaried,Retail,61535.0,705.0,36.04,62.65,94.64,53270.0,0.6112,0
4292,33,North,Salaried,Retail,95495.0,666.0,50.08,59.28,93.88,29977.0,0.7658,1
4293,36,East,Salaried,Construction,65108.0,671.0,19.76,41.55,76.45,39858.0,0.4041,1
4294,50,West,Salaried,Construction,76907.0,719.0,36.88,22.71,60.64,67100.0,0.2748,0
4295,60,South,SelfEmployed,Retail,79935.0,689.0,10.77,38.68,43.6,55009.0,0.2001,0
4296,28,South,SelfEmployed,Construction,111164.0,718.0,38.65,51.81,80.59,28753.0,0.4928,0
4297,37,North,SelfEmployed,IT,92589.0,729.0,63.76,8.14,93.79,28477.0,0.4863,0
4298,50,North,SelfEmployed,Healthcare,88666.0,759.0,45.81,47.82,43.74,35041.0,0.2986,0
4299,37,South,SelfEmployed,Construction,78160.0,764.0,36.44,82.59,40.34,52009.0,0.3686,0
4300,55,East,Salaried,Construction,58381.0,710.0,19.74,92.9,85.75,97454.0,0.5947,0
4301,21,North,Salaried,IT,79852.0,633.0,22.15,82.0,45.62,68187.0,0.601,0
4302,69,West,Salaried,Manufacturing,118515.0,776.0,14.59,20.48,44.49,37042.0,0.0759,0
4303,44,West,SelfEmployed,Retail,85265.0,721.0,54.54,18.95,90.07,41969.0,0.4767,0
4304,68,East,Salaried,IT,63972.0,751.0,14.63,40.4,44.38,76260.0,0.1363,0
4305,69,West,Salaried,Manufacturing,66628.0,729.0,33.04,25.29,46.27,70932.0,0.206,0
4306,45,North,Salaried,IT,103373.0,688.0,54.99,65.84,71.33,42471.0,0.712,0
4307,22,South,Salaried,Healthcare,64350.0,681.0,52.77,12.61,81.62,18904.0,0.4989,0
4308,45,East,Salaried,IT,70984.0,798.0,44.65,44.93,61.98,69781.0,0.2578,0
4309,34,West,Salaried,IT,52161.0,708.0,44.28,30.23,63.13,50480.0,0.3904,0
4310,59,West,Salaried,Healthcare,69441.0,699.0,15.42,58.59,74.79,142383.0,0.3806,1
4311,53,South,Salaried,Retail,84460.0,654.0,20.49,76.74,67.8,50462.0,0.5934,0
4312,37,West,Salaried,Manufacturing,69070.0,686.0,42.08,88.12,41.02,59141.0,0.6304,0
4313,51,North,Salaried,Construction,75493.0,761.0,30.88,91.75,46.25,53834.0,0.4014,0
4314,30,West,Salaried,Retail,51941.0,706.0,11.14,36.61,71.99,74513.0,0.2378,0
4315,26,West,Salaried,IT,63859.0,781.0,57.89,82.03,83.65,72996.0,0.6391,0
4316,59,North,Salaried,Construction,117644.0,723.0,49.23,58.28,81.97,34232.0,0.5959,0
4317,45,East,SelfEmployed,Healthcare,72321.0,709.0,29.55,67.3,80.7,30783.0,0.525,0
4318,58,North,Salaried,Retail,82259.0,676.0,15.89,81.6,82.42,103922.0,0.5827,0
4319,57,South,Salaried,Manufacturing,58958.0,706.0,45.47,16.71,42.44,47352.0,0.273,0
4320,50,East,Salaried,Retail,76034.0,652.0,30.91,90.27,89.23,78703.0,0.7862,0
4321,54,East,Salaried,Retail,69587.0,741.0,25.32,54.27,88.91,50413.0,0.3826,0
4322,38,West,SelfEmployed,Construction,97006.0,700.0,53.29,35.24,69.26,23532.0,0.5236,0
4323,44,East,Salaried,Healthcare,96056.0,688.0,29.69,35.49,53.67,120350.0,0.3254,0
4324,69,South,Salaried,Healthcare,98169.0,687.0,18.16,72.59,72.57,88867.0,0.4906,0
4325,47,West,Salaried,Retail,76606.0,744.0,38.9,66.08,70.68,78616.0,0.4646,0
4326,47,West,SelfEmployed,Healthcare,115797.0,665.0,59.71,70.65,52.26,37207.0,0.7477,1
4327,59,North,Salaried,Construction,91076.0,764.0,60.98,27.77,73.17,85532.0,0.3994,0
4328,41,West,Salaried,Construction,46409.0,677.0,60.96,20.32,83.85,68678.0,0.6164,0
4329,39,North,Salaried,Manufacturing,105850.0,740.0,35.26,69.97,84.34,41904.0,0.517,0
4330,59,West,SelfEmployed,Healthcare,74885.0,674.0,57.46,31.86,43.28,52310.0,0.5039,0
4331,43,South,Salaried,Manufacturing,97769.0,668.0,61.01,25.02,50.84,57768.0,0.5416,1
4332,59,North,Salaried,IT,53944.0,791.0,37.57,24.31,76.75,44623.0,0.1983,0
4333,68,South,Salaried,Construction,73576.0,742.0,29.12,18.36,87.29,70051.0,0.2455,0
4334,64,East,Salaried,Retail,89999.0,708.0,52.12,43.41,68.67,92180.0,0.534,0
4335,67,South,Salaried,Construction,79879.0,614.0,64.27,28.49,78.91,47554.0,0.7851,0
4336,35,North,Salaried,IT,72012.0,726.0,68.33,85.45,41.16,56746.0,0.7034,1
4337,63,East,Salaried,Retail,25833.0,762.0,27.41,67.02,73.46,56630.0,0.3529,0
4338,22,West,SelfEmployed,Healthcare,60203.0,712.0,67.37,71.95,92.91,90698.0,0.8148,0
4339,55,South,Salaried,Healthcare,55456.0,702.0,39.96,41.32,76.36,65636.0,0.4749,0
4340,40,North,Salaried,Construction,37772.0,712.0,28.36,59.02,90.73,100233.0,0.5049,0
4341,48,South,Salaried,Retail,60812.0,727.0,69.3,50.07,71.13,43133.0,0.6522,0
4342,35,North,Salaried,Retail,112174.0,666.0,62.67,20.07,86.39,59551.0,0.6611,1
4343,36,West,SelfEmployed,Manufacturing,98152.0,700.0,51.54,9.31,46.83,79861.0,0.3077,0
4344,53,West,Salaried,IT,58296.0,708.0,63.7,66.52,46.79,85111.0,0.648,0
4345,67,East,Salaried,Healthcare,63234.0,758.0,50.89,15.91,46.61,49593.0,0.217,0
4346,32,South,SelfEmployed,Construction,63275.0,572.0,36.42,10.16,66.89,58880.0,0.5811,0
4347,59,West,Salaried,Retail,90121.0,759.0,66.88,44.77,58.16,39721.0,0.4827,0
4348,59,East,SelfEmployed,Healthcare,83100.0,609.0,67.79,71.42,79.56,22798.0,0.9106,0
4349,63,West,Salaried,Construction,60758.0,661.0,28.85,74.2,89.64,51208.0,0.6968,0
4350,40,East,SelfEmployed,Healthcare,63067.0,700.0,31.26,83.61,74.07,51312.0,0.6153,0
4351,49,West,Salaried,Construction,96626.0,744.0,32.96,22.93,51.73,48533.0,0.1879,0
4352,63,East,Salaried,Healthcare,105488.0,767.0,59.33,93.71,91.2,34879.0,0.7513,0
4353,69,South,SelfEmployed,Manufacturing,57068.0,660.0,57.47,73.69,69.03,79364.0,0.7992,0
4354,23,West,Salaried,IT,72660.0,737.0,68.99,19.15,79.6,84543.0,0.5077,0
4355,68,East,Salaried,Healthcare,77568.0,649.0,37.91,80.66,88.98,57982.0,0.7929,0
4356,25,East,Salaried,IT,71220.0,632.0,54.21,49.91,94.44,39900.0,0.8128,0
4357,22,North,SelfEmployed,Healthcare,97605.0,794.0,61.4,10.99,67.83,44847.0,0.2473,0
4358,43,East,Salaried,Retail,71954.0,792.0,23.27,16.88,84.44,59006.0,0.1344,0
4359,46,East,SelfEmployed,Manufacturing,113163.0,682.0,47.23,44.05,71.18,91620.0,0.5741,1
4360,46,North,Salaried,Manufacturing,99020.0,616.0,42.86,52.75,66.75,30842.0,0.7181,0
4361,27,North,Salaried,IT,61273.0,633.0,54.57,90.27,69.57,45364.0,0.8704,0
4362,30,East,SelfEmployed,Retail,76337.0,767.0,51.73,24.41,66.64,64474.0,0.2936,0
4363,25,West,Salaried,Construction,55469.0,725.0,58.77,47.67,63.16,87368.0,0.5405,0
4364,67,East,Salaried,Manufacturing,67170.0,636.0,28.67,25.33,79.8,30946.0,0.4882,0
4365,32,North,Salaried,Retail,92414.0,711.0,22.98,55.26,53.73,41413.0,0.3189,0
4366,52,East,Salaried,Retail,79915.0,654.0,58.31,86.84,73.9,18727.0,0.8592,0
4367,62,North,Salaried,IT,117250.0,607.0,31.63,56.1,79.21,115228.0,0.7188,0
4368,51,South,SelfEmployed,Retail,50561.0,637.0,27.25,50.91,89.06,34413.0,0.6349,1
4369,42,North,Salaried,Retail,74341.0,765.0,30.21,72.51,58.25,76733.0,0.3392,0
4370,37,North,Salaried,Construction,64885.0,599.0,13.98,18.29,87.33,122347.0,0.4627,0
4371,40,North,Salaried,IT,68678.0,692.0,56.39,86.51,91.99,120837.0,0.8366,0
4372,40,South,Salaried,IT,75838.0,634.0,52.91,56.99,75.68,24293.0,0.7812,0
4373,63,North,Salaried,Retail,61461.0,771.0,43.16,66.77,82.43,99448.0,0.4764,0
4374,28,South,SelfEmployed,Construction,94158.0,689.0,52.97,78.71,62.31,89989.0,0.7234,0
4375,67,East,Salaried,Healthcare,110028.0,761.0,32.39,62.15,92.37,96799.0,0.4343,0
4376,54,South,Salaried,Manufacturing,28290.0,657.0,27.72,62.71,76.9,19866.0,0.6045,0
4377,69,South,Salaried,IT,102858.0,713.0,61.74,70.67,57.06,44503.0,0.6779,0
4378,43,West,Salaried,Construction,125336.0,660.0,35.35,9.7,62.23,25601.0,0.3396,0
4379,58,North,SelfEmployed,Construction,78794.0,618.0,21.75,39.4,73.98,47142.0,0.5289,0
4380,48,East,Salaried,Retail,62788.0,649.0,54.94,91.66,52.88,89676.0,0.8226,0
4381,33,North,Salaried,Manufacturing,63556.0,674.0,30.15,28.21,81.47,159068.0,0.4248,0
4382,49,North,Salaried,IT,68844.0,622.0,22.71,53.8,52.36,91708.0,0.5182,0
4383,28,East,Salaried,Healthcare,83608.0,748.0,11.63,20.79,72.55,73220.0,0.1332,0
4384,31,East,Salaried,Retail,66452.0,649.0,68.24,34.09,78.34,46346.0,0.7621,0
4385,67,West,Salaried,IT,73403.0,763.0,38.04,69.54,87.29,45392.0,0.4914,0
4386,65,East,SelfEmployed,IT,55882.0,654.0,19.71,62.88,80.36,73879.0,0.5647,0
4387,38,West,SelfEmployed,Construction,65864.0,678.0,55.47,42.29,83.94,56571.0,0.6758,0
4388,45,North,Salaried,Manufacturing,66756.0,651.0,63.26,89.43,90.21,79782.0,0.9074,0
4389,69,North,Salaried,Healthcare,74286.0,699.0,41.68,74.75,72.88,56007.0,0.6452,0
4390,42,North,Salaried,Manufacturing,45895.0,652.0,11.7,29.11,86.55,124229.0,0.3693,0
4391,65,North,SelfEmployed,Construction,68403.0,646.0,31.91,46.89,52.75,98707.0,0.4935,0
4392,55,East,SelfEmployed,Healthcare,70710.0,789.0,24.59,84.02,84.81,39162.0,0.3888,0
4393,49,East,Salaried,Healthcare,78696.0,771.0,48.18,7.02,52.19,87740.0,0.1691,0
4394,41,North,Salaried,Retail,102971.0,818.0,41.13,57.33,91.4,68075.0,0.3367,0
4395,27,West,Salaried,Healthcare,72973.0,693.0,31.34,25.88,58.15,41705.0,0.3,0
4396,32,West,Salaried,IT,50655.0,587.0,48.91,10.74,49.45,168562.0,0.575,1
4397,56,South,Salaried,Manufacturing,77641.0,696.0,45.07,87.16,48.15,69721.0,0.6478,0
4398,44,North,Salaried,Manufacturing,60824.0,655.0,64.39,78.47,50.3,71415.0,0.8114,0
4399,52,North,Salaried,Retail,60306.0,672.0,45.81,21.68,64.61,88880.0,0.4521,1
4400,47,North,Salaried,Healthcare,69082.0,698.0,40.46,80.33,68.72,79566.0,0.6516,1
4401,52,North,Salaried,Construction,64611.0,803.0,59.42,18.18,90.26,97787.0,0.3139,0
4402,52,East,Salaried,IT,53699.0,706.0,22.15,47.85,60.96,32456.0,0.3155,0
4403,52,North,Salaried,Retail,65296.0,824.0,24.61,70.32,51.96,120831.0,0.173,0
4404,46,South,Salaried,Healthcare,84114.0,659.0,57.01,53.04,80.91,72890.0,0.7577,1
4405,31,West,Salaried,Construction,75811.0,789.0,36.54,81.57,47.41,67705.0,0.3319,0
4406,66,East,Salaried,Healthcare,55146.0,710.0,34.55,60.52,89.08,41239.0,0.5578,0
4407,38,West,Salaried,Retail,57791.0,575.0,63.22,43.88,62.52,38137.0,0.8465,0
4408,59,North,Salaried,Construction,77465.0,711.0,46.61,88.26,73.76,37686.0,0.7136,0
4409,25,South,Salaried,Construction,55256.0,742.0,58.17,8.27,50.24,47044.0,0.2674,0
4410,36,East,Salaried,Construction,57064.0,603.0,58.59,48.96,48.0,61676.0,0.7646,0
4411,31,North,Salaried,Construction,63580.0,683.0,17.2,64.47,83.94,30461.0,0.4953,0
4412,55,North,Salaried,Healthcare,55563.0,669.0,49.22,80.25,63.63,144762.0,0.7495,0
4413,68,East,Salaried,Construction,77015.0,758.0,67.15,53.7,94.27,76962.0,0.6619,0
4414,31,East,Salaried,Healthcare,68846.0,674.0,38.8,84.7,68.84,35384.0,0.7116,1
4415,62,South,Salaried,Construction,103085.0,677.0,53.93,43.36,86.51,97608.0,0.6822,1
4416,43,South,Salaried,Construction,51764.0,648.0,44.0,33.54,93.9,46436.0,0.6622,0
4417,54,South,Salaried,Retail,98016.0,643.0,22.29,92.64,55.46,40683.0,0.6626,0
4418,68,North,Salaried,Healthcare,79747.0,641.0,21.71,65.05,84.05,114492.0,0.6346,0
4419,37,South,Salaried,Healthcare,104821.0,628.0,36.03,43.32,41.21,43123.0,0.5079,0
4420,30,North,Salaried,Manufacturing,102107.0,625.0,38.98,84.04,77.39,61414.0,0.819,0
4421,38,North,SelfEmployed,Retail,66459.0,790.0,40.19,66.48,80.99,94341.0,0.4022,0
4422,64,West,Salaried,Healthcare,46823.0,784.0,67.3,62.41,66.26,108067.0,0.5436,0
4423,28,East,Salaried,Retail,72049.0,769.0,16.02,70.57,48.92,68042.0,0.212,0
4424,46,East,Salaried,Retail,35467.0,704.0,32.83,71.45,73.92,25235.0,0.5569,0
4425,23,South,SelfEmployed,Retail,88193.0,674.0,40.87,49.37,89.36,35123.0,0.6363,0
4426,44,South,Salaried,IT,78031.0,731.0,67.79,42.74,91.22,123500.0,0.667,0
4427,23,North,Salaried,Healthcare,63021.0,788.0,40.26,86.84,81.04,92172.0,0.5067,0
4428,58,North,SelfEmployed,Retail,66009.0,714.0,56.52,49.75,54.5,83119.0,0.5305,0
4429,22,North,Salaried,IT,54558.0,676.0,54.96,24.42,87.87,41697.0,0.6085,0
4430,55,West,SelfEmployed,IT,74360.0,735.0,43.99,51.94,88.89,36196.0,0.522,0
4431,37,East,SelfEmployed,Construction,55161.0,850.0,17.84,8.1,60.2,29464.0,0.0411,0
4432,29,East,Salaried,Construction,74258.0,653.0,23.13,70.1,50.06,45979.0,0.5177,0
4433,56,South,Salaried,Healthcare,82062.0,638.0,24.41,16.43,88.11,72347.0,0.4396,0
4434,42,West,Salaried,Construction,88001.0,773.0,12.32,15.06,88.68,123737.0,0.1209,0
4435,51,North,Salaried,Healthcare,83909.0,762.0,32.75,90.17,45.55,56843.0,0.4007,0
4436,54,South,Salaried,IT,69036.0,638.0,46.63,74.53,93.18,59108.0,0.8405,1
4437,44,South,Salaried,IT,83882.0,719.0,18.66,42.28,69.32,95583.0,0.2708,0
4438,29,West,Salaried,Healthcare,77702.0,680.0,20.5,26.56,94.66,47002.0,0.3825,0
4439,66,West,Salaried,Construction,77536.0,625.0,52.42,80.91,64.48,55626.0,0.8396,1
4440,63,North,Salaried,Construction,54471.0,628.0,20.16,92.17,69.33,62407.0,0.7218,0
4441,22,West,Salaried,Healthcare,50034.0,666.0,18.12,50.75,54.63,46171.0,0.371,0
4442,41,West,Salaried,Manufacturing,80159.0,710.0,68.67,57.21,89.44,76427.0,0.7686,0
4443,54,North,Salaried,Construction,84727.0,742.0,10.88,26.87,64.4,63782.0,0.1368,0
4444,47,South,Salaried,Retail,62579.0,676.0,29.52,58.03,84.8,65971.0,0.5761,0
4445,57,South,Salaried,Construction,98485.0,684.0,12.1,41.05,44.39,36498.0,0.2247,0
4446,27,West,Salaried,Manufacturing,119268.0,735.0,60.28,81.1,83.35,90061.0,0.7471,0
4447,42,North,SelfEmployed,IT,110070.0,682.0,45.01,38.94,66.96,138952.0,0.5167,0
4448,24,West,Salaried,IT,69667.0,684.0,12.88,63.39,40.3,86708.0,0.3027,1
4449,34,South,Salaried,IT,66340.0,770.0,46.92,23.31,52.44,41115.0,0.2158,0
4450,54,East,Salaried,Construction,90737.0,677.0,17.39,13.16,50.66,27357.0,0.1856,0
4451,43,South,Salaried,IT,88577.0,663.0,39.74,8.63,81.35,56337.0,0.4265,0
4452,64,East,Salaried,Manufacturing,52737.0,664.0,50.16,42.41,66.25,80479.0,0.6126,0
4453,62,West,Salaried,Manufacturing,70156.0,690.0,18.91,19.72,48.78,42596.0,0.1892,0
4454,45,West,Salaried,Construction,88231.0,776.0,39.82,94.41,54.12,51020.0,0.4705,0
4455,21,West,SelfEmployed,Retail,57075.0,726.0,37.44,76.85,67.72,104943.0,0.5415,0
4456,68,North,Salaried,Construction,60107.0,693.0,64.95,67.4,41.08,27067.0,0.6765,0
4457,35,East,Salaried,IT,63126.0,693.0,69.74,77.3,63.33,70177.0,0.8027,0
4458,52,North,SelfEmployed,Construction,67015.0,746.0,49.27,28.65,77.29,35198.0,0.3769,0
4459,34,South,Salaried,Manufacturing,43615.0,693.0,61.29,84.13,68.48,91571.0,0.7968,0
4460,61,East,Salaried,Construction,88858.0,692.0,48.81,94.61,72.9,87731.0,0.7819,0
4461,41,South,Salaried,Construction,60317.0,720.0,62.58,31.09,57.96,58703.0,0.4797,0
4462,67,East,Salaried,Retail,79048.0,657.0,36.0,93.62,50.07,69315.0,0.7074,0
4463,27,West,Salaried,Manufacturing,76902.0,817.0,46.48,33.84,84.54,37977.0,0.2526,0
4464,56,North,Salaried,Healthcare,54766.0,813.0,60.71,6.06,89.81,91214.0,0.2509,0
4465,41,East,SelfEmployed,Healthcare,39676.0,705.0,65.09,38.05,68.09,73086.0,0.6066,1
4466,60,South,SelfEmployed,Manufacturing,76783.0,693.0,11.48,94.78,56.78,58400.0,0.4782,0
4467,32,North,SelfEmployed,Healthcare,66285.0,647.0,16.24,62.16,68.12,40541.0,0.5082,0
4468,35,North,SelfEmployed,IT,84110.0,705.0,65.87,67.59,88.34,62782.0,0.7953,0
4469,35,West,Salaried,Healthcare,91244.0,641.0,44.11,26.45,78.03,49654.0,0.5909,0
4470,37,West,Salaried,IT,34225.0,691.0,69.41,18.13,87.22,88970.0,0.6444,0
4471,54,West,Salaried,Manufacturing,70379.0,745.0,57.56,84.7,58.06,136102.0,0.6446,0
4472,64,West,Salaried,Healthcare,95835.0,762.0,59.09,42.21,79.16,83363.0,0.483,0
4473,55,North,SelfEmployed,Healthcare,103745.0,787.0,33.17,5.37,75.92,50168.0,0.132,0
4474,59,South,Salaried,IT,38354.0,728.0,25.45,31.48,71.44,123887.0,0.2568,0
4475,58,East,SelfEmployed,IT,98039.0,647.0,45.9,22.62,69.05,48977.0,0.5355,0
4476,34,South,SelfEmployed,Construction,54810.0,788.0,62.74,59.34,70.3,69093.0,0.4975,0
4477,25,South,SelfEmployed,Retail,89119.0,758.0,53.54,73.05,86.73,48638.0,0.6321,0
4478,50,South,SelfEmployed,Healthcare,64022.0,676.0,38.33,49.77,90.38,60546.0,0.6211,0
4479,24,East,Salaried,Retail,89934.0,640.0,55.19,21.73,46.21,25173.0,0.5325,0
4480,35,East,Salaried,Retail,67765.0,712.0,51.42,10.22,71.28,32842.0,0.3656,0
4481,59,North,Salaried,Healthcare,46230.0,778.0,64.78,33.22,90.51,58031.0,0.4829,0
4482,55,South,Salaried,IT,63371.0,674.0,25.81,77.54,47.41,69312.0,0.5103,0
4483,65,East,Salaried,Construction,85804.0,709.0,17.16,42.76,62.71,55884.0,0.2626,0
4484,30,East,SelfEmployed,Manufacturing,66552.0,736.0,38.2,27.7,44.9,92409.0,0.2254,0
4485,22,North,SelfEmployed,Healthcare,53536.0,613.0,31.66,6.87,46.24,20701.0,0.3539,0
4486,64,East,Salaried,Healthcare,49572.0,663.0,68.49,49.65,89.73,75927.0,0.8196,0
4487,44,North,Salaried,Manufacturing,58813.0,797.0,10.45,66.63,64.54,116189.0,0.1665,0
4488,48,South,Salaried,Retail,58640.0,584.0,66.0,22.13,77.88,88274.0,0.8173,0
4489,42,West,Salaried,Construction,86484.0,772.0,67.3,53.35,47.64,83407.0,0.4571,0
4490,64,East,Salaried,Retail,67094.0,772.0,13.06,42.87,41.21,98468.0,0.1092,0
4491,52,South,Salaried,Manufacturing,69026.0,726.0,63.37,68.36,88.98,32710.0,0.7497,0
4492,51,East,Salaried,Manufacturing,71403.0,709.0,38.25,82.45,71.6,32634.0,0.6303,0
4493,39,East,Salaried,Construction,85802.0,602.0,55.97,32.63,41.1,51182.0,0.6644,1
4494,41,West,Salaried,Manufacturing,87743.0,729.0,14.76,86.43,94.58,56862.0,0.5117,0
4495,23,East,Salaried,Manufacturing,64462.0,674.0,67.31,68.63,67.07,65681.0,0.8031,0
4496,26,East,Salaried,Construction,69721.0,773.0,46.45,8.34,66.17,32775.0,0.194,0
4497,52,South,Salaried,Healthcare,87850.0,720.0,63.92,76.21,74.15,52534.0,0.7506,0
4498,22,North,Salaried,Retail,61083.0,607.0,50.38,49.52,40.43,96901.0,0.6873,1
4499,44,South,SelfEmployed,Healthcare,64051.0,654.0,42.21,90.09,71.3,50093.0,0.7938,0
4500,65,South,Salaried,Healthcare,87808.0,606.0,20.35,34.13,74.62,26933.0,0.5244,1
4501,47,East,Salaried,Retail,63521.0,620.0,20.68,58.21,56.33,27217.0,0.5446,0
4502,29,East,Salaried,Healthcare,79951.0,752.0,38.35,91.05,79.98,98416.0,0.5996,0
4503,33,South,Salaried,Construction,43407.0,685.0,62.23,29.4,60.76,125346.0,0.5653,1
4504,34,North,SelfEmployed,Retail,86675.0,657.0,16.91,47.48,79.48,40640.0,0.4584,0
4505,31,South,Salaried,IT,70983.0,698.0,69.9,72.72,47.91,91932.0,0.7383,0
4506,34,South,Salaried,Healthcare,83136.0,677.0,62.55,67.2,90.25,82041.0,0.8254,0
4507,36,East,Salaried,Manufacturing,97388.0,709.0,33.55,80.48,88.37,29352.0,0.6451,0
4508,30,North,Salaried,Retail,68326.0,828.0,25.19,51.78,48.28,76932.0,0.1181,0
4509,40,East,Salaried,IT,44327.0,699.0,65.32,33.7,91.61,84722.0,0.6833,1
4510,36,West,Salaried,Manufacturing,67762.0,767.0,17.39,53.16,70.68,51815.0,0.2181,0
4511,54,North,Salaried,IT,99291.0,585.0,30.84,36.5,78.59,48905.0,0.6747,0
4512,36,South,Salaried,Healthcare,78397.0,677.0,15.03,20.88,86.22,67158.0,0.297,0
4513,34,North,Salaried,Manufacturing,53711.0,625.0,67.21,54.95,44.6,40519.0,0.7831,0
4514,48,East,Salaried,Healthcare,71125.0,714.0,47.06,9.35,49.31,107451.0,0.2583,0
4515,38,East,Salaried,Manufacturing,84756.0,746.0,30.17,8.29,55.97,59433.0,0.1416,0
4516,46,South,Salaried,Retail,72490.0,753.0,26.53,10.81,66.25,48212.0,0.1455,0
4517,58,East,Salaried,Construction,71947.0,692.0,36.65,65.54,59.03,55684.0,0.5313,0
4518,27,West,Salaried,Construction,60726.0,773.0,15.48,41.63,67.82,98701.0,0.1593,0
4519,65,North,Salaried,IT,62332.0,719.0,63.36,49.47,50.23,55654.0,0.5505,0
4520,54,North,Salaried,Manufacturing,79449.0,734.0,40.66,35.91,77.52,47782.0,0.3793,0
4521,67,West,Salaried,Healthcare,84849.0,672.0,53.51,27.83,43.07,27078.0,0.4605,0
4522,69,East,Salaried,Retail,71534.0,668.0,24.02,37.25,59.88,65231.0,0.3619,0
4523,65,West,SelfEmployed,Retail,65121.0,682.0,40.22,22.4,49.85,51941.0,0.3396,0
4524,27,East,Salaried,Retail,90127.0,777.0,22.67,66.09,80.15,32938.0,0.3061,0
4525,53,West,Salaried,Construction,66526.0,672.0,58.97,14.16,88.6,74363.0,0.6023,0
4526,55,South,Salaried,Healthcare,80786.0,608.0,56.52,51.52,44.33,34710.0,0.7429,0
4527,59,East,SelfEmployed,Retail,85660.0,688.0,18.89,47.91,83.18,43399.0,0.4122,0
4528,41,West,Salaried,Retail,49718.0,664.0,14.47,32.17,89.26,75677.0,0.3831,0
4529,69,East,SelfEmployed,IT,77795.0,763.0,59.45,14.21,93.57,75464.0,0.3998,0
4530,48,North,SelfEmployed,Manufacturing,21050.0,710.0,16.58,68.3,71.87,62281.0,0.4003,0
4531,52,South,Salaried,Manufacturing,72953.0,728.0,42.91,56.26,58.01,52286.0,0.4393,0
4532,64,North,SelfEmployed,Manufacturing,86590.0,765.0,42.07,77.85,57.71,47163.0,0.4462,0
4533,36,North,Salaried,IT,81738.0,719.0,22.18,26.2,60.84,38657.0,0.2083,0
4534,30,South,SelfEmployed,Construction,91000.0,642.0,45.48,76.24,73.7,51880.0,0.7907,0
4535,43,East,Salaried,IT,82009.0,723.0,40.17,31.28,66.96,101721.0,0.3434,0
4536,68,East,Salaried,Retail,64153.0,773.0,40.55,15.13,75.95,34433.0,0.2112,0
4537,35,South,Salaried,Healthcare,44216.0,700.0,31.58,17.14,42.16,16460.0,0.2095,0
4538,63,East,Salaried,Retail,77263.0,705.0,60.31,24.9,45.82,41258.0,0.4247,0
4539,26,North,Salaried,Retail,84576.0,669.0,15.06,66.42,93.71,128402.0,0.5606,0
4540,53,North,Salaried,Healthcare,39849.0,712.0,36.32,26.96,94.75,49022.0,0.4197,0
4541,59,North,Salaried,Manufacturing,83078.0,728.0,25.59,59.35,81.07,60297.0,0.4117,0
4542,32,East,Salaried,IT,76755.0,770.0,60.91,28.09,54.1,62257.0,0.3207,0
4543,56,North,Salaried,Construction,67706.0,805.0,23.5,37.87,92.44,42531.0,0.1898,0
4544,51,South,Salaried,Retail,83795.0,731.0,56.02,85.07,51.75,117606.0,0.6457,0
4545,30,South,Salaried,Retail,69492.0,791.0,46.69,50.03,80.23,53171.0,0.3647,0
4546,54,West,Salaried,Construction,68211.0,721.0,62.49,59.02,46.34,102478.0,0.5729,0
4547,61,North,Salaried,IT,49574.0,737.0,45.63,22.03,75.69,61429.0,0.3369,1
4548,30,East,Salaried,Retail,83094.0,850.0,43.39,16.84,81.77,62680.0,0.1318,0
4549,31,East,Salaried,Construction,48878.0,695.0,58.07,42.19,87.28,35723.0,0.6674,0
4550,34,West,SelfEmployed,Retail,61318.0,633.0,43.75,81.98,80.39,99758.0,0.8286,1
4551,23,West,Salaried,Manufacturing,84116.0,833.0,60.67,26.68,90.79,54622.0,0.2964,0
4552,53,North,SelfEmployed,Manufacturing,71650.0,741.0,12.96,60.95,68.65,64143.0,0.2649,0
4553,27,North,Salaried,Retail,109182.0,631.0,39.71,83.49,77.26,140019.0,0.8121,0
4554,24,West,Salaried,Retail,86857.0,691.0,58.76,89.1,60.33,68682.0,0.7835,0
4555,59,South,Salaried,Manufacturing,90027.0,728.0,60.9,94.44,40.57,65455.0,0.689,0
4556,68,East,SelfEmployed,Retail,92079.0,656.0,60.04,73.67,81.62,97810.0,0.8443,0
4557,30,East,Salaried,IT,70174.0,626.0,46.26,11.75,87.84,83519.0,0.6051,0
4558,35,East,Salaried,IT,64363.0,749.0,69.64,83.43,49.57,47545.0,0.6807,0
4559,36,West,Salaried,Healthcare,50723.0,590.0,20.88,84.71,41.58,44899.0,0.6897,1
4560,58,West,Salaried,IT,45928.0,669.0,20.47,55.16,49.05,74806.0,0.3805,0
4561,24,East,SelfEmployed,Retail,97948.0,668.0,11.97,11.07,89.24,45448.0,0.2677,1
4562,24,South,Salaried,Retail,62556.0,640.0,69.36,47.9,56.25,61239.0,0.7735,0
4563,56,West,Salaried,Construction,92878.0,679.0,30.88,23.96,52.85,31982.0,0.3011,0
4564,47,North,Salaried,IT,45563.0,688.0,55.72,44.79,40.8,139026.0,0.5121,0
4565,42,North,Salaried,Manufacturing,71347.0,518.0,13.58,70.17,56.34,43668.0,0.7729,1
4566,42,West,Salaried,Manufacturing,100354.0,717.0,27.92,65.08,79.36,80710.0,0.4784,0
4567,37,South,Salaried,Healthcare,80322.0,749.0,47.43,75.2,92.75,82090.0,0.6397,0
4568,65,North,SelfEmployed,Construction,80850.0,788.0,41.49,47.89,57.2,143097.0,0.2552,0
4569,54,North,Salaried,Manufacturing,63274.0,697.0,22.46,50.97,53.24,70224.0,0.3257,0
4570,52,West,SelfEmployed,Healthcare,56946.0,571.0,37.7,89.21,88.84,49153.0,0.9081,1
4571,26,East,Salaried,IT,74101.0,750.0,16.53,61.81,86.89,58729.0,0.3281,0
4572,53,East,Salaried,Construction,52487.0,704.0,42.56,72.28,58.05,38787.0,0.5744,0
4573,28,North,Salaried,Construction,72851.0,745.0,15.82,64.81,43.78,115990.0,0.2185,0
4574,56,West,Salaried,Retail,94625.0,707.0,48.16,62.64,94.56,51093.0,0.6901,1
4575,25,West,Salaried,IT,49659.0,733.0,19.32,87.22,77.44,144213.0,0.4759,1
4576,25,South,Salaried,Construction,87844.0,646.0,42.83,37.08,90.96,43145.0,0.6648,1
4577,67,South,Salaried,Healthcare,94918.0,631.0,17.75,43.49,58.8,216934.0,0.4317,0
4578,30,North,Salaried,Manufacturing,69795.0,692.0,34.04,39.18,75.62,42565.0,0.4418,0
4579,60,West,Salaried,IT,75667.0,698.0,31.11,73.87,77.1,41469.0,0.5839,0
4580,27,East,Salaried,IT,65410.0,652.0,55.38,83.16,88.01,43492.0,0.8673,0
4581,32,West,Salaried,Construction,68799.0,653.0,48.47,37.18,94.62,42875.0,0.6984,1
4582,50,South,Salaried,Construction,91362.0,651.0,66.23,17.81,45.98,72086.0,0.5689,0
4583,45,West,Salaried,Construction,89500.0,770.0,65.31,49.47,74.71,39674.0,0.53,0
4584,48,West,Salaried,Healthcare,82869.0,642.0,53.5,93.59,58.5,33708.0,0.8429,1
4585,63,East,SelfEmployed,Retail,87158.0,731.0,56.24,23.33,84.64,38043.0,0.4664,1
4586,33,West,SelfEmployed,Construction,79001.0,652.0,47.49,45.68,81.48,164848.0,0.6869,1
4587,67,South,Salaried,Retail,50463.0,727.0,51.5,29.42,89.09,34038.0,0.4866,0
4588,69,North,Salaried,Retail,96280.0,782.0,47.03,88.04,58.9,65759.0,0.4967,1
4589,42,East,Salaried,IT,57130.0,767.0,28.71,54.58,50.15,37852.0,0.2295,0
4590,38,East,Salaried,Manufacturing,72997.0,682.0,31.04,57.09,41.2,75374.0,0.4055,0
4591,47,East,Salaried,Manufacturing,92065.0,716.0,44.48,5.74,54.05,64814.0,0.2399,0
4592,28,North,Salaried,Healthcare,46975.0,673.0,53.21,63.75,60.19,137524.0,0.6878,0
4593,26,East,Salaried,Healthcare,87491.0,756.0,34.37,32.57,92.03,48020.0,0.3205,0
4594,31,South,Salaried,Manufacturing,51158.0,695.0,18.56,51.21,67.03,74096.0,0.3502,0
4595,49,South,Salaried,Manufacturing,86895.0,782.0,37.57,52.8,70.6,100961.0,0.3047,0
4596,61,East,Salaried,IT,99053.0,643.0,67.79,58.3,88.41,49788.0,0.8641,0
4597,25,East,Salaried,IT,60249.0,652.0,22.85,79.12,88.68,66543.0,0.6957,0
4598,27,North,Salaried,Manufacturing,57648.0,738.0,48.94,31.9,69.04,28218.0,0.3799,0
4599,42,South,Salaried,Construction,76521.0,726.0,68.95,28.05,46.25,74823.0,0.4531,0
4600,67,South,Salaried,Construction,57020.0,810.0,32.57,76.62,54.88,65577.0,0.2665,0
4601,24,North,Salaried,IT,31455.0,685.0,63.27,69.68,65.13,40953.0,0.7637,0
4602,52,West,Salaried,Retail,74494.0,667.0,61.84,25.31,81.31,32286.0,0.66,0
4603,39,West,Salaried,Manufacturing,81702.0,666.0,30.34,5.08,79.14,52184.0,0.3304,0
4604,65,South,Salaried,Healthcare,68431.0,683.0,15.91,64.93,75.35,33031.0,0.4571,0
4605,53,West,Salaried,Construction,77262.0,722.0,20.71,19.15,88.41,62898.0,0.2429,0
4606,21,West,Salaried,Retail,95978.0,601.0,31.94,91.13,84.15,81623.0,0.8559,0
4607,66,West,SelfEmployed,Construction,67843.0,626.0,67.55,59.4,94.02,24906.0,0.8923,0
4608,61,North,Salaried,Retail,70467.0,714.0,26.47,81.47,88.9,39337.0,0.5918,0
4609,64,West,Salaried,Manufacturing,74605.0,722.0,65.61,77.51,50.76,133749.0,0.6915,0
4610,61,South,Salaried,Manufacturing,68721.0,681.0,20.88,55.2,43.17,81243.0,0.3367,0
4611,28,South,Salaried,Manufacturing,68726.0,727.0,68.19,44.45,62.8,29469.0,0.5875,0
4612,52,North,Salaried,IT,109172.0,609.0,27.62,49.71,73.96,46838.0,0.6444,0
4613,50,South,SelfEmployed,Retail,77515.0,655.0,47.99,77.27,75.37,24232.0,0.7879,1
4614,66,North,Salaried,Healthcare,69064.0,654.0,14.18,62.64,54.71,106080.0,0.4277,0
4615,48,North,SelfEmployed,Healthcare,102686.0,647.0,27.98,23.51,87.29,59408.0,0.474,0
4616,61,South,SelfEmployed,Manufacturing,96708.0,750.0,22.64,59.84,58.11,63929.0,0.2687,0
4617,52,West,Salaried,Healthcare,87485.0,757.0,10.21,41.42,90.55,108707.0,0.2096,0
4618,45,West,SelfEmployed,Construction,62806.0,565.0,19.41,10.52,65.94,53365.0,0.4701,0
4619,54,South,Salaried,Retail,129647.0,581.0,45.59,39.31,40.57,68665.0,0.6679,0
4620,53,West,Salaried,Retail,43685.0,708.0,33.4,25.48,48.91,103196.0,0.2533,0
4621,33,West,Salaried,Retail,39376.0,664.0,53.35,80.47,45.63,39784.0,0.7316,1
4622,45,West,Salaried,Construction,82658.0,692.0,50.26,14.45,42.42,32096.0,0.3239,0
4623,62,North,Salaried,IT,67862.0,719.0,57.96,37.46,79.27,146807.0,0.5582,0
4624,60,East,Salaried,Construction,25458.0,807.0,62.02,67.59,50.58,41371.0,0.4148,0
4625,59,West,Salaried,Retail,72184.0,696.0,59.19,85.77,86.12,18387.0,0.8288,0
4626,64,East,Salaried,Retail,76578.0,751.0,36.88,35.18,54.55,41749.0,0.2431,0
4627,69,South,Salaried,Retail,71635.0,674.0,28.52,59.58,41.78,42696.0,0.4217,1
4628,64,East,SelfEmployed,Healthcare,81044.0,727.0,40.14,38.63,85.14,164360.0,0.4328,0
4629,68,East,Salaried,IT,65604.0,742.0,42.11,23.26,65.64,78832.0,0.2765,0
4630,30,East,Salaried,Construction,72227.0,669.0,28.79,34.31,72.97,53839.0,0.4266,0
4631,51,North,Salaried,Retail,101163.0,659.0,42.4,62.23,58.49,42406.0,0.6342,0
4632,64,South,Salaried,Manufacturing,94177.0,671.0,16.35,69.47,42.53,84246.0,0.3904,0
4633,31,West,Salaried,IT,70828.0,752.0,23.86,38.35,60.36,101304.0,0.2005,0
4634,45,West,Salaried,Manufacturing,85965.0,744.0,54.76,18.73,68.51,76770.0,0.3451,0
4635,66,North,Salaried,IT,92473.0,550.0,20.97,17.56,40.64,94891.0,0.459,0
4636,65,West,Salaried,Retail,56249.0,675.0,18.34,78.14,71.59,129973.0,0.5473,0
4637,54,South,SelfEmployed,IT,81608.0,726.0,27.24,63.79,89.12,62750.0,0.4804,0
4638,40,East,Salaried,IT,78126.0,793.0,32.26,70.52,51.98,46457.0,0.2638,0
4639,27,West,Salaried,Retail,88153.0,694.0,29.71,48.94,90.97,48302.0,0.5112,0
4640,53,West,Salaried,Manufacturing,56120.0,722.0,32.48,46.16,45.37,112023.0,0.2897,0
4641,55,West,Salaried,Manufacturing,74316.0,706.0,18.39,24.0,85.4,86236.0,0.2693,0
4642,49,South,Salaried,Healthcare,59914.0,669.0,19.92,20.15,86.22,64499.0,0.3447,0
4643,32,West,Salaried,Manufacturing,81641.0,619.0,24.15,18.85,54.18,45681.0,0.3707,0
4644,25,North,Salaried,Manufacturing,58496.0,625.0,34.12,94.26,92.68,39966.0,0.8582,0
4645,32,East,Salaried,IT,64094.0,747.0,30.15,78.88,62.91,59893.0,0.4264,0
4646,49,East,Salaried,Healthcare,77453.0,707.0,57.48,61.35,47.77,36342.0,0.5856,0
4647,55,East,Salaried,Retail,56195.0,656.0,41.53,24.3,72.54,53435.0,0.5031,0
4648,40,South,Salaried,Retail,42684.0,614.0,44.54,35.39,94.81,108723.0,0.7451,0
4649,57,West,Salaried,Construction,95784.0,746.0,43.64,36.57,89.46,56084.0,0.4178,0
4650,21,North,Salaried,Healthcare,62132.0,640.0,33.93,47.99,55.32,53158.0,0.5385,0
4651,36,North,Salaried,IT,47005.0,741.0,68.83,42.98,71.73,64299.0,0.5854,0
4652,50,East,Salaried,Construction,52828.0,692.0,12.24,89.07,46.35,97058.0,0.4188,0
4653,29,South,Salaried,Construction,73005.0,697.0,22.95,69.87,65.4,147502.0,0.4607,0
4654,62,West,Salaried,Retail,106542.0,805.0,27.08,12.33,68.77,33569.0,0.0989,0
4655,30,South,Salaried,Manufacturing,72206.0,574.0,62.88,37.4,57.34,109260.0,0.8181,0
4656,33,North,Salaried,IT,86657.0,647.0,65.13,16.97,66.63,89387.0,0.6387,0
4657,68,West,SelfEmployed,Healthcare,67316.0,796.0,60.77,30.14,90.6,32302.0,0.3954,1
4658,40,East,Salaried,Construction,78717.0,756.0,35.02,91.3,67.51,36736.0,0.5195,0
4659,49,North,Salaried,IT,70866.0,686.0,64.88,68.47,85.7,96604.0,0.817,0
4660,24,East,SelfEmployed,Retail,86402.0,812.0,15.91,5.71,57.46,78986.0,0.0513,0
4661,66,East,Salaried,Construction,52348.0,760.0,49.15,34.6,93.43,25161.0,0.4293,0
4662,69,East,Salaried,Construction,76504.0,669.0,66.23,44.48,45.14,39518.0,0.6497,0
4663,48,South,Salaried,Retail,78074.0,636.0,55.29,59.23,72.21,78168.0,0.7892,0
4664,57,West,Salaried,Retail,82918.0,784.0,26.67,49.98,83.44,95250.0,0.2615,0
4665,33,West,Salaried,Retail,48084.0,651.0,53.05,11.28,84.77,73078.0,0.581,1
4666,23,East,Salaried,IT,65481.0,715.0,27.69,51.4,50.91,20932.0,0.3148,0
4667,57,North,Salaried,IT,87020.0,790.0,16.69,16.72,62.09,41761.0,0.0846,0
4668,68,West,Salaried,IT,79517.0,711.0,53.03,51.73,74.33,36709.0,0.5944,0
4669,39,East,Salaried,Manufacturing,109677.0,701.0,20.75,27.15,57.37,84632.0,0.2262,0
4670,48,East,Salaried,Construction,64413.0,600.0,16.66,17.98,76.21,47418.0,0.439,0
4671,39,South,Salaried,IT,35256.0,760.0,43.11,30.91,60.83,78202.0,0.2642,0
4672,37,West,Salaried,Manufacturing,65673.0,591.0,47.24,13.97,59.3,65240.0,0.6049,0
4673,38,East,Salaried,Construction,21760.0,781.0,13.06,30.56,45.94,33373.0,0.0855,0
4674,38,North,Salaried,IT,89043.0,599.0,10.27,83.02,42.16,93089.0,0.5893,0
4675,43,South,Salaried,Retail,74936.0,650.0,62.92,32.65,85.94,107188.0,0.7459,0
4676,60,West,Salaried,Healthcare,82966.0,770.0,16.92,47.32,66.92,95502.0,0.1834,0
4677,29,North,SelfEmployed,IT,86152.0,787.0,45.03,51.78,70.96,66723.0,0.3391,0
4678,49,West,Salaried,Healthcare,95799.0,706.0,67.21,21.05,60.47,57138.0,0.5094,0
4679,62,East,Salaried,IT,23180.0,678.0,40.71,44.76,47.52,44109.0,0.4492,0
4680,49,East,Salaried,Retail,34160.0,709.0,18.39,81.77,64.73,112753.0,0.4541,0
4681,22,South,Salaried,Healthcare,59892.0,582.0,33.61,12.25,52.59,134479.0,0.4926,1
4682,37,North,Salaried,Manufacturing,68922.0,766.0,47.44,88.05,86.07,43070.0,0.6388,1
4683,65,West,Salaried,Retail,78991.0,663.0,55.77,83.4,94.27,34741.0,0.8673,0
4684,51,South,SelfEmployed,Healthcare,77496.0,685.0,46.42,82.02,88.9,35551.0,0.7806,0
4685,48,West,Salaried,Healthcare,78513.0,705.0,12.06,22.87,69.06,36998.0,0.1906,0
4686,63,South,Salaried,Retail,43739.0,717.0,18.59,48.59,74.55,70590.0,0.3167,0
4687,68,North,Salaried,Retail,59104.0,727.0,32.31,60.45,92.15,30994.0,0.5107,0
4688,59,North,Salaried,Retail,68552.0,774.0,52.34,14.0,69.63,45248.0,0.2515,1
4689,50,East,Salaried,Construction,71986.0,776.0,45.06,55.12,75.12,45890.0,0.3938,0
4690,55,West,SelfEmployed,Manufacturing,64991.0,698.0,12.68,80.6,74.61,65307.0,0.47,0
4691,68,South,SelfEmployed,IT,80087.0,744.0,57.81,89.29,78.95,54037.0,0.7337,0
4692,40,South,Salaried,Healthcare,52175.0,752.0,46.31,30.05,75.22,74899.0,0.3422,0
4693,36,South,Salaried,IT,65348.0,596.0,63.23,30.99,76.89,56511.0,0.812,1
4694,54,East,SelfEmployed,Retail,85060.0,674.0,35.06,29.37,79.92,66188.0,0.4627,0
4695,34,South,Salaried,Manufacturing,79089.0,646.0,39.41,18.81,84.5,157349.0,0.5299,0
4696,46,West,Salaried,Manufacturing,67533.0,702.0,34.33,43.76,62.17,64104.0,0.3946,0
4697,40,East,Salaried,Construction,67986.0,775.0,53.35,75.6,81.02,68481.0,0.5804,0
4698,62,East,Salaried,Retail,65478.0,747.0,55.13,69.09,45.51,200976.0,0.5002,0
4699,44,North,Salaried,Healthcare,68299.0,749.0,53.39,86.03,88.19,55544.0,0.7116,0
4700,63,West,SelfEmployed,Construction,64924.0,676.0,27.5,37.02,55.95,124759.0,0.3524,0
4701,38,North,Salaried,Retail,67712.0,677.0,48.16,56.5,62.19,110712.0,0.6207,0
4702,63,North,Salaried,Construction,80914.0,664.0,30.31,73.99,84.2,37455.0,0.6822,0
4703,29,East,Salaried,IT,80497.0,646.0,60.05,85.84,75.03,64485.0,0.8734,1
4704,39,East,SelfEmployed,Retail,48741.0,735.0,13.31,83.46,56.97,82450.0,0.3379,0
4705,40,South,Salaried,Healthcare,110835.0,667.0,12.26,46.9,52.4,95858.0,0.3039,1
4706,62,South,Salaried,Healthcare,64137.0,622.0,16.1,86.62,92.67,40357.0,0.7569,0
4707,50,West,Salaried,Retail,84378.0,717.0,22.14,44.97,44.83,40294.0,0.2339,0
4708,46,North,Salaried,Construction,53567.0,704.0,12.26,86.25,40.24,93427.0,0.3557,0
4709,51,West,Salaried,Manufacturing,104254.0,718.0,14.3,74.93,77.01,36113.0,0.4144,0
4710,55,East,Salaried,Retail,85764.0,787.0,28.36,24.95,73.8,50896.0,0.1596,1
4711,23,South,Salaried,Healthcare,82649.0,701.0,15.99,88.67,80.57,29351.0,0.5491,0
4712,60,South,SelfEmployed,IT,71422.0,661.0,58.12,26.82,80.24,39522.0,0.65,0
4713,49,South,Salaried,Healthcare,38199.0,661.0,13.23,86.76,87.48,52991.0,0.642,0
4714,26,West,Salaried,Manufacturing,108256.0,642.0,64.48,60.36,90.72,55823.0,0.8616,0
4715,21,East,Salaried,Healthcare,92074.0,654.0,62.25,65.06,82.63,64306.0,0.8345,0
4716,44,South,Salaried,Manufacturing,68570.0,625.0,22.5,14.84,52.78,56059.0,0.3238,0
4717,58,East,Salaried,Retail,84572.0,707.0,14.29,10.92,65.49,94269.0,0.1555,0
4718,54,West,Salaried,Healthcare,48788.0,659.0,16.33,92.15,75.29,111610.0,0.6498,0
4719,27,South,Salaried,Construction,36869.0,708.0,43.55,35.32,69.67,42237.0,0.4331,0
4720,31,West,Salaried,Construction,75329.0,678.0,46.05,80.99,48.74,25926.0,0.6683,0
4721,31,South,Salaried,Healthcare,59050.0,694.0,28.93,68.4,72.41,73827.0,0.5339,0
4722,56,North,Salaried,Healthcare,65348.0,805.0,27.81,59.37,88.76,99781.0,0.2791,0
4723,40,North,Salaried,IT,73946.0,769.0,41.89,66.67,63.02,40616.0,0.401,0
4724,36,South,Salaried,Healthcare,51254.0,608.0,28.34,13.04,76.79,51364.0,0.4841,0
4725,25,North,Salaried,IT,73396.0,663.0,66.06,42.12,73.88,97234.0,0.7404,0
4726,44,North,SelfEmployed,IT,52917.0,586.0,32.96,59.64,60.74,104224.0,0.7274,0
4727,50,West,SelfEmployed,IT,95249.0,676.0,23.19,83.08,71.09,75719.0,0.6023,0
4728,50,West,Salaried,IT,72993.0,720.0,18.76,69.32,51.56,61009.0,0.3259,0
4729,59,East,Salaried,Retail,85551.0,764.0,47.9,27.75,70.04,46985.0,0.2992,0
4730,68,North,Salaried,Construction,39549.0,761.0,29.6,93.64,83.94,66916.0,0.5389,0
4731,67,North,Salaried,IT,86795.0,719.0,21.33,62.87,81.74,62523.0,0.4213,0
4732,57,North,Salaried,Construction,104944.0,644.0,26.55,50.12,59.69,83433.0,0.5009,0
4733,53,East,Salaried,IT,77352.0,751.0,28.47,75.32,46.16,73265.0,0.331,0
4734,40,West,Salaried,Construction,85443.0,703.0,47.55,59.24,84.0,30003.0,0.6438,0
4735,42,South,Salaried,Healthcare,70238.0,711.0,20.48,68.9,54.58,55758.0,0.3652,0
4736,61,North,Salaried,Healthcare,82506.0,817.0,53.97,60.54,42.92,115049.0,0.2793,0
4737,41,East,Salaried,Construction,107024.0,643.0,28.29,21.1,64.49,18033.0,0.3904,0
4738,57,South,Salaried,IT,119925.0,824.0,39.3,53.9,80.67,30549.0,0.2636,0
4739,47,South,Salaried,Retail,81344.0,808.0,49.29,30.48,84.47,36242.0,0.2741,0
4740,58,East,Salaried,Construction,54606.0,704.0,42.62,56.33,94.02,83408.0,0.6282,0
4741,55,East,Salaried,Manufacturing,87466.0,712.0,49.73,16.3,50.42,46651.0,0.3118,0
4742,58,North,Salaried,Retail,50247.0,658.0,29.36,25.88,56.16,63474.0,0.3577,0
4743,60,North,SelfEmployed,Manufacturing,62512.0,711.0,67.81,77.79,73.52,76657.0,0.7906,0
4744,26,West,Salaried,Construction,64796.0,706.0,37.54,41.47,84.62,76412.0,0.4798,0
4745,52,North,Salaried,IT,115823.0,659.0,29.32,65.64,52.87,43007.0,0.5371,0
4746,36,North,Salaried,Manufacturing,103574.0,657.0,27.78,49.81,62.55,51136.0,0.4867,0
4747,48,North,Salaried,Construction,99433.0,686.0,12.56,35.66,62.46,54203.0,0.2536,0
4748,36,North,Salaried,Retail,91415.0,699.0,51.09,49.57,82.51,136997.0,0.6265,0
4749,47,South,Salaried,IT,56832.0,597.0,25.75,78.23,53.25,53834.0,0.7137,0
4750,23,West,SelfEmployed,Manufacturing,79724.0,768.0,67.54,30.34,93.28,81506.0,0.5264,0
4751,69,South,Salaried,Construction,111758.0,670.0,22.63,42.93,68.08,85640.0,0.403,0
4752,41,South,Salaried,IT,83951.0,682.0,41.77,23.23,55.51,103543.0,0.373,0
4753,58,East,Salaried,IT,95603.0,711.0,54.13,36.61,55.64,93070.0,0.4586,0
4754,58,East,Salaried,Healthcare,42803.0,684.0,62.21,84.66,41.01,61589.0,0.7474,1
4755,50,West,Salaried,IT,89438.0,768.0,19.39,75.72,78.08,76651.0,0.3393,1
4756,42,West,Salaried,Construction,53913.0,683.0,69.12,38.63,82.68,208049.0,0.7324,0
4757,39,North,Salaried,Retail,70582.0,665.0,64.4,16.92,41.78,41390.0,0.4993,1
4758,51,West,SelfEmployed,Healthcare,103441.0,737.0,67.77,42.8,72.23,46518.0,0.5867,0
4759,40,South,Salaried,Construction,81943.0,746.0,61.16,74.46,82.99,33691.0,0.7032,0
4760,67,West,Salaried,Construction,91300.0,850.0,62.66,8.94,60.69,65736.0,0.1442,0
4761,39,South,SelfEmployed,Construction,71300.0,586.0,45.93,72.08,63.8,47496.0,0.8407,1
4762,22,West,Salaried,Manufacturing,36480.0,705.0,60.72,66.19,59.89,35240.0,0.6787,0
4763,60,West,SelfEmployed,Manufacturing,56294.0,741.0,42.04,10.82,57.36,60100.0,0.2107,0
4764,59,North,SelfEmployed,Retail,88605.0,645.0,42.29,62.21,67.01,30219.0,0.693,0
4765,47,East,SelfEmployed,Construction,81694.0,784.0,43.75,31.88,49.14,112284.0,0.1968,0
4766,28,West,Salaried,Manufacturing,108249.0,659.0,69.78,20.96,64.24,100738.0,0.654,0
4767,65,West,Salaried,Manufacturing,77532.0,707.0,16.26,39.64,91.8,144764.0,0.34,0
4768,47,North,Salaried,Manufacturing,57144.0,765.0,58.34,23.48,41.51,225824.0,0.2573,0
4769,35,East,SelfEmployed,Retail,74484.0,634.0,26.4,79.21,49.06,26522.0,0.6266,1
4770,32,South,Salaried,Retail,94957.0,692.0,31.67,71.78,82.77,55242.0,0.6124,0
4771,67,North,Salaried,Construction,39858.0,746.0,14.83,93.27,47.26,114257.0,0.3337,1
4772,34,South,Salaried,Healthcare,81913.0,709.0,31.09,53.07,54.92,112954.0,0.3723,0
4773,27,North,Salaried,Construction,49790.0,740.0,69.45,13.03,65.02,92036.0,0.4178,0
4774,37,West,Salaried,Manufacturing,78254.0,748.0,33.82,38.1,91.87,35474.0,0.3601,0
4775,46,South,Salaried,Manufacturing,89529.0,668.0,50.18,80.48,50.09,68881.0,0.7178,0
4776,57,West,Salaried,IT,86037.0,797.0,17.24,40.72,90.77,101693.0,0.1783,1
4777,40,North,Salaried,Construction,101808.0,650.0,65.35,46.01,79.52,50399.0,0.7905,1
4778,30,South,SelfEmployed,Manufacturing,80015.0,781.0,59.66,42.08,76.91,40887.0,0.4307,0
4779,39,North,Salaried,Manufacturing,85272.0,721.0,33.18,26.18,79.79,52172.0,0.3219,0
4780,38,North,Salaried,Healthcare,85971.0,663.0,30.91,11.59,41.72,45105.0,0.2506,1
4781,50,North,Salaried,IT,55606.0,648.0,35.94,21.25,45.44,68606.0,0.3664,0
4782,50,North,Salaried,Construction,72450.0,717.0,34.08,37.75,58.42,29208.0,0.3176,0
4783,45,East,Salaried,Retail,25820.0,687.0,25.48,27.09,44.07,136054.0,0.2404,0
4784,44,South,SelfEmployed,Construction,82538.0,729.0,69.45,56.55,94.32,45170.0,0.7477,0
4785,30,South,Salaried,Construction,20000.0,686.0,58.63,60.25,71.92,36071.0,0.7168,0
4786,22,South,Salaried,Healthcare,91982.0,704.0,26.08,56.31,66.8,48972.0,0.405,1
4787,58,West,Salaried,Construction,108066.0,731.0,68.9,12.64,83.2,68527.0,0.5027,0
4788,52,West,Salaried,Healthcare,84975.0,696.0,10.93,65.02,93.73,27494.0,0.4556,0
4789,55,South,Salaried,Healthcare,88062.0,685.0,36.27,39.61,92.53,44957.0,0.543,0
4790,57,South,Salaried,Manufacturing,99097.0,721.0,44.17,84.03,83.62,58022.0,0.6892,0
4791,27,North,Salaried,Retail,66303.0,678.0,12.26,52.31,60.74,42746.0,0.3307,0
4792,27,West,Salaried,Healthcare,49550.0,740.0,19.66,12.61,43.63,37017.0,0.1037,0
4793,47,North,Salaried,IT,73280.0,727.0,25.49,5.83,45.41,96157.0,0.1234,0
4794,30,South,Salaried,IT,59742.0,742.0,53.21,68.23,40.06,95161.0,0.4732,0
4795,53,South,Salaried,Retail,76535.0,742.0,66.38,41.05,40.1,94422.0,0.4374,1
4796,63,South,Salaried,Healthcare,80095.0,685.0,47.47,30.92,91.5,79475.0,0.5781,0
4797,27,North,SelfEmployed,Retail,65436.0,580.0,43.76,45.25,90.99,33042.0,0.8223,1
4798,26,West,Salaried,Manufacturing,60726.0,690.0,42.21,11.52,76.72,59174.0,0.3761,0
4799,26,North,Salaried,IT,31917.0,714.0,31.04,40.28,79.97,117878.0,0.3879,0
4800,33,East,SelfEmployed,Construction,71624.0,693.0,59.66,33.32,68.23,32670.0,0.5748,0
4801,68,North,Salaried,IT,66263.0,657.0,42.45,77.02,53.08,36576.0,0.6882,1
4802,33,North,Salaried,Healthcare,67681.0,774.0,23.81,20.74,90.29,68521.0,0.1808,0
4803,22,West,Salaried,Retail,89633.0,652.0,18.21,73.07,55.27,87572.0,0.5169,0
4804,39,North,Salaried,IT,114306.0,659.0,69.13,50.04,80.68,84167.0,0.8092,0
4805,39,West,Salaried,Construction,67862.0,673.0,11.05,12.37,53.5,70316.0,0.168,0
4806,58,East,Salaried,Construction,82721.0,682.0,66.01,92.27,87.86,36261.0,0.8879,0
4807,22,North,Salaried,Retail,80081.0,665.0,23.1,71.08,75.82,76509.0,0.5871,1
4808,46,West,Salaried,Retail,97693.0,699.0,49.45,28.41,75.35,43929.0,0.4859,0
4809,26,North,SelfEmployed,IT,56764.0,706.0,28.09,57.36,45.36,71001.0,0.3447,0
4810,40,West,Salaried,Healthcare,56174.0,642.0,61.59,85.99,63.07,56330.0,0.8631,0
4811,43,North,Salaried,Manufacturing,58504.0,633.0,42.61,88.77,68.87,51154.0,0.818,0
4812,35,West,SelfEmployed,Construction,29650.0,743.0,18.46,70.8,56.17,191982.0,0.2954,0
4813,26,North,Salaried,Retail,74080.0,697.0,26.19,70.49,88.45,33109.0,0.5747,0
4814,48,East,Salaried,Manufacturing,53947.0,760.0,29.22,29.96,86.07,41412.0,0.2526,0
4815,55,West,SelfEmployed,Manufacturing,80024.0,738.0,63.16,94.08,67.15,102161.0,0.7594,0
4816,31,West,Salaried,Manufacturing,27152.0,682.0,56.0,26.91,58.7,143058.0,0.5064,0
4817,28,West,Salaried,Healthcare,73860.0,726.0,59.78,13.05,84.08,83670.0,0.4512,0
4818,69,West,Salaried,Retail,69877.0,745.0,13.14,92.96,50.83,53433.0,0.3361,0
4819,44,West,Salaried,Construction,64101.0,652.0,44.73,18.76,43.93,40327.0,0.4032,0
4820,41,North,Salaried,Retail,94964.0,608.0,69.95,51.95,42.51,92156.0,0.8092,0
4821,69,South,Salaried,IT,58908.0,643.0,57.11,47.14,42.13,59638.0,0.6476,0
4822,56,South,Salaried,Construction,81075.0,734.0,17.24,81.34,66.89,46118.0,0.3902,0
4823,27,South,Salaried,Retail,62363.0,803.0,50.73,40.7,54.04,102237.0,0.2427,0
4824,25,South,Salaried,Construction,108181.0,698.0,54.72,50.2,77.97,55547.0,0.6425,1
4825,49,East,Salaried,IT,72261.0,776.0,40.85,8.94,75.96,31053.0,0.1869,0
4826,36,North,Salaried,Construction,88516.0,755.0,14.73,23.71,69.81,63548.0,0.1377,0
4827,26,East,Salaried,Manufacturing,87194.0,658.0,12.08,79.97,59.41,50360.0,0.5056,0
4828,34,North,Salaried,Healthcare,97913.0,696.0,66.27,48.05,86.78,36372.0,0.7389,0
4829,22,South,Salaried,IT,77922.0,738.0,25.45,25.78,79.03,69802.0,0.2369,0
4830,45,East,Salaried,Construction,48651.0,630.0,32.74,38.2,54.93,75062.0,0.5062,0
4831,51,West,Salaried,IT,83860.0,751.0,57.72,30.66,67.59,16985.0,0.4012,0
4832,33,East,SelfEmployed,Manufacturing,80543.0,764.0,51.36,55.06,48.59,103329.0,0.3724,0
4833,38,East,Salaried,Healthcare,20000.0,749.0,68.11,9.63,58.08,98952.0,0.3476,0
4834,37,North,SelfEmployed,IT,41562.0,693.0,15.57,25.25,94.84,56515.0,0.3135,0
4835,65,East,Salaried,Manufacturing,89119.0,729.0,52.42,36.95,52.31,40332.0,0.3907,0
4836,48,North,Salaried,Manufacturing,103408.0,759.0,14.93,88.54,78.41,78480.0,0.3906,0
4837,32,South,SelfEmployed,Manufacturing,73346.0,612.0,10.01,61.1,53.11,59951.0,0.488,0
4838,55,South,Salaried,Construction,91185.0,556.0,17.21,50.38,91.6,45891.0,0.7477,1
4839,42,North,Salaried,Retail,77183.0,731.0,47.0,22.17,57.06,46396.0,0.2995,0
4840,59,South,SelfEmployed,IT,75728.0,664.0,50.57,55.21,59.07,65431.0,0.6492,0
4841,21,West,SelfEmployed,Retail,72136.0,711.0,36.3,88.61,72.66,116293.0,0.6441,0
4842,57,West,SelfEmployed,Manufacturing,76614.0,712.0,12.76,55.97,72.35,31015.0,0.3136,0
4843,41,South,Salaried,Retail,82768.0,773.0,48.04,19.83,71.85,69931.0,0.2556,0
4844,21,North,Salaried,Manufacturing,66966.0,710.0,15.15,94.74,71.53,38419.0,0.5175,0
4845,24,North,Salaried,Manufacturing,99934.0,732.0,18.5,49.9,57.17,70196.0,0.2389,1
4846,52,South,Salaried,Healthcare,54996.0,728.0,40.75,33.76,63.89,79858.0,0.3379,0
4847,21,West,SelfEmployed,Healthcare,109023.0,748.0,30.42,50.3,72.64,32301.0,0.328,0
4848,33,North,Salaried,Retail,70690.0,666.0,37.89,28.73,76.92,79708.0,0.4887,0
4849,66,West,Salaried,IT,73959.0,718.0,48.1,7.73,53.92,68134.0,0.2639,1
4850,67,North,Salaried,Retail,62447.0,560.0,19.6,85.06,78.58,114923.0,0.8344,0
4851,37,West,Salaried,IT,83188.0,662.0,63.59,43.6,90.78,60538.0,0.7808,0
4852,32,South,SelfEmployed,Retail,67467.0,761.0,43.57,72.76,81.69,69068.0,0.531,0
4853,27,West,Salaried,Construction,65491.0,620.0,11.33,92.41,44.63,74145.0,0.5995,0
4854,23,South,Salaried,Construction,87259.0,627.0,47.71,61.93,65.8,121716.0,0.7571,0
4855,46,East,SelfEmployed,IT,98224.0,739.0,37.79,67.25,63.94,24136.0,0.4495,0
4856,51,North,Salaried,Healthcare,54158.0,663.0,52.1,89.89,58.51,27512.0,0.7952,0
4857,56,North,Salaried,IT,91512.0,775.0,57.04,51.49,67.02,56878.0,0.4363,0
4858,46,West,Salaried,Retail,99958.0,704.0,66.33,33.79,64.18,71800.0,0.5826,0
4859,23,West,Salaried,Manufacturing,39700.0,791.0,69.9,87.92,40.34,26163.0,0.5739,0
4860,64,West,Salaried,Construction,58079.0,802.0,42.98,11.21,53.01,58022.0,0.1232,0
4861,48,East,SelfEmployed,Manufacturing,99477.0,777.0,43.69,24.31,51.76,41075.0,0.1912,0
4862,64,West,Salaried,Construction,82463.0,669.0,11.35,35.71,59.21,31361.0,0.2687,0
4863,37,North,SelfEmployed,Retail,109186.0,633.0,61.91,75.39,49.6,54902.0,0.8221,0
4864,58,South,SelfEmployed,Construction,71454.0,776.0,11.72,86.35,43.73,85474.0,0.2179,0
4865,67,South,Salaried,IT,64479.0,699.0,47.96,45.66,50.81,151008.0,0.4684,0
4866,50,East,Salaried,Manufacturing,102227.0,712.0,15.91,30.75,86.98,172343.0,0.2743,0
4867,22,South,Salaried,Manufacturing,58288.0,769.0,27.15,36.79,83.84,111566.0,0.2439,0
4868,28,North,Salaried,Retail,70119.0,633.0,18.42,64.09,64.32,70382.0,0.5553,1
4869,34,East,SelfEmployed,Manufacturing,86190.0,735.0,18.24,19.22,88.28,56719.0,0.2063,0
4870,57,West,Salaried,Retail,88169.0,670.0,14.48,54.27,52.8,64509.0,0.3447,0
4871,55,South,Salaried,Healthcare,59047.0,748.0,29.07,57.96,72.13,64477.0,0.3516,0
4872,62,North,Salaried,IT,80214.0,723.0,35.42,68.71,47.86,104773.0,0.4189,0
4873,59,North,Salaried,Construction,69182.0,753.0,37.87,59.35,85.84,133237.0,0.458,0
4874,31,North,Salaried,Construction,41345.0,674.0,36.38,13.73,47.18,33446.0,0.2847,0
4875,35,South,Salaried,Construction,65778.0,657.0,41.42,66.99,41.75,51606.0,0.595,0
4876,22,East,Salaried,Healthcare,42314.0,700.0,61.59,6.96,55.04,96642.0,0.3921,0
4877,57,East,Salaried,IT,61811.0,665.0,47.91,40.13,89.55,56195.0,0.6641,0
4878,63,East,Salaried,Manufacturing,50968.0,662.0,11.04,42.54,47.12,48710.0,0.2721,0
4879,52,South,Salaried,Manufacturing,90476.0,658.0,20.38,15.5,58.19,106890.0,0.2621,0
4880,60,West,Salaried,IT,81007.0,738.0,30.94,5.89,57.4,46430.0,0.1515,0
4881,33,North,Salaried,IT,105772.0,817.0,66.94,11.4,84.09,83185.0,0.2841,0
4882,63,South,Salaried,Construction,56565.0,748.0,14.68,45.17,63.18,51078.0,0.1925,0
4883,37,West,Salaried,Manufacturing,77466.0,742.0,52.61,26.63,73.64,181387.0,0.3881,0
4884,35,North,SelfEmployed,IT,52941.0,741.0,11.99,11.21,62.24,111947.0,0.1054,0
4885,53,North,Salaried,Manufacturing,62368.0,645.0,31.75,28.08,70.33,50760.0,0.4668,0
4886,36,West,Salaried,IT,67011.0,742.0,56.21,52.59,43.43,68785.0,0.4314,0
4887,33,South,SelfEmployed,Retail,114473.0,592.0,30.64,71.79,60.57,80292.0,0.7493,0
4888,42,East,SelfEmployed,Construction,82278.0,722.0,35.82,42.08,87.03,48564.0,0.4372,0
4889,43,North,Salaried,IT,72445.0,744.0,64.32,60.18,78.01,51140.0,0.6487,0
4890,56,East,Salaried,Healthcare,96580.0,749.0,13.97,58.71,94.0,91079.0,0.3242,0
4891,63,South,Salaried,IT,88460.0,739.0,41.66,85.67,83.34,59711.0,0.6393,0
4892,30,North,Salaried,Retail,73878.0,625.0,31.97,21.15,64.83,29654.0,0.4631,0
4893,37,East,SelfEmployed,Healthcare,88504.0,661.0,67.83,47.88,77.2,79400.0,0.7834,0
4894,50,North,Salaried,Healthcare,68885.0,771.0,57.62,61.86,82.68,96966.0,0.5623,1
4895,33,South,Salaried,IT,134713.0,722.0,17.32,51.78,54.83,50850.0,0.2509,0
4896,50,North,Salaried,Retail,99400.0,719.0,65.64,45.53,43.3,40680.0,0.5225,0
4897,66,North,Salaried,Healthcare,66868.0,668.0,22.67,92.61,62.32,116336.0,0.6307,0
4898,50,South,Salaried,Construction,90185.0,634.0,15.09,89.78,47.96,64676.0,0.5937,0
4899,27,North,SelfEmployed,Construction,85978.0,656.0,42.5,60.03,55.25,57532.0,0.6207,0
4900,30,West,Salaried,Manufacturing,80662.0,617.0,54.2,44.56,92.08,57468.0,0.8149,0
4901,55,North,Salaried,Manufacturing,85296.0,733.0,52.96,72.98,86.59,123945.0,0.6829,0
4902,22,South,Salaried,Retail,58751.0,524.0,42.04,51.16,72.59,68254.0,0.8679,0
4903,50,North,Salaried,Healthcare,66299.0,656.0,39.56,94.6,62.07,74713.0,0.7679,1
4904,39,South,Salaried,Construction,108174.0,818.0,68.17,66.73,54.54,55378.0,0.4413,0
4905,59,West,SelfEmployed,Construction,79080.0,687.0,59.23,11.13,71.43,60330.0,0.4874,0
4906,57,North,Salaried,Retail,60995.0,654.0,51.92,41.17,69.32,51101.0,0.6535,1
4907,23,West,SelfEmployed,Healthcare,72196.0,834.0,21.71,70.72,82.94,76476.0,0.2174,0
4908,45,North,Salaried,Retail,64316.0,676.0,59.19,80.81,91.04,34357.0,0.8519,0
4909,54,East,Salaried,IT,92955.0,819.0,54.99,78.2,58.09,67297.0,0.4115,1
4910,42,East,Salaried,Construction,63783.0,683.0,69.52,92.95,51.35,49857.0,0.8364,0
4911,58,West,Salaried,Retail,75883.0,755.0,17.98,49.02,62.15,46312.0,0.2066,0
4912,34,East,SelfEmployed,Retail,61750.0,838.0,52.92,17.61,64.06,74841.0,0.1512,0
4913,59,East,Salaried,IT,119158.0,709.0,68.74,63.7,42.19,59893.0,0.6524,0
4914,22,North,Salaried,Manufacturing,87584.0,679.0,37.76,11.37,87.39,36438.0,0.4077,0
4915,52,North,Salaried,Construction,86792.0,743.0,54.0,92.62,94.76,38468.0,0.7711,1
4916,63,West,SelfEmployed,Retail,88957.0,641.0,68.52,73.27,90.78,66199.0,0.9026,0
4917,23,South,Salaried,Construction,67108.0,776.0,42.85,93.39,87.34,40486.0,0.6122,0
4918,61,South,Salaried,Manufacturing,105425.0,662.0,51.94,38.95,94.59,26145.0,0.7091,1
4919,28,West,Salaried,Retail,73646.0,607.0,11.21,6.42,89.93,90389.0,0.3749,1
4920,46,South,Salaried,IT,110456.0,694.0,41.18,51.92,77.86,32244.0,0.5623,1
4921,52,West,Salaried,Construction,68504.0,674.0,25.35,15.91,49.17,50103.0,0.2364,0
4922,31,East,SelfEmployed,IT,89310.0,553.0,17.87,66.17,48.6,37867.0,0.6924,0
4923,21,East,Salaried,Manufacturing,78336.0,701.0,52.52,49.78,42.68,37370.0,0.488,0
4924,35,West,Salaried,Manufacturing,80353.0,635.0,12.35,72.81,62.65,70974.0,0.5421,0
4925,24,North,Salaried,Construction,41600.0,673.0,64.29,31.2,84.49,43141.0,0.6982,1
4926,24,South,Salaried,Manufacturing,55336.0,635.0,41.07,79.62,66.97,53547.0,0.7743,0
4927,48,South,Salaried,Healthcare,105199.0,740.0,48.89,63.57,60.15,24200.0,0.4981,0
4928,30,North,SelfEmployed,Construction,49224.0,699.0,25.21,93.89,46.01,143612.0,0.5204,0
4929,31,East,SelfEmployed,Healthcare,92841.0,613.0,20.93,21.07,42.85,71616.0,0.335,1
4930,43,West,SelfEmployed,Manufacturing,127000.0,785.0,24.63,9.61,61.95,120351.0,0.0963,0
4931,67,South,SelfEmployed,Construction,86060.0,719.0,23.94,81.59,45.5,113410.0,0.3998,0
4932,23,South,Salaried,Healthcare,117535.0,670.0,61.87,35.46,45.7,108423.0,0.5735,0
4933,59,West,Salaried,Manufacturing,88842.0,655.0,57.24,43.81,61.74,52901.0,0.6733,0
4934,59,South,Salaried,Retail,80257.0,697.0,61.16,88.31,67.66,61263.0,0.8023,1
4935,37,South,Salaried,Retail,82493.0,624.0,54.09,44.66,50.27,36381.0,0.6851,0
4936,42,South,Salaried,IT,71452.0,779.0,48.61,31.82,77.65,62566.0,0.3137,0
4937,47,West,Salaried,Retail,70838.0,768.0,41.67,10.35,63.03,32140.0,0.1779,0
4938,36,East,Salaried,Healthcare,64497.0,681.0,25.93,44.86,45.06,121335.0,0.3307,0
4939,36,West,SelfEmployed,Retail,83464.0,677.0,52.32,63.95,75.04,93751.0,0.7226,0
4940,60,West,Salaried,Construction,119008.0,647.0,18.2,29.23,59.63,81751.0,0.3328,0
4941,23,South,SelfEmployed,Construction,103489.0,716.0,40.66,69.6,42.88,45220.0,0.4606,0
4942,67,South,Salaried,Construction,79098.0,717.0,21.72,48.04,92.14,107372.0,0.3957,0
4943,53,West,Salaried,Retail,87284.0,743.0,40.29,82.23,71.42,27161.0,0.5608,1
4944,62,South,Salaried,Retail,73292.0,717.0,27.63,19.56,66.27,56796.0,0.2297,0
4945,22,West,Salaried,IT,103429.0,647.0,13.21,73.14,87.25,64639.0,0.611,0
4946,59,West,Salaried,Manufacturing,42354.0,657.0,40.22,88.93,91.52,135205.0,0.8237,1
4947,66,East,Salaried,IT,113612.0,709.0,20.91,71.73,52.12,31321.0,0.3787,0
4948,68,East,Salaried,Healthcare,64095.0,658.0,19.67,41.53,84.56,117939.0,0.4636,0
4949,47,West,Salaried,Construction,67319.0,783.0,33.06,25.74,85.71,106806.0,0.2165,0
4950,35,West,Salaried,Retail,50546.0,699.0,31.71,13.85,42.99,109725.0,0.2031,0
4951,27,South,Salaried,Manufacturing,78095.0,614.0,62.02,62.81,79.16,44949.0,0.8719,0
4952,65,North,Salaried,Manufacturing,61383.0,695.0,43.88,17.86,43.46,74967.0,0.2952,0
4953,62,South,Salaried,Retail,98270.0,688.0,61.27,80.45,72.71,94028.0,0.8029,0
4954,29,East,Salaried,IT,88503.0,781.0,18.81,91.47,76.81,69362.0,0.3734,0
4955,61,South,Salaried,Manufacturing,61127.0,703.0,31.44,17.22,60.19,71570.0,0.2522,0
4956,26,East,Salaried,IT,57461.0,736.0,43.32,38.84,88.44,76346.0,0.4489,1
4957,32,South,Salaried,Retail,62161.0,691.0,19.19,89.35,84.03,43533.0,0.6135,0
4958,50,East,Salaried,IT,56087.0,762.0,17.68,47.36,90.93,43192.0,0.2643,0
4959,40,North,Salaried,Construction,69409.0,779.0,49.68,53.19,57.32,88270.0,0.3477,0
4960,40,East,Salaried,Retail,58186.0,645.0,49.23,72.28,41.18,44314.0,0.6977,0
4961,66,East,Salaried,Retail,98365.0,665.0,24.05,23.95,84.63,70677.0,0.3945,1
4962,47,North,Salaried,Manufacturing,65033.0,687.0,23.63,93.12,52.26,31545.0,0.5577,0
4963,40,South,Salaried,Manufacturing,86514.0,755.0,54.73,75.28,65.69,53807.0,0.5817,0
4964,27,East,Salaried,Manufacturing,86678.0,661.0,17.02,19.52,84.95,127159.0,0.3343,0
4965,60,South,Salaried,Construction,37938.0,567.0,65.4,15.0,51.89,66745.0,0.7546,0
4966,60,North,Salaried,Construction,89269.0,749.0,66.62,89.15,57.15,108673.0,0.7116,0
4967,50,West,Salaried,Healthcare,40862.0,654.0,62.26,66.65,64.15,138859.0,0.7985,0
4968,28,East,Salaried,Retail,58323.0,680.0,22.64,8.47,54.95,94151.0,0.2015,1
4969,22,West,Salaried,Manufacturing,88347.0,677.0,11.01,17.78,65.37,74554.0,0.2057,0
4970,34,South,Salaried,Retail,77497.0,575.0,66.2,9.3,40.53,56904.0,0.6853,0
4971,30,South,Salaried,IT,68191.0,629.0,30.64,92.67,51.67,53821.0,0.7319,0
4972,38,West,SelfEmployed,Construction,39340.0,751.0,28.62,49.81,85.79,50997.0,0.3492,0
4973,38,East,SelfEmployed,Healthcare,94293.0,698.0,25.7,46.59,62.74,103846.0,0.358,0
4974,36,East,Salaried,IT,83682.0,757.0,24.67,91.02,75.0,66779.0,0.4655,1
4975,25,South,Salaried,Retail,57871.0,797.0,54.07,50.42,52.78,91942.0,0.3104,0
4976,51,South,Salaried,Construction,55769.0,602.0,64.47,51.6,75.74,136544.0,0.862,1
4977,57,North,Salaried,Manufacturing,95538.0,680.0,57.16,93.57,95.0,157411.0,0.8765,0
4978,40,North,SelfEmployed,IT,81008.0,693.0,50.45,15.03,72.74,84955.0,0.4308,0
4979,43,North,SelfEmployed,Construction,47794.0,791.0,27.27,93.72,74.56,84767.0,0.4141,1
4980,52,North,Salaried,Retail,60392.0,635.0,42.82,19.91,46.13,54178.0,0.4435,0
4981,62,West,Salaried,Retail,114146.0,720.0,24.22,47.56,62.19,95881.0,0.3023,0
4982,37,North,Salaried,IT,95045.0,777.0,16.69,35.39,87.34,39191.0,0.1821,0
4983,33,East,Salaried,IT,75011.0,753.0,17.22,90.99,85.88,62950.0,0.4602,0
4984,69,West,SelfEmployed,IT,75447.0,731.0,46.23,48.7,68.73,36016.0,0.4588,1
4985,33,East,SelfEmployed,Healthcare,31492.0,657.0,12.31,7.07,89.69,31401.0,0.2761,0
4986,37,North,Salaried,Manufacturing,101132.0,765.0,68.4,24.95,47.86,70340.0,0.3466,0
4987,35,East,Salaried,Construction,65972.0,604.0,69.73,43.77,76.2,36726.0,0.8611,0
4988,46,East,Salaried,Retail,58827.0,730.0,18.97,65.88,53.69,45795.0,0.2975,0
4989,64,East,Salaried,Retail,89999.0,596.0,35.64,55.57,75.51,74464.0,0.7507,0
4990,48,West,SelfEmployed,Manufacturing,62401.0,807.0,56.08,81.49,44.81,96633.0,0.4164,0
4991,62,West,Salaried,IT,38541.0,631.0,67.3,79.56,91.9,160588.0,0.9189,1
4992,65,East,Salaried,IT,83196.0,672.0,63.48,58.15,83.25,23294.0,0.793,0
4993,50,South,Salaried,Retail,44691.0,800.0,25.29,56.42,51.05,38951.0,0.1684,0
4994,63,East,SelfEmployed,Manufacturing,73824.0,727.0,15.11,30.03,75.05,23367.0,0.2076,0
4995,55,North,Salaried,Retail,81352.0,656.0,27.32,91.21,81.75,31760.0,0.7419,0
4996,42,West,SelfEmployed,IT,69443.0,707.0,36.23,11.92,51.52,77834.0,0.2272,0
4997,30,North,SelfEmployed,Construction,69533.0,718.0,31.6,40.73,45.13,59010.0,0.2717,0
4998,31,South,SelfEmployed,IT,106018.0,725.0,56.43,64.48,59.35,26878.0,0.5912,0
4999,58,West,Salaried,Construction,106306.0,687.0,25.47,90.11,47.47,70675.0,0.5385,0
5000,53,East,Salaried,Healthcare,56649.0,681.0,61.52,50.14,71.11,129751.0,0.7023,1
