customer_id,age,income,region,occupation,score,target,ead,shap_age,shap_income,shap_region,shap_occupation
100000,60,113475,East,Business,0.40347196194683765,0,455582,-0.05,-0.12,0.15,0.18
100001,54,82122,East,Business,0.34667024117200806,0,122403,-0.05,-0.1,0.02,0.03
100002,59,67517,North,Business,0.20303294306113195,1,109544,-0.05,-0.1,0.02,0.03
100003,45,116004,North,Salaried,0.4255613889089974,1,213301,-0.05,-0.1,0.02,0.03
100004,22,41972,West,SelfEmp,0.6591230741188439,1,312515,0.55,0.35,0.22,0.3
100005,40,49505,South,Salaried,0.6861740741118967,0,160720,0.3,0.25,0.18,0.08
100006,23,26981,West,SelfEmp,0.8634407510312134,0,265813,0.55,0.35,0.22,0.3
100007,24,47165,West,SelfEmp,0.7752236484841433,1,340333,0.55,0.35,0.22,0.3
100008,28,42982,West,SelfEmp,0.7385409471031523,0,389405,0.55,0.35,0.22,0.3
100009,47,70790,North,Business,0.496225949956678,0,198665,-0.05,-0.1,0.02,0.03
100010,61,141471,North,Salaried,0.3645888222419841,0,177690,-0.05,-0.1,0.02,0.03
100011,26,34546,West,SelfEmp,0.7605430859312183,0,495564,0.55,0.35,0.22,0.3
100012,34,33107,South,Salaried,0.7345630108942309,0,161409,0.3,0.25,0.18,0.08
100013,55,93548,East,Business,0.26265160476104843,0,211757,-0.05,-0.1,0.02,0.03
100014,39,133209,East,Business,0.402751900992272,0,59657,-0.05,-0.1,0.02,0.03
100015,59,86484,East,Business,0.12348917374973256,0,182282,-0.05,-0.1,0.02,0.03
100016,40,62699,South,Salaried,0.6399321550688241,0,213263,0.3,0.25,0.18,0.08
100017,23,34828,West,SelfEmp,0.6742899358642975,0,290428,0.55,0.35,0.22,0.3
100018,40,84055,East,Salaried,0.19144763857614355,0,221646,-0.05,-0.1,0.02,0.03
100019,28,39747,West,SelfEmp,0.6514407391517849,0,460245,0.55,0.35,0.22,0.3
100020,50,130728,East,Business,0.6146714830607405,0,359070,-0.05,-0.12,0.15,0.18
100021,60,97193,North,Salaried,0.378084667938943,0,175890,-0.05,-0.1,0.02,0.03
100022,52,138469,East,Business,0.5564793878758802,1,579062,-0.05,-0.12,0.15,0.18
100023,58,90755,East,Salaried,0.3060387730411836,0,243982,-0.05,-0.1,0.02,0.03
100024,26,46585,West,SelfEmp,0.6507335144506692,0,375274,0.55,0.35,0.22,0.3
100025,63,77855,North,Salaried,0.2146045143598812,0,204902,-0.05,-0.1,0.02,0.03
100026,28,32313,West,SelfEmp,0.6930235308308452,0,368352,0.55,0.35,0.22,0.3
100027,24,36486,West,SelfEmp,0.6855872426637925,0,366881,0.55,0.35,0.22,0.3
100028,24,44390,West,SelfEmp,0.703712127380067,1,482546,0.55,0.35,0.22,0.3
100029,50,131094,East,Business,0.19588021213387,0,202385,-0.05,-0.1,0.02,0.03
100030,28,27649,West,SelfEmp,0.7563082418746652,0,285210,0.55,0.35,0.22,0.3
100031,47,95974,North,Salaried,0.1059635155532074,0,84539,-0.05,-0.1,0.02,0.03
100032,30,75094,East,Business,0.3406817138622279,0,223994,-0.05,-0.1,0.02,0.03
100033,31,51800,North,Salaried,0.2432652487404827,0,101031,-0.05,-0.1,0.02,0.03
100034,28,29705,West,SelfEmp,0.6876838708701958,0,493361,0.55,0.35,0.22,0.3
100035,26,27489,West,SelfEmp,0.8228357873723108,0,318426,0.55,0.35,0.22,0.3
100036,32,38947,South,Salaried,0.7546605471346083,1,226881,0.3,0.25,0.18,0.08
100037,37,65073,East,Salaried,0.18584327669268066,0,142079,-0.05,-0.1,0.02,0.03
100038,21,39413,West,SelfEmp,0.8648743127413699,0,490674,0.55,0.35,0.22,0.3
100039,25,43691,West,SelfEmp,0.7688565107430464,0,457381,0.55,0.35,0.22,0.3
100040,40,52381,South,Salaried,0.6348146469336153,0,234121,0.3,0.25,0.18,0.08
100041,66,142981,North,Salaried,0.28621259255996745,0,236429,-0.05,-0.1,0.02,0.03
100042,41,61651,South,Salaried,0.5557648271144027,0,133755,0.3,0.25,0.18,0.08
100043,38,94666,East,Business,0.4816199039711673,0,138802,-0.05,-0.1,0.02,0.03
100044,58,92494,North,Salaried,0.29686705945979563,0,243269,-0.05,-0.1,0.02,0.03
100045,46,121550,North,Salaried,0.1844496776862981,0,104490,-0.05,-0.1,0.02,0.03
100046,67,105546,North,Salaried,0.29098618825085,0,165159,-0.05,-0.1,0.02,0.03
100047,30,51829,South,Salaried,0.7918165165907771,0,156984,0.3,0.25,0.18,0.08
100048,31,48683,South,Salaried,0.673637547524296,0,131693,0.3,0.25,0.18,0.08
100049,44,138564,East,Salaried,0.2975154738182044,0,80549,-0.05,-0.1,0.02,0.03
100050,64,118646,North,Salaried,0.33922201101585825,0,147347,-0.05,-0.1,0.02,0.03
100051,65,90258,East,Business,0.6305943506949951,0,658780,-0.05,-0.12,0.15,0.18
100052,57,108031,North,Business,0.47638450533595544,0,245792,-0.05,-0.1,0.02,0.03
100053,26,45222,West,SelfEmp,0.6534147595951819,1,454098,0.55,0.35,0.22,0.3
100054,60,120822,East,Salaried,0.479097597784789,1,184624,-0.05,-0.1,0.02,0.03
100055,36,98829,North,Salaried,0.49710050930078054,0,89379,-0.05,-0.1,0.02,0.03
100056,31,56532,South,Salaried,0.744582223658788,0,228532,0.3,0.25,0.18,0.08
100057,33,51829,South,Salaried,0.7916196682261307,0,263735,0.3,0.25,0.18,0.08
100058,35,47640,South,Salaried,0.637166852552937,0,237472,0.3,0.25,0.18,0.08
100059,39,32301,South,Salaried,0.6151053921336592,0,234717,0.3,0.25,0.18,0.08
100060,54,146685,North,Salaried,0.38700358096639187,0,242562,-0.05,-0.1,0.02,0.03
100061,37,36645,South,Salaried,0.6775840113604216,0,273315,0.3,0.25,0.18,0.08
100062,31,54887,South,Salaried,0.6174296010239774,0,253703,0.3,0.25,0.18,0.08
100063,34,111196,North,Salaried,0.12925209589818432,0,55116,-0.05,-0.1,0.02,0.03
100064,43,51636,North,Salaried,0.24370189988813906,0,133018,-0.05,-0.1,0.02,0.03
100065,45,50207,North,Business,0.35558200635093185,0,59476,-0.05,-0.1,0.02,0.03
100066,44,45526,South,Salaried,0.6218713407856289,0,131905,0.3,0.25,0.18,0.08
100067,39,35673,South,Salaried,0.7624907195729609,0,202863,0.3,0.25,0.18,0.08
100068,57,129056,East,Business,0.2894946080115526,0,207958,-0.05,-0.1,0.02,0.03
100069,24,28838,West,SelfEmp,0.6664784116759802,1,448597,0.55,0.35,0.22,0.3
100070,26,34419,West,SelfEmp,0.6862991575575106,0,312457,0.55,0.35,0.22,0.3
100071,30,56457,South,Salaried,0.6803494219756696,1,203050,0.3,0.25,0.18,0.08
100072,68,51381,East,Salaried,0.20715825076367064,0,175370,-0.05,-0.1,0.02,0.03
100073,37,44616,South,Salaried,0.6063480081559199,0,145386,0.3,0.25,0.18,0.08
100074,67,144542,East,Business,0.13080139700248639,0,68780,-0.05,-0.1,0.02,0.03
100075,38,128377,North,Salaried,0.379179199464985,0,178446,-0.05,-0.1,0.02,0.03
100076,40,54714,South,Salaried,0.6750903081934436,0,163201,0.3,0.25,0.18,0.08
100077,67,133257,East,Salaried,0.3492731845601172,0,148376,-0.05,-0.1,0.02,0.03
100078,68,149150,East,Business,0.6700446605631956,0,449533,-0.05,-0.12,0.15,0.18
100079,69,102464,East,Business,0.5789360143486035,1,484396,-0.05,-0.12,0.15,0.18
100080,57,72157,East,Salaried,0.24486533751656153,0,211960,-0.05,-0.1,0.02,0.03
100081,30,123197,North,Business,0.4214055770199596,0,69553,-0.05,-0.1,0.02,0.03
100082,27,36927,West,SelfEmp,0.8070528416751255,0,460216,0.55,0.35,0.22,0.3
100083,26,42427,West,SelfEmp,0.7804701817546269,0,446999,0.55,0.35,0.22,0.3
100084,50,140437,East,Business,0.6448811192294469,0,408930,-0.05,-0.12,0.15,0.18
100085,62,113722,North,Business,0.11910047284737196,0,84311,-0.05,-0.1,0.02,0.03
100086,34,51554,South,Salaried,0.7572480859631137,0,218248,0.3,0.25,0.18,0.08
100087,42,51716,North,Salaried,0.4136787114753525,0,226205,-0.05,-0.1,0.02,0.03
100088,35,147304,North,Business,0.3659701002585637,0,176045,-0.05,-0.1,0.02,0.03
100089,45,124630,North,Business,0.36223359517471043,0,227025,-0.05,-0.1,0.02,0.03
100090,50,61264,East,Business,0.40434962083090975,0,93024,-0.05,-0.1,0.02,0.03
100091,47,93831,North,Salaried,0.2832689853060495,0,166104,-0.05,-0.1,0.02,0.03
100092,30,102808,East,Business,0.22108586600950828,0,92925,-0.05,-0.1,0.02,0.03
100093,55,112055,North,Salaried,0.484342270310114,0,192454,-0.05,-0.1,0.02,0.03
100094,39,38371,South,Salaried,0.7600415738733501,1,238690,0.3,0.25,0.18,0.08
100095,69,99374,North,Business,0.1729829946605964,0,84546,-0.05,-0.1,0.02,0.03
100096,27,37505,West,SelfEmp,0.738382201721951,0,424859,0.55,0.35,0.22,0.3
100097,31,38043,South,Salaried,0.729575045104952,1,171392,0.3,0.25,0.18,0.08
100098,54,100390,North,Salaried,0.23863290151694186,0,54201,-0.05,-0.1,0.02,0.03
100099,42,143716,North,Salaried,0.4756230635161325,0,63831,-0.05,-0.1,0.02,0.03
100100,49,126962,North,Salaried,0.4640805134248138,0,97786,-0.05,-0.1,0.02,0.03
100101,56,125459,East,Salaried,0.12972636553436706,0,218889,-0.05,-0.1,0.02,0.03
100102,68,79989,East,Business,0.16577500214302648,0,203704,-0.05,-0.1,0.02,0.03
100103,23,25977,West,SelfEmp,0.7154118130159022,0,464289,0.55,0.35,0.22,0.3
100104,54,80083,North,Salaried,0.23070095575134988,0,59429,-0.05,-0.1,0.02,0.03
100105,26,40068,West,SelfEmp,0.6767781533614483,0,345742,0.55,0.35,0.22,0.3
100106,27,34638,West,SelfEmp,0.808041291209981,0,374567,0.55,0.35,0.22,0.3
100107,30,49641,South,Salaried,0.7702051673240876,1,226998,0.3,0.25,0.18,0.08
100108,30,111601,North,Salaried,0.30035005002174486,0,241905,-0.05,-0.1,0.02,0.03
100109,62,104078,East,Business,0.5021985074613862,1,431477,-0.05,-0.12,0.15,0.18
100110,28,36859,West,SelfEmp,0.7985041307312315,0,277013,0.55,0.35,0.22,0.3
100111,24,44824,West,SelfEmp,0.7740120379290254,0,257731,0.55,0.35,0.22,0.3
100112,69,144250,East,Business,0.43089346912165705,0,97341,-0.05,-0.1,0.02,0.03
100113,44,34038,South,Salaried,0.6871247492375426,1,273318,0.3,0.25,0.18,0.08
100114,64,72500,North,Salaried,0.2836790327120088,0,55647,-0.05,-0.1,0.02,0.03
100115,28,49402,West,SelfEmp,0.8728179597095237,0,450174,0.55,0.35,0.22,0.3
100116,23,28285,West,SelfEmp,0.8430892308004576,0,493412,0.55,0.35,0.22,0.3
100117,25,40100,West,SelfEmp,0.8136468892181793,0,441190,0.55,0.35,0.22,0.3
100118,42,45295,South,Salaried,0.7712775722770288,0,173990,0.3,0.25,0.18,0.08
100119,67,137968,North,Business,0.4306269537794253,1,192140,-0.05,-0.1,0.02,0.03
100120,21,25196,West,SelfEmp,0.883817210273858,0,487362,0.55,0.35,0.22,0.3
100121,43,41722,South,Salaried,0.6207358770250526,0,242850,0.3,0.25,0.18,0.08
100122,28,33538,West,SelfEmp,0.6959661029820543,0,270999,0.55,0.35,0.22,0.3
100123,23,33775,West,SelfEmp,0.815816468427665,0,403860,0.55,0.35,0.22,0.3
100124,30,59717,South,Salaried,0.5753270917057286,0,179115,0.3,0.25,0.18,0.08
100125,59,74324,East,Salaried,0.26184553321137627,1,233214,-0.05,-0.1,0.02,0.03
100126,36,97984,North,Salaried,0.395562364589628,0,231044,-0.05,-0.1,0.02,0.03
100127,53,92560,East,Business,0.5843567958340087,1,358996,-0.05,-0.12,0.15,0.18
100128,34,132805,North,Salaried,0.2077265980423092,1,142238,-0.05,-0.1,0.02,0.03
100129,42,104654,North,Salaried,0.1409815384724511,0,156124,-0.05,-0.1,0.02,0.03
100130,24,35284,West,SelfEmp,0.8563911223363454,0,388554,0.55,0.35,0.22,0.3
100131,54,139210,North,Salaried,0.37411126181455734,0,114273,-0.05,-0.1,0.02,0.03
100132,36,59897,South,Salaried,0.5564667704313551,0,183832,0.3,0.25,0.18,0.08
100133,36,107119,North,Salaried,0.3712318040763726,0,195322,-0.05,-0.1,0.02,0.03
100134,44,53138,South,Salaried,0.5937776923234644,0,171594,0.3,0.25,0.18,0.08
100135,22,39392,West,SelfEmp,0.7333611003518201,0,424262,0.55,0.35,0.22,0.3
100136,24,32152,West,SelfEmp,0.6707510493696487,0,451386,0.55,0.35,0.22,0.3
100137,54,107762,East,Business,0.5237957615325555,1,518444,-0.05,-0.12,0.15,0.18
100138,30,129294,North,Salaried,0.28461714677036387,1,64156,-0.05,-0.1,0.02,0.03
100139,52,100105,East,Salaried,0.4540735477266976,0,186814,-0.05,-0.1,0.02,0.03
100140,26,34250,West,SelfEmp,0.8499442242887508,0,445130,0.55,0.35,0.22,0.3
100141,27,34074,West,SelfEmp,0.7962816114401587,0,288661,0.55,0.35,0.22,0.3
100142,58,117689,East,Business,0.32448153288354453,0,208326,-0.05,-0.1,0.02,0.03
100143,38,42206,South,Salaried,0.5550227156360741,1,126358,0.3,0.25,0.18,0.08
100144,65,84459,North,Business,0.2982636985255479,1,218594,-0.05,-0.1,0.02,0.03
100145,39,79689,North,Salaried,0.38596020616404225,1,144846,-0.05,-0.1,0.02,0.03
100146,53,96903,North,Business,0.1636616984320708,0,143497,-0.05,-0.1,0.02,0.03
100147,25,28827,West,SelfEmp,0.8385258119876892,0,344377,0.55,0.35,0.22,0.3
100148,33,59018,East,Business,0.1401321710468779,0,92020,-0.05,-0.1,0.02,0.03
100149,40,109449,North,Business,0.247599045025376,0,213783,-0.05,-0.1,0.02,0.03
100150,21,32001,West,SelfEmp,0.7372381028628385,0,266771,0.55,0.35,0.22,0.3
100151,60,120429,East,Business,0.6448696512218364,1,498379,-0.05,-0.12,0.15,0.18
100152,62,57676,East,Salaried,0.48085847808407645,1,116196,-0.05,-0.1,0.02,0.03
100153,39,41474,South,Salaried,0.6181533903798324,1,253271,0.3,0.25,0.18,0.08
100154,25,35229,West,SelfEmp,0.6960459197885653,0,268372,0.55,0.35,0.22,0.3
100155,38,63633,South,Salaried,0.6250899554308252,1,168921,0.3,0.25,0.18,0.08
100156,61,106197,East,Business,0.5729176750599415,0,500287,-0.05,-0.12,0.15,0.18
100157,29,37927,West,SelfEmp,0.8484900864769805,0,325469,0.55,0.35,0.22,0.3
100158,67,109775,East,Business,0.6481272556084595,1,692818,-0.05,-0.12,0.15,0.18
100159,33,124931,East,Salaried,0.4847114754577827,0,214584,-0.05,-0.1,0.02,0.03
100160,22,25498,West,SelfEmp,0.8853350878082928,0,326548,0.55,0.35,0.22,0.3
100161,33,33602,South,Salaried,0.7184583735064576,0,279470,0.3,0.25,0.18,0.08
100162,53,108114,East,Business,0.6390678894117999,0,558106,-0.05,-0.12,0.15,0.18
100163,27,28718,West,SelfEmp,0.7613346182923921,0,442774,0.55,0.35,0.22,0.3
100164,33,124081,East,Salaried,0.17672191665383524,0,235072,-0.05,-0.1,0.02,0.03
100165,56,80596,North,Business,0.3318073979555699,0,237959,-0.05,-0.1,0.02,0.03
100166,39,65775,North,Business,0.4480195064326775,0,116448,-0.05,-0.1,0.02,0.03
100167,24,49134,West,SelfEmp,0.8074372906702658,0,435585,0.55,0.35,0.22,0.3
100168,43,41391,South,Salaried,0.7132741951182288,0,131655,0.3,0.25,0.18,0.08
100169,24,43778,West,SelfEmp,0.6556520711122907,0,367608,0.55,0.35,0.22,0.3
100170,24,30940,West,SelfEmp,0.8624848276889366,0,493984,0.55,0.35,0.22,0.3
100171,37,109319,East,Salaried,0.30286423637032844,0,91108,-0.05,-0.1,0.02,0.03
100172,25,47419,West,SelfEmp,0.6549234805447052,0,293889,0.55,0.35,0.22,0.3
100173,56,103382,East,Business,0.5817111223034797,1,413417,-0.05,-0.12,0.15,0.18
100174,32,60188,North,Salaried,0.16058795610414334,0,81995,-0.05,-0.1,0.02,0.03
100175,35,73173,East,Business,0.44522696032417564,0,190054,-0.05,-0.1,0.02,0.03
100176,26,30178,West,SelfEmp,0.888595306744779,0,472619,0.55,0.35,0.22,0.3
100177,22,43727,West,SelfEmp,0.6627391634196333,1,458712,0.55,0.35,0.22,0.3
100178,27,42893,West,SelfEmp,0.7100596820194547,0,492620,0.55,0.35,0.22,0.3
100179,62,147547,East,Business,0.6941173613779227,0,524775,-0.05,-0.12,0.15,0.18
100180,69,139543,East,Business,0.498930405151248,0,626561,-0.05,-0.12,0.15,0.18
100181,36,57524,South,Salaried,0.6120270214237006,0,229339,0.3,0.25,0.18,0.08
100182,61,76533,East,Salaried,0.1668553447113025,1,196110,-0.05,-0.1,0.02,0.03
100183,67,76254,North,Salaried,0.28171951556838914,0,143476,-0.05,-0.1,0.02,0.03
100184,22,31612,West,SelfEmp,0.8998489699748373,0,456376,0.55,0.35,0.22,0.3
100185,54,67639,North,Business,0.4207519807820004,0,178377,-0.05,-0.1,0.02,0.03
100186,30,63028,East,Business,0.48870315094916805,0,130995,-0.05,-0.1,0.02,0.03
100187,68,73092,East,Business,0.10284309883514386,0,96635,-0.05,-0.1,0.02,0.03
100188,51,105265,East,Business,0.636982241621533,0,570456,-0.05,-0.12,0.15,0.18
100189,59,107848,North,Business,0.35691924934774855,0,249041,-0.05,-0.1,0.02,0.03
100190,51,117007,North,Salaried,0.4561430013819642,0,196101,-0.05,-0.1,0.02,0.03
100191,55,116601,East,Business,0.506632776152859,0,653100,-0.05,-0.12,0.15,0.18
100192,28,46824,West,SelfEmp,0.8446470020951881,0,321261,0.55,0.35,0.22,0.3
100193,24,26485,West,SelfEmp,0.6787570894165043,0,386293,0.55,0.35,0.22,0.3
100194,39,131663,North,Salaried,0.16391944151561028,0,211692,-0.05,-0.1,0.02,0.03
100195,29,29301,West,SelfEmp,0.8424709019942827,0,377766,0.55,0.35,0.22,0.3
100196,63,132866,North,Business,0.28823884677440326,0,102659,-0.05,-0.1,0.02,0.03
100197,30,58336,South,Salaried,0.6131010273831188,1,185661,0.3,0.25,0.18,0.08
100198,43,147651,East,Business,0.18750838903773492,0,221793,-0.05,-0.1,0.02,0.03
100199,47,60931,East,Business,0.4785572579225298,0,147272,-0.05,-0.1,0.02,0.03
100200,56,94189,North,Business,0.3542651084717391,0,138790,-0.05,-0.1,0.02,0.03
100201,47,141892,North,Salaried,0.1338856465483206,0,122570,-0.05,-0.1,0.02,0.03
100202,67,63580,North,Salaried,0.27474916639212177,0,184655,-0.05,-0.1,0.02,0.03
100203,36,57539,East,Salaried,0.3269990915192409,1,189295,-0.05,-0.1,0.02,0.03
100204,44,61522,North,Business,0.12924749140549588,0,102945,-0.05,-0.1,0.02,0.03
100205,50,57385,North,Business,0.2276277305491486,0,103583,-0.05,-0.1,0.02,0.03
100206,40,85934,North,Salaried,0.45632214948049366,0,215855,-0.05,-0.1,0.02,0.03
100207,29,47698,West,SelfEmp,0.8059167270641563,0,349691,0.55,0.35,0.22,0.3
100208,56,112863,East,Business,0.699634121724617,0,436607,-0.05,-0.12,0.15,0.18
100209,32,61297,East,Business,0.16297588181336442,0,207855,-0.05,-0.1,0.02,0.03
100210,44,60086,South,Salaried,0.7337896994798502,0,247233,0.3,0.25,0.18,0.08
100211,43,51863,South,Salaried,0.6818835955595866,0,260563,0.3,0.25,0.18,0.08
100212,38,41498,South,Salaried,0.6863418131673455,0,245710,0.3,0.25,0.18,0.08
100213,59,87806,East,Business,0.48742347661093655,0,220181,-0.05,-0.1,0.02,0.03
100214,29,30082,West,SelfEmp,0.7983357084387909,0,461983,0.55,0.35,0.22,0.3
100215,52,69612,North,Business,0.38536322548436763,0,93927,-0.05,-0.1,0.02,0.03
100216,26,47073,West,SelfEmp,0.8389189722680247,0,385022,0.55,0.35,0.22,0.3
100217,27,32485,West,SelfEmp,0.7605167395414603,0,297813,0.55,0.35,0.22,0.3
100218,41,39356,South,Salaried,0.7912362038730958,1,197428,0.3,0.25,0.18,0.08
100219,32,50588,South,Salaried,0.6122747374257783,1,274710,0.3,0.25,0.18,0.08
100220,49,57477,East,Salaried,0.12473884288039848,0,61556,-0.05,-0.1,0.02,0.03
100221,32,124018,North,Salaried,0.15734812467812845,0,200126,-0.05,-0.1,0.02,0.03
100222,26,28654,West,SelfEmp,0.7951909008292972,0,337022,0.55,0.35,0.22,0.3
100223,22,44046,West,SelfEmp,0.7751001481183524,1,291430,0.55,0.35,0.22,0.3
100224,48,143866,North,Business,0.11959960151546803,0,77122,-0.05,-0.1,0.02,0.03
100225,24,36333,West,SelfEmp,0.8096099304449571,0,282036,0.55,0.35,0.22,0.3
100226,68,140459,East,Salaried,0.25514409193084814,0,193784,-0.05,-0.1,0.02,0.03
100227,25,45162,West,SelfEmp,0.6730546189197136,1,332099,0.55,0.35,0.22,0.3
100228,21,49604,West,SelfEmp,0.7663155730021898,0,422769,0.55,0.35,0.22,0.3
100229,63,113041,East,Business,0.4107501063303245,0,418871,-0.05,-0.12,0.15,0.18
100230,39,58209,South,Salaried,0.6607387967539821,0,198893,0.3,0.25,0.18,0.08
100231,53,91329,East,Business,0.6716251200248042,1,378074,-0.05,-0.12,0.15,0.18
100232,54,97303,East,Salaried,0.46394413868825624,0,119830,-0.05,-0.1,0.02,0.03
100233,23,33149,West,SelfEmp,0.7382061807667732,0,413247,0.55,0.35,0.22,0.3
100234,46,133949,North,Business,0.29251744119172285,0,58299,-0.05,-0.1,0.02,0.03
100235,56,57849,East,Salaried,0.19349421272341855,0,123495,-0.05,-0.1,0.02,0.03
100236,65,69459,North,Salaried,0.17435994096673174,0,74358,-0.05,-0.1,0.02,0.03
100237,24,49046,West,SelfEmp,0.6705044761122545,0,333061,0.55,0.35,0.22,0.3
100238,26,42504,West,SelfEmp,0.85862269896763,0,360971,0.55,0.35,0.22,0.3
100239,69,82823,North,Salaried,0.3021211809643717,0,156786,-0.05,-0.1,0.02,0.03
100240,32,129808,North,Salaried,0.10816538027405175,0,130831,-0.05,-0.1,0.02,0.03
100241,30,34136,South,Salaried,0.7828423470037891,0,232251,0.3,0.25,0.18,0.08
100242,63,118369,East,Business,0.4982302209154117,1,676519,-0.05,-0.12,0.15,0.18
100243,55,119083,East,Business,0.21908229178976818,0,100956,-0.05,-0.1,0.02,0.03
100244,46,109762,East,Business,0.13267405823464307,0,224352,-0.05,-0.1,0.02,0.03
100245,26,35879,West,SelfEmp,0.7960758067826065,0,397461,0.55,0.35,0.22,0.3
100246,22,30175,West,SelfEmp,0.7576605205434561,0,371321,0.55,0.35,0.22,0.3
100247,38,62521,South,Salaried,0.6494354642244735,0,220854,0.3,0.25,0.18,0.08
100248,41,77132,East,Business,0.3800345650257052,0,151696,-0.05,-0.1,0.02,0.03
100249,27,31122,West,SelfEmp,0.8583237428801017,0,289407,0.55,0.35,0.22,0.3
100250,66,136213,East,Business,0.47564577761764476,0,545915,-0.05,-0.12,0.15,0.18
100251,47,90431,East,Business,0.13149349274226974,1,116366,-0.05,-0.1,0.02,0.03
100252,46,98294,North,Salaried,0.4839082057840486,0,226330,-0.05,-0.1,0.02,0.03
100253,31,146081,East,Business,0.10740294994016053,0,202906,-0.05,-0.1,0.02,0.03
100254,40,52874,South,Salaried,0.7298950633863968,1,172445,0.3,0.25,0.18,0.08
100255,23,29489,West,SelfEmp,0.8516367551765663,0,291126,0.55,0.35,0.22,0.3
100256,33,90073,East,Salaried,0.4910644739214921,1,137817,-0.05,-0.1,0.02,0.03
100257,42,78375,North,Business,0.49371253210387556,0,100012,-0.05,-0.1,0.02,0.03
100258,69,127189,East,Business,0.4273149110279286,1,150681,-0.05,-0.1,0.02,0.03
100259,48,135331,East,Business,0.27012217499103325,0,65485,-0.05,-0.1,0.02,0.03
100260,29,38345,West,SelfEmp,0.67375074803085,0,374142,0.55,0.35,0.22,0.3
100261,31,42134,South,Salaried,0.7324570782238076,0,173102,0.3,0.25,0.18,0.08
100262,27,29626,West,SelfEmp,0.726840145323975,0,442477,0.55,0.35,0.22,0.3
100263,34,105606,North,Business,0.10203935571607925,1,172026,-0.05,-0.1,0.02,0.03
100264,29,28109,West,SelfEmp,0.72332684070587,0,322981,0.55,0.35,0.22,0.3
100265,29,35202,West,SelfEmp,0.7666764712303994,0,409120,0.55,0.35,0.22,0.3
100266,32,99795,East,Business,0.2905821692901289,0,158541,-0.05,-0.1,0.02,0.03
100267,37,64950,North,Salaried,0.13896036374930795,0,222970,-0.05,-0.1,0.02,0.03
100268,30,58223,South,Salaried,0.7359758579949246,0,259167,0.3,0.25,0.18,0.08
100269,35,139261,North,Salaried,0.28451423050258284,0,151048,-0.05,-0.1,0.02,0.03
100270,38,31920,South,Salaried,0.6194967290502955,0,151706,0.3,0.25,0.18,0.08
100271,21,37972,West,SelfEmp,0.8730479263127655,0,496864,0.55,0.35,0.22,0.3
100272,39,128570,North,Salaried,0.1712875063554417,0,70236,-0.05,-0.1,0.02,0.03
100273,33,120717,North,Business,0.16520679613420863,0,244098,-0.05,-0.1,0.02,0.03
100274,62,52754,North,Salaried,0.17148841438686208,0,51803,-0.05,-0.1,0.02,0.03
100275,56,131204,North,Salaried,0.3844507686187777,0,57204,-0.05,-0.1,0.02,0.03
100276,54,121864,East,Business,0.4784768788024201,1,445846,-0.05,-0.12,0.15,0.18
100277,67,87676,East,Business,0.4431786722762602,0,232426,-0.05,-0.1,0.02,0.03
100278,40,93496,East,Business,0.29701131281012727,0,51789,-0.05,-0.1,0.02,0.03
100279,59,146601,North,Business,0.47970243387471423,0,171192,-0.05,-0.1,0.02,0.03
100280,56,140095,East,Salaried,0.22448975983407357,0,65090,-0.05,-0.1,0.02,0.03
100281,22,30024,West,SelfEmp,0.6828833555785112,0,408459,0.55,0.35,0.22,0.3
100282,26,36354,West,SelfEmp,0.7190848233240884,0,366096,0.55,0.35,0.22,0.3
100283,56,93128,East,Business,0.10002699905862977,1,245043,-0.05,-0.1,0.02,0.03
100284,59,146341,East,Business,0.5383549716857374,0,651289,-0.05,-0.12,0.15,0.18
100285,58,109049,North,Business,0.19524760053968768,0,234134,-0.05,-0.1,0.02,0.03
100286,64,87146,North,Business,0.23709370794695067,0,184078,-0.05,-0.1,0.02,0.03
100287,45,121964,North,Business,0.22485372598377726,0,85864,-0.05,-0.1,0.02,0.03
100288,62,106720,East,Business,0.6708738506061753,1,669311,-0.05,-0.12,0.15,0.18
100289,65,85738,East,Business,0.12270054477577391,0,176531,-0.05,-0.1,0.02,0.03
100290,42,53480,North,Business,0.26464991375765046,0,107026,-0.05,-0.1,0.02,0.03
100291,39,54686,South,Salaried,0.5555978423300872,0,166841,0.3,0.25,0.18,0.08
100292,40,131147,East,Salaried,0.28470913443433843,0,205776,-0.05,-0.1,0.02,0.03
100293,24,25289,West,SelfEmp,0.6752746080867642,1,421445,0.55,0.35,0.22,0.3
100294,35,109171,North,Salaried,0.3784557984816358,0,203371,-0.05,-0.1,0.02,0.03
100295,46,62965,East,Business,0.39444533762454914,0,135847,-0.05,-0.1,0.02,0.03
100296,30,44110,South,Salaried,0.7142865289200402,1,187431,0.3,0.25,0.18,0.08
100297,67,101574,East,Business,0.5848433890403093,0,308847,-0.05,-0.12,0.15,0.18
100298,32,138928,North,Business,0.294485184935468,0,128236,-0.05,-0.1,0.02,0.03
100299,65,126500,East,Business,0.21119329140099016,0,183034,-0.05,-0.1,0.02,0.03
100300,59,130251,East,Business,0.4265912709595705,0,331545,-0.05,-0.12,0.15,0.18
100301,27,35704,West,SelfEmp,0.7148135755113924,1,370503,0.55,0.35,0.22,0.3
100302,34,61077,South,Salaried,0.5988020230558272,0,270402,0.3,0.25,0.18,0.08
100303,57,81790,East,Salaried,0.37499923467900487,0,213328,-0.05,-0.1,0.02,0.03
100304,33,41561,South,Salaried,0.6388912650542709,0,216931,0.3,0.25,0.18,0.08
100305,59,130739,East,Business,0.4858145032872897,0,125914,-0.05,-0.1,0.02,0.03
100306,48,125755,East,Salaried,0.401229863440704,0,176489,-0.05,-0.1,0.02,0.03
100307,50,116862,East,Business,0.6163382849016087,1,373736,-0.05,-0.12,0.15,0.18
100308,27,42617,West,SelfEmp,0.7534976866805002,1,326732,0.55,0.35,0.22,0.3
100309,41,57157,East,Salaried,0.3424763165510929,0,130792,-0.05,-0.1,0.02,0.03
100310,65,113925,East,Business,0.51211841414479,0,439085,-0.05,-0.12,0.15,0.18
100311,66,86973,East,Salaried,0.13022050664438486,0,158350,-0.05,-0.1,0.02,0.03
100312,64,133992,East,Business,0.6529207818175189,0,613303,-0.05,-0.12,0.15,0.18
100313,23,36159,West,SelfEmp,0.8066321929529678,0,306004,0.55,0.35,0.22,0.3
100314,28,35389,West,SelfEmp,0.7922250681463006,0,346925,0.55,0.35,0.22,0.3
100315,40,133706,East,Business,0.45807679980686544,0,230026,-0.05,-0.1,0.02,0.03
100316,66,110920,North,Salaried,0.46470604250934666,0,73409,-0.05,-0.1,0.02,0.03
100317,28,25847,West,SelfEmp,0.7249556362493653,0,425934,0.55,0.35,0.22,0.3
100318,56,55648,East,Salaried,0.4691973096048708,1,229790,-0.05,-0.1,0.02,0.03
100319,21,40705,West,SelfEmp,0.7073444618909135,0,390182,0.55,0.35,0.22,0.3
100320,36,62586,South,Salaried,0.5888920151913422,1,192404,0.3,0.25,0.18,0.08
100321,53,114660,East,Business,0.5830207108592523,1,311531,-0.05,-0.12,0.15,0.18
100322,43,119683,East,Salaried,0.4337282848169556,0,226552,-0.05,-0.1,0.02,0.03
100323,52,133819,East,Business,0.4476572607955335,0,665451,-0.05,-0.12,0.15,0.18
100324,28,47651,West,SelfEmp,0.7534165471291204,0,442349,0.55,0.35,0.22,0.3
100325,65,142521,East,Business,0.6447772505917727,0,477450,-0.05,-0.12,0.15,0.18
100326,28,40034,West,SelfEmp,0.8057052179441202,0,428198,0.55,0.35,0.22,0.3
100327,42,60928,South,Salaried,0.7485449912196578,0,230289,0.3,0.25,0.18,0.08
100328,59,132649,East,Business,0.48794764960556436,1,401416,-0.05,-0.12,0.15,0.18
100329,27,34529,West,SelfEmp,0.7693021229883146,1,267874,0.55,0.35,0.22,0.3
100330,46,71153,East,Business,0.3120415108357566,0,206439,-0.05,-0.1,0.02,0.03
100331,35,55139,North,Salaried,0.43400136554197677,0,193904,-0.05,-0.1,0.02,0.03
100332,37,38205,South,Salaried,0.5737963981046522,1,246004,0.3,0.25,0.18,0.08
100333,44,46906,South,Salaried,0.5967378359503833,1,258763,0.3,0.25,0.18,0.08
100334,32,146415,East,Salaried,0.10955456260890713,0,93400,-0.05,-0.1,0.02,0.03
100335,53,50894,North,Business,0.3181851603834488,0,138777,-0.05,-0.1,0.02,0.03
100336,60,136555,East,Salaried,0.4326621673635421,0,153137,-0.05,-0.1,0.02,0.03
100337,52,128107,East,Business,0.439739543288453,0,133323,-0.05,-0.1,0.02,0.03
100338,22,38406,West,SelfEmp,0.6665531971521903,1,332927,0.55,0.35,0.22,0.3
100339,35,116982,North,Salaried,0.35865725156160855,1,219157,-0.05,-0.1,0.02,0.03
100340,38,43025,South,Salaried,0.5533639521036678,0,144701,0.3,0.25,0.18,0.08
100341,41,140990,East,Business,0.4644933810369365,0,124564,-0.05,-0.1,0.02,0.03
100342,29,29241,West,SelfEmp,0.7719019400137892,0,329747,0.55,0.35,0.22,0.3
100343,42,41513,South,Salaried,0.6987391551395663,0,146293,0.3,0.25,0.18,0.08
100344,43,50543,South,Salaried,0.6039490331098673,1,214526,0.3,0.25,0.18,0.08
100345,41,33706,South,Salaried,0.7006814809601882,1,128895,0.3,0.25,0.18,0.08
100346,33,55109,North,Salaried,0.34434927598862053,0,56325,-0.05,-0.1,0.02,0.03
100347,32,51912,East,Salaried,0.43728335135982543,0,141792,-0.05,-0.1,0.02,0.03
100348,51,94564,East,Business,0.5488004290214996,0,610096,-0.05,-0.12,0.15,0.18
100349,30,116246,North,Salaried,0.2559106660182022,0,61752,-0.05,-0.1,0.02,0.03
100350,29,35543,West,SelfEmp,0.8407512338917765,0,313328,0.55,0.35,0.22,0.3
100351,50,83462,East,Business,0.2546806646227302,0,246779,-0.05,-0.1,0.02,0.03
100352,42,62844,South,Salaried,0.5611895889459124,0,126027,0.3,0.25,0.18,0.08
100353,28,27544,West,SelfEmp,0.8548778098619256,0,482233,0.55,0.35,0.22,0.3
100354,42,128092,East,Salaried,0.3863137213118062,0,127059,-0.05,-0.1,0.02,0.03
100355,68,147064,North,Business,0.3614544620335085,0,69546,-0.05,-0.1,0.02,0.03
100356,36,103219,East,Salaried,0.23310649800345995,0,203018,-0.05,-0.1,0.02,0.03
100357,25,32851,West,SelfEmp,0.8231467505639223,0,304833,0.55,0.35,0.22,0.3
100358,26,35923,West,SelfEmp,0.777009623213756,0,420208,0.55,0.35,0.22,0.3
100359,68,84568,East,Salaried,0.25263031374863587,0,243059,-0.05,-0.1,0.02,0.03
100360,37,31271,South,Salaried,0.7505217615441863,1,271054,0.3,0.25,0.18,0.08
100361,55,91340,North,Salaried,0.208930572095873,0,147210,-0.05,-0.1,0.02,0.03
100362,47,99698,East,Salaried,0.31701243534876067,0,114687,-0.05,-0.1,0.02,0.03
100363,35,96458,North,Salaried,0.1404854971975539,0,59766,-0.05,-0.1,0.02,0.03
100364,25,26254,West,SelfEmp,0.8408741563028644,0,347218,0.55,0.35,0.22,0.3
100365,38,43118,South,Salaried,0.6681628496161047,1,184610,0.3,0.25,0.18,0.08
100366,58,104186,East,Business,0.6835577258377926,1,619384,-0.05,-0.12,0.15,0.18
100367,61,82831,East,Salaried,0.16124826103239498,0,119474,-0.05,-0.1,0.02,0.03
100368,39,42609,South,Salaried,0.6727997049281317,0,224700,0.3,0.25,0.18,0.08
100369,31,53105,North,Business,0.31759050318393645,0,121449,-0.05,-0.1,0.02,0.03
100370,30,55560,South,Salaried,0.6676391602546063,1,163003,0.3,0.25,0.18,0.08
100371,43,64646,North,Salaried,0.46866041034031214,0,72873,-0.05,-0.1,0.02,0.03
100372,41,44582,South,Salaried,0.7537257929899916,0,127406,0.3,0.25,0.18,0.08
100373,61,71852,North,Salaried,0.377927101208554,0,191216,-0.05,-0.1,0.02,0.03
100374,48,104838,North,Business,0.30032838651151994,1,54561,-0.05,-0.1,0.02,0.03
100375,68,66041,East,Salaried,0.15962009722885254,0,140170,-0.05,-0.1,0.02,0.03
100376,27,33376,West,SelfEmp,0.7788542405540139,1,297271,0.55,0.35,0.22,0.3
100377,50,95237,North,Business,0.4538803878378823,0,227208,-0.05,-0.1,0.02,0.03
100378,48,79500,East,Salaried,0.151919920325336,0,64837,-0.05,-0.1,0.02,0.03
100379,31,42919,South,Salaried,0.7273168011802836,1,171186,0.3,0.25,0.18,0.08
100380,22,48837,West,SelfEmp,0.8900255762251309,0,410775,0.55,0.35,0.22,0.3
100381,63,143049,East,Business,0.515510708471124,1,587903,-0.05,-0.12,0.15,0.18
100382,65,110326,East,Business,0.5493339735913159,1,376069,-0.05,-0.12,0.15,0.18
100383,64,130910,East,Business,0.6982570470155874,0,382688,-0.05,-0.12,0.15,0.18
100384,23,32589,West,SelfEmp,0.8746992985672799,0,381988,0.55,0.35,0.22,0.3
100385,42,50065,North,Business,0.13714109268183383,0,188265,-0.05,-0.1,0.02,0.03
100386,62,111521,East,Business,0.20016955514089618,0,212615,-0.05,-0.1,0.02,0.03
100387,31,48272,South,Salaried,0.6673724578619274,0,181236,0.3,0.25,0.18,0.08
100388,55,56842,North,Business,0.48456995063923247,0,172408,-0.05,-0.1,0.02,0.03
100389,30,116162,East,Salaried,0.29979470939628905,1,195504,-0.05,-0.1,0.02,0.03
100390,61,72345,North,Salaried,0.4057239435404819,0,68018,-0.05,-0.1,0.02,0.03
100391,36,37353,South,Salaried,0.5602804741543481,0,135095,0.3,0.25,0.18,0.08
100392,41,30991,South,Salaried,0.6069397034298805,1,255224,0.3,0.25,0.18,0.08
100393,69,77180,East,Business,0.4636536302227381,0,207721,-0.05,-0.1,0.02,0.03
100394,59,144317,East,Salaried,0.19032843059981827,0,50916,-0.05,-0.1,0.02,0.03
100395,28,44046,West,SelfEmp,0.7599611861709085,1,342272,0.55,0.35,0.22,0.3
100396,25,42145,West,SelfEmp,0.7454568173584661,0,423985,0.55,0.35,0.22,0.3
100397,29,32740,West,SelfEmp,0.6657144781773646,0,493803,0.55,0.35,0.22,0.3
100398,55,145366,East,Business,0.438859953697741,1,512067,-0.05,-0.12,0.15,0.18
100399,24,33940,West,SelfEmp,0.8381773532426899,0,484515,0.55,0.35,0.22,0.3
100400,55,109571,North,Business,0.26767142055880894,0,171865,-0.05,-0.1,0.02,0.03
100401,43,59657,South,Salaried,0.6800134930152522,0,179888,0.3,0.25,0.18,0.08
100402,36,54525,South,Salaried,0.6683226843254716,0,256997,0.3,0.25,0.18,0.08
100403,26,41915,West,SelfEmp,0.8263765135483228,0,309328,0.55,0.35,0.22,0.3
100404,55,63574,East,Business,0.26740383174849736,0,151364,-0.05,-0.1,0.02,0.03
100405,41,42607,South,Salaried,0.68499359328861,0,121100,0.3,0.25,0.18,0.08
100406,59,137740,East,Business,0.6343831646203446,0,395979,-0.05,-0.12,0.15,0.18
100407,68,124421,East,Business,0.6981076526220493,0,346567,-0.05,-0.12,0.15,0.18
100408,60,129511,East,Business,0.42205981950187693,1,650685,-0.05,-0.12,0.15,0.18
100409,21,39610,West,SelfEmp,0.8130031864827576,0,282398,0.55,0.35,0.22,0.3
100410,59,114174,North,Business,0.4945908047753197,0,163866,-0.05,-0.1,0.02,0.03
100411,27,47984,West,SelfEmp,0.8778466898032316,0,487991,0.55,0.35,0.22,0.3
100412,57,125711,North,Business,0.13681940393213515,0,117325,-0.05,-0.1,0.02,0.03
100413,29,31178,West,SelfEmp,0.6759468042123664,0,418030,0.55,0.35,0.22,0.3
100414,54,133782,East,Business,0.6167885502218182,0,314469,-0.05,-0.12,0.15,0.18
100415,39,57455,East,Business,0.3351380385810645,0,206173,-0.05,-0.1,0.02,0.03
100416,50,71352,North,Business,0.3190572052143391,0,60914,-0.05,-0.1,0.02,0.03
100417,33,119603,North,Salaried,0.35409050199258363,0,172494,-0.05,-0.1,0.02,0.03
100418,26,37058,West,SelfEmp,0.8427572951451299,1,253500,0.55,0.35,0.22,0.3
100419,64,104682,East,Business,0.3664786430028839,0,132567,-0.05,-0.1,0.02,0.03
100420,34,51982,North,Salaried,0.3334538593019335,0,52019,-0.05,-0.1,0.02,0.03
100421,57,96980,East,Business,0.58111266108413,1,651166,-0.05,-0.12,0.15,0.18
100422,68,70592,East,Business,0.1666193799142332,0,152841,-0.05,-0.1,0.02,0.03
100423,32,79817,North,Salaried,0.1304375892199322,1,190291,-0.05,-0.1,0.02,0.03
100424,35,33881,South,Salaried,0.7359880371798865,0,271808,0.3,0.25,0.18,0.08
100425,26,48443,West,SelfEmp,0.7291514814138362,0,468000,0.55,0.35,0.22,0.3
100426,67,140185,East,Business,0.44830857013597847,0,567652,-0.05,-0.12,0.15,0.18
100427,45,75497,North,Business,0.15841055105959906,0,156246,-0.05,-0.1,0.02,0.03
100428,51,111517,East,Business,0.16884322499529553,0,66696,-0.05,-0.1,0.02,0.03
100429,24,32061,West,SelfEmp,0.7778329413289097,1,448988,0.55,0.35,0.22,0.3
100430,23,36225,West,SelfEmp,0.8655566051491747,0,288789,0.55,0.35,0.22,0.3
100431,33,54837,South,Salaried,0.6786813214109668,0,239115,0.3,0.25,0.18,0.08
100432,29,27054,West,SelfEmp,0.6979822467219586,0,424218,0.55,0.35,0.22,0.3
100433,24,32092,West,SelfEmp,0.7089927777913183,0,465879,0.55,0.35,0.22,0.3
100434,57,116881,North,Salaried,0.20683720484326573,0,59422,-0.05,-0.1,0.02,0.03
100435,41,53597,South,Salaried,0.6695248431745611,0,220806,0.3,0.25,0.18,0.08
100436,25,32061,West,SelfEmp,0.7974504342089923,0,313575,0.55,0.35,0.22,0.3
100437,23,35152,West,SelfEmp,0.8389957860751587,0,460198,0.55,0.35,0.22,0.3
100438,38,30887,South,Salaried,0.7495607016515224,1,153696,0.3,0.25,0.18,0.08
100439,46,57990,East,Business,0.22189270162949737,0,101523,-0.05,-0.1,0.02,0.03
100440,42,112781,East,Business,0.1508583703305415,0,110519,-0.05,-0.1,0.02,0.03
100441,42,61686,South,Salaried,0.7964611125276276,0,127724,0.3,0.25,0.18,0.08
100442,40,59997,North,Business,0.43754982496469264,0,182470,-0.05,-0.1,0.02,0.03
100443,56,135817,East,Business,0.5142437738355802,0,699624,-0.05,-0.12,0.15,0.18
100444,50,93497,East,Business,0.6306988712743643,1,407362,-0.05,-0.12,0.15,0.18
100445,23,49126,West,SelfEmp,0.8924050852978571,0,285985,0.55,0.35,0.22,0.3
100446,51,135982,East,Business,0.5435514045297127,0,450798,-0.05,-0.12,0.15,0.18
100447,33,60966,South,Salaried,0.7793334800365599,1,242656,0.3,0.25,0.18,0.08
100448,29,42988,West,SelfEmp,0.7424390929829604,0,284594,0.55,0.35,0.22,0.3
100449,29,30811,West,SelfEmp,0.711632253550971,0,457444,0.55,0.35,0.22,0.3
100450,27,25036,West,SelfEmp,0.7868319580244382,0,395497,0.55,0.35,0.22,0.3
100451,46,50252,North,Salaried,0.3558603276548312,0,135206,-0.05,-0.1,0.02,0.03
100452,38,126819,North,Salaried,0.4024043708704773,0,126427,-0.05,-0.1,0.02,0.03
100453,44,64414,North,Salaried,0.3373796607804289,1,242100,-0.05,-0.1,0.02,0.03
100454,63,112817,East,Business,0.665249531154037,0,479182,-0.05,-0.12,0.15,0.18
100455,55,109012,East,Business,0.4564205540818152,1,639398,-0.05,-0.12,0.15,0.18
100456,47,71791,North,Business,0.21998156807759411,0,89865,-0.05,-0.1,0.02,0.03
100457,67,52485,North,Business,0.45622378876877856,0,107042,-0.05,-0.1,0.02,0.03
100458,28,31279,West,SelfEmp,0.8558645191135595,0,252632,0.55,0.35,0.22,0.3
100459,63,149572,East,Business,0.49553898369342986,0,199596,-0.05,-0.1,0.02,0.03
100460,36,35846,South,Salaried,0.7482319031879988,0,259884,0.3,0.25,0.18,0.08
100461,67,94767,East,Business,0.5446164706014927,1,573115,-0.05,-0.12,0.15,0.18
100462,65,123706,East,Business,0.6939635877932293,0,625630,-0.05,-0.12,0.15,0.18
100463,65,113995,East,Business,0.48383654659603936,0,446756,-0.05,-0.12,0.15,0.18
100464,50,69268,East,Salaried,0.18665288041020622,0,221270,-0.05,-0.1,0.02,0.03
100465,61,145120,East,Business,0.10423671961661425,0,207731,-0.05,-0.1,0.02,0.03
100466,50,118930,East,Business,0.5349631950266545,0,550859,-0.05,-0.12,0.15,0.18
100467,39,136245,North,Salaried,0.13525669244124613,0,161873,-0.05,-0.1,0.02,0.03
100468,34,105013,North,Business,0.29129979539124573,0,121358,-0.05,-0.1,0.02,0.03
100469,67,58996,North,Business,0.31032929583913704,0,230779,-0.05,-0.1,0.02,0.03
100470,24,40158,West,SelfEmp,0.7297841685355366,0,485405,0.55,0.35,0.22,0.3
100471,55,92094,East,Business,0.5732534928391587,0,434592,-0.05,-0.12,0.15,0.18
100472,27,43991,West,SelfEmp,0.8110873339976339,0,493245,0.55,0.35,0.22,0.3
100473,53,85252,East,Business,0.3775705771750518,0,93664,-0.05,-0.1,0.02,0.03
100474,33,62559,South,Salaried,0.7855063192272747,0,144365,0.3,0.25,0.18,0.08
100475,22,47110,West,SelfEmp,0.8614041917223938,0,398883,0.55,0.35,0.22,0.3
100476,65,96610,East,Business,0.3414301854166198,0,234496,-0.05,-0.1,0.02,0.03
100477,61,60468,East,Salaried,0.10246203150990998,0,201227,-0.05,-0.1,0.02,0.03
100478,31,71990,East,Business,0.37941102518776504,0,134073,-0.05,-0.1,0.02,0.03
100479,24,46488,West,SelfEmp,0.7777893510595696,1,366685,0.55,0.35,0.22,0.3
100480,36,142823,East,Business,0.47764110190848685,0,53706,-0.05,-0.1,0.02,0.03
100481,52,97544,North,Business,0.34805496964475824,0,227398,-0.05,-0.1,0.02,0.03
100482,40,52093,South,Salaried,0.5945900561722017,0,204580,0.3,0.25,0.18,0.08
100483,52,111701,North,Business,0.12696526903728042,0,191631,-0.05,-0.1,0.02,0.03
100484,27,43068,West,SelfEmp,0.8438274554044864,0,408381,0.55,0.35,0.22,0.3
100485,37,108974,North,Business,0.19829891757541468,0,175250,-0.05,-0.1,0.02,0.03
100486,24,41930,West,SelfEmp,0.78706673671687,0,420424,0.55,0.35,0.22,0.3
100487,21,34949,West,SelfEmp,0.8705679819026952,1,341529,0.55,0.35,0.22,0.3
100488,52,138131,North,Salaried,0.3651739905864547,0,134391,-0.05,-0.1,0.02,0.03
100489,49,91522,North,Salaried,0.17054998984002934,0,156405,-0.05,-0.1,0.02,0.03
100490,37,125085,East,Salaried,0.2145619506814581,0,215802,-0.05,-0.1,0.02,0.03
100491,25,30965,West,SelfEmp,0.6566644312332569,0,293967,0.55,0.35,0.22,0.3
100492,37,99475,East,Business,0.32527943864267145,0,183414,-0.05,-0.1,0.02,0.03
100493,35,149611,East,Business,0.3466169683956205,0,183611,-0.05,-0.1,0.02,0.03
100494,27,43589,West,SelfEmp,0.6500999231473312,0,402170,0.55,0.35,0.22,0.3
100495,32,56121,South,Salaried,0.6855950088291836,0,193829,0.3,0.25,0.18,0.08
100496,25,48542,West,SelfEmp,0.887773823559431,0,375842,0.55,0.35,0.22,0.3
100497,21,45813,West,SelfEmp,0.8507003359919793,0,461294,0.55,0.35,0.22,0.3
100498,37,64313,South,Salaried,0.7426994846518417,0,225251,0.3,0.25,0.18,0.08
100499,38,126946,East,Business,0.43852167043177925,0,153213,-0.05,-0.1,0.02,0.03
100500,31,62237,East,Salaried,0.3814811010575211,0,219974,-0.05,-0.1,0.02,0.03
100501,68,114360,East,Business,0.6593288036052393,0,622215,-0.05,-0.12,0.15,0.18
100502,44,74686,North,Business,0.33123357008467585,0,56715,-0.05,-0.1,0.02,0.03
100503,23,47671,West,SelfEmp,0.7838731609465666,1,465333,0.55,0.35,0.22,0.3
100504,32,60691,South,Salaried,0.567972466007779,0,211674,0.3,0.25,0.18,0.08
100505,59,75101,North,Salaried,0.2647297410135776,0,206488,-0.05,-0.1,0.02,0.03
100506,38,91026,North,Business,0.3728520533940449,0,210151,-0.05,-0.1,0.02,0.03
100507,65,51467,North,Business,0.1918891286349227,0,84161,-0.05,-0.1,0.02,0.03
100508,52,108083,East,Business,0.5730999777008008,0,674804,-0.05,-0.12,0.15,0.18
100509,28,25370,West,SelfEmp,0.6783352961703714,0,312071,0.55,0.35,0.22,0.3
100510,33,52715,South,Salaried,0.5722641520860053,0,225894,0.3,0.25,0.18,0.08
100511,23,39341,West,SelfEmp,0.8501233866487818,0,292478,0.55,0.35,0.22,0.3
100512,28,33902,West,SelfEmp,0.7002941884428909,0,469727,0.55,0.35,0.22,0.3
100513,33,56273,South,Salaried,0.7266853795598262,1,145162,0.3,0.25,0.18,0.08
100514,22,44633,West,SelfEmp,0.6934586187445118,0,307899,0.55,0.35,0.22,0.3
100515,28,37582,West,SelfEmp,0.8750756756583435,0,477371,0.55,0.35,0.22,0.3
100516,56,64374,East,Salaried,0.2365322086939865,0,198917,-0.05,-0.1,0.02,0.03
100517,44,113317,North,Salaried,0.3340339899679681,0,145983,-0.05,-0.1,0.02,0.03
100518,24,33892,West,SelfEmp,0.8638826012457259,1,268710,0.55,0.35,0.22,0.3
100519,23,40676,West,SelfEmp,0.8745474802589451,0,308009,0.55,0.35,0.22,0.3
100520,66,117874,East,Business,0.5574285862063749,1,623361,-0.05,-0.12,0.15,0.18
100521,38,60337,East,Business,0.12273679559355406,0,228692,-0.05,-0.1,0.02,0.03
100522,67,74398,North,Business,0.3065620551494117,0,61412,-0.05,-0.1,0.02,0.03
100523,40,141182,East,Business,0.22450721082553027,0,106591,-0.05,-0.1,0.02,0.03
100524,37,139836,East,Business,0.24539269336489583,0,196595,-0.05,-0.1,0.02,0.03
100525,26,33918,West,SelfEmp,0.652451748383541,0,344860,0.55,0.35,0.22,0.3
100526,44,51225,South,Salaried,0.761605604589973,0,235250,0.3,0.25,0.18,0.08
100527,59,61271,North,Salaried,0.189122307185067,0,113968,-0.05,-0.1,0.02,0.03
100528,29,37764,West,SelfEmp,0.7487942626517696,0,322239,0.55,0.35,0.22,0.3
100529,60,110833,East,Business,0.10578741442925788,0,92105,-0.05,-0.1,0.02,0.03
100530,40,43510,South,Salaried,0.6079826061517057,1,185945,0.3,0.25,0.18,0.08
100531,36,31113,South,Salaried,0.5725631904208044,0,255664,0.3,0.25,0.18,0.08
100532,27,44744,West,SelfEmp,0.8799359752464446,0,314932,0.55,0.35,0.22,0.3
100533,62,126398,East,Business,0.6877021032060324,0,671131,-0.05,-0.12,0.15,0.18
100534,60,149611,North,Salaried,0.2189513573521265,0,183527,-0.05,-0.1,0.02,0.03
100535,38,92773,North,Business,0.360244681652519,0,140507,-0.05,-0.1,0.02,0.03
100536,44,39914,South,Salaried,0.5787735659753157,0,219608,0.3,0.25,0.18,0.08
100537,50,140332,North,Business,0.4879301118991244,0,180194,-0.05,-0.1,0.02,0.03
100538,30,145700,North,Salaried,0.3931775725321842,0,182534,-0.05,-0.1,0.02,0.03
100539,39,86777,North,Salaried,0.24581557404727492,0,140583,-0.05,-0.1,0.02,0.03
100540,34,69249,East,Business,0.20100322951364946,0,156298,-0.05,-0.1,0.02,0.03
100541,46,50606,East,Business,0.33731686031196395,0,212445,-0.05,-0.1,0.02,0.03
100542,38,79168,East,Salaried,0.3223994899336283,0,128598,-0.05,-0.1,0.02,0.03
100543,25,30318,West,SelfEmp,0.8624594392570553,1,270823,0.55,0.35,0.22,0.3
100544,48,78460,East,Salaried,0.49274501994945463,0,55033,-0.05,-0.1,0.02,0.03
100545,43,56939,South,Salaried,0.7645071517225088,1,253959,0.3,0.25,0.18,0.08
100546,46,56115,East,Business,0.2981798570717191,0,213789,-0.05,-0.1,0.02,0.03
100547,21,48231,West,SelfEmp,0.741808823691321,0,462283,0.55,0.35,0.22,0.3
100548,54,64833,East,Business,0.44794381948286743,0,137005,-0.05,-0.1,0.02,0.03
100549,31,46623,South,Salaried,0.5935557904804554,1,278312,0.3,0.25,0.18,0.08
100550,27,36005,West,SelfEmp,0.6973390722846775,0,275804,0.55,0.35,0.22,0.3
100551,39,39617,South,Salaried,0.6694543270884178,0,246633,0.3,0.25,0.18,0.08
100552,44,124227,North,Salaried,0.46024815370625694,0,230910,-0.05,-0.1,0.02,0.03
100553,24,41831,West,SelfEmp,0.8159411932185905,0,397749,0.55,0.35,0.22,0.3
100554,32,38267,South,Salaried,0.7860557853900803,0,145875,0.3,0.25,0.18,0.08
100555,48,97589,North,Business,0.25870732838876737,1,125465,-0.05,-0.1,0.02,0.03
100556,49,53739,East,Business,0.3512575909972502,1,58984,-0.05,-0.1,0.02,0.03
100557,66,102839,East,Business,0.5176792879994593,1,692238,-0.05,-0.12,0.15,0.18
100558,27,32224,West,SelfEmp,0.6918280189652136,0,279980,0.55,0.35,0.22,0.3
100559,64,123969,North,Salaried,0.37350430990302264,0,79529,-0.05,-0.1,0.02,0.03
100560,47,103788,North,Business,0.42894627994451795,0,245399,-0.05,-0.1,0.02,0.03
100561,65,116192,East,Business,0.4377556714803206,0,243616,-0.05,-0.1,0.02,0.03
100562,30,136412,East,Business,0.324466977498568,0,201950,-0.05,-0.1,0.02,0.03
100563,22,43546,West,SelfEmp,0.7845164978138042,1,287312,0.55,0.35,0.22,0.3
100564,22,48095,West,SelfEmp,0.7833348512890977,0,324789,0.55,0.35,0.22,0.3
100565,44,54222,North,Business,0.4491709193244299,0,182454,-0.05,-0.1,0.02,0.03
100566,41,34167,South,Salaried,0.6077537465665555,0,201117,0.3,0.25,0.18,0.08
100567,28,34427,West,SelfEmp,0.7297087307508046,0,274121,0.55,0.35,0.22,0.3
100568,28,43268,West,SelfEmp,0.7404769316961507,0,435396,0.55,0.35,0.22,0.3
100569,27,29350,West,SelfEmp,0.7375258918936447,0,279554,0.55,0.35,0.22,0.3
100570,64,62988,East,Salaried,0.19119767208501767,0,210286,-0.05,-0.1,0.02,0.03
100571,27,36034,West,SelfEmp,0.896014921133224,0,308100,0.55,0.35,0.22,0.3
100572,28,25081,West,SelfEmp,0.76903675223121,0,346629,0.55,0.35,0.22,0.3
100573,66,50579,East,Business,0.265983516835108,0,93591,-0.05,-0.1,0.02,0.03
100574,24,25233,West,SelfEmp,0.767379248781302,0,265246,0.55,0.35,0.22,0.3
100575,37,54277,East,Business,0.4689295386340301,0,147565,-0.05,-0.1,0.02,0.03
100576,62,109095,North,Business,0.3205695823005622,1,185360,-0.05,-0.1,0.02,0.03
100577,26,37236,West,SelfEmp,0.8728149574806235,0,296702,0.55,0.35,0.22,0.3
100578,44,132047,East,Business,0.28224535302821907,0,149770,-0.05,-0.1,0.02,0.03
100579,53,120641,East,Business,0.6097605787737832,0,514986,-0.05,-0.12,0.15,0.18
100580,39,60140,South,Salaried,0.5822386390053244,1,197008,0.3,0.25,0.18,0.08
100581,32,54053,South,Salaried,0.7156746343848572,0,225128,0.3,0.25,0.18,0.08
100582,49,61246,East,Business,0.14783284270594232,0,50169,-0.05,-0.1,0.02,0.03
100583,51,97313,East,Business,0.11810257279481542,0,211971,-0.05,-0.1,0.02,0.03
100584,32,53281,South,Salaried,0.5724369594220959,0,239168,0.3,0.25,0.18,0.08
100585,40,30791,South,Salaried,0.5609412705645487,1,188892,0.3,0.25,0.18,0.08
100586,42,104226,North,Salaried,0.2692384755131887,0,65362,-0.05,-0.1,0.02,0.03
100587,25,37185,West,SelfEmp,0.7831276186139475,0,293190,0.55,0.35,0.22,0.3
100588,25,41888,West,SelfEmp,0.8768532744396844,0,499482,0.55,0.35,0.22,0.3
100589,49,52906,East,Salaried,0.25318800121291896,0,160212,-0.05,-0.1,0.02,0.03
100590,41,76419,North,Salaried,0.18286179931650715,0,72463,-0.05,-0.1,0.02,0.03
100591,24,26249,West,SelfEmp,0.893056649492864,0,482129,0.55,0.35,0.22,0.3
100592,36,138385,North,Salaried,0.1024383619927478,0,226649,-0.05,-0.1,0.02,0.03
100593,63,149019,East,Business,0.6315877928982286,0,666672,-0.05,-0.12,0.15,0.18
100594,39,129737,East,Salaried,0.31046070386264335,0,79445,-0.05,-0.1,0.02,0.03
100595,42,113769,East,Salaried,0.29228432464890464,0,171049,-0.05,-0.1,0.02,0.03
100596,24,28525,West,SelfEmp,0.7880022274286156,0,367747,0.55,0.35,0.22,0.3
100597,52,141141,East,Business,0.5717431551124735,0,354765,-0.05,-0.12,0.15,0.18
100598,28,30976,West,SelfEmp,0.8264591934416781,0,313914,0.55,0.35,0.22,0.3
100599,28,39838,West,SelfEmp,0.8186971318770686,0,403687,0.55,0.35,0.22,0.3
100600,56,146705,East,Salaried,0.23825068520961948,1,234248,-0.05,-0.1,0.02,0.03
100601,31,36992,South,Salaried,0.6214843222276004,1,223963,0.3,0.25,0.18,0.08
100602,38,32716,South,Salaried,0.6830051188540556,0,229623,0.3,0.25,0.18,0.08
100603,61,125640,North,Salaried,0.32848975534470526,0,126180,-0.05,-0.1,0.02,0.03
100604,21,32330,West,SelfEmp,0.7648671550403865,0,410855,0.55,0.35,0.22,0.3
100605,25,44733,West,SelfEmp,0.7404604506949962,1,434017,0.55,0.35,0.22,0.3
100606,61,139151,East,Business,0.5399465320969726,0,358546,-0.05,-0.12,0.15,0.18
100607,30,63986,East,Salaried,0.4854911091332952,0,82195,-0.05,-0.1,0.02,0.03
100608,37,37460,South,Salaried,0.6982307719519276,1,242268,0.3,0.25,0.18,0.08
100609,33,81935,North,Business,0.2348147007856201,0,200618,-0.05,-0.1,0.02,0.03
100610,27,40044,West,SelfEmp,0.8567982223959506,0,498925,0.55,0.35,0.22,0.3
100611,33,134044,East,Business,0.2193882042970241,0,121074,-0.05,-0.1,0.02,0.03
100612,45,61398,North,Salaried,0.1600301039175167,0,123436,-0.05,-0.1,0.02,0.03
100613,31,30657,South,Salaried,0.7451815414235874,1,278691,0.3,0.25,0.18,0.08
100614,29,30963,West,SelfEmp,0.8219273131773589,0,330116,0.55,0.35,0.22,0.3
100615,29,49321,West,SelfEmp,0.845918848646828,1,250937,0.55,0.35,0.22,0.3
100616,27,32421,West,SelfEmp,0.6809247646816416,0,317052,0.55,0.35,0.22,0.3
100617,42,121706,East,Business,0.3516725818308343,0,181652,-0.05,-0.1,0.02,0.03
100618,35,34550,South,Salaried,0.5568385714059626,1,182249,0.3,0.25,0.18,0.08
100619,62,97647,East,Business,0.578935418925561,0,380094,-0.05,-0.12,0.15,0.18
100620,53,80033,East,Business,0.22687838249427414,0,248809,-0.05,-0.1,0.02,0.03
100621,51,111525,North,Salaried,0.15360757658188162,0,149294,-0.05,-0.1,0.02,0.03
100622,26,45391,West,SelfEmp,0.823003347642228,0,345166,0.55,0.35,0.22,0.3
100623,36,71318,North,Business,0.4228982331973895,1,116704,-0.05,-0.1,0.02,0.03
100624,22,48732,West,SelfEmp,0.7131371101812733,0,461158,0.55,0.35,0.22,0.3
100625,69,68656,East,Salaried,0.1363784958892564,0,69566,-0.05,-0.1,0.02,0.03
100626,62,102776,North,Salaried,0.16149833170635614,0,117432,-0.05,-0.1,0.02,0.03
100627,58,113295,East,Business,0.10718251431324598,0,83609,-0.05,-0.1,0.02,0.03
100628,68,126363,East,Business,0.3565297764268631,0,199142,-0.05,-0.1,0.02,0.03
100629,31,57817,South,Salaried,0.6467189474302586,1,158548,0.3,0.25,0.18,0.08
100630,40,89060,North,Business,0.15357161097187616,0,132392,-0.05,-0.1,0.02,0.03
100631,61,131972,East,Salaried,0.2598290794859615,0,125811,-0.05,-0.1,0.02,0.03
100632,41,57552,South,Salaried,0.6246145986280296,0,128377,0.3,0.25,0.18,0.08
100633,28,29928,West,SelfEmp,0.6956243387107159,0,421436,0.55,0.35,0.22,0.3
100634,68,106203,East,Salaried,0.42764639940078564,0,87306,-0.05,-0.1,0.02,0.03
100635,23,38725,West,SelfEmp,0.70195720107328,0,404481,0.55,0.35,0.22,0.3
100636,22,40419,West,SelfEmp,0.7798800115586496,1,453363,0.55,0.35,0.22,0.3
100637,46,62023,East,Salaried,0.4358735881888133,0,202257,-0.05,-0.1,0.02,0.03
100638,44,39046,South,Salaried,0.7960617108324501,0,179821,0.3,0.25,0.18,0.08
100639,25,32030,West,SelfEmp,0.7778757555969514,0,479347,0.55,0.35,0.22,0.3
100640,44,57863,South,Salaried,0.6075114564297646,0,233921,0.3,0.25,0.18,0.08
100641,26,36638,West,SelfEmp,0.8584322905837675,0,443652,0.55,0.35,0.22,0.3
100642,56,106732,East,Business,0.5680012483765747,1,444387,-0.05,-0.12,0.15,0.18
100643,23,45392,West,SelfEmp,0.7467487024521445,0,381429,0.55,0.35,0.22,0.3
100644,56,91794,North,Salaried,0.1605493245887578,0,91452,-0.05,-0.1,0.02,0.03
100645,38,113612,East,Salaried,0.20795916111462687,0,129368,-0.05,-0.1,0.02,0.03
100646,21,30404,West,SelfEmp,0.7034566534781227,0,472412,0.55,0.35,0.22,0.3
100647,51,67871,North,Business,0.25745147368462035,0,84984,-0.05,-0.1,0.02,0.03
100648,64,64433,North,Business,0.22728923010156785,1,56984,-0.05,-0.1,0.02,0.03
100649,32,55594,North,Salaried,0.10511541509421769,0,100570,-0.05,-0.1,0.02,0.03
100650,68,112405,North,Business,0.13060398002803164,0,170598,-0.05,-0.1,0.02,0.03
100651,43,45705,South,Salaried,0.7282056748533738,0,200202,0.3,0.25,0.18,0.08
100652,28,41212,West,SelfEmp,0.7418475567079046,0,300817,0.55,0.35,0.22,0.3
100653,25,45071,West,SelfEmp,0.7118563337731836,0,250733,0.55,0.35,0.22,0.3
100654,31,128345,North,Salaried,0.48467439808890245,0,150162,-0.05,-0.1,0.02,0.03
100655,51,125281,East,Business,0.6548976352598882,1,391909,-0.05,-0.12,0.15,0.18
100656,50,149291,East,Business,0.5815005146755976,0,569665,-0.05,-0.12,0.15,0.18
100657,51,82768,North,Salaried,0.29971289868299733,0,99725,-0.05,-0.1,0.02,0.03
100658,66,144729,North,Business,0.37259514908196667,0,188911,-0.05,-0.1,0.02,0.03
100659,53,111976,East,Business,0.416458260337241,1,65960,-0.05,-0.1,0.02,0.03
100660,67,52139,North,Salaried,0.4083147663490636,0,175211,-0.05,-0.1,0.02,0.03
100661,37,127096,East,Salaried,0.31084040765868537,0,150895,-0.05,-0.1,0.02,0.03
100662,32,63122,South,Salaried,0.6342046313817175,0,171632,0.3,0.25,0.18,0.08
100663,60,132081,East,Salaried,0.12322851828674422,1,216045,-0.05,-0.1,0.02,0.03
100664,52,100184,East,Salaried,0.3996175662449366,0,166521,-0.05,-0.1,0.02,0.03
100665,29,47730,West,SelfEmp,0.7668223459869418,0,481044,0.55,0.35,0.22,0.3
100666,39,50571,North,Salaried,0.24605718456049824,0,242961,-0.05,-0.1,0.02,0.03
100667,61,127338,East,Business,0.6795070193302001,0,389950,-0.05,-0.12,0.15,0.18
100668,64,117078,East,Business,0.19742584713562494,0,172184,-0.05,-0.1,0.02,0.03
100669,61,125453,East,Business,0.5826695239769869,0,422285,-0.05,-0.12,0.15,0.18
100670,66,121558,East,Salaried,0.48100653548243255,0,70146,-0.05,-0.1,0.02,0.03
100671,60,101507,East,Salaried,0.35937155018399103,0,135928,-0.05,-0.1,0.02,0.03
100672,55,126501,East,Business,0.430076363241243,0,390487,-0.05,-0.12,0.15,0.18
100673,59,80766,East,Salaried,0.22062607576383364,0,87432,-0.05,-0.1,0.02,0.03
100674,23,31471,West,SelfEmp,0.668388150966201,0,422760,0.55,0.35,0.22,0.3
100675,46,119199,East,Business,0.22108916978638044,0,187232,-0.05,-0.1,0.02,0.03
100676,21,32142,West,SelfEmp,0.7289393276684883,0,390398,0.55,0.35,0.22,0.3
100677,27,33545,West,SelfEmp,0.7739331519305139,0,286499,0.55,0.35,0.22,0.3
100678,52,107853,East,Salaried,0.27102357743889505,1,237055,-0.05,-0.1,0.02,0.03
100679,48,132857,East,Salaried,0.2733088207593191,0,117510,-0.05,-0.1,0.02,0.03
100680,27,34434,West,SelfEmp,0.6945793400167899,0,378839,0.55,0.35,0.22,0.3
100681,50,148723,North,Business,0.25444900306040286,0,177088,-0.05,-0.1,0.02,0.03
100682,39,58004,North,Salaried,0.3761590492830379,1,81856,-0.05,-0.1,0.02,0.03
100683,49,82791,East,Business,0.10762007812673763,1,54133,-0.05,-0.1,0.02,0.03
100684,34,136097,East,Business,0.13170221245397898,1,69433,-0.05,-0.1,0.02,0.03
100685,45,76198,East,Business,0.43603960626707716,0,235999,-0.05,-0.1,0.02,0.03
100686,55,61093,East,Salaried,0.49799379227327933,0,157112,-0.05,-0.1,0.02,0.03
100687,22,30304,West,SelfEmp,0.6709780871234985,1,285225,0.55,0.35,0.22,0.3
100688,41,54241,East,Business,0.13884394196086666,0,218280,-0.05,-0.1,0.02,0.03
100689,64,140283,East,Business,0.6405023064548132,0,534416,-0.05,-0.12,0.15,0.18
100690,27,30746,West,SelfEmp,0.7094900419460738,1,484243,0.55,0.35,0.22,0.3
100691,22,35461,West,SelfEmp,0.8433031346703769,0,428355,0.55,0.35,0.22,0.3
100692,69,109492,East,Business,0.5792117994392556,0,638843,-0.05,-0.12,0.15,0.18
100693,63,117917,East,Business,0.6545299755886544,0,545040,-0.05,-0.12,0.15,0.18
100694,23,41660,West,SelfEmp,0.7884118322167433,1,367273,0.55,0.35,0.22,0.3
100695,35,147704,North,Business,0.29805994146420967,0,211110,-0.05,-0.1,0.02,0.03
100696,37,98121,East,Salaried,0.19566204005892965,0,180604,-0.05,-0.1,0.02,0.03
100697,22,28141,West,SelfEmp,0.7370051268889177,0,327006,0.55,0.35,0.22,0.3
100698,60,136335,East,Business,0.5574340288297794,0,493545,-0.05,-0.12,0.15,0.18
100699,28,32537,West,SelfEmp,0.6557598670887601,0,373270,0.55,0.35,0.22,0.3
100700,28,28481,West,SelfEmp,0.7209219899041772,1,304694,0.55,0.35,0.22,0.3
100701,65,109754,East,Business,0.46876426078074573,0,122547,-0.05,-0.1,0.02,0.03
100702,35,60744,South,Salaried,0.7043055921583572,0,235095,0.3,0.25,0.18,0.08
100703,44,73836,North,Salaried,0.463794774455091,0,230768,-0.05,-0.1,0.02,0.03
100704,60,72289,North,Salaried,0.4966240654559283,0,145446,-0.05,-0.1,0.02,0.03
100705,26,46356,West,SelfEmp,0.8483711538360457,1,284979,0.55,0.35,0.22,0.3
100706,23,35935,West,SelfEmp,0.8179036908468087,0,406473,0.55,0.35,0.22,0.3
100707,40,63790,South,Salaried,0.5508541671709731,0,227533,0.3,0.25,0.18,0.08
100708,32,57003,South,Salaried,0.6596010835302522,0,208601,0.3,0.25,0.18,0.08
100709,35,57549,North,Business,0.31610202342957994,0,63457,-0.05,-0.1,0.02,0.03
100710,28,49587,West,SelfEmp,0.7955417838525806,0,357764,0.55,0.35,0.22,0.3
100711,22,46200,West,SelfEmp,0.7238355505672267,0,418140,0.55,0.35,0.22,0.3
100712,38,57913,South,Salaried,0.5913487894935718,0,182189,0.3,0.25,0.18,0.08
100713,26,28033,West,SelfEmp,0.781379478315769,0,447809,0.55,0.35,0.22,0.3
100714,69,112468,North,Business,0.3629946327681476,0,221134,-0.05,-0.1,0.02,0.03
100715,65,67024,North,Salaried,0.24683262680358853,0,75887,-0.05,-0.1,0.02,0.03
100716,48,67802,East,Salaried,0.2111468674408945,0,155646,-0.05,-0.1,0.02,0.03
100717,30,79185,East,Salaried,0.1444259755262766,0,135002,-0.05,-0.1,0.02,0.03
100718,26,37569,West,SelfEmp,0.8696602794973144,0,481067,0.55,0.35,0.22,0.3
100719,61,131170,East,Business,0.5180453509666345,0,395554,-0.05,-0.12,0.15,0.18
100720,40,75505,East,Salaried,0.47465083809409647,0,183536,-0.05,-0.1,0.02,0.03
100721,24,26521,West,SelfEmp,0.8717875088752304,0,372159,0.55,0.35,0.22,0.3
100722,35,47267,South,Salaried,0.7308105985119774,0,218829,0.3,0.25,0.18,0.08
100723,41,52795,South,Salaried,0.5637790405728181,0,222439,0.3,0.25,0.18,0.08
100724,34,80871,East,Salaried,0.22513164671080257,0,93760,-0.05,-0.1,0.02,0.03
100725,41,126554,East,Salaried,0.44833581757638963,0,202448,-0.05,-0.1,0.02,0.03
100726,25,48885,West,SelfEmp,0.8002289349962196,0,334629,0.55,0.35,0.22,0.3
100727,42,81682,North,Salaried,0.2530527115612359,0,177939,-0.05,-0.1,0.02,0.03
100728,26,48478,West,SelfEmp,0.77191720730777,0,477670,0.55,0.35,0.22,0.3
100729,32,56464,North,Business,0.22195290723172803,0,155293,-0.05,-0.1,0.02,0.03
100730,68,64517,East,Salaried,0.4853799677060001,0,196855,-0.05,-0.1,0.02,0.03
100731,35,144181,North,Salaried,0.1254216222731179,0,124536,-0.05,-0.1,0.02,0.03
100732,60,90941,East,Business,0.6610345884463023,0,514646,-0.05,-0.12,0.15,0.18
100733,32,89361,North,Business,0.4510676912134258,0,196819,-0.05,-0.1,0.02,0.03
100734,27,41315,West,SelfEmp,0.838245607533153,0,319810,0.55,0.35,0.22,0.3
100735,55,140329,North,Business,0.4296217958676034,0,61682,-0.05,-0.1,0.02,0.03
100736,43,33903,South,Salaried,0.7636695290403389,0,132025,0.3,0.25,0.18,0.08
100737,41,118832,East,Salaried,0.3576557494939888,0,80145,-0.05,-0.1,0.02,0.03
100738,52,70767,North,Business,0.437671403401785,1,110487,-0.05,-0.1,0.02,0.03
100739,21,37245,West,SelfEmp,0.7145327705463242,0,448689,0.55,0.35,0.22,0.3
100740,37,35335,South,Salaried,0.6841897799939494,0,191257,0.3,0.25,0.18,0.08
100741,49,52728,East,Business,0.4517110496327654,0,218469,-0.05,-0.1,0.02,0.03
100742,40,126851,North,Salaried,0.4439241647519263,0,73674,-0.05,-0.1,0.02,0.03
100743,66,116085,East,Business,0.45422019113433887,1,348248,-0.05,-0.12,0.15,0.18
100744,24,28876,West,SelfEmp,0.7709224328123027,0,298119,0.55,0.35,0.22,0.3
100745,62,65641,North,Business,0.11387449408254278,1,78536,-0.05,-0.1,0.02,0.03
100746,35,50229,South,Salaried,0.7201253423267244,0,252489,0.3,0.25,0.18,0.08
100747,25,46559,West,SelfEmp,0.6500413741252862,0,364383,0.55,0.35,0.22,0.3
100748,29,43989,West,SelfEmp,0.8970761418976996,1,382208,0.55,0.35,0.22,0.3
100749,23,35413,West,SelfEmp,0.735093317868712,0,276225,0.55,0.35,0.22,0.3
100750,29,46797,West,SelfEmp,0.6770636241128297,0,411238,0.55,0.35,0.22,0.3
100751,31,90684,East,Salaried,0.3185143796767141,0,117330,-0.05,-0.1,0.02,0.03
100752,38,113702,North,Salaried,0.21360781201338166,0,209703,-0.05,-0.1,0.02,0.03
100753,22,34007,West,SelfEmp,0.8474442268486959,0,296782,0.55,0.35,0.22,0.3
100754,44,55130,South,Salaried,0.6809230085738194,1,213254,0.3,0.25,0.18,0.08
100755,32,64633,South,Salaried,0.6441343048179139,0,171857,0.3,0.25,0.18,0.08
100756,33,51383,East,Salaried,0.4621218113069717,0,107566,-0.05,-0.1,0.02,0.03
100757,68,113700,East,Business,0.6312694664158445,0,478628,-0.05,-0.12,0.15,0.18
100758,68,129927,East,Business,0.5228672352617829,0,526889,-0.05,-0.12,0.15,0.18
100759,43,51915,North,Salaried,0.27304539888691914,0,82225,-0.05,-0.1,0.02,0.03
100760,37,119656,North,Business,0.38611815837921515,1,82545,-0.05,-0.1,0.02,0.03
100761,21,33911,West,SelfEmp,0.7868712234764991,0,268230,0.55,0.35,0.22,0.3
100762,53,131844,North,Salaried,0.4964317769977137,0,190405,-0.05,-0.1,0.02,0.03
100763,52,105670,East,Business,0.4546579056067877,0,345272,-0.05,-0.12,0.15,0.18
100764,58,65218,East,Business,0.35742014458576854,0,221506,-0.05,-0.1,0.02,0.03
100765,36,128353,East,Salaried,0.19830078838847506,0,100293,-0.05,-0.1,0.02,0.03
100766,38,34832,South,Salaried,0.6199315335263129,0,238179,0.3,0.25,0.18,0.08
100767,67,117177,East,Business,0.5693911068681126,1,461304,-0.05,-0.12,0.15,0.18
100768,31,31401,South,Salaried,0.588282017352487,0,225825,0.3,0.25,0.18,0.08
100769,49,109989,North,Business,0.44771056158464706,0,164266,-0.05,-0.1,0.02,0.03
100770,28,42050,West,SelfEmp,0.8841727104563075,0,449708,0.55,0.35,0.22,0.3
100771,51,141703,East,Business,0.6203659871324969,1,495954,-0.05,-0.12,0.15,0.18
100772,62,121454,East,Business,0.48861023607916415,1,468175,-0.05,-0.12,0.15,0.18
100773,21,25743,West,SelfEmp,0.8009422763095415,0,460174,0.55,0.35,0.22,0.3
100774,26,38304,West,SelfEmp,0.7568256024245177,0,463622,0.55,0.35,0.22,0.3
100775,56,146080,East,Salaried,0.4228314323342962,0,58897,-0.05,-0.1,0.02,0.03
100776,32,62193,North,Business,0.19025377104271365,0,223263,-0.05,-0.1,0.02,0.03
100777,42,32402,South,Salaried,0.6523868028542347,1,234438,0.3,0.25,0.18,0.08
100778,68,122891,East,Business,0.5529425207841472,0,582359,-0.05,-0.12,0.15,0.18
100779,64,118764,East,Business,0.2549920022091373,1,240547,-0.05,-0.1,0.02,0.03
100780,25,29844,West,SelfEmp,0.6816611605510854,0,335132,0.55,0.35,0.22,0.3
100781,34,45164,South,Salaried,0.6350330527108627,1,233074,0.3,0.25,0.18,0.08
100782,37,83260,North,Salaried,0.42415070054418114,0,198711,-0.05,-0.1,0.02,0.03
100783,45,91961,East,Business,0.37926521472146213,0,109395,-0.05,-0.1,0.02,0.03
100784,46,129757,East,Business,0.2097799552368926,0,140100,-0.05,-0.1,0.02,0.03
100785,55,117713,East,Business,0.2469865278355753,1,237318,-0.05,-0.1,0.02,0.03
100786,62,126022,East,Business,0.5283433703476357,1,446820,-0.05,-0.12,0.15,0.18
100787,41,35753,South,Salaried,0.6309240878874453,1,141773,0.3,0.25,0.18,0.08
100788,23,31983,West,SelfEmp,0.830871306907135,0,252397,0.55,0.35,0.22,0.3
100789,24,41185,West,SelfEmp,0.7106438836187854,0,315879,0.55,0.35,0.22,0.3
100790,22,41019,West,SelfEmp,0.8376730146438751,0,345551,0.55,0.35,0.22,0.3
100791,37,112926,North,Business,0.31134827973233503,0,189065,-0.05,-0.1,0.02,0.03
100792,44,83006,North,Salaried,0.15794067871149342,1,58498,-0.05,-0.1,0.02,0.03
100793,35,119136,East,Business,0.21645938712786572,1,153865,-0.05,-0.1,0.02,0.03
100794,58,111468,East,Business,0.6684447250182806,1,640819,-0.05,-0.12,0.15,0.18
100795,36,99658,East,Business,0.4054545918181617,0,123147,-0.05,-0.1,0.02,0.03
100796,36,147486,East,Business,0.15131095765878533,0,69311,-0.05,-0.1,0.02,0.03
100797,62,85790,North,Business,0.38758395631145404,1,72442,-0.05,-0.1,0.02,0.03
100798,22,29851,West,SelfEmp,0.81990869834156,0,407154,0.55,0.35,0.22,0.3
100799,69,143846,East,Business,0.49911722517592905,0,505035,-0.05,-0.12,0.15,0.18
100800,65,118322,North,Business,0.10864588710048656,1,193359,-0.05,-0.1,0.02,0.03
100801,31,105259,North,Business,0.2797153483697452,0,60522,-0.05,-0.1,0.02,0.03
100802,39,35478,South,Salaried,0.6004510206438598,1,127764,0.3,0.25,0.18,0.08
100803,52,81521,East,Salaried,0.4984645975314811,0,61311,-0.05,-0.1,0.02,0.03
100804,31,36260,South,Salaried,0.5719892716257468,0,262499,0.3,0.25,0.18,0.08
100805,37,61213,South,Salaried,0.5608107562448164,0,179000,0.3,0.25,0.18,0.08
100806,23,44007,West,SelfEmp,0.8339152716225601,0,346128,0.55,0.35,0.22,0.3
100807,26,36780,West,SelfEmp,0.6641573037127395,0,270402,0.55,0.35,0.22,0.3
100808,22,26052,West,SelfEmp,0.6852486995800787,0,284111,0.55,0.35,0.22,0.3
100809,27,28916,West,SelfEmp,0.6721219658831883,0,428269,0.55,0.35,0.22,0.3
100810,30,73942,North,Business,0.3088405632668737,0,199383,-0.05,-0.1,0.02,0.03
100811,32,34547,South,Salaried,0.6949525751102558,0,195279,0.3,0.25,0.18,0.08
100812,66,125994,East,Salaried,0.36279287836933094,0,212168,-0.05,-0.1,0.02,0.03
100813,27,42129,West,SelfEmp,0.8826774575214286,0,311466,0.55,0.35,0.22,0.3
100814,60,68898,East,Business,0.18274353464975263,1,243501,-0.05,-0.1,0.02,0.03
100815,35,40125,South,Salaried,0.7117826151243984,0,124702,0.3,0.25,0.18,0.08
100816,46,105405,East,Salaried,0.35221640181694036,0,197149,-0.05,-0.1,0.02,0.03
100817,52,108192,North,Salaried,0.30029920770715945,0,127510,-0.05,-0.1,0.02,0.03
100818,37,51575,South,Salaried,0.7261058850119394,0,154005,0.3,0.25,0.18,0.08
100819,63,68394,East,Business,0.35467421071336347,0,73670,-0.05,-0.1,0.02,0.03
100820,38,45768,South,Salaried,0.7230766643735926,0,262760,0.3,0.25,0.18,0.08
100821,44,64135,East,Salaried,0.45914791553094403,0,245358,-0.05,-0.1,0.02,0.03
100822,26,42573,West,SelfEmp,0.8178201444994145,0,457916,0.55,0.35,0.22,0.3
100823,22,28910,West,SelfEmp,0.7280970851238289,0,437939,0.55,0.35,0.22,0.3
100824,41,59903,South,Salaried,0.7322953078751212,0,242606,0.3,0.25,0.18,0.08
100825,59,54351,North,Business,0.25603855861281,0,97665,-0.05,-0.1,0.02,0.03
100826,41,110899,East,Business,0.18422642633944203,0,85691,-0.05,-0.1,0.02,0.03
100827,51,64206,North,Salaried,0.14872984236419895,0,172874,-0.05,-0.1,0.02,0.03
100828,52,54934,East,Salaried,0.2526147151680188,0,55853,-0.05,-0.1,0.02,0.03
100829,31,142221,East,Salaried,0.25501985533474325,0,213188,-0.05,-0.1,0.02,0.03
100830,49,72839,North,Salaried,0.384788350197077,0,176705,-0.05,-0.1,0.02,0.03
100831,42,60842,South,Salaried,0.5696491902644156,0,221890,0.3,0.25,0.18,0.08
100832,30,42781,South,Salaried,0.633014531567861,1,144232,0.3,0.25,0.18,0.08
100833,41,80595,North,Business,0.3748363455450844,1,175158,-0.05,-0.1,0.02,0.03
100834,36,46825,South,Salaried,0.6795120036756448,1,145602,0.3,0.25,0.18,0.08
100835,51,85894,East,Business,0.13491394933018597,1,210212,-0.05,-0.1,0.02,0.03
100836,30,38066,South,Salaried,0.6558347154158007,1,212689,0.3,0.25,0.18,0.08
100837,30,133733,North,Salaried,0.2158554919967627,0,58685,-0.05,-0.1,0.02,0.03
100838,40,61216,South,Salaried,0.5860118517881692,1,231186,0.3,0.25,0.18,0.08
100839,25,33088,West,SelfEmp,0.7518242694292503,0,396478,0.55,0.35,0.22,0.3
100840,23,31797,West,SelfEmp,0.754370399971771,0,448623,0.55,0.35,0.22,0.3
100841,51,110796,East,Business,0.39115057706563094,0,222061,-0.05,-0.1,0.02,0.03
100842,55,113567,East,Business,0.4374452296463831,0,428192,-0.05,-0.12,0.15,0.18
100843,22,41659,West,SelfEmp,0.705161390225407,0,322112,0.55,0.35,0.22,0.3
100844,66,117855,East,Business,0.3729843914579708,0,105020,-0.05,-0.1,0.02,0.03
100845,54,142460,East,Business,0.3013607066200604,1,172099,-0.05,-0.1,0.02,0.03
100846,42,120040,East,Salaried,0.19269710706749688,1,227846,-0.05,-0.1,0.02,0.03
100847,43,119659,North,Business,0.11345640223382546,0,50071,-0.05,-0.1,0.02,0.03
100848,42,128055,East,Salaried,0.1372196451952517,0,143753,-0.05,-0.1,0.02,0.03
100849,41,61544,East,Salaried,0.444358179488492,0,233247,-0.05,-0.1,0.02,0.03
100850,36,52727,South,Salaried,0.6871670349985831,0,127530,0.3,0.25,0.18,0.08
100851,26,46731,West,SelfEmp,0.8518634149914276,0,425161,0.55,0.35,0.22,0.3
100852,25,31228,West,SelfEmp,0.8320462346257289,0,307202,0.55,0.35,0.22,0.3
100853,43,41233,South,Salaried,0.691621889456705,0,179734,0.3,0.25,0.18,0.08
100854,46,55455,North,Business,0.16249565626841964,0,212189,-0.05,-0.1,0.02,0.03
100855,52,70244,North,Business,0.10121377116116914,0,106235,-0.05,-0.1,0.02,0.03
100856,48,72146,North,Business,0.4415277087453162,1,161873,-0.05,-0.1,0.02,0.03
100857,68,144516,North,Salaried,0.18457957576222528,0,63472,-0.05,-0.1,0.02,0.03
100858,61,108316,North,Business,0.47081180961864455,0,167754,-0.05,-0.1,0.02,0.03
100859,24,26714,West,SelfEmp,0.7748819462232339,0,439216,0.55,0.35,0.22,0.3
100860,66,100842,North,Business,0.37040117429581365,0,121875,-0.05,-0.1,0.02,0.03
100861,51,88859,East,Business,0.3175489422239738,0,67791,-0.05,-0.1,0.02,0.03
100862,54,148205,East,Business,0.31549983174475893,0,133669,-0.05,-0.1,0.02,0.03
100863,25,31582,West,SelfEmp,0.7196153265544729,0,261593,0.55,0.35,0.22,0.3
100864,52,132879,East,Business,0.25590595007837147,0,185610,-0.05,-0.1,0.02,0.03
100865,67,141329,East,Business,0.4613833771900355,0,644783,-0.05,-0.12,0.15,0.18
100866,51,108218,North,Business,0.26278498336251854,0,224365,-0.05,-0.1,0.02,0.03
100867,24,47617,West,SelfEmp,0.685999961097016,0,495474,0.55,0.35,0.22,0.3
100868,28,40677,West,SelfEmp,0.8944467606023323,0,367553,0.55,0.35,0.22,0.3
100869,43,78491,East,Salaried,0.15273326723399167,0,206488,-0.05,-0.1,0.02,0.03
100870,47,61498,East,Business,0.4922215698582828,0,99555,-0.05,-0.1,0.02,0.03
100871,42,38408,South,Salaried,0.753139690959041,1,278457,0.3,0.25,0.18,0.08
100872,22,32420,West,SelfEmp,0.6655635140164533,0,473738,0.55,0.35,0.22,0.3
100873,49,120531,North,Salaried,0.1589875350176862,0,138867,-0.05,-0.1,0.02,0.03
100874,30,112835,North,Salaried,0.33674289546122704,0,153519,-0.05,-0.1,0.02,0.03
100875,23,45640,West,SelfEmp,0.7720489321309514,0,387411,0.55,0.35,0.22,0.3
100876,59,101029,East,Business,0.42154567799560705,1,549065,-0.05,-0.12,0.15,0.18
100877,29,37068,West,SelfEmp,0.8233534006652733,0,427543,0.55,0.35,0.22,0.3
100878,37,44802,South,Salaried,0.6367770213405949,1,245807,0.3,0.25,0.18,0.08
100879,34,52009,South,Salaried,0.7449139711840244,0,205825,0.3,0.25,0.18,0.08
100880,41,50817,North,Salaried,0.1779869231356478,1,169157,-0.05,-0.1,0.02,0.03
100881,25,49042,West,SelfEmp,0.6618747271544754,0,461239,0.55,0.35,0.22,0.3
100882,38,31896,South,Salaried,0.6110580149194822,1,276240,0.3,0.25,0.18,0.08
100883,25,37384,West,SelfEmp,0.8751884438505444,1,371789,0.55,0.35,0.22,0.3
100884,35,101539,North,Business,0.4374078230832873,0,177075,-0.05,-0.1,0.02,0.03
100885,58,115858,North,Business,0.4547518713884522,0,219475,-0.05,-0.1,0.02,0.03
100886,55,148877,East,Business,0.6231765269677503,0,565808,-0.05,-0.12,0.15,0.18
100887,24,41532,West,SelfEmp,0.7445413949244223,0,495457,0.55,0.35,0.22,0.3
100888,22,35467,West,SelfEmp,0.6558870676784125,0,482389,0.55,0.35,0.22,0.3
100889,59,106542,East,Business,0.6926540098554294,0,499508,-0.05,-0.12,0.15,0.18
100890,68,107118,East,Business,0.600339392178085,0,556287,-0.05,-0.12,0.15,0.18
100891,27,35938,West,SelfEmp,0.7354185034727618,0,396607,0.55,0.35,0.22,0.3
100892,34,72264,North,Business,0.20393642333054707,0,77476,-0.05,-0.1,0.02,0.03
100893,65,101506,East,Business,0.6833001201631518,0,620867,-0.05,-0.12,0.15,0.18
100894,31,127707,North,Business,0.22899020121702468,0,243552,-0.05,-0.1,0.02,0.03
100895,55,91914,East,Business,0.5943262256339938,0,630970,-0.05,-0.12,0.15,0.18
100896,40,49961,South,Salaried,0.7605315623771571,0,249017,0.3,0.25,0.18,0.08
100897,21,28539,West,SelfEmp,0.8621219945261983,1,347558,0.55,0.35,0.22,0.3
100898,38,42130,South,Salaried,0.641072561868792,0,272137,0.3,0.25,0.18,0.08
100899,53,96703,East,Business,0.548689402571044,0,632110,-0.05,-0.12,0.15,0.18
100900,53,84936,East,Business,0.32017542667694077,0,248201,-0.05,-0.1,0.02,0.03
100901,26,36444,West,SelfEmp,0.7853006110037766,0,305590,0.55,0.35,0.22,0.3
100902,69,80507,North,Business,0.29485778985006045,0,112468,-0.05,-0.1,0.02,0.03
100903,25,39584,West,SelfEmp,0.8105520792112111,0,268673,0.55,0.35,0.22,0.3
100904,61,130600,East,Business,0.47153814388009474,0,222299,-0.05,-0.1,0.02,0.03
100905,52,61879,East,Salaried,0.3189869267090144,0,133663,-0.05,-0.1,0.02,0.03
100906,66,138555,East,Business,0.5249947619433377,1,691046,-0.05,-0.12,0.15,0.18
100907,36,109057,East,Business,0.14025105090468842,0,135424,-0.05,-0.1,0.02,0.03
100908,28,34121,West,SelfEmp,0.8257519544342857,0,497179,0.55,0.35,0.22,0.3
100909,69,82917,East,Business,0.21270090516436177,0,107247,-0.05,-0.1,0.02,0.03
100910,55,127453,North,Business,0.23700808972355378,0,238344,-0.05,-0.1,0.02,0.03
100911,68,55696,North,Salaried,0.3024076942146423,0,107420,-0.05,-0.1,0.02,0.03
100912,44,149320,North,Salaried,0.19005065085743153,0,97150,-0.05,-0.1,0.02,0.03
100913,55,99664,North,Business,0.12217689846089241,0,54753,-0.05,-0.1,0.02,0.03
100914,27,25797,West,SelfEmp,0.7221221025957375,0,338617,0.55,0.35,0.22,0.3
100915,66,83993,East,Salaried,0.24261285024767357,0,226813,-0.05,-0.1,0.02,0.03
100916,52,134651,North,Business,0.17372785425548426,1,159702,-0.05,-0.1,0.02,0.03
100917,61,93547,East,Business,0.11606678677239422,0,139229,-0.05,-0.1,0.02,0.03
100918,31,57945,East,Salaried,0.2983278595549137,1,177066,-0.05,-0.1,0.02,0.03
100919,26,29302,West,SelfEmp,0.7929355380481242,0,381183,0.55,0.35,0.22,0.3
100920,27,29709,West,SelfEmp,0.8429562639826165,0,264482,0.55,0.35,0.22,0.3
100921,57,106145,East,Salaried,0.46178994708430976,0,61166,-0.05,-0.1,0.02,0.03
100922,40,87807,East,Business,0.3588966272840787,0,149411,-0.05,-0.1,0.02,0.03
100923,38,110049,North,Business,0.30243487711141215,0,248610,-0.05,-0.1,0.02,0.03
100924,51,95359,East,Salaried,0.3973324117262492,0,106462,-0.05,-0.1,0.02,0.03
100925,65,94934,North,Business,0.45206414335825507,1,144081,-0.05,-0.1,0.02,0.03
100926,49,67675,North,Salaried,0.1709018709509174,0,89927,-0.05,-0.1,0.02,0.03
100927,24,30427,West,SelfEmp,0.6686036316339851,0,354800,0.55,0.35,0.22,0.3
100928,45,72065,East,Business,0.20443452746652577,1,70601,-0.05,-0.1,0.02,0.03
100929,36,56190,North,Salaried,0.39810761001341155,0,225830,-0.05,-0.1,0.02,0.03
100930,61,74793,East,Salaried,0.37434418858889973,0,181361,-0.05,-0.1,0.02,0.03
100931,34,142855,East,Business,0.19959112173974225,0,70141,-0.05,-0.1,0.02,0.03
100932,39,90837,East,Salaried,0.3404948984244841,0,212105,-0.05,-0.1,0.02,0.03
100933,42,53354,South,Salaried,0.5763902053200749,0,265759,0.3,0.25,0.18,0.08
100934,48,67235,East,Business,0.23342146966949523,0,138719,-0.05,-0.1,0.02,0.03
100935,61,74140,East,Business,0.35898382306479415,0,64746,-0.05,-0.1,0.02,0.03
100936,23,49531,West,SelfEmp,0.8223920791133297,0,297305,0.55,0.35,0.22,0.3
100937,22,45941,West,SelfEmp,0.7641480155540545,0,415751,0.55,0.35,0.22,0.3
100938,56,104764,East,Business,0.5790180893603042,0,447953,-0.05,-0.12,0.15,0.18
100939,38,38201,South,Salaried,0.708583617581479,0,122816,0.3,0.25,0.18,0.08
100940,37,140849,North,Business,0.17928169993220974,0,179947,-0.05,-0.1,0.02,0.03
100941,25,27824,West,SelfEmp,0.8510682213677585,0,252070,0.55,0.35,0.22,0.3
100942,29,25920,West,SelfEmp,0.8487594339582814,1,428646,0.55,0.35,0.22,0.3
100943,58,68676,East,Business,0.11444404479287713,1,168429,-0.05,-0.1,0.02,0.03
100944,66,133082,East,Salaried,0.23165611966590338,0,68609,-0.05,-0.1,0.02,0.03
100945,56,141251,East,Business,0.24244041960983714,0,204525,-0.05,-0.1,0.02,0.03
100946,27,25047,West,SelfEmp,0.7952636797339075,1,285132,0.55,0.35,0.22,0.3
100947,51,106305,North,Business,0.47362439974469184,0,131559,-0.05,-0.1,0.02,0.03
100948,41,51671,South,Salaried,0.7049278350032269,0,240632,0.3,0.25,0.18,0.08
100949,22,32774,West,SelfEmp,0.7966572719926536,1,433716,0.55,0.35,0.22,0.3
100950,24,34145,West,SelfEmp,0.682667258106209,0,315506,0.55,0.35,0.22,0.3
100951,25,47954,West,SelfEmp,0.692272485704918,0,342221,0.55,0.35,0.22,0.3
100952,49,80412,East,Salaried,0.49062120223826544,0,85165,-0.05,-0.1,0.02,0.03
100953,38,47023,South,Salaried,0.7199706337871183,1,233290,0.3,0.25,0.18,0.08
100954,63,142179,North,Salaried,0.25698020556058976,0,185743,-0.05,-0.1,0.02,0.03
100955,41,74871,North,Business,0.33075816841699557,0,114140,-0.05,-0.1,0.02,0.03
100956,69,146745,East,Business,0.5106014150503965,0,489537,-0.05,-0.12,0.15,0.18
100957,46,59433,North,Salaried,0.24750166831236242,0,137635,-0.05,-0.1,0.02,0.03
100958,52,141638,North,Business,0.34897377443137856,0,181460,-0.05,-0.1,0.02,0.03
100959,26,38901,West,SelfEmp,0.8608247643978165,1,469700,0.55,0.35,0.22,0.3
100960,30,114885,East,Business,0.34251640402360983,0,178167,-0.05,-0.1,0.02,0.03
100961,67,79925,North,Business,0.32218675095954885,0,199494,-0.05,-0.1,0.02,0.03
100962,64,52215,North,Salaried,0.17571641399432048,0,234685,-0.05,-0.1,0.02,0.03
100963,35,36462,South,Salaried,0.5875009651818681,0,162271,0.3,0.25,0.18,0.08
100964,41,121288,North,Salaried,0.1238994421294104,0,215902,-0.05,-0.1,0.02,0.03
100965,53,140210,East,Business,0.5087487936172523,0,526976,-0.05,-0.12,0.15,0.18
100966,22,46413,West,SelfEmp,0.8442016950810742,0,350420,0.55,0.35,0.22,0.3
100967,21,30441,West,SelfEmp,0.7088024814758624,0,414429,0.55,0.35,0.22,0.3
100968,62,77398,East,Salaried,0.42015467862393574,0,215431,-0.05,-0.1,0.02,0.03
100969,37,86492,East,Business,0.45900728229784404,0,80291,-0.05,-0.1,0.02,0.03
100970,40,99372,North,Salaried,0.17220953129111816,0,59637,-0.05,-0.1,0.02,0.03
100971,26,46827,West,SelfEmp,0.8022129342743527,0,275736,0.55,0.35,0.22,0.3
100972,24,25488,West,SelfEmp,0.7605253374092491,0,473061,0.55,0.35,0.22,0.3
100973,62,113279,North,Salaried,0.3492198000320051,0,105138,-0.05,-0.1,0.02,0.03
100974,61,149292,North,Salaried,0.380997743397675,0,121165,-0.05,-0.1,0.02,0.03
100975,22,35827,West,SelfEmp,0.7099558296437586,0,304980,0.55,0.35,0.22,0.3
100976,38,30610,South,Salaried,0.5833534056935196,0,246446,0.3,0.25,0.18,0.08
100977,36,51556,South,Salaried,0.6842876891110267,0,131018,0.3,0.25,0.18,0.08
100978,55,98071,North,Salaried,0.32732067861690783,0,205362,-0.05,-0.1,0.02,0.03
100979,21,38634,West,SelfEmp,0.778126827521509,0,419269,0.55,0.35,0.22,0.3
100980,41,42361,South,Salaried,0.7528574731705638,0,203093,0.3,0.25,0.18,0.08
100981,24,39143,West,SelfEmp,0.729845621640619,0,343415,0.55,0.35,0.22,0.3
100982,33,36185,South,Salaried,0.6177292164726212,1,215203,0.3,0.25,0.18,0.08
100983,36,32123,South,Salaried,0.6231974536944779,0,156190,0.3,0.25,0.18,0.08
100984,41,62338,South,Salaried,0.6160835467439961,0,134860,0.3,0.25,0.18,0.08
100985,64,127529,East,Business,0.6961295875538042,0,670326,-0.05,-0.12,0.15,0.18
100986,68,138993,East,Business,0.41123688022004057,0,498763,-0.05,-0.12,0.15,0.18
100987,63,122860,East,Business,0.6733844012276851,0,390343,-0.05,-0.12,0.15,0.18
100988,51,67986,East,Salaried,0.49898166685370693,1,113798,-0.05,-0.1,0.02,0.03
100989,23,42970,West,SelfEmp,0.8087991921085262,0,297770,0.55,0.35,0.22,0.3
100990,37,40974,South,Salaried,0.6730620252593408,0,193649,0.3,0.25,0.18,0.08
100991,43,147559,East,Business,0.31539223045002096,0,157197,-0.05,-0.1,0.02,0.03
100992,33,61460,North,Business,0.4810649899705134,0,184105,-0.05,-0.1,0.02,0.03
100993,69,99435,East,Business,0.6672621193382156,1,522941,-0.05,-0.12,0.15,0.18
100994,59,147330,East,Business,0.5977556416917467,1,400231,-0.05,-0.12,0.15,0.18
100995,32,136036,East,Business,0.4338809740786129,0,58450,-0.05,-0.1,0.02,0.03
100996,49,93751,North,Salaried,0.1809297445767346,0,58066,-0.05,-0.1,0.02,0.03
100997,27,26488,West,SelfEmp,0.8167259577165434,0,334012,0.55,0.35,0.22,0.3
100998,44,78946,North,Salaried,0.30604696679158494,1,156639,-0.05,-0.1,0.02,0.03
100999,60,57990,North,Salaried,0.1923470263204691,0,121997,-0.05,-0.1,0.02,0.03
101000,23,33732,West,SelfEmp,0.8718929612469399,1,405345,0.55,0.35,0.22,0.3
101001,28,30377,West,SelfEmp,0.6766855044736091,0,459896,0.55,0.35,0.22,0.3
101002,66,149941,North,Business,0.3041156130690102,0,57122,-0.05,-0.1,0.02,0.03
101003,63,98070,North,Business,0.12308429355580448,1,249169,-0.05,-0.1,0.02,0.03
101004,53,90636,North,Business,0.29403592198743983,0,51172,-0.05,-0.1,0.02,0.03
101005,57,103826,East,Salaried,0.23074870604252318,0,207742,-0.05,-0.1,0.02,0.03
101006,62,122078,East,Business,0.4488916678936584,0,131301,-0.05,-0.1,0.02,0.03
101007,59,117151,East,Business,0.5320800647391991,1,659965,-0.05,-0.12,0.15,0.18
101008,48,108092,East,Salaried,0.17817664826961727,0,233168,-0.05,-0.1,0.02,0.03
101009,51,148517,East,Business,0.4206754863989305,0,68202,-0.05,-0.1,0.02,0.03
101010,29,44399,West,SelfEmp,0.6950198440408528,0,409675,0.55,0.35,0.22,0.3
101011,39,148967,East,Salaried,0.4872631800846565,0,73070,-0.05,-0.1,0.02,0.03
101012,52,102369,East,Business,0.3760917414036159,0,115202,-0.05,-0.1,0.02,0.03
101013,27,37451,West,SelfEmp,0.8334152741447551,0,443957,0.55,0.35,0.22,0.3
101014,43,37138,South,Salaried,0.7341832364642483,1,136157,0.3,0.25,0.18,0.08
101015,33,64073,South,Salaried,0.7710272937659667,0,255531,0.3,0.25,0.18,0.08
101016,68,131001,East,Business,0.6894358458850111,1,477342,-0.05,-0.12,0.15,0.18
101017,24,41225,West,SelfEmp,0.8398025244022543,1,263893,0.55,0.35,0.22,0.3
101018,30,59943,South,Salaried,0.7345248443269441,1,275179,0.3,0.25,0.18,0.08
101019,45,148017,North,Business,0.2453490504720518,1,114690,-0.05,-0.1,0.02,0.03
101020,30,111818,North,Business,0.11376441836180984,0,89900,-0.05,-0.1,0.02,0.03
101021,29,44607,West,SelfEmp,0.7655585432121115,0,441270,0.55,0.35,0.22,0.3
101022,57,74831,North,Business,0.4597100926470863,0,102563,-0.05,-0.1,0.02,0.03
101023,51,147848,East,Business,0.4048319338472023,0,475410,-0.05,-0.12,0.15,0.18
101024,38,112662,East,Business,0.25603105863237224,0,154618,-0.05,-0.1,0.02,0.03
101025,66,112393,North,Salaried,0.30329628347496007,0,225042,-0.05,-0.1,0.02,0.03
101026,62,115790,East,Business,0.6264271234403953,0,325191,-0.05,-0.12,0.15,0.18
101027,26,47014,West,SelfEmp,0.8141276622368409,0,270835,0.55,0.35,0.22,0.3
101028,41,60086,East,Business,0.18410941345054563,0,99271,-0.05,-0.1,0.02,0.03
101029,35,80173,East,Salaried,0.250337204501105,1,216371,-0.05,-0.1,0.02,0.03
101030,59,141095,East,Business,0.5810873564051848,0,354877,-0.05,-0.12,0.15,0.18
101031,55,120905,East,Business,0.4413058395159825,0,462071,-0.05,-0.12,0.15,0.18
101032,31,31693,South,Salaried,0.649360842930593,1,237940,0.3,0.25,0.18,0.08
101033,52,55180,North,Business,0.2510184218436509,0,173769,-0.05,-0.1,0.02,0.03
101034,63,93908,East,Salaried,0.41157935302092163,0,201055,-0.05,-0.1,0.02,0.03
101035,48,103142,North,Business,0.20918387546256426,0,240471,-0.05,-0.1,0.02,0.03
101036,37,35754,South,Salaried,0.6713680375599334,1,194091,0.3,0.25,0.18,0.08
101037,29,46137,West,SelfEmp,0.6741377079952681,1,472458,0.55,0.35,0.22,0.3
101038,21,30979,West,SelfEmp,0.6874307255691863,1,462202,0.55,0.35,0.22,0.3
101039,31,34617,South,Salaried,0.5640944916867613,1,257868,0.3,0.25,0.18,0.08
101040,21,31747,West,SelfEmp,0.7725116918257893,0,332678,0.55,0.35,0.22,0.3
101041,59,96228,East,Business,0.44261289200299186,0,493208,-0.05,-0.12,0.15,0.18
101042,23,37829,West,SelfEmp,0.7335686615722578,1,389030,0.55,0.35,0.22,0.3
101043,31,54833,South,Salaried,0.7627308938510715,0,163235,0.3,0.25,0.18,0.08
101044,26,37361,West,SelfEmp,0.8279796093126081,0,305776,0.55,0.35,0.22,0.3
101045,43,118696,East,Business,0.2104547550696516,0,86119,-0.05,-0.1,0.02,0.03
101046,35,121892,North,Business,0.4205442132363033,0,121887,-0.05,-0.1,0.02,0.03
101047,42,48312,South,Salaried,0.5760656398835989,0,206991,0.3,0.25,0.18,0.08
101048,33,79362,North,Business,0.48519271106086437,0,193989,-0.05,-0.1,0.02,0.03
101049,69,134357,East,Business,0.12252050084142795,0,189778,-0.05,-0.1,0.02,0.03
101050,43,122934,North,Salaried,0.3109879128218063,1,100377,-0.05,-0.1,0.02,0.03
101051,46,86085,East,Salaried,0.39986479338335,0,170306,-0.05,-0.1,0.02,0.03
101052,52,135094,North,Business,0.302913108663489,0,129835,-0.05,-0.1,0.02,0.03
101053,36,52214,South,Salaried,0.772251211517774,0,239871,0.3,0.25,0.18,0.08
101054,41,43720,South,Salaried,0.6316531700654486,0,271466,0.3,0.25,0.18,0.08
101055,35,94845,East,Salaried,0.13597255835546784,0,175642,-0.05,-0.1,0.02,0.03
101056,37,61672,South,Salaried,0.6265179988058085,0,159767,0.3,0.25,0.18,0.08
101057,32,139168,North,Business,0.19677849463524633,0,219072,-0.05,-0.1,0.02,0.03
101058,51,140873,East,Salaried,0.4259138135858266,1,173941,-0.05,-0.1,0.02,0.03
101059,35,47509,South,Salaried,0.5800356095888988,1,155617,0.3,0.25,0.18,0.08
101060,55,105952,East,Business,0.43827952204988146,1,311740,-0.05,-0.12,0.15,0.18
101061,25,30128,West,SelfEmp,0.8988201517663568,0,300930,0.55,0.35,0.22,0.3
101062,60,138254,North,Salaried,0.3539396821623376,0,207386,-0.05,-0.1,0.02,0.03
101063,32,44412,South,Salaried,0.7823727980110545,1,269087,0.3,0.25,0.18,0.08
101064,50,142817,East,Business,0.4584089327435943,0,364959,-0.05,-0.12,0.15,0.18
101065,44,64125,East,Business,0.20890980411837698,1,65271,-0.05,-0.1,0.02,0.03
101066,49,68325,East,Salaried,0.32758414643445455,0,207197,-0.05,-0.1,0.02,0.03
101067,35,67054,East,Business,0.46790800059882376,0,70410,-0.05,-0.1,0.02,0.03
101068,21,28814,West,SelfEmp,0.6566948936472762,0,263544,0.55,0.35,0.22,0.3
101069,26,42075,West,SelfEmp,0.6864211753466517,1,349137,0.55,0.35,0.22,0.3
101070,23,34353,West,SelfEmp,0.6723514702998019,1,333946,0.55,0.35,0.22,0.3
101071,30,43046,South,Salaried,0.614356856918674,0,261483,0.3,0.25,0.18,0.08
101072,30,83960,North,Salaried,0.3590703276390196,0,83099,-0.05,-0.1,0.02,0.03
101073,29,27275,West,SelfEmp,0.7957694234396737,0,431858,0.55,0.35,0.22,0.3
101074,50,75910,East,Salaried,0.1190063130742579,0,242470,-0.05,-0.1,0.02,0.03
101075,52,74232,East,Business,0.30877171545012094,1,224571,-0.05,-0.1,0.02,0.03
101076,21,48958,West,SelfEmp,0.8437445025340802,0,402900,0.55,0.35,0.22,0.3
101077,56,146565,East,Business,0.5673350676653612,0,534411,-0.05,-0.12,0.15,0.18
101078,24,34584,West,SelfEmp,0.6949606874203091,0,271008,0.55,0.35,0.22,0.3
101079,25,26841,West,SelfEmp,0.7053283295276739,0,329082,0.55,0.35,0.22,0.3
101080,22,49565,West,SelfEmp,0.8184195573888492,0,419245,0.55,0.35,0.22,0.3
101081,59,84708,East,Salaried,0.17796006466633948,1,214799,-0.05,-0.1,0.02,0.03
101082,62,147473,East,Business,0.4735533479221047,0,238431,-0.05,-0.1,0.02,0.03
101083,28,26613,West,SelfEmp,0.7860974779684634,0,478596,0.55,0.35,0.22,0.3
101084,32,43045,South,Salaried,0.7375718161962161,0,178141,0.3,0.25,0.18,0.08
101085,32,39969,South,Salaried,0.717696320399521,0,174639,0.3,0.25,0.18,0.08
101086,26,43663,West,SelfEmp,0.6985896173623571,0,472581,0.55,0.35,0.22,0.3
101087,27,36378,West,SelfEmp,0.6885432885131026,0,371415,0.55,0.35,0.22,0.3
101088,43,57109,East,Business,0.2760155222092744,0,70843,-0.05,-0.1,0.02,0.03
101089,26,46958,West,SelfEmp,0.6988286851438912,1,471445,0.55,0.35,0.22,0.3
101090,51,103470,East,Business,0.5592156955298915,0,632743,-0.05,-0.12,0.15,0.18
101091,51,106590,East,Business,0.6988312265780636,0,469104,-0.05,-0.12,0.15,0.18
101092,50,142693,North,Salaried,0.22899216242401854,0,111332,-0.05,-0.1,0.02,0.03
101093,59,137155,East,Business,0.4899930878198343,1,620727,-0.05,-0.12,0.15,0.18
101094,44,85781,North,Business,0.19034318512227466,0,159950,-0.05,-0.1,0.02,0.03
101095,34,69820,East,Salaried,0.28962938428575047,0,101108,-0.05,-0.1,0.02,0.03
101096,27,43885,West,SelfEmp,0.7362776784971851,0,478745,0.55,0.35,0.22,0.3
101097,43,40007,South,Salaried,0.7257342060127129,0,238744,0.3,0.25,0.18,0.08
101098,29,37507,West,SelfEmp,0.7616412199297051,0,403752,0.55,0.35,0.22,0.3
101099,26,28341,West,SelfEmp,0.792294812011986,0,350866,0.55,0.35,0.22,0.3
101100,65,133587,North,Business,0.3170733039538885,0,172887,-0.05,-0.1,0.02,0.03
101101,36,78407,East,Business,0.39258766460573213,0,74432,-0.05,-0.1,0.02,0.03
101102,33,94917,North,Salaried,0.36087318164698623,0,164650,-0.05,-0.1,0.02,0.03
101103,26,30158,West,SelfEmp,0.7546098345158573,0,372467,0.55,0.35,0.22,0.3
101104,58,95638,North,Salaried,0.22239517189593366,0,208083,-0.05,-0.1,0.02,0.03
101105,52,133278,East,Business,0.48876810026376616,0,365158,-0.05,-0.12,0.15,0.18
101106,66,113636,East,Business,0.3552417919208096,0,192290,-0.05,-0.1,0.02,0.03
101107,27,28133,West,SelfEmp,0.7553960014476591,0,290503,0.55,0.35,0.22,0.3
101108,28,42802,West,SelfEmp,0.8528925195186708,0,297934,0.55,0.35,0.22,0.3
101109,31,102962,North,Business,0.17023835224981687,0,56646,-0.05,-0.1,0.02,0.03
101110,51,141673,North,Salaried,0.16525101098173905,0,102292,-0.05,-0.1,0.02,0.03
101111,36,132734,North,Business,0.29209854922618594,0,125765,-0.05,-0.1,0.02,0.03
101112,64,115282,East,Business,0.5263313779231507,0,544816,-0.05,-0.12,0.15,0.18
101113,21,48041,West,SelfEmp,0.6693833145559267,1,410389,0.55,0.35,0.22,0.3
101114,28,44722,West,SelfEmp,0.8590754822300415,0,331242,0.55,0.35,0.22,0.3
101115,26,34154,West,SelfEmp,0.7192935317537061,0,473014,0.55,0.35,0.22,0.3
101116,67,79737,East,Salaried,0.17830791618123212,0,100362,-0.05,-0.1,0.02,0.03
101117,29,47249,West,SelfEmp,0.6769149588394159,0,327790,0.55,0.35,0.22,0.3
101118,62,91264,East,Business,0.5344193452478542,0,310364,-0.05,-0.12,0.15,0.18
101119,21,41066,West,SelfEmp,0.8532301333391399,0,275814,0.55,0.35,0.22,0.3
101120,39,54132,South,Salaried,0.6147913380923316,0,239144,0.3,0.25,0.18,0.08
101121,50,118524,North,Salaried,0.2786807351776801,1,75322,-0.05,-0.1,0.02,0.03
101122,34,52016,South,Salaried,0.696061822713488,0,142137,0.3,0.25,0.18,0.08
101123,22,31969,West,SelfEmp,0.8375851873147127,0,358171,0.55,0.35,0.22,0.3
101124,26,42057,West,SelfEmp,0.7128835930978445,0,313580,0.55,0.35,0.22,0.3
101125,66,62217,North,Business,0.46186571684552524,1,237436,-0.05,-0.1,0.02,0.03
101126,54,103011,East,Business,0.5221804480171629,0,378272,-0.05,-0.12,0.15,0.18
101127,32,140686,East,Salaried,0.30394270905800747,0,218483,-0.05,-0.1,0.02,0.03
101128,23,26752,West,SelfEmp,0.8528340559650847,0,445784,0.55,0.35,0.22,0.3
101129,58,128381,East,Business,0.5348313422215092,1,575286,-0.05,-0.12,0.15,0.18
101130,55,106067,North,Salaried,0.36236693739640913,0,149889,-0.05,-0.1,0.02,0.03
101131,67,119062,East,Business,0.4273076306051161,0,444290,-0.05,-0.12,0.15,0.18
101132,25,26508,West,SelfEmp,0.7571892814812027,0,390859,0.55,0.35,0.22,0.3
101133,26,28658,West,SelfEmp,0.8594282404899943,0,367131,0.55,0.35,0.22,0.3
101134,66,112947,East,Business,0.48467078267044295,0,631722,-0.05,-0.12,0.15,0.18
101135,42,37773,South,Salaried,0.6577738553318604,0,173971,0.3,0.25,0.18,0.08
101136,59,145644,North,Salaried,0.10680896967193171,0,96536,-0.05,-0.1,0.02,0.03
101137,53,53604,East,Business,0.3714870699160636,0,114413,-0.05,-0.1,0.02,0.03
101138,53,51596,East,Business,0.296389581998012,0,134412,-0.05,-0.1,0.02,0.03
101139,57,119869,North,Business,0.2086106070324396,0,232345,-0.05,-0.1,0.02,0.03
101140,36,78967,East,Business,0.2526118830842992,0,233088,-0.05,-0.1,0.02,0.03
101141,39,119638,North,Salaried,0.42016963817289976,0,112774,-0.05,-0.1,0.02,0.03
101142,36,47185,South,Salaried,0.7492864371336743,0,261385,0.3,0.25,0.18,0.08
101143,21,27792,West,SelfEmp,0.7259164495605471,0,439846,0.55,0.35,0.22,0.3
101144,47,50603,North,Salaried,0.27007890274184565,0,72346,-0.05,-0.1,0.02,0.03
101145,28,28639,West,SelfEmp,0.8199881892419276,0,299591,0.55,0.35,0.22,0.3
101146,24,44292,West,SelfEmp,0.8020861114073662,0,497665,0.55,0.35,0.22,0.3
101147,31,68199,North,Salaried,0.17229627775075165,0,153210,-0.05,-0.1,0.02,0.03
101148,40,133042,North,Business,0.3483850458525517,0,137272,-0.05,-0.1,0.02,0.03
101149,61,104155,East,Business,0.4667560158363561,0,479806,-0.05,-0.12,0.15,0.18
101150,25,42802,West,SelfEmp,0.7219111835384957,0,455367,0.55,0.35,0.22,0.3
101151,60,82294,East,Business,0.12841513099170943,0,181533,-0.05,-0.1,0.02,0.03
101152,53,54732,East,Business,0.4926168300629409,0,82639,-0.05,-0.1,0.02,0.03
101153,64,99967,East,Salaried,0.2309764933805994,0,83897,-0.05,-0.1,0.02,0.03
101154,37,48181,South,Salaried,0.756656654337402,0,137072,0.3,0.25,0.18,0.08
101155,53,112815,East,Business,0.6686649184217215,0,650065,-0.05,-0.12,0.15,0.18
101156,63,80028,North,Business,0.4385229930863117,0,249133,-0.05,-0.1,0.02,0.03
101157,51,94568,East,Salaried,0.11862412244608081,0,208087,-0.05,-0.1,0.02,0.03
101158,44,64045,South,Salaried,0.5964138158171077,0,249663,0.3,0.25,0.18,0.08
101159,38,37667,South,Salaried,0.7443969733432841,1,169155,0.3,0.25,0.18,0.08
101160,40,44045,South,Salaried,0.6041179589320983,0,189509,0.3,0.25,0.18,0.08
101161,31,52971,South,Salaried,0.7278257930947316,1,270689,0.3,0.25,0.18,0.08
101162,28,46176,West,SelfEmp,0.8437800156353628,0,361605,0.55,0.35,0.22,0.3
101163,69,67924,East,Business,0.11476705723093722,0,113894,-0.05,-0.1,0.02,0.03
101164,66,91573,North,Business,0.29561290292522036,0,123039,-0.05,-0.1,0.02,0.03
101165,39,62991,South,Salaried,0.7116714318405505,1,204560,0.3,0.25,0.18,0.08
101166,28,48388,West,SelfEmp,0.8996352924805202,0,298548,0.55,0.35,0.22,0.3
101167,53,114556,East,Business,0.3262429229717428,0,57385,-0.05,-0.1,0.02,0.03
101168,39,49158,South,Salaried,0.7655487845081548,1,276239,0.3,0.25,0.18,0.08
101169,25,34139,West,SelfEmp,0.7446556066208476,0,377568,0.55,0.35,0.22,0.3
101170,21,36946,West,SelfEmp,0.8244976101052207,1,335692,0.55,0.35,0.22,0.3
101171,29,41984,West,SelfEmp,0.7083253884353082,0,444784,0.55,0.35,0.22,0.3
101172,43,64295,South,Salaried,0.7821639111833301,0,183505,0.3,0.25,0.18,0.08
101173,29,35203,West,SelfEmp,0.739547803813146,0,250770,0.55,0.35,0.22,0.3
101174,38,31559,South,Salaried,0.6586119704026889,0,213659,0.3,0.25,0.18,0.08
101175,68,59147,North,Salaried,0.24658998767013163,0,218284,-0.05,-0.1,0.02,0.03
101176,46,113803,East,Salaried,0.49639094952825247,0,127716,-0.05,-0.1,0.02,0.03
101177,62,62473,East,Salaried,0.1857935831481289,0,239208,-0.05,-0.1,0.02,0.03
101178,23,29201,West,SelfEmp,0.8934003225366067,1,391516,0.55,0.35,0.22,0.3
101179,52,97292,North,Salaried,0.21424173814386924,0,236445,-0.05,-0.1,0.02,0.03
101180,52,143229,East,Business,0.5304600371419462,0,521351,-0.05,-0.12,0.15,0.18
101181,25,49967,West,SelfEmp,0.8045788577253036,0,321359,0.55,0.35,0.22,0.3
101182,61,70421,East,Business,0.22135170264003695,0,114729,-0.05,-0.1,0.02,0.03
101183,33,101544,North,Business,0.27511563345490664,0,207904,-0.05,-0.1,0.02,0.03
101184,22,41712,West,SelfEmp,0.7045532212914343,0,366989,0.55,0.35,0.22,0.3
101185,44,37703,South,Salaried,0.5517524731230457,0,163743,0.3,0.25,0.18,0.08
101186,43,70387,North,Business,0.3260989803853994,0,168323,-0.05,-0.1,0.02,0.03
101187,44,58530,South,Salaried,0.5788723784194378,0,196656,0.3,0.25,0.18,0.08
101188,27,44207,West,SelfEmp,0.8941691317482378,0,323334,0.55,0.35,0.22,0.3
101189,61,106439,East,Business,0.4041891603864391,0,656104,-0.05,-0.12,0.15,0.18
101190,31,50710,South,Salaried,0.7562294606937152,1,137577,0.3,0.25,0.18,0.08
101191,22,26497,West,SelfEmp,0.8338765880380858,0,276154,0.55,0.35,0.22,0.3
101192,34,51515,South,Salaried,0.681007401493462,0,266493,0.3,0.25,0.18,0.08
101193,22,48184,West,SelfEmp,0.8314917368919881,0,303737,0.55,0.35,0.22,0.3
101194,61,122351,East,Business,0.448208991613267,0,587264,-0.05,-0.12,0.15,0.18
101195,56,136253,East,Business,0.323608135717945,1,81626,-0.05,-0.1,0.02,0.03
101196,53,90633,East,Business,0.44585070831479523,0,579510,-0.05,-0.12,0.15,0.18
101197,52,70377,North,Business,0.2973695364261164,1,190694,-0.05,-0.1,0.02,0.03
101198,25,30218,West,SelfEmp,0.7993044008860013,0,474960,0.55,0.35,0.22,0.3
101199,55,125557,East,Business,0.4365999686955063,1,577450,-0.05,-0.12,0.15,0.18
101200,59,115920,East,Business,0.502500634471147,1,398911,-0.05,-0.12,0.15,0.18
101201,43,119655,East,Salaried,0.22056913202525574,0,66000,-0.05,-0.1,0.02,0.03
101202,62,138973,North,Business,0.44974776876088995,0,130359,-0.05,-0.1,0.02,0.03
101203,67,62208,North,Business,0.46663694614575824,1,117011,-0.05,-0.1,0.02,0.03
101204,23,30075,West,SelfEmp,0.8518771833705382,1,261329,0.55,0.35,0.22,0.3
101205,37,58025,South,Salaried,0.7131988006560666,0,226994,0.3,0.25,0.18,0.08
101206,31,64520,South,Salaried,0.7912474110435599,0,268591,0.3,0.25,0.18,0.08
101207,63,60013,East,Business,0.447280379009933,0,104007,-0.05,-0.1,0.02,0.03
101208,66,102389,North,Business,0.49741805908969694,0,214459,-0.05,-0.1,0.02,0.03
101209,26,48525,West,SelfEmp,0.8221322632672392,0,487695,0.55,0.35,0.22,0.3
101210,63,107018,East,Business,0.5539404520161337,0,502345,-0.05,-0.12,0.15,0.18
101211,25,30653,West,SelfEmp,0.6605170355649892,0,398223,0.55,0.35,0.22,0.3
101212,60,101475,East,Business,0.6538697415365847,0,396003,-0.05,-0.12,0.15,0.18
101213,59,88998,East,Business,0.23204180534070817,1,151262,-0.05,-0.1,0.02,0.03
101214,48,128183,North,Salaried,0.3404831862419031,0,208692,-0.05,-0.1,0.02,0.03
101215,47,149771,North,Salaried,0.37485504562481176,0,140536,-0.05,-0.1,0.02,0.03
101216,44,59410,South,Salaried,0.6119147252572753,1,197746,0.3,0.25,0.18,0.08
101217,23,44591,West,SelfEmp,0.7558447297601381,0,294689,0.55,0.35,0.22,0.3
101218,28,27030,West,SelfEmp,0.8879348812437482,0,481348,0.55,0.35,0.22,0.3
101219,29,26727,West,SelfEmp,0.6528824408774306,1,386752,0.55,0.35,0.22,0.3
101220,26,43643,West,SelfEmp,0.8326142338482149,0,475451,0.55,0.35,0.22,0.3
101221,42,39733,South,Salaried,0.7872586867795728,1,124436,0.3,0.25,0.18,0.08
101222,60,123850,East,Business,0.40163726330594485,0,177626,-0.05,-0.1,0.02,0.03
101223,34,101790,East,Business,0.42812027254823415,0,152112,-0.05,-0.1,0.02,0.03
101224,53,83890,North,Business,0.16089238270157372,1,180828,-0.05,-0.1,0.02,0.03
101225,26,39337,West,SelfEmp,0.887937813794459,1,322754,0.55,0.35,0.22,0.3
101226,23,35163,West,SelfEmp,0.8970660225308671,0,360202,0.55,0.35,0.22,0.3
101227,69,145065,East,Business,0.44215319157427924,0,89119,-0.05,-0.1,0.02,0.03
101228,42,63125,South,Salaried,0.6991932359591185,0,201140,0.3,0.25,0.18,0.08
101229,41,56628,East,Business,0.48194411720763874,0,167600,-0.05,-0.1,0.02,0.03
101230,57,98647,East,Business,0.30025411837929783,0,191673,-0.05,-0.1,0.02,0.03
101231,48,96787,North,Salaried,0.4952766238014844,0,63356,-0.05,-0.1,0.02,0.03
101232,26,25797,West,SelfEmp,0.6933484587224052,0,430986,0.55,0.35,0.22,0.3
101233,27,37624,West,SelfEmp,0.7490307199987296,0,315025,0.55,0.35,0.22,0.3
101234,23,46985,West,SelfEmp,0.7248842700037353,0,306581,0.55,0.35,0.22,0.3
101235,23,26626,West,SelfEmp,0.7553740708606763,0,411532,0.55,0.35,0.22,0.3
101236,57,109970,North,Salaried,0.13894641630995333,1,144359,-0.05,-0.1,0.02,0.03
101237,57,112244,North,Salaried,0.47514919348677553,1,152754,-0.05,-0.1,0.02,0.03
101238,25,36807,West,SelfEmp,0.7378125825941215,0,250153,0.55,0.35,0.22,0.3
101239,34,48539,South,Salaried,0.625006785398188,1,219410,0.3,0.25,0.18,0.08
101240,30,128101,East,Business,0.44431793810996423,0,150243,-0.05,-0.1,0.02,0.03
101241,63,81488,North,Business,0.34072165534662113,0,147211,-0.05,-0.1,0.02,0.03
101242,52,55203,North,Salaried,0.45392141447453294,0,156319,-0.05,-0.1,0.02,0.03
101243,42,52425,South,Salaried,0.7920016640516527,1,207043,0.3,0.25,0.18,0.08
101244,36,35455,South,Salaried,0.7986821923072882,0,142423,0.3,0.25,0.18,0.08
101245,64,137620,East,Business,0.5944647393636082,0,531306,-0.05,-0.12,0.15,0.18
101246,39,132542,East,Salaried,0.32045847702277197,0,178711,-0.05,-0.1,0.02,0.03
101247,61,133943,North,Salaried,0.14274389419628225,0,140456,-0.05,-0.1,0.02,0.03
101248,60,68297,East,Salaried,0.18866743664094995,1,247057,-0.05,-0.1,0.02,0.03
101249,65,101428,East,Business,0.18454304434356686,0,132946,-0.05,-0.1,0.02,0.03
101250,32,143418,North,Salaried,0.19558556024348672,0,205708,-0.05,-0.1,0.02,0.03
101251,36,147987,East,Salaried,0.19312930155111196,1,120152,-0.05,-0.1,0.02,0.03
101252,23,33052,West,SelfEmp,0.6627536707303379,0,440509,0.55,0.35,0.22,0.3
101253,22,36860,West,SelfEmp,0.7240211267254467,0,446251,0.55,0.35,0.22,0.3
101254,64,94237,East,Salaried,0.29109998446149143,1,131043,-0.05,-0.1,0.02,0.03
101255,37,125992,North,Salaried,0.2313898839001861,0,115179,-0.05,-0.1,0.02,0.03
101256,28,39251,West,SelfEmp,0.8171871004989483,0,363996,0.55,0.35,0.22,0.3
101257,29,48344,West,SelfEmp,0.8114499011068628,0,405033,0.55,0.35,0.22,0.3
101258,60,129046,North,Salaried,0.23081888361147881,0,218576,-0.05,-0.1,0.02,0.03
101259,51,144018,East,Business,0.6863619176809954,0,459371,-0.05,-0.12,0.15,0.18
101260,62,57183,North,Business,0.4960032027027592,0,127132,-0.05,-0.1,0.02,0.03
101261,41,109418,North,Business,0.4934288007088078,0,136248,-0.05,-0.1,0.02,0.03
101262,24,36644,West,SelfEmp,0.7911156158228752,1,316545,0.55,0.35,0.22,0.3
101263,22,33973,West,SelfEmp,0.6805177574617607,0,317722,0.55,0.35,0.22,0.3
101264,58,59398,North,Salaried,0.14442561928899433,0,86222,-0.05,-0.1,0.02,0.03
101265,67,149154,East,Salaried,0.29289736474833217,0,69533,-0.05,-0.1,0.02,0.03
101266,26,41888,West,SelfEmp,0.7523767335973138,0,286174,0.55,0.35,0.22,0.3
101267,46,147527,North,Salaried,0.33638138788815375,0,150991,-0.05,-0.1,0.02,0.03
101268,42,70883,North,Salaried,0.39572054920843047,0,218155,-0.05,-0.1,0.02,0.03
101269,28,46163,West,SelfEmp,0.6982628190976864,0,495747,0.55,0.35,0.22,0.3
101270,26,47950,West,SelfEmp,0.7061006038978994,0,312268,0.55,0.35,0.22,0.3
101271,40,47507,South,Salaried,0.6765605512271015,0,257028,0.3,0.25,0.18,0.08
101272,59,117278,East,Business,0.45043770827475166,0,697410,-0.05,-0.12,0.15,0.18
101273,22,29029,West,SelfEmp,0.6704812768406854,0,494742,0.55,0.35,0.22,0.3
101274,35,35472,South,Salaried,0.7859870992150766,0,275286,0.3,0.25,0.18,0.08
101275,34,85297,East,Business,0.17245400384335685,0,149389,-0.05,-0.1,0.02,0.03
101276,21,27665,West,SelfEmp,0.6829634504391661,1,389547,0.55,0.35,0.22,0.3
101277,28,47903,West,SelfEmp,0.7583333318302854,0,308200,0.55,0.35,0.22,0.3
101278,25,32206,West,SelfEmp,0.8283999981011964,0,252421,0.55,0.35,0.22,0.3
101279,21,32126,West,SelfEmp,0.8660565898095797,0,475965,0.55,0.35,0.22,0.3
101280,63,92369,East,Business,0.11531643699517971,0,171211,-0.05,-0.1,0.02,0.03
101281,36,146202,East,Business,0.14701468305497323,0,229314,-0.05,-0.1,0.02,0.03
101282,50,117473,East,Business,0.598003026786214,0,373127,-0.05,-0.12,0.15,0.18
101283,37,52946,South,Salaried,0.6897430502312142,0,120078,0.3,0.25,0.18,0.08
101284,35,38977,South,Salaried,0.6309242007520793,1,253795,0.3,0.25,0.18,0.08
101285,67,83572,East,Business,0.19803034459721816,0,90593,-0.05,-0.1,0.02,0.03
101286,28,34315,West,SelfEmp,0.861008087438127,0,431802,0.55,0.35,0.22,0.3
101287,28,25623,West,SelfEmp,0.7966389035855432,1,334463,0.55,0.35,0.22,0.3
101288,57,68131,East,Salaried,0.4719185842871183,0,113477,-0.05,-0.1,0.02,0.03
101289,24,37614,West,SelfEmp,0.6763231516344513,0,447174,0.55,0.35,0.22,0.3
101290,43,40709,South,Salaried,0.5730150636814256,1,182927,0.3,0.25,0.18,0.08
101291,38,55883,South,Salaried,0.7961747379187778,1,231290,0.3,0.25,0.18,0.08
101292,55,79995,East,Salaried,0.3810028841460168,0,142334,-0.05,-0.1,0.02,0.03
101293,55,103120,East,Business,0.27281231652487403,0,70487,-0.05,-0.1,0.02,0.03
101294,30,61310,South,Salaried,0.6476183684632474,0,140062,0.3,0.25,0.18,0.08
101295,60,59044,North,Business,0.2672764847142194,0,112263,-0.05,-0.1,0.02,0.03
101296,28,39190,West,SelfEmp,0.8569458379773918,0,273191,0.55,0.35,0.22,0.3
101297,44,148259,North,Business,0.47486299427195267,0,158286,-0.05,-0.1,0.02,0.03
101298,54,140028,East,Business,0.43462983390229415,0,503958,-0.05,-0.12,0.15,0.18
101299,37,146070,East,Business,0.3135065824716945,0,116463,-0.05,-0.1,0.02,0.03
101300,59,127634,North,Salaried,0.4029462882502165,0,96558,-0.05,-0.1,0.02,0.03
101301,35,115949,North,Business,0.23476770355006377,0,58718,-0.05,-0.1,0.02,0.03
101302,53,107455,East,Business,0.5144587053214553,0,421204,-0.05,-0.12,0.15,0.18
101303,63,53577,East,Business,0.39322830940474063,0,107813,-0.05,-0.1,0.02,0.03
101304,32,47139,South,Salaried,0.6506907879533874,1,154867,0.3,0.25,0.18,0.08
101305,42,46146,South,Salaried,0.7879490860928346,0,120246,0.3,0.25,0.18,0.08
101306,31,106658,East,Business,0.39367346781124113,0,78906,-0.05,-0.1,0.02,0.03
101307,29,31885,West,SelfEmp,0.8860911265841982,1,350190,0.55,0.35,0.22,0.3
101308,65,115483,East,Business,0.6895952237282925,0,629280,-0.05,-0.12,0.15,0.18
101309,62,93823,East,Business,0.46245574774408627,0,468770,-0.05,-0.12,0.15,0.18
101310,37,45066,South,Salaried,0.7342414015233736,1,236363,0.3,0.25,0.18,0.08
101311,38,89735,East,Salaried,0.29186249999503866,0,174213,-0.05,-0.1,0.02,0.03
101312,41,50932,South,Salaried,0.6070014193394532,0,252011,0.3,0.25,0.18,0.08
101313,67,77077,North,Salaried,0.2817796158353718,1,75786,-0.05,-0.1,0.02,0.03
101314,57,96275,East,Business,0.49980593747188784,0,666279,-0.05,-0.12,0.15,0.18
101315,35,134087,East,Salaried,0.3789457181599867,0,198924,-0.05,-0.1,0.02,0.03
101316,68,111663,North,Salaried,0.45390575761496976,0,114364,-0.05,-0.1,0.02,0.03
101317,46,115636,East,Business,0.18217357399229797,0,192581,-0.05,-0.1,0.02,0.03
101318,49,117024,East,Business,0.2890316398461038,1,225472,-0.05,-0.1,0.02,0.03
101319,39,149819,East,Salaried,0.36037746166759566,0,238811,-0.05,-0.1,0.02,0.03
101320,37,146077,North,Business,0.381909111697599,0,118885,-0.05,-0.1,0.02,0.03
101321,43,112214,East,Business,0.44747098848411526,0,50389,-0.05,-0.1,0.02,0.03
101322,54,134191,North,Business,0.40223623234842987,0,192189,-0.05,-0.1,0.02,0.03
101323,47,127488,East,Salaried,0.2052033831933486,0,149610,-0.05,-0.1,0.02,0.03
101324,26,39786,West,SelfEmp,0.7951198986104084,0,303480,0.55,0.35,0.22,0.3
101325,28,39586,West,SelfEmp,0.7346039227737773,0,457471,0.55,0.35,0.22,0.3
101326,30,45698,South,Salaried,0.6542264644847688,0,263489,0.3,0.25,0.18,0.08
101327,26,33469,West,SelfEmp,0.847446770059124,0,469970,0.55,0.35,0.22,0.3
101328,22,37652,West,SelfEmp,0.8351051713854801,0,415764,0.55,0.35,0.22,0.3
101329,37,56807,South,Salaried,0.5796677885481022,0,202191,0.3,0.25,0.18,0.08
101330,33,65117,North,Salaried,0.24027459619896052,0,248435,-0.05,-0.1,0.02,0.03
101331,46,139869,North,Business,0.3594244969491397,1,68557,-0.05,-0.1,0.02,0.03
101332,31,131552,East,Salaried,0.13510229033478477,0,102685,-0.05,-0.1,0.02,0.03
101333,51,98401,North,Salaried,0.22550352410736788,1,166552,-0.05,-0.1,0.02,0.03
101334,25,37119,West,SelfEmp,0.6581886210291648,0,272343,0.55,0.35,0.22,0.3
101335,67,96201,North,Salaried,0.34638158443069755,1,162174,-0.05,-0.1,0.02,0.03
101336,61,72706,East,Business,0.4545917402310997,0,94487,-0.05,-0.1,0.02,0.03
101337,26,36601,West,SelfEmp,0.7587771831727241,0,498801,0.55,0.35,0.22,0.3
101338,53,99101,North,Salaried,0.139724382678528,0,133169,-0.05,-0.1,0.02,0.03
101339,23,47791,West,SelfEmp,0.6649358229563611,0,356844,0.55,0.35,0.22,0.3
101340,31,36161,South,Salaried,0.7256586501525557,1,121628,0.3,0.25,0.18,0.08
101341,44,41875,South,Salaried,0.7519208939945909,1,170451,0.3,0.25,0.18,0.08
101342,21,38378,West,SelfEmp,0.6897774016258139,1,361251,0.55,0.35,0.22,0.3
101343,60,56381,East,Business,0.19584694305289593,0,77115,-0.05,-0.1,0.02,0.03
101344,43,76576,North,Business,0.12522764505330783,0,141837,-0.05,-0.1,0.02,0.03
101345,27,31355,West,SelfEmp,0.7187557077866273,0,387075,0.55,0.35,0.22,0.3
101346,40,47705,South,Salaried,0.5705453786993763,1,225959,0.3,0.25,0.18,0.08
101347,47,130748,East,Business,0.20003098906228678,0,71274,-0.05,-0.1,0.02,0.03
101348,39,60987,East,Salaried,0.10734122891940179,0,138291,-0.05,-0.1,0.02,0.03
101349,39,88926,North,Salaried,0.2900419405979928,0,116461,-0.05,-0.1,0.02,0.03
101350,29,40389,West,SelfEmp,0.8460617510102331,1,272975,0.55,0.35,0.22,0.3
101351,29,29893,West,SelfEmp,0.8226089236362217,1,374189,0.55,0.35,0.22,0.3
101352,21,31115,West,SelfEmp,0.8360666936591009,1,335894,0.55,0.35,0.22,0.3
101353,26,38886,West,SelfEmp,0.8166165238724983,1,365964,0.55,0.35,0.22,0.3
101354,30,39848,South,Salaried,0.5959710981717072,0,127176,0.3,0.25,0.18,0.08
101355,34,112114,North,Business,0.1608880115802873,0,68610,-0.05,-0.1,0.02,0.03
101356,40,51340,North,Salaried,0.207883512303175,1,229483,-0.05,-0.1,0.02,0.03
101357,21,33527,West,SelfEmp,0.6822471147564144,0,452941,0.55,0.35,0.22,0.3
101358,35,118105,East,Salaried,0.39691605636106864,1,154358,-0.05,-0.1,0.02,0.03
101359,57,74381,North,Salaried,0.2780595826002338,0,233928,-0.05,-0.1,0.02,0.03
101360,45,61841,East,Salaried,0.18478784919575386,0,68921,-0.05,-0.1,0.02,0.03
101361,24,40016,West,SelfEmp,0.6720993117304069,0,446909,0.55,0.35,0.22,0.3
101362,27,30286,West,SelfEmp,0.7514501202727253,0,287860,0.55,0.35,0.22,0.3
101363,39,107705,East,Business,0.4306044736831396,1,101922,-0.05,-0.1,0.02,0.03
101364,23,46494,West,SelfEmp,0.784807263584435,0,414139,0.55,0.35,0.22,0.3
101365,66,94505,East,Business,0.20895638117952176,0,195136,-0.05,-0.1,0.02,0.03
101366,24,48067,West,SelfEmp,0.7275698698563388,0,438824,0.55,0.35,0.22,0.3
101367,40,109876,North,Salaried,0.48826769047858487,0,217372,-0.05,-0.1,0.02,0.03
101368,25,34747,West,SelfEmp,0.7841885090439125,1,312108,0.55,0.35,0.22,0.3
101369,30,100387,North,Salaried,0.4991928348511503,0,56277,-0.05,-0.1,0.02,0.03
101370,36,73613,East,Salaried,0.1173264077820063,0,204114,-0.05,-0.1,0.02,0.03
101371,24,41296,West,SelfEmp,0.8921676307004442,0,363767,0.55,0.35,0.22,0.3
101372,60,81040,East,Salaried,0.3601336514143707,0,63024,-0.05,-0.1,0.02,0.03
101373,37,139313,East,Salaried,0.18400346851516383,0,92440,-0.05,-0.1,0.02,0.03
101374,59,115578,East,Salaried,0.2940445850055511,0,70704,-0.05,-0.1,0.02,0.03
101375,67,106062,East,Business,0.5292936883645704,1,526312,-0.05,-0.12,0.15,0.18
101376,49,123658,North,Business,0.4749173120203557,0,54743,-0.05,-0.1,0.02,0.03
101377,42,124696,North,Business,0.20214116534708004,1,181361,-0.05,-0.1,0.02,0.03
101378,21,47776,West,SelfEmp,0.8303073567205157,0,372673,0.55,0.35,0.22,0.3
101379,36,89683,East,Business,0.37053935260826,0,81994,-0.05,-0.1,0.02,0.03
101380,45,135978,East,Business,0.3635527748439601,0,172822,-0.05,-0.1,0.02,0.03
101381,51,119456,North,Business,0.30706187275595087,0,135406,-0.05,-0.1,0.02,0.03
101382,31,35509,South,Salaried,0.6935664506817147,1,150487,0.3,0.25,0.18,0.08
101383,23,29867,West,SelfEmp,0.8949079071109525,0,405753,0.55,0.35,0.22,0.3
101384,48,71984,East,Business,0.19818530320777641,0,59192,-0.05,-0.1,0.02,0.03
101385,46,117407,East,Business,0.44610873341781576,0,228076,-0.05,-0.1,0.02,0.03
101386,38,147593,North,Business,0.3182300359433004,0,77668,-0.05,-0.1,0.02,0.03
101387,68,119133,East,Salaried,0.451436562981709,0,115295,-0.05,-0.1,0.02,0.03
101388,28,48057,West,SelfEmp,0.8012265386610837,0,289060,0.55,0.35,0.22,0.3
101389,23,49970,West,SelfEmp,0.8761657924329823,0,399595,0.55,0.35,0.22,0.3
101390,51,138084,East,Business,0.4567037611851771,0,211643,-0.05,-0.1,0.02,0.03
101391,40,113255,East,Business,0.4361166123195396,0,165781,-0.05,-0.1,0.02,0.03
101392,36,30710,South,Salaried,0.5829606144480682,0,238187,0.3,0.25,0.18,0.08
101393,56,138340,North,Salaried,0.3222389811639873,0,84326,-0.05,-0.1,0.02,0.03
101394,67,73365,North,Salaried,0.12919087475443317,0,156325,-0.05,-0.1,0.02,0.03
101395,34,144734,East,Salaried,0.4410580249138738,1,89534,-0.05,-0.1,0.02,0.03
101396,24,37756,West,SelfEmp,0.7890269182306108,0,388433,0.55,0.35,0.22,0.3
101397,38,125713,East,Business,0.204342634728333,0,247965,-0.05,-0.1,0.02,0.03
101398,44,76150,East,Business,0.12146011270150164,0,104721,-0.05,-0.1,0.02,0.03
101399,51,136029,East,Business,0.5541943555651206,0,607221,-0.05,-0.12,0.15,0.18
101400,58,121842,East,Business,0.1840458101963897,0,150530,-0.05,-0.1,0.02,0.03
101401,34,107911,North,Salaried,0.37560584734478153,0,208886,-0.05,-0.1,0.02,0.03
101402,53,100767,East,Business,0.24353350473378607,0,193933,-0.05,-0.1,0.02,0.03
101403,22,33632,West,SelfEmp,0.7759172661782692,0,488024,0.55,0.35,0.22,0.3
101404,25,29502,West,SelfEmp,0.8760424393616136,0,378057,0.55,0.35,0.22,0.3
101405,61,142756,North,Salaried,0.28779180463105203,1,173066,-0.05,-0.1,0.02,0.03
101406,52,101663,East,Business,0.3827566470955549,0,144697,-0.05,-0.1,0.02,0.03
101407,36,60530,South,Salaried,0.743188021614573,0,123503,0.3,0.25,0.18,0.08
101408,61,73543,East,Business,0.13594512044700405,0,50927,-0.05,-0.1,0.02,0.03
101409,41,56241,South,Salaried,0.6377747587498894,0,225014,0.3,0.25,0.18,0.08
101410,31,100851,East,Business,0.1979970817956318,0,247487,-0.05,-0.1,0.02,0.03
101411,60,121988,North,Business,0.4474187690246142,0,93952,-0.05,-0.1,0.02,0.03
101412,65,146504,East,Business,0.5354906192992888,0,337256,-0.05,-0.12,0.15,0.18
101413,23,26136,West,SelfEmp,0.7866933627487662,0,487857,0.55,0.35,0.22,0.3
101414,42,141450,North,Salaried,0.26321209146777746,0,198207,-0.05,-0.1,0.02,0.03
101415,26,45205,West,SelfEmp,0.7965427962039213,0,289577,0.55,0.35,0.22,0.3
101416,55,77406,North,Salaried,0.45107513979154346,0,209446,-0.05,-0.1,0.02,0.03
101417,57,128680,East,Salaried,0.3142645833168515,1,217999,-0.05,-0.1,0.02,0.03
101418,55,138603,East,Business,0.25396668177412224,1,95094,-0.05,-0.1,0.02,0.03
101419,51,105472,North,Business,0.4342999544056493,0,189684,-0.05,-0.1,0.02,0.03
101420,54,118957,East,Business,0.14046460945072342,0,177956,-0.05,-0.1,0.02,0.03
101421,57,130585,East,Business,0.6906727262855965,1,659346,-0.05,-0.12,0.15,0.18
101422,56,80437,North,Business,0.21158998151698882,1,69299,-0.05,-0.1,0.02,0.03
101423,26,27001,West,SelfEmp,0.7562853491020051,0,255494,0.55,0.35,0.22,0.3
101424,42,83433,North,Salaried,0.29515279211868595,0,111952,-0.05,-0.1,0.02,0.03
101425,22,49055,West,SelfEmp,0.6616165905889491,0,354217,0.55,0.35,0.22,0.3
101426,61,98924,East,Business,0.6512400068267022,0,509556,-0.05,-0.12,0.15,0.18
101427,24,30910,West,SelfEmp,0.8351377552897382,1,405966,0.55,0.35,0.22,0.3
101428,26,37406,West,SelfEmp,0.861536691448749,0,378367,0.55,0.35,0.22,0.3
101429,51,149909,East,Salaried,0.2339597332399803,0,85176,-0.05,-0.1,0.02,0.03
101430,50,119990,North,Salaried,0.36851939220807095,1,244485,-0.05,-0.1,0.02,0.03
101431,35,65457,North,Salaried,0.15191263668872992,0,234853,-0.05,-0.1,0.02,0.03
101432,41,144848,East,Business,0.14152864210248076,0,54379,-0.05,-0.1,0.02,0.03
101433,25,30283,West,SelfEmp,0.8239471472454927,1,493721,0.55,0.35,0.22,0.3
101434,53,95246,East,Salaried,0.24971146290274163,0,244162,-0.05,-0.1,0.02,0.03
101435,67,60535,East,Salaried,0.4252045228987862,0,204549,-0.05,-0.1,0.02,0.03
101436,27,37301,West,SelfEmp,0.8396889821087868,0,292023,0.55,0.35,0.22,0.3
101437,21,36497,West,SelfEmp,0.8104255302300083,0,474688,0.55,0.35,0.22,0.3
101438,66,125643,North,Business,0.38437448478077973,0,208799,-0.05,-0.1,0.02,0.03
101439,35,138911,North,Salaried,0.14671401653605465,0,190965,-0.05,-0.1,0.02,0.03
101440,43,58438,North,Salaried,0.18427289354014836,0,230926,-0.05,-0.1,0.02,0.03
101441,65,107717,East,Business,0.6277235239216052,1,483679,-0.05,-0.12,0.15,0.18
101442,24,27084,West,SelfEmp,0.8604565420476361,1,377648,0.55,0.35,0.22,0.3
101443,67,86194,North,Business,0.10134434207277172,0,139062,-0.05,-0.1,0.02,0.03
101444,53,71750,North,Business,0.23392973542619325,0,116759,-0.05,-0.1,0.02,0.03
101445,64,121721,East,Business,0.6022484101723562,1,663081,-0.05,-0.12,0.15,0.18
101446,21,26016,West,SelfEmp,0.6979266927404344,0,250005,0.55,0.35,0.22,0.3
101447,30,53103,South,Salaried,0.6204414671243152,0,219278,0.3,0.25,0.18,0.08
101448,30,30620,South,Salaried,0.708060045926524,0,230337,0.3,0.25,0.18,0.08
101449,42,40134,South,Salaried,0.6479924559352749,0,156687,0.3,0.25,0.18,0.08
101450,58,89994,East,Business,0.429991141040012,0,226285,-0.05,-0.1,0.02,0.03
101451,24,42838,West,SelfEmp,0.7280216876707416,0,394221,0.55,0.35,0.22,0.3
101452,28,40155,West,SelfEmp,0.6967299838145765,0,330212,0.55,0.35,0.22,0.3
101453,32,118800,East,Business,0.21475301821549064,0,211362,-0.05,-0.1,0.02,0.03
101454,36,96344,North,Salaried,0.4392695808218189,0,101107,-0.05,-0.1,0.02,0.03
101455,52,92090,East,Business,0.45539303432906153,1,309251,-0.05,-0.12,0.15,0.18
101456,43,61647,South,Salaried,0.5996735949567479,0,260027,0.3,0.25,0.18,0.08
101457,40,85340,East,Salaried,0.1559545310974837,0,162070,-0.05,-0.1,0.02,0.03
101458,56,140630,North,Business,0.33586005116000617,0,123144,-0.05,-0.1,0.02,0.03
101459,27,45915,West,SelfEmp,0.8694928741615235,1,430667,0.55,0.35,0.22,0.3
101460,66,67940,East,Business,0.3977616335300448,0,99223,-0.05,-0.1,0.02,0.03
101461,59,59215,North,Salaried,0.248742003278895,1,240964,-0.05,-0.1,0.02,0.03
101462,39,53107,North,Business,0.24662351410905836,0,98723,-0.05,-0.1,0.02,0.03
101463,25,46703,West,SelfEmp,0.6606554524332418,0,450257,0.55,0.35,0.22,0.3
101464,32,30493,South,Salaried,0.7889561666541594,1,263695,0.3,0.25,0.18,0.08
101465,38,64544,South,Salaried,0.7590417038176196,0,169361,0.3,0.25,0.18,0.08
101466,62,101881,East,Salaried,0.3982887181053314,0,211162,-0.05,-0.1,0.02,0.03
101467,38,39339,South,Salaried,0.7422557186195629,0,172266,0.3,0.25,0.18,0.08
101468,62,145846,East,Business,0.5933718853960176,0,605475,-0.05,-0.12,0.15,0.18
101469,21,29296,West,SelfEmp,0.7648962889625073,0,310245,0.55,0.35,0.22,0.3
101470,54,108736,East,Business,0.5619616725558109,0,332154,-0.05,-0.12,0.15,0.18
101471,59,127156,North,Business,0.22873227102660323,0,139109,-0.05,-0.1,0.02,0.03
101472,25,44750,West,SelfEmp,0.789393421688772,0,421366,0.55,0.35,0.22,0.3
101473,29,30637,West,SelfEmp,0.7774708285272516,0,299715,0.55,0.35,0.22,0.3
101474,66,149700,East,Business,0.697499189163513,0,667162,-0.05,-0.12,0.15,0.18
101475,63,93675,East,Salaried,0.2695797595769921,0,89848,-0.05,-0.1,0.02,0.03
101476,31,41555,South,Salaried,0.5715966854434943,0,170400,0.3,0.25,0.18,0.08
101477,27,26725,West,SelfEmp,0.6760879188330036,0,464532,0.55,0.35,0.22,0.3
101478,50,130039,East,Business,0.4070940403210541,1,507152,-0.05,-0.12,0.15,0.18
101479,46,88856,North,Salaried,0.10516781385331715,0,164509,-0.05,-0.1,0.02,0.03
101480,58,136078,North,Salaried,0.18410939364174103,0,55749,-0.05,-0.1,0.02,0.03
101481,36,100990,East,Salaried,0.3317298630228854,0,188477,-0.05,-0.1,0.02,0.03
101482,27,29928,West,SelfEmp,0.8246168416029066,1,364349,0.55,0.35,0.22,0.3
101483,63,141833,East,Business,0.6520201718953405,1,441211,-0.05,-0.12,0.15,0.18
101484,48,100378,East,Business,0.20228207834030698,0,64495,-0.05,-0.1,0.02,0.03
101485,45,129871,East,Salaried,0.29466764310075405,0,69193,-0.05,-0.1,0.02,0.03
101486,28,41656,West,SelfEmp,0.8118620555918811,0,265218,0.55,0.35,0.22,0.3
101487,58,119187,East,Business,0.12834217617166224,0,69316,-0.05,-0.1,0.02,0.03
101488,56,50207,East,Business,0.3374983473786334,1,126347,-0.05,-0.1,0.02,0.03
101489,54,55889,East,Business,0.2300423155287076,0,114305,-0.05,-0.1,0.02,0.03
101490,61,144304,East,Business,0.6716489296752525,0,430351,-0.05,-0.12,0.15,0.18
101491,21,43006,West,SelfEmp,0.6999198878343437,0,358507,0.55,0.35,0.22,0.3
101492,48,107991,North,Salaried,0.4948895376418275,0,72846,-0.05,-0.1,0.02,0.03
101493,25,36849,West,SelfEmp,0.7108012735934032,0,378526,0.55,0.35,0.22,0.3
101494,59,119481,East,Business,0.6626071557185436,0,357238,-0.05,-0.12,0.15,0.18
101495,22,25824,West,SelfEmp,0.7078250182694993,0,404948,0.55,0.35,0.22,0.3
101496,33,112257,East,Business,0.20521476942158734,0,160167,-0.05,-0.1,0.02,0.03
101497,63,92672,East,Business,0.4818296977630087,0,484345,-0.05,-0.12,0.15,0.18
101498,59,81171,East,Business,0.4175650610947782,0,164447,-0.05,-0.1,0.02,0.03
101499,27,35493,West,SelfEmp,0.8074060835514607,0,397406,0.55,0.35,0.22,0.3
101500,46,94257,East,Salaried,0.12594645068055255,0,85950,-0.05,-0.1,0.02,0.03
101501,62,138513,East,Business,0.6834706824265515,0,383271,-0.05,-0.12,0.15,0.18
101502,28,41595,West,SelfEmp,0.7906479621859872,0,305119,0.55,0.35,0.22,0.3
101503,61,147552,North,Business,0.2678761891621986,0,216325,-0.05,-0.1,0.02,0.03
101504,23,46918,West,SelfEmp,0.7957056138764387,0,272829,0.55,0.35,0.22,0.3
101505,52,142385,East,Business,0.4921559444852147,1,654873,-0.05,-0.12,0.15,0.18
101506,50,57744,East,Salaried,0.481280831501242,0,56553,-0.05,-0.1,0.02,0.03
101507,25,35183,West,SelfEmp,0.8434732847446211,0,479479,0.55,0.35,0.22,0.3
101508,28,31402,West,SelfEmp,0.7293371865524578,0,250368,0.55,0.35,0.22,0.3
101509,35,105015,North,Business,0.29238198402070914,1,78806,-0.05,-0.1,0.02,0.03
101510,23,42829,West,SelfEmp,0.6558834286446231,0,374220,0.55,0.35,0.22,0.3
101511,52,111015,East,Business,0.5134172885429962,1,422841,-0.05,-0.12,0.15,0.18
101512,46,130748,East,Salaried,0.357479294793723,0,52751,-0.05,-0.1,0.02,0.03
101513,57,124019,North,Salaried,0.2286972793407486,0,242694,-0.05,-0.1,0.02,0.03
101514,39,63328,South,Salaried,0.5595776373144826,0,186039,0.3,0.25,0.18,0.08
101515,56,103014,East,Business,0.24918122233070583,0,84942,-0.05,-0.1,0.02,0.03
101516,46,55423,East,Salaried,0.26520330150362537,0,171190,-0.05,-0.1,0.02,0.03
101517,27,33825,West,SelfEmp,0.7302262992425645,0,428487,0.55,0.35,0.22,0.3
101518,27,49070,West,SelfEmp,0.670260935952363,0,397975,0.55,0.35,0.22,0.3
101519,42,53377,South,Salaried,0.5665260904720595,1,122766,0.3,0.25,0.18,0.08
101520,43,61984,South,Salaried,0.6936919736055134,1,146360,0.3,0.25,0.18,0.08
101521,67,94349,North,Business,0.10444851727506528,0,152878,-0.05,-0.1,0.02,0.03
101522,21,27411,West,SelfEmp,0.7400592972029588,0,350136,0.55,0.35,0.22,0.3
101523,33,89647,North,Salaried,0.21052264773362073,0,131120,-0.05,-0.1,0.02,0.03
101524,34,55116,East,Business,0.37274702341057453,0,194153,-0.05,-0.1,0.02,0.03
101525,29,38062,West,SelfEmp,0.7041538956517852,1,438255,0.55,0.35,0.22,0.3
101526,28,49689,West,SelfEmp,0.6757850157237903,1,372084,0.55,0.35,0.22,0.3
101527,68,97954,East,Business,0.5489512370693983,0,615673,-0.05,-0.12,0.15,0.18
101528,21,37282,West,SelfEmp,0.8414306508867171,0,396505,0.55,0.35,0.22,0.3
101529,22,31345,West,SelfEmp,0.8054016493967705,0,433282,0.55,0.35,0.22,0.3
101530,49,141579,North,Business,0.35137348707014837,0,86236,-0.05,-0.1,0.02,0.03
101531,33,51650,South,Salaried,0.7784164063380042,0,124460,0.3,0.25,0.18,0.08
101532,30,38714,South,Salaried,0.6828368601463987,0,126591,0.3,0.25,0.18,0.08
101533,68,115679,East,Business,0.5633911660724829,1,505947,-0.05,-0.12,0.15,0.18
101534,38,71426,East,Salaried,0.2405013524811367,0,180865,-0.05,-0.1,0.02,0.03
101535,67,117883,North,Business,0.4771928366083914,0,64720,-0.05,-0.1,0.02,0.03
101536,69,142479,North,Business,0.1285978309876085,0,56156,-0.05,-0.1,0.02,0.03
101537,66,68688,East,Salaried,0.21907213747112994,0,176657,-0.05,-0.1,0.02,0.03
101538,51,77485,North,Salaried,0.4777102334148816,0,249426,-0.05,-0.1,0.02,0.03
101539,27,45800,West,SelfEmp,0.7094976201060053,0,275460,0.55,0.35,0.22,0.3
101540,27,46973,West,SelfEmp,0.7050508216703095,0,400018,0.55,0.35,0.22,0.3
101541,24,38199,West,SelfEmp,0.8411525019631273,0,273823,0.55,0.35,0.22,0.3
101542,31,98200,North,Salaried,0.18972618998933416,1,126360,-0.05,-0.1,0.02,0.03
101543,55,92301,East,Business,0.5427415074466877,1,565710,-0.05,-0.12,0.15,0.18
101544,21,45394,West,SelfEmp,0.7961955507770079,0,335993,0.55,0.35,0.22,0.3
101545,68,111213,East,Business,0.6213270093435012,0,357534,-0.05,-0.12,0.15,0.18
101546,33,65856,North,Business,0.33678522748488404,0,118391,-0.05,-0.1,0.02,0.03
101547,22,39230,West,SelfEmp,0.7340008293853995,0,352095,0.55,0.35,0.22,0.3
101548,54,83904,East,Salaried,0.16807848645731205,0,130831,-0.05,-0.1,0.02,0.03
101549,37,31415,South,Salaried,0.587100233140202,0,219992,0.3,0.25,0.18,0.08
101550,40,145388,North,Salaried,0.3349943411457851,0,108899,-0.05,-0.1,0.02,0.03
101551,68,99167,East,Business,0.4678363442797626,0,542049,-0.05,-0.12,0.15,0.18
101552,54,126843,East,Business,0.4134025623056358,0,520716,-0.05,-0.12,0.15,0.18
101553,58,68920,East,Business,0.29958370899394227,0,147627,-0.05,-0.1,0.02,0.03
101554,63,134815,East,Business,0.30349941317949436,1,57424,-0.05,-0.1,0.02,0.03
101555,25,40839,West,SelfEmp,0.8773295182429455,0,479165,0.55,0.35,0.22,0.3
101556,35,81174,East,Business,0.3310535891863338,0,194210,-0.05,-0.1,0.02,0.03
101557,64,62280,East,Salaried,0.12089462257764422,0,248087,-0.05,-0.1,0.02,0.03
101558,28,41603,West,SelfEmp,0.715731566726095,0,317585,0.55,0.35,0.22,0.3
101559,38,91730,East,Business,0.14170114628984576,0,242613,-0.05,-0.1,0.02,0.03
101560,40,113859,North,Business,0.2485429706091288,0,158287,-0.05,-0.1,0.02,0.03
101561,25,42448,West,SelfEmp,0.8579671537059571,1,348294,0.55,0.35,0.22,0.3
101562,36,142618,East,Salaried,0.4700648360916603,0,114172,-0.05,-0.1,0.02,0.03
101563,23,37812,West,SelfEmp,0.7292821462729663,1,274321,0.55,0.35,0.22,0.3
101564,57,113460,East,Business,0.46439172395602174,1,488150,-0.05,-0.12,0.15,0.18
101565,38,93368,East,Business,0.2988990958249609,0,53390,-0.05,-0.1,0.02,0.03
101566,26,34064,West,SelfEmp,0.6817460147647023,0,275972,0.55,0.35,0.22,0.3
101567,31,64631,South,Salaried,0.609894035601403,1,192778,0.3,0.25,0.18,0.08
101568,38,90621,North,Salaried,0.33570010562475866,0,107746,-0.05,-0.1,0.02,0.03
101569,34,52866,South,Salaried,0.5622713280667977,0,230909,0.3,0.25,0.18,0.08
101570,32,64149,South,Salaried,0.7983700475666233,1,179198,0.3,0.25,0.18,0.08
101571,23,37225,West,SelfEmp,0.8698159957213102,1,481330,0.55,0.35,0.22,0.3
101572,55,106734,North,Business,0.24688562309092368,1,133415,-0.05,-0.1,0.02,0.03
101573,38,50907,South,Salaried,0.6070985845214131,1,124695,0.3,0.25,0.18,0.08
101574,55,136077,East,Business,0.5289838176870318,1,384414,-0.05,-0.12,0.15,0.18
101575,48,120675,North,Salaried,0.3427290359542787,0,52030,-0.05,-0.1,0.02,0.03
101576,37,44362,South,Salaried,0.6854242348970139,0,249770,0.3,0.25,0.18,0.08
101577,27,26383,West,SelfEmp,0.8651512256776885,0,451686,0.55,0.35,0.22,0.3
101578,33,44006,South,Salaried,0.747810724389408,0,233035,0.3,0.25,0.18,0.08
101579,43,148795,North,Business,0.20846389321104059,0,62607,-0.05,-0.1,0.02,0.03
101580,37,148954,North,Salaried,0.2275684767529906,0,245338,-0.05,-0.1,0.02,0.03
101581,30,62393,South,Salaried,0.6987690173990663,0,131254,0.3,0.25,0.18,0.08
101582,27,34505,West,SelfEmp,0.7517467126352858,0,314739,0.55,0.35,0.22,0.3
101583,26,40191,West,SelfEmp,0.7900006351596823,0,347029,0.55,0.35,0.22,0.3
101584,64,131782,East,Business,0.5350958802626081,1,420724,-0.05,-0.12,0.15,0.18
101585,52,112584,North,Salaried,0.14501071612511957,0,56608,-0.05,-0.1,0.02,0.03
101586,50,134341,East,Business,0.36992983032829596,0,220546,-0.05,-0.1,0.02,0.03
101587,69,146858,East,Business,0.4567830488231805,0,466163,-0.05,-0.12,0.15,0.18
101588,60,145942,East,Business,0.4488384870505121,1,118087,-0.05,-0.1,0.02,0.03
101589,35,148860,North,Salaried,0.4542547500814339,0,121629,-0.05,-0.1,0.02,0.03
101590,69,121902,East,Business,0.5326321202586699,1,601421,-0.05,-0.12,0.15,0.18
101591,25,33916,West,SelfEmp,0.7776980208305577,1,332146,0.55,0.35,0.22,0.3
101592,31,105864,East,Business,0.3917510311498814,0,224700,-0.05,-0.1,0.02,0.03
101593,35,37624,South,Salaried,0.6393756000411146,0,236066,0.3,0.25,0.18,0.08
101594,49,81973,East,Salaried,0.48377806327160244,0,185103,-0.05,-0.1,0.02,0.03
101595,54,133767,East,Business,0.3611119021808772,0,52100,-0.05,-0.1,0.02,0.03
101596,51,146817,North,Business,0.10424769299078399,1,177152,-0.05,-0.1,0.02,0.03
101597,41,103168,North,Salaried,0.3247951780473531,0,221624,-0.05,-0.1,0.02,0.03
101598,63,59539,North,Business,0.32311908987079835,0,192887,-0.05,-0.1,0.02,0.03
101599,64,87845,North,Salaried,0.35819707694457503,0,99283,-0.05,-0.1,0.02,0.03
101600,25,31157,West,SelfEmp,0.7527101536068778,1,338533,0.55,0.35,0.22,0.3
101601,33,61263,South,Salaried,0.6311665697681098,1,215800,0.3,0.25,0.18,0.08
101602,43,45860,South,Salaried,0.6042184238059487,0,159396,0.3,0.25,0.18,0.08
101603,35,39524,South,Salaried,0.5848893780889681,1,181152,0.3,0.25,0.18,0.08
101604,44,142928,East,Business,0.16156533782165053,1,178489,-0.05,-0.1,0.02,0.03
101605,43,127005,North,Salaried,0.49685976907845053,0,177634,-0.05,-0.1,0.02,0.03
101606,41,36614,South,Salaried,0.7302024156435709,0,259518,0.3,0.25,0.18,0.08
101607,43,99202,East,Business,0.3821054180699963,0,66620,-0.05,-0.1,0.02,0.03
101608,63,124972,East,Business,0.6764593813562252,1,491278,-0.05,-0.12,0.15,0.18
101609,51,68096,North,Salaried,0.4050296489721307,0,104571,-0.05,-0.1,0.02,0.03
101610,22,30581,West,SelfEmp,0.779952089554902,0,301538,0.55,0.35,0.22,0.3
101611,38,57664,South,Salaried,0.7710426049732038,1,275628,0.3,0.25,0.18,0.08
101612,26,48933,West,SelfEmp,0.7365182729437014,0,394628,0.55,0.35,0.22,0.3
101613,57,85280,East,Business,0.4382398136577923,0,218766,-0.05,-0.1,0.02,0.03
101614,55,118924,East,Business,0.5435149592913374,1,625118,-0.05,-0.12,0.15,0.18
101615,43,94944,North,Business,0.15179833610510107,0,137855,-0.05,-0.1,0.02,0.03
101616,66,126634,East,Business,0.5271202591545461,0,441518,-0.05,-0.12,0.15,0.18
101617,57,141641,East,Business,0.6320935547367694,1,432792,-0.05,-0.12,0.15,0.18
101618,29,25934,West,SelfEmp,0.734231931431433,0,282967,0.55,0.35,0.22,0.3
101619,42,35074,South,Salaried,0.7745327390961261,1,173085,0.3,0.25,0.18,0.08
101620,34,115081,East,Salaried,0.35721463632806183,0,78975,-0.05,-0.1,0.02,0.03
101621,22,45285,West,SelfEmp,0.793192081930364,0,425733,0.55,0.35,0.22,0.3
101622,65,77744,North,Salaried,0.2999381847142153,0,95334,-0.05,-0.1,0.02,0.03
101623,39,60382,South,Salaried,0.6351743101442493,0,212119,0.3,0.25,0.18,0.08
101624,42,36230,South,Salaried,0.6006458211122161,0,187160,0.3,0.25,0.18,0.08
101625,57,90071,North,Salaried,0.27437064877665757,1,244873,-0.05,-0.1,0.02,0.03
101626,54,94998,North,Business,0.3542561157231119,0,218451,-0.05,-0.1,0.02,0.03
101627,60,106011,East,Business,0.3968002023280439,1,124006,-0.05,-0.1,0.02,0.03
101628,52,95520,East,Business,0.6480774957805209,0,379863,-0.05,-0.12,0.15,0.18
101629,38,43197,South,Salaried,0.6602321173324122,0,237884,0.3,0.25,0.18,0.08
101630,68,62454,North,Business,0.36674412798658484,0,247487,-0.05,-0.1,0.02,0.03
101631,54,88468,East,Business,0.38100491695907734,0,187456,-0.05,-0.1,0.02,0.03
101632,59,72334,North,Business,0.42829960976451564,0,232645,-0.05,-0.1,0.02,0.03
101633,30,131884,East,Business,0.39368385974730147,0,166886,-0.05,-0.1,0.02,0.03
101634,59,107511,East,Business,0.3910680618410981,0,118108,-0.05,-0.1,0.02,0.03
101635,35,52292,South,Salaried,0.55879727113504,0,277900,0.3,0.25,0.18,0.08
101636,52,91957,East,Business,0.5052474440559579,0,619947,-0.05,-0.12,0.15,0.18
101637,24,42314,West,SelfEmp,0.7695903005947953,0,296637,0.55,0.35,0.22,0.3
101638,64,121913,East,Business,0.40764292788083706,0,464311,-0.05,-0.12,0.15,0.18
101639,42,40552,South,Salaried,0.5980980658982948,1,253229,0.3,0.25,0.18,0.08
101640,45,128663,East,Salaried,0.4988475988791362,0,205563,-0.05,-0.1,0.02,0.03
101641,32,45719,South,Salaried,0.657889767792771,0,241467,0.3,0.25,0.18,0.08
101642,41,42628,South,Salaried,0.6492502581935145,0,247395,0.3,0.25,0.18,0.08
101643,34,108552,North,Salaried,0.46855370266137053,0,85833,-0.05,-0.1,0.02,0.03
101644,51,80595,North,Salaried,0.3057908995502786,0,188577,-0.05,-0.1,0.02,0.03
101645,30,40112,South,Salaried,0.5995909015600212,0,270200,0.3,0.25,0.18,0.08
101646,51,55478,North,Business,0.4035324276141746,0,206547,-0.05,-0.1,0.02,0.03
101647,41,43164,South,Salaried,0.5524642848588432,0,166804,0.3,0.25,0.18,0.08
101648,63,95836,North,Salaried,0.3817173794770907,1,187006,-0.05,-0.1,0.02,0.03
101649,32,51652,South,Salaried,0.6691076108753883,0,154218,0.3,0.25,0.18,0.08
101650,42,141984,East,Salaried,0.34458217802115454,0,97378,-0.05,-0.1,0.02,0.03
101651,22,46112,West,SelfEmp,0.8214843238056382,0,486995,0.55,0.35,0.22,0.3
101652,46,149028,North,Business,0.22434503429304875,0,215902,-0.05,-0.1,0.02,0.03
101653,23,31584,West,SelfEmp,0.794328506614125,0,393336,0.55,0.35,0.22,0.3
101654,49,132049,East,Business,0.46374491787309424,0,174605,-0.05,-0.1,0.02,0.03
101655,33,42736,South,Salaried,0.5952362385593738,1,138140,0.3,0.25,0.18,0.08
101656,21,44580,West,SelfEmp,0.8627624845828267,0,391691,0.55,0.35,0.22,0.3
101657,24,25414,West,SelfEmp,0.8562242018021998,0,258146,0.55,0.35,0.22,0.3
101658,61,121544,East,Business,0.48075251732116586,0,688001,-0.05,-0.12,0.15,0.18
101659,30,76108,East,Salaried,0.4730210306848014,0,194678,-0.05,-0.1,0.02,0.03
101660,28,27148,West,SelfEmp,0.8595760039071809,1,451796,0.55,0.35,0.22,0.3
101661,33,119769,East,Salaried,0.33175026039903177,0,218662,-0.05,-0.1,0.02,0.03
101662,22,46712,West,SelfEmp,0.6903433424522059,0,326033,0.55,0.35,0.22,0.3
101663,28,42990,West,SelfEmp,0.6859227993485131,0,251324,0.55,0.35,0.22,0.3
101664,60,109506,East,Business,0.6867336298536568,0,534730,-0.05,-0.12,0.15,0.18
101665,25,27894,West,SelfEmp,0.8964386991969975,0,297563,0.55,0.35,0.22,0.3
101666,29,29862,West,SelfEmp,0.7713758272053067,0,299165,0.55,0.35,0.22,0.3
101667,42,57189,South,Salaried,0.7571083970082291,0,231115,0.3,0.25,0.18,0.08
101668,66,136426,North,Business,0.4780185592086025,0,58127,-0.05,-0.1,0.02,0.03
101669,38,113501,North,Business,0.13901563743228965,0,232390,-0.05,-0.1,0.02,0.03
101670,55,103296,East,Salaried,0.27520402449551634,0,56747,-0.05,-0.1,0.02,0.03
101671,49,58038,North,Salaried,0.29525556906576705,0,126798,-0.05,-0.1,0.02,0.03
101672,50,80270,North,Business,0.4223193935629598,0,131392,-0.05,-0.1,0.02,0.03
101673,50,77789,East,Salaried,0.30150222723607834,1,221063,-0.05,-0.1,0.02,0.03
101674,66,121726,East,Business,0.5063655018665386,1,338328,-0.05,-0.12,0.15,0.18
101675,46,105645,North,Business,0.29102544389912166,0,113689,-0.05,-0.1,0.02,0.03
101676,42,120669,North,Salaried,0.48484494280065693,0,147412,-0.05,-0.1,0.02,0.03
101677,40,66114,North,Business,0.31061927500736275,0,178692,-0.05,-0.1,0.02,0.03
101678,27,43267,West,SelfEmp,0.8490315922222167,0,450784,0.55,0.35,0.22,0.3
101679,33,104074,North,Salaried,0.4121353753799454,0,183827,-0.05,-0.1,0.02,0.03
101680,21,38559,West,SelfEmp,0.7785105440388154,0,275618,0.55,0.35,0.22,0.3
101681,63,105946,East,Business,0.4730719969475231,0,80467,-0.05,-0.1,0.02,0.03
101682,25,25918,West,SelfEmp,0.7687714771401737,0,474179,0.55,0.35,0.22,0.3
101683,63,140233,East,Business,0.47852995531876397,0,670048,-0.05,-0.12,0.15,0.18
101684,53,112300,East,Business,0.4710649506188988,1,617177,-0.05,-0.12,0.15,0.18
101685,61,50414,North,Business,0.16533092382474368,0,139889,-0.05,-0.1,0.02,0.03
101686,66,93407,North,Salaried,0.22085784513953619,0,155632,-0.05,-0.1,0.02,0.03
101687,41,53012,South,Salaried,0.750660195194365,0,139335,0.3,0.25,0.18,0.08
101688,36,51537,North,Business,0.3862808216969724,0,149760,-0.05,-0.1,0.02,0.03
101689,42,57981,South,Salaried,0.7700475485840187,0,145820,0.3,0.25,0.18,0.08
101690,54,69661,East,Salaried,0.2507569669916848,0,65913,-0.05,-0.1,0.02,0.03
101691,58,137540,East,Business,0.4638467456956455,0,548811,-0.05,-0.12,0.15,0.18
101692,33,49475,South,Salaried,0.6531772905150498,0,237939,0.3,0.25,0.18,0.08
101693,27,25892,West,SelfEmp,0.8142613540885606,0,345839,0.55,0.35,0.22,0.3
101694,57,137440,East,Business,0.6453833796269322,0,460472,-0.05,-0.12,0.15,0.18
101695,26,44695,West,SelfEmp,0.7602192502119511,0,362257,0.55,0.35,0.22,0.3
101696,38,88126,East,Salaried,0.4364847347624058,0,195655,-0.05,-0.1,0.02,0.03
101697,33,31591,South,Salaried,0.7783982703863243,0,129034,0.3,0.25,0.18,0.08
101698,42,67949,East,Business,0.3497589779465683,0,245616,-0.05,-0.1,0.02,0.03
101699,55,146836,East,Business,0.5292662855656436,0,448348,-0.05,-0.12,0.15,0.18
101700,32,58122,South,Salaried,0.5685612187427346,0,227632,0.3,0.25,0.18,0.08
101701,31,64428,South,Salaried,0.6286128816825989,0,276358,0.3,0.25,0.18,0.08
101702,58,130103,East,Business,0.5452568626060531,1,513725,-0.05,-0.12,0.15,0.18
101703,39,35291,South,Salaried,0.7457370306836376,0,246934,0.3,0.25,0.18,0.08
101704,48,95863,North,Salaried,0.4531453322377782,0,96995,-0.05,-0.1,0.02,0.03
101705,32,66491,North,Salaried,0.30787553565745995,0,240212,-0.05,-0.1,0.02,0.03
101706,38,126252,North,Business,0.3548227579611287,0,236147,-0.05,-0.1,0.02,0.03
101707,67,130464,East,Business,0.5784759250642665,0,427211,-0.05,-0.12,0.15,0.18
101708,23,49861,West,SelfEmp,0.8525610463410271,0,384562,0.55,0.35,0.22,0.3
101709,55,137448,East,Business,0.5421808610498456,0,672090,-0.05,-0.12,0.15,0.18
101710,43,91594,North,Business,0.23868028669031827,0,198769,-0.05,-0.1,0.02,0.03
101711,60,127474,East,Business,0.689112549588961,0,309362,-0.05,-0.12,0.15,0.18
101712,21,40741,West,SelfEmp,0.6939773414993812,0,498135,0.55,0.35,0.22,0.3
101713,36,51147,North,Salaried,0.48213799199188867,0,185107,-0.05,-0.1,0.02,0.03
101714,26,28968,West,SelfEmp,0.7586699376479764,0,408076,0.55,0.35,0.22,0.3
101715,61,56174,North,Business,0.44056097883572654,0,76859,-0.05,-0.1,0.02,0.03
101716,63,121964,East,Salaried,0.2686323794003659,0,243715,-0.05,-0.1,0.02,0.03
101717,24,49659,West,SelfEmp,0.737125085494281,0,493649,0.55,0.35,0.22,0.3
101718,56,72624,North,Salaried,0.31375535340543725,1,247503,-0.05,-0.1,0.02,0.03
101719,31,40617,South,Salaried,0.7270973846091069,0,151207,0.3,0.25,0.18,0.08
101720,27,36102,West,SelfEmp,0.7645039045612761,0,306718,0.55,0.35,0.22,0.3
101721,66,104295,East,Business,0.4176496449977927,0,609180,-0.05,-0.12,0.15,0.18
101722,48,90642,East,Salaried,0.34554242776826993,0,206252,-0.05,-0.1,0.02,0.03
101723,21,30852,West,SelfEmp,0.8638083342937308,0,432322,0.55,0.35,0.22,0.3
101724,43,75785,East,Salaried,0.23621464462943587,0,151242,-0.05,-0.1,0.02,0.03
101725,25,39439,West,SelfEmp,0.8180751596693819,0,334428,0.55,0.35,0.22,0.3
101726,21,46048,West,SelfEmp,0.7779524454460465,0,468824,0.55,0.35,0.22,0.3
101727,32,87034,East,Salaried,0.4841607275443275,0,196942,-0.05,-0.1,0.02,0.03
101728,25,30921,West,SelfEmp,0.7858392551179515,0,485117,0.55,0.35,0.22,0.3
101729,29,49256,West,SelfEmp,0.8831535576666496,0,280671,0.55,0.35,0.22,0.3
101730,50,89284,East,Business,0.13488863710016472,1,167271,-0.05,-0.1,0.02,0.03
101731,28,43121,West,SelfEmp,0.8904235856290088,0,322036,0.55,0.35,0.22,0.3
101732,69,79278,East,Business,0.28770716979490096,0,197860,-0.05,-0.1,0.02,0.03
101733,35,61013,South,Salaried,0.6219035875054407,0,195563,0.3,0.25,0.18,0.08
101734,28,34813,West,SelfEmp,0.7410813558415383,0,296853,0.55,0.35,0.22,0.3
101735,23,32235,West,SelfEmp,0.6934618282278581,0,386255,0.55,0.35,0.22,0.3
101736,41,88728,North,Business,0.11865265711095363,0,154673,-0.05,-0.1,0.02,0.03
101737,64,84226,North,Salaried,0.3981355571999462,0,127541,-0.05,-0.1,0.02,0.03
101738,31,45630,South,Salaried,0.738877019131324,0,222454,0.3,0.25,0.18,0.08
101739,34,73194,North,Business,0.13791220313816469,0,56892,-0.05,-0.1,0.02,0.03
101740,21,34313,West,SelfEmp,0.6536619817510738,0,363204,0.55,0.35,0.22,0.3
101741,40,147672,East,Salaried,0.2608927144004407,1,196709,-0.05,-0.1,0.02,0.03
101742,66,105699,East,Salaried,0.45531731900401784,1,101376,-0.05,-0.1,0.02,0.03
101743,21,39636,West,SelfEmp,0.7300200247079602,0,320277,0.55,0.35,0.22,0.3
101744,38,134540,East,Salaried,0.2292589519081374,1,106957,-0.05,-0.1,0.02,0.03
101745,27,25034,West,SelfEmp,0.6861008198580046,1,492827,0.55,0.35,0.22,0.3
101746,38,73671,North,Business,0.3317356443182991,0,172608,-0.05,-0.1,0.02,0.03
101747,51,59782,North,Business,0.46534805812924895,0,155953,-0.05,-0.1,0.02,0.03
101748,64,146400,East,Business,0.621299094708317,1,344342,-0.05,-0.12,0.15,0.18
101749,29,39066,West,SelfEmp,0.8878833399560411,0,331084,0.55,0.35,0.22,0.3
101750,61,131562,East,Business,0.5767196014892504,0,552541,-0.05,-0.12,0.15,0.18
101751,68,146406,East,Business,0.27720130605953797,0,191383,-0.05,-0.1,0.02,0.03
101752,25,25637,West,SelfEmp,0.805212410619305,0,367426,0.55,0.35,0.22,0.3
101753,26,47084,West,SelfEmp,0.7134754512515536,0,381090,0.55,0.35,0.22,0.3
101754,36,51905,South,Salaried,0.6296008602305918,1,182618,0.3,0.25,0.18,0.08
101755,21,26955,West,SelfEmp,0.7375364317199713,0,303932,0.55,0.35,0.22,0.3
101756,49,95601,East,Business,0.3072347622517828,0,175836,-0.05,-0.1,0.02,0.03
101757,55,68754,North,Salaried,0.41585676065656973,0,132122,-0.05,-0.1,0.02,0.03
101758,68,148873,East,Business,0.45568166373268665,0,505459,-0.05,-0.12,0.15,0.18
101759,36,54822,South,Salaried,0.6439787982963271,0,170712,0.3,0.25,0.18,0.08
101760,30,52942,South,Salaried,0.7521865217246462,0,184949,0.3,0.25,0.18,0.08
101761,22,44342,West,SelfEmp,0.6591939272592803,1,467306,0.55,0.35,0.22,0.3
101762,68,56103,East,Business,0.47260081613025384,0,208083,-0.05,-0.1,0.02,0.03
101763,29,43473,West,SelfEmp,0.8501571380047285,0,486767,0.55,0.35,0.22,0.3
101764,39,127302,North,Salaried,0.3473221985452365,0,196831,-0.05,-0.1,0.02,0.03
101765,34,119126,North,Business,0.20678775677549785,0,114723,-0.05,-0.1,0.02,0.03
101766,21,25858,West,SelfEmp,0.7784048643035892,0,275550,0.55,0.35,0.22,0.3
101767,31,51019,North,Salaried,0.43250543989696555,0,120909,-0.05,-0.1,0.02,0.03
101768,25,31357,West,SelfEmp,0.7469708600345227,0,303890,0.55,0.35,0.22,0.3
101769,42,104085,North,Salaried,0.43220286119975637,0,52666,-0.05,-0.1,0.02,0.03
101770,38,32473,South,Salaried,0.5774343741777554,1,161214,0.3,0.25,0.18,0.08
101771,40,58837,South,Salaried,0.6581538478048946,0,166292,0.3,0.25,0.18,0.08
101772,69,146780,East,Salaried,0.21659297241669245,1,133685,-0.05,-0.1,0.02,0.03
101773,67,100809,North,Business,0.3231374690963145,0,165178,-0.05,-0.1,0.02,0.03
101774,39,54466,South,Salaried,0.5848445465478848,0,158867,0.3,0.25,0.18,0.08
101775,53,149370,North,Salaried,0.4933840496533598,0,208317,-0.05,-0.1,0.02,0.03
101776,21,45107,West,SelfEmp,0.6885381836479878,0,481498,0.55,0.35,0.22,0.3
101777,33,50517,South,Salaried,0.6900708114081064,0,199497,0.3,0.25,0.18,0.08
101778,46,78212,East,Salaried,0.3545471021087093,0,246274,-0.05,-0.1,0.02,0.03
101779,32,81106,North,Salaried,0.18797737493319433,0,172871,-0.05,-0.1,0.02,0.03
101780,42,144855,North,Business,0.13717065342036427,0,243655,-0.05,-0.1,0.02,0.03
101781,60,118060,North,Business,0.19838116561114083,0,108627,-0.05,-0.1,0.02,0.03
101782,29,28074,West,SelfEmp,0.8383422392444319,0,411930,0.55,0.35,0.22,0.3
101783,36,108226,East,Business,0.21243197544227038,0,74652,-0.05,-0.1,0.02,0.03
101784,67,136299,East,Business,0.42320787169136387,0,517349,-0.05,-0.12,0.15,0.18
101785,21,27325,West,SelfEmp,0.7314699401387714,1,399810,0.55,0.35,0.22,0.3
101786,35,41419,South,Salaried,0.7185435954613378,0,267497,0.3,0.25,0.18,0.08
101787,42,119727,North,Salaried,0.4122204528993916,0,194671,-0.05,-0.1,0.02,0.03
101788,69,125120,North,Business,0.39550983722393007,0,212433,-0.05,-0.1,0.02,0.03
101789,58,127539,East,Salaried,0.3854099763103891,0,62215,-0.05,-0.1,0.02,0.03
101790,58,120655,East,Business,0.143557955770474,0,120655,-0.05,-0.1,0.02,0.03
101791,53,62090,North,Salaried,0.17480404522622983,0,102656,-0.05,-0.1,0.02,0.03
101792,59,137533,East,Salaried,0.22968963374895177,0,77736,-0.05,-0.1,0.02,0.03
101793,44,100256,East,Salaried,0.3823068713093062,0,118383,-0.05,-0.1,0.02,0.03
101794,41,45454,South,Salaried,0.7154592094060942,1,200920,0.3,0.25,0.18,0.08
101795,42,56246,South,Salaried,0.6455061594348547,0,262616,0.3,0.25,0.18,0.08
101796,51,79541,North,Salaried,0.1560140040120994,0,152145,-0.05,-0.1,0.02,0.03
101797,57,134623,East,Business,0.5983145141118105,0,316351,-0.05,-0.12,0.15,0.18
101798,29,33723,West,SelfEmp,0.8694650446790724,0,440329,0.55,0.35,0.22,0.3
101799,51,146820,East,Business,0.6169408666097536,0,424228,-0.05,-0.12,0.15,0.18
101800,39,42666,South,Salaried,0.7246678763556625,1,178385,0.3,0.25,0.18,0.08
101801,26,35701,West,SelfEmp,0.8542464969128585,1,343136,0.55,0.35,0.22,0.3
101802,39,51026,South,Salaried,0.6861266422329044,0,171901,0.3,0.25,0.18,0.08
101803,56,137567,East,Business,0.4229839303303826,0,480220,-0.05,-0.12,0.15,0.18
101804,43,73949,North,Business,0.18925808844203154,0,146447,-0.05,-0.1,0.02,0.03
101805,48,106965,North,Salaried,0.19402849316355197,0,70581,-0.05,-0.1,0.02,0.03
101806,67,54025,North,Business,0.4437177914867708,0,68678,-0.05,-0.1,0.02,0.03
101807,38,31471,South,Salaried,0.7805338971336392,0,241493,0.3,0.25,0.18,0.08
101808,46,135676,East,Business,0.4384135885959147,0,106413,-0.05,-0.1,0.02,0.03
101809,58,73047,North,Salaried,0.21677238466768595,0,172520,-0.05,-0.1,0.02,0.03
101810,45,125958,East,Business,0.29035058896963123,0,155991,-0.05,-0.1,0.02,0.03
101811,22,38050,West,SelfEmp,0.8260155323210802,0,361836,0.55,0.35,0.22,0.3
101812,27,34785,West,SelfEmp,0.8025772796170438,0,455920,0.55,0.35,0.22,0.3
101813,38,53397,South,Salaried,0.5510854819402367,0,178510,0.3,0.25,0.18,0.08
101814,23,29647,West,SelfEmp,0.6910736897478575,0,263539,0.55,0.35,0.22,0.3
101815,24,28786,West,SelfEmp,0.7452812416943849,0,356600,0.55,0.35,0.22,0.3
101816,58,75814,North,Business,0.2155344193911265,0,89724,-0.05,-0.1,0.02,0.03
101817,67,79317,East,Business,0.36644899396481123,0,171395,-0.05,-0.1,0.02,0.03
101818,53,104114,East,Business,0.6469401722446555,1,547606,-0.05,-0.12,0.15,0.18
101819,36,33719,South,Salaried,0.7248111220451254,0,138449,0.3,0.25,0.18,0.08
101820,23,36171,West,SelfEmp,0.6802503041703006,0,362359,0.55,0.35,0.22,0.3
101821,21,34434,West,SelfEmp,0.711115899557774,0,342767,0.55,0.35,0.22,0.3
101822,23,48996,West,SelfEmp,0.6506365627278294,1,467932,0.55,0.35,0.22,0.3
101823,22,39410,West,SelfEmp,0.8736008673377407,0,277881,0.55,0.35,0.22,0.3
101824,55,95921,East,Business,0.4122998044478893,0,464156,-0.05,-0.12,0.15,0.18
101825,32,37792,South,Salaried,0.5612550373642761,0,193110,0.3,0.25,0.18,0.08
101826,61,81767,North,Salaried,0.4791304446614967,0,212808,-0.05,-0.1,0.02,0.03
101827,51,70436,East,Salaried,0.40115240041692046,0,82235,-0.05,-0.1,0.02,0.03
101828,57,82668,North,Business,0.2589511322331761,0,176027,-0.05,-0.1,0.02,0.03
101829,65,58307,East,Salaried,0.23319347217648811,0,117438,-0.05,-0.1,0.02,0.03
101830,47,142887,East,Salaried,0.24678521678818466,1,245862,-0.05,-0.1,0.02,0.03
101831,44,58786,South,Salaried,0.7608914827708824,1,164173,0.3,0.25,0.18,0.08
101832,64,98205,East,Business,0.1472515139335327,0,186258,-0.05,-0.1,0.02,0.03
101833,39,102549,North,Salaried,0.2650013855600517,0,145153,-0.05,-0.1,0.02,0.03
101834,35,85971,North,Salaried,0.12300787594604619,0,114314,-0.05,-0.1,0.02,0.03
101835,31,146284,East,Salaried,0.28014849957867705,0,76216,-0.05,-0.1,0.02,0.03
101836,31,37403,South,Salaried,0.7937451188953586,0,263934,0.3,0.25,0.18,0.08
101837,60,123298,East,Business,0.5269151740944009,1,551388,-0.05,-0.12,0.15,0.18
101838,22,41241,West,SelfEmp,0.7391862996305784,0,441016,0.55,0.35,0.22,0.3
101839,27,40697,West,SelfEmp,0.7636194708416618,0,356093,0.55,0.35,0.22,0.3
101840,40,69622,North,Salaried,0.4328188550269113,0,188026,-0.05,-0.1,0.02,0.03
101841,67,129818,East,Business,0.5080814155809548,0,504478,-0.05,-0.12,0.15,0.18
101842,22,32136,West,SelfEmp,0.6649377478742118,1,495376,0.55,0.35,0.22,0.3
101843,26,25121,West,SelfEmp,0.8778778023209337,0,440094,0.55,0.35,0.22,0.3
101844,58,127784,North,Business,0.35393909367582843,1,97919,-0.05,-0.1,0.02,0.03
101845,37,35555,South,Salaried,0.7899140519903142,0,200749,0.3,0.25,0.18,0.08
101846,35,31489,South,Salaried,0.5836359164087528,0,213022,0.3,0.25,0.18,0.08
101847,44,41058,South,Salaried,0.6510632916149905,0,247749,0.3,0.25,0.18,0.08
101848,59,114325,East,Business,0.6095855990151745,1,643980,-0.05,-0.12,0.15,0.18
101849,53,110507,North,Business,0.3608156576674817,0,201175,-0.05,-0.1,0.02,0.03
101850,60,100440,East,Business,0.5855569569547832,1,686736,-0.05,-0.12,0.15,0.18
101851,22,48124,West,SelfEmp,0.6645559695178154,0,480498,0.55,0.35,0.22,0.3
101852,34,34368,South,Salaried,0.6843919604373451,0,181891,0.3,0.25,0.18,0.08
101853,43,39522,South,Salaried,0.6580194548121256,0,139126,0.3,0.25,0.18,0.08
101854,21,46387,West,SelfEmp,0.7390453847920947,0,461837,0.55,0.35,0.22,0.3
101855,65,139277,East,Business,0.5787337235253451,0,348555,-0.05,-0.12,0.15,0.18
101856,44,41764,South,Salaried,0.7244876356268132,0,228007,0.3,0.25,0.18,0.08
101857,26,49656,West,SelfEmp,0.8259638114122211,0,494860,0.55,0.35,0.22,0.3
101858,27,42822,West,SelfEmp,0.8792405876823723,0,386443,0.55,0.35,0.22,0.3
101859,29,47761,West,SelfEmp,0.8914064630332661,0,320979,0.55,0.35,0.22,0.3
101860,46,50819,North,Business,0.19384135352533144,0,176308,-0.05,-0.1,0.02,0.03
101861,66,117565,East,Business,0.49959904444798664,1,591429,-0.05,-0.12,0.15,0.18
101862,25,45028,West,SelfEmp,0.7489000292262786,0,398706,0.55,0.35,0.22,0.3
101863,64,139379,East,Business,0.4040354587914145,0,515865,-0.05,-0.12,0.15,0.18
101864,49,122103,North,Salaried,0.380355294491297,0,211384,-0.05,-0.1,0.02,0.03
101865,22,47797,West,SelfEmp,0.8695597080397344,0,363353,0.55,0.35,0.22,0.3
101866,24,27632,West,SelfEmp,0.8675092420494322,0,363298,0.55,0.35,0.22,0.3
101867,43,45406,South,Salaried,0.6726674296729286,1,218408,0.3,0.25,0.18,0.08
101868,33,77296,East,Salaried,0.30930240595820324,0,215411,-0.05,-0.1,0.02,0.03
101869,51,131129,East,Business,0.2096777853473166,1,172519,-0.05,-0.1,0.02,0.03
101870,28,36080,West,SelfEmp,0.7410381511286169,0,327988,0.55,0.35,0.22,0.3
101871,31,143800,North,Salaried,0.15693281045240678,0,129792,-0.05,-0.1,0.02,0.03
101872,63,105088,East,Business,0.5523671284078192,0,569935,-0.05,-0.12,0.15,0.18
101873,38,44563,South,Salaried,0.7488937262341309,0,162094,0.3,0.25,0.18,0.08
101874,60,118253,North,Salaried,0.312239767376305,0,192033,-0.05,-0.1,0.02,0.03
101875,26,39349,West,SelfEmp,0.8138323959727392,0,398943,0.55,0.35,0.22,0.3
101876,66,92622,East,Business,0.5124523199615346,0,300913,-0.05,-0.12,0.15,0.18
101877,63,147391,East,Business,0.4856195984146892,1,394588,-0.05,-0.12,0.15,0.18
101878,27,49759,West,SelfEmp,0.8085821828669206,1,436833,0.55,0.35,0.22,0.3
101879,47,129668,East,Salaried,0.3118648036191466,0,86548,-0.05,-0.1,0.02,0.03
101880,29,34401,West,SelfEmp,0.8440034695449243,0,413493,0.55,0.35,0.22,0.3
101881,31,69163,North,Salaried,0.35079955809278307,0,201798,-0.05,-0.1,0.02,0.03
101882,40,127083,North,Business,0.17781589984868176,0,87822,-0.05,-0.1,0.02,0.03
101883,65,106909,North,Salaried,0.37560368850192505,0,103371,-0.05,-0.1,0.02,0.03
101884,45,88227,North,Salaried,0.29427373034781296,0,71460,-0.05,-0.1,0.02,0.03
101885,68,119396,East,Business,0.475031580203191,0,379935,-0.05,-0.12,0.15,0.18
101886,31,135490,East,Salaried,0.3560100192860852,0,120110,-0.05,-0.1,0.02,0.03
101887,41,47665,South,Salaried,0.6578309757558444,0,137341,0.3,0.25,0.18,0.08
101888,67,99914,North,Business,0.239286586623162,1,56621,-0.05,-0.1,0.02,0.03
101889,61,118425,East,Salaried,0.19643605981494192,0,143621,-0.05,-0.1,0.02,0.03
101890,39,58741,East,Business,0.4572435506199515,0,191189,-0.05,-0.1,0.02,0.03
101891,67,51138,North,Business,0.47513642068452266,0,63119,-0.05,-0.1,0.02,0.03
101892,43,76943,East,Salaried,0.4062925143785542,0,209869,-0.05,-0.1,0.02,0.03
101893,43,64619,South,Salaried,0.6152863333492095,0,148586,0.3,0.25,0.18,0.08
101894,34,104029,North,Business,0.40987302714714713,0,70300,-0.05,-0.1,0.02,0.03
101895,24,29806,West,SelfEmp,0.8997062276788172,1,487237,0.55,0.35,0.22,0.3
101896,38,48909,South,Salaried,0.6208483008060577,0,143221,0.3,0.25,0.18,0.08
101897,33,69380,East,Salaried,0.34389534274923095,0,167466,-0.05,-0.1,0.02,0.03
101898,25,41032,West,SelfEmp,0.8329815893767485,0,336919,0.55,0.35,0.22,0.3
101899,26,30714,West,SelfEmp,0.6683414148451351,0,434021,0.55,0.35,0.22,0.3
101900,27,28760,West,SelfEmp,0.8553392577318257,1,290896,0.55,0.35,0.22,0.3
101901,61,94007,North,Business,0.48877519702818717,0,192681,-0.05,-0.1,0.02,0.03
101902,29,30282,West,SelfEmp,0.8464275143257716,0,402603,0.55,0.35,0.22,0.3
101903,52,105983,East,Business,0.4072170540201322,1,662428,-0.05,-0.12,0.15,0.18
101904,46,138523,North,Business,0.23711768399374972,1,55550,-0.05,-0.1,0.02,0.03
101905,48,57138,East,Salaried,0.3504328802498662,0,235888,-0.05,-0.1,0.02,0.03
101906,40,59533,South,Salaried,0.5817432520210927,0,135084,0.3,0.25,0.18,0.08
101907,55,124825,East,Business,0.4429596213776092,1,599390,-0.05,-0.12,0.15,0.18
101908,22,28778,West,SelfEmp,0.6772961217420844,0,483744,0.55,0.35,0.22,0.3
101909,27,26250,West,SelfEmp,0.8830889028872508,0,469530,0.55,0.35,0.22,0.3
101910,23,38894,West,SelfEmp,0.6840151626271676,0,341168,0.55,0.35,0.22,0.3
101911,52,61670,North,Business,0.17605866668995712,0,190121,-0.05,-0.1,0.02,0.03
101912,25,31458,West,SelfEmp,0.8378834778011779,0,314597,0.55,0.35,0.22,0.3
101913,58,52118,East,Salaried,0.1663735713049127,1,92030,-0.05,-0.1,0.02,0.03
101914,23,48523,West,SelfEmp,0.8690187705263013,0,494012,0.55,0.35,0.22,0.3
101915,50,77517,East,Salaried,0.36435825625657725,0,135638,-0.05,-0.1,0.02,0.03
101916,32,88289,North,Business,0.31258548998950875,0,188080,-0.05,-0.1,0.02,0.03
101917,51,102645,East,Business,0.6686134456958956,1,621255,-0.05,-0.12,0.15,0.18
101918,68,78465,North,Business,0.32365953139611997,0,125347,-0.05,-0.1,0.02,0.03
101919,36,32435,South,Salaried,0.6255081591560867,1,238180,0.3,0.25,0.18,0.08
101920,50,107459,East,Business,0.4379077674916648,0,472030,-0.05,-0.12,0.15,0.18
101921,61,105525,East,Salaried,0.3038292763304165,0,87893,-0.05,-0.1,0.02,0.03
101922,26,39595,West,SelfEmp,0.7588460654539513,0,367685,0.55,0.35,0.22,0.3
101923,37,46804,South,Salaried,0.5778898303884757,1,159837,0.3,0.25,0.18,0.08
101924,39,144406,East,Salaried,0.20444349634312356,0,51890,-0.05,-0.1,0.02,0.03
101925,25,27428,West,SelfEmp,0.8722408095147286,0,412707,0.55,0.35,0.22,0.3
101926,33,57282,East,Salaried,0.4145029260675188,0,86853,-0.05,-0.1,0.02,0.03
101927,46,141138,North,Business,0.12555813943973734,1,146199,-0.05,-0.1,0.02,0.03
101928,26,25847,West,SelfEmp,0.7792800461878567,0,349699,0.55,0.35,0.22,0.3
101929,27,39113,West,SelfEmp,0.6975192210391522,0,471853,0.55,0.35,0.22,0.3
101930,27,36110,West,SelfEmp,0.728002678923335,0,373747,0.55,0.35,0.22,0.3
101931,36,67800,North,Salaried,0.28938580044174733,0,150886,-0.05,-0.1,0.02,0.03
101932,37,60117,South,Salaried,0.7469376084646693,0,196723,0.3,0.25,0.18,0.08
101933,36,61510,East,Salaried,0.4567064565337303,0,80141,-0.05,-0.1,0.02,0.03
101934,40,107303,North,Salaried,0.36595852222899905,1,50067,-0.05,-0.1,0.02,0.03
101935,61,99834,North,Salaried,0.3978182873847209,0,149156,-0.05,-0.1,0.02,0.03
101936,63,113621,East,Business,0.6318363417614382,0,561102,-0.05,-0.12,0.15,0.18
101937,22,27595,West,SelfEmp,0.8817174279195621,1,389747,0.55,0.35,0.22,0.3
101938,53,74384,East,Business,0.3923427483258447,0,222661,-0.05,-0.1,0.02,0.03
101939,45,87689,East,Salaried,0.4879699378552881,0,75927,-0.05,-0.1,0.02,0.03
101940,31,106058,North,Business,0.10447624558246811,0,111894,-0.05,-0.1,0.02,0.03
101941,48,69385,East,Salaried,0.3960777676518471,0,128619,-0.05,-0.1,0.02,0.03
101942,40,52326,South,Salaried,0.6088816779929054,1,212272,0.3,0.25,0.18,0.08
101943,54,110192,East,Business,0.4895059322444679,1,677611,-0.05,-0.12,0.15,0.18
101944,45,146915,East,Salaried,0.18603842012549734,0,231612,-0.05,-0.1,0.02,0.03
101945,28,28508,West,SelfEmp,0.8890252406591155,1,395432,0.55,0.35,0.22,0.3
101946,50,147801,East,Business,0.6638480574838448,1,362502,-0.05,-0.12,0.15,0.18
101947,60,59605,East,Business,0.14483997888245131,0,72720,-0.05,-0.1,0.02,0.03
101948,37,40414,South,Salaried,0.7027977052981002,1,254223,0.3,0.25,0.18,0.08
101949,56,141096,East,Business,0.6741399605551054,0,578452,-0.05,-0.12,0.15,0.18
101950,52,73775,East,Salaried,0.20018454757454346,0,172300,-0.05,-0.1,0.02,0.03
101951,57,140147,North,Business,0.29373753931071156,0,105766,-0.05,-0.1,0.02,0.03
101952,55,67272,East,Business,0.2646984584803077,1,53985,-0.05,-0.1,0.02,0.03
101953,61,145277,North,Salaried,0.17473205409311704,1,163901,-0.05,-0.1,0.02,0.03
101954,39,127906,North,Salaried,0.32825453334359733,0,79621,-0.05,-0.1,0.02,0.03
101955,37,69538,East,Salaried,0.15810689917085116,0,74594,-0.05,-0.1,0.02,0.03
101956,68,113936,East,Business,0.5580095613737759,1,621033,-0.05,-0.12,0.15,0.18
101957,21,27191,West,SelfEmp,0.6619413022874409,1,425659,0.55,0.35,0.22,0.3
101958,42,60200,South,Salaried,0.720509748084581,1,230930,0.3,0.25,0.18,0.08
101959,44,112519,East,Salaried,0.2990984650862976,0,218033,-0.05,-0.1,0.02,0.03
101960,33,34383,South,Salaried,0.7701144003628714,0,221454,0.3,0.25,0.18,0.08
101961,37,73250,East,Salaried,0.2246952237103329,0,200604,-0.05,-0.1,0.02,0.03
101962,23,30126,West,SelfEmp,0.7015147391634571,0,310989,0.55,0.35,0.22,0.3
101963,25,33281,West,SelfEmp,0.8801016205074431,1,291051,0.55,0.35,0.22,0.3
101964,28,49515,West,SelfEmp,0.8466587265503162,0,332509,0.55,0.35,0.22,0.3
101965,36,54459,South,Salaried,0.7329212355129553,0,140168,0.3,0.25,0.18,0.08
101966,44,61892,South,Salaried,0.6179704487372559,0,223467,0.3,0.25,0.18,0.08
101967,64,66445,East,Business,0.4104813869069328,0,75393,-0.05,-0.1,0.02,0.03
101968,53,132894,East,Salaried,0.4536486859483956,0,214420,-0.05,-0.1,0.02,0.03
101969,22,35223,West,SelfEmp,0.8217242600236612,1,380929,0.55,0.35,0.22,0.3
101970,56,54345,North,Business,0.2513122770916527,1,175061,-0.05,-0.1,0.02,0.03
101971,21,44876,West,SelfEmp,0.7984982546721434,0,471880,0.55,0.35,0.22,0.3
101972,48,137768,East,Salaried,0.36639379544741457,0,180738,-0.05,-0.1,0.02,0.03
101973,55,147703,East,Business,0.5943771605678196,0,419363,-0.05,-0.12,0.15,0.18
101974,30,57685,South,Salaried,0.58268980008398,0,196598,0.3,0.25,0.18,0.08
101975,42,142526,North,Salaried,0.3949224647905115,0,214814,-0.05,-0.1,0.02,0.03
101976,53,129780,East,Business,0.6937831803834926,0,429778,-0.05,-0.12,0.15,0.18
101977,60,141860,East,Salaried,0.3235762359529382,0,229860,-0.05,-0.1,0.02,0.03
101978,44,62667,South,Salaried,0.6183559117494171,0,263877,0.3,0.25,0.18,0.08
101979,23,34324,West,SelfEmp,0.852572307562736,1,337268,0.55,0.35,0.22,0.3
101980,33,56496,South,Salaried,0.7962817673206251,1,203408,0.3,0.25,0.18,0.08
101981,43,63584,East,Salaried,0.19289903798041164,0,139010,-0.05,-0.1,0.02,0.03
101982,53,147313,North,Salaried,0.4982701735049425,0,168901,-0.05,-0.1,0.02,0.03
101983,47,123582,North,Business,0.2519171184937084,0,224291,-0.05,-0.1,0.02,0.03
101984,32,101119,North,Salaried,0.33086499926612656,1,118664,-0.05,-0.1,0.02,0.03
101985,22,47206,West,SelfEmp,0.8929445823015951,1,294569,0.55,0.35,0.22,0.3
101986,30,127641,East,Salaried,0.1278209358558312,0,68162,-0.05,-0.1,0.02,0.03
101987,56,142556,North,Business,0.20952363792226053,0,79998,-0.05,-0.1,0.02,0.03
101988,61,77333,East,Salaried,0.4424810761428811,1,85320,-0.05,-0.1,0.02,0.03
101989,38,63819,South,Salaried,0.7647500707358427,0,233305,0.3,0.25,0.18,0.08
101990,44,75316,East,Salaried,0.44468833839276867,0,149754,-0.05,-0.1,0.02,0.03
101991,36,52169,South,Salaried,0.5553235718742218,1,156526,0.3,0.25,0.18,0.08
101992,66,119066,North,Business,0.3765451574847164,0,168016,-0.05,-0.1,0.02,0.03
101993,59,141354,East,Salaried,0.4880261773026683,1,174779,-0.05,-0.1,0.02,0.03
101994,30,88446,North,Business,0.20168208623443934,1,181994,-0.05,-0.1,0.02,0.03
101995,33,42790,South,Salaried,0.5777687161611261,0,121490,0.3,0.25,0.18,0.08
101996,21,45584,West,SelfEmp,0.7532408608621516,0,476896,0.55,0.35,0.22,0.3
101997,46,111286,North,Salaried,0.10670241022080461,0,220920,-0.05,-0.1,0.02,0.03
101998,39,131396,East,Business,0.3488518710321813,0,190653,-0.05,-0.1,0.02,0.03
101999,31,54940,South,Salaried,0.7864491498476881,0,174617,0.3,0.25,0.18,0.08
102000,48,115263,North,Salaried,0.28138481195271897,0,135895,-0.05,-0.1,0.02,0.03
102001,27,48173,West,SelfEmp,0.7665123586117665,0,342356,0.55,0.35,0.22,0.3
102002,48,95418,East,Salaried,0.17560081652398668,0,228148,-0.05,-0.1,0.02,0.03
102003,51,99975,East,Salaried,0.27487202509534214,0,61927,-0.05,-0.1,0.02,0.03
102004,65,112456,East,Business,0.5965278085372931,0,427412,-0.05,-0.12,0.15,0.18
102005,22,37377,West,SelfEmp,0.8899006111579189,0,426025,0.55,0.35,0.22,0.3
102006,21,43931,West,SelfEmp,0.8240105555486401,0,400266,0.55,0.35,0.22,0.3
102007,38,47447,South,Salaried,0.5628433760846611,0,248923,0.3,0.25,0.18,0.08
102008,37,60496,South,Salaried,0.643376120452986,1,178918,0.3,0.25,0.18,0.08
102009,44,45430,South,Salaried,0.7534934885956162,1,189120,0.3,0.25,0.18,0.08
102010,28,43310,West,SelfEmp,0.7335589376223155,0,390669,0.55,0.35,0.22,0.3
102011,51,139648,East,Business,0.6687000399707574,0,695926,-0.05,-0.12,0.15,0.18
102012,43,148023,North,Salaried,0.4235066523159018,1,138024,-0.05,-0.1,0.02,0.03
102013,54,105539,East,Business,0.6384236991425842,0,627729,-0.05,-0.12,0.15,0.18
102014,25,29046,West,SelfEmp,0.7030547338799821,1,254223,0.55,0.35,0.22,0.3
102015,27,37865,West,SelfEmp,0.6886865106735085,1,437803,0.55,0.35,0.22,0.3
102016,48,119676,East,Business,0.16417027739146345,0,147509,-0.05,-0.1,0.02,0.03
102017,55,117980,North,Business,0.16689445151796556,0,134195,-0.05,-0.1,0.02,0.03
102018,43,40269,South,Salaried,0.5892032323683227,0,251239,0.3,0.25,0.18,0.08
102019,35,89543,North,Business,0.4412436873569704,0,151120,-0.05,-0.1,0.02,0.03
102020,52,147277,East,Business,0.5784714060700558,0,672314,-0.05,-0.12,0.15,0.18
102021,68,109094,East,Salaried,0.40128370756229625,0,196310,-0.05,-0.1,0.02,0.03
102022,37,96596,North,Salaried,0.26684474408382985,0,210710,-0.05,-0.1,0.02,0.03
102023,67,112553,East,Business,0.1356177439297823,0,211161,-0.05,-0.1,0.02,0.03
102024,44,32015,South,Salaried,0.7890263818101627,1,251102,0.3,0.25,0.18,0.08
102025,60,142771,East,Business,0.4167785373597416,0,415196,-0.05,-0.12,0.15,0.18
102026,33,37977,South,Salaried,0.7851530778095016,1,242463,0.3,0.25,0.18,0.08
102027,46,101067,East,Business,0.1171338405994157,0,244021,-0.05,-0.1,0.02,0.03
102028,55,112205,East,Business,0.5562103369620446,0,447551,-0.05,-0.12,0.15,0.18
102029,25,36498,West,SelfEmp,0.7033077915693848,0,439789,0.55,0.35,0.22,0.3
102030,42,130801,North,Business,0.4327124624054155,0,192483,-0.05,-0.1,0.02,0.03
102031,49,72510,North,Salaried,0.23029001602595112,0,135980,-0.05,-0.1,0.02,0.03
102032,34,135846,North,Salaried,0.3784248824337151,1,207906,-0.05,-0.1,0.02,0.03
102033,64,121654,East,Salaried,0.22898086165004186,0,206047,-0.05,-0.1,0.02,0.03
102034,33,141679,East,Business,0.25611022256925164,0,203356,-0.05,-0.1,0.02,0.03
102035,44,41691,South,Salaried,0.6552399587647597,0,184556,0.3,0.25,0.18,0.08
102036,52,132573,East,Business,0.4305957377722167,0,554902,-0.05,-0.12,0.15,0.18
102037,27,29305,West,SelfEmp,0.8009108998624747,0,399732,0.55,0.35,0.22,0.3
102038,31,112402,East,Business,0.32591271797322907,0,206033,-0.05,-0.1,0.02,0.03
102039,45,84179,North,Business,0.26421090141388787,0,201094,-0.05,-0.1,0.02,0.03
102040,38,60451,South,Salaried,0.7991150036048211,0,123138,0.3,0.25,0.18,0.08
102041,27,41794,West,SelfEmp,0.8096442050289238,1,374467,0.55,0.35,0.22,0.3
102042,23,38985,West,SelfEmp,0.6525893578427053,0,393241,0.55,0.35,0.22,0.3
102043,66,144785,East,Business,0.5230584597576777,1,465728,-0.05,-0.12,0.15,0.18
102044,52,107377,East,Business,0.46909428211388104,1,589909,-0.05,-0.12,0.15,0.18
102045,40,74841,North,Business,0.14154517068037845,0,137301,-0.05,-0.1,0.02,0.03
102046,28,31049,West,SelfEmp,0.7127732892660075,0,492789,0.55,0.35,0.22,0.3
102047,22,29946,West,SelfEmp,0.8082266259464254,0,384733,0.55,0.35,0.22,0.3
102048,65,132824,North,Business,0.3527378026569904,0,225795,-0.05,-0.1,0.02,0.03
102049,23,38119,West,SelfEmp,0.7842329573209527,0,279315,0.55,0.35,0.22,0.3
102050,21,28675,West,SelfEmp,0.8885604232906791,0,261845,0.55,0.35,0.22,0.3
102051,40,46230,South,Salaried,0.5584162991252707,0,268679,0.3,0.25,0.18,0.08
102052,51,137635,East,Business,0.4556371474252411,1,612647,-0.05,-0.12,0.15,0.18
102053,51,71241,East,Business,0.42633391585432734,0,173572,-0.05,-0.1,0.02,0.03
102054,26,41483,West,SelfEmp,0.858182189104727,0,276496,0.55,0.35,0.22,0.3
102055,54,139407,East,Business,0.5087636083169602,0,335775,-0.05,-0.12,0.15,0.18
102056,35,43696,South,Salaried,0.5720297533323734,0,157880,0.3,0.25,0.18,0.08
102057,22,26580,West,SelfEmp,0.66216716469045,1,464844,0.55,0.35,0.22,0.3
102058,34,53576,South,Salaried,0.6500132161102579,0,209482,0.3,0.25,0.18,0.08
102059,35,84872,East,Salaried,0.4232644610274412,0,190178,-0.05,-0.1,0.02,0.03
102060,36,115592,East,Salaried,0.32712032017573156,0,50545,-0.05,-0.1,0.02,0.03
102061,35,121931,East,Business,0.28004049031950157,0,100564,-0.05,-0.1,0.02,0.03
102062,28,41731,West,SelfEmp,0.6977228663538736,0,346766,0.55,0.35,0.22,0.3
102063,28,31613,West,SelfEmp,0.6733484998873613,0,389549,0.55,0.35,0.22,0.3
102064,43,62818,South,Salaried,0.7566901583557275,0,180780,0.3,0.25,0.18,0.08
102065,23,38791,West,SelfEmp,0.7416701140238009,0,276965,0.55,0.35,0.22,0.3
102066,26,43492,West,SelfEmp,0.7315492797016623,0,272840,0.55,0.35,0.22,0.3
102067,58,118870,East,Salaried,0.11057824073937295,0,113826,-0.05,-0.1,0.02,0.03
102068,41,33834,South,Salaried,0.5933573800051689,1,144996,0.3,0.25,0.18,0.08
102069,68,129658,East,Business,0.30290606383604857,0,172495,-0.05,-0.1,0.02,0.03
102070,25,26444,West,SelfEmp,0.7363050151385442,0,405360,0.55,0.35,0.22,0.3
102071,56,106335,North,Salaried,0.4444341926049139,0,116534,-0.05,-0.1,0.02,0.03
102072,52,68908,North,Business,0.29828187431298714,1,224249,-0.05,-0.1,0.02,0.03
102073,56,130903,East,Business,0.5403083365158077,1,418886,-0.05,-0.12,0.15,0.18
102074,36,107355,North,Salaried,0.16819589829862708,0,111528,-0.05,-0.1,0.02,0.03
102075,56,104102,North,Salaried,0.44933523434439415,1,89907,-0.05,-0.1,0.02,0.03
102076,30,60802,East,Business,0.3536479287460733,1,223411,-0.05,-0.1,0.02,0.03
102077,39,96521,North,Business,0.123617400480721,1,139398,-0.05,-0.1,0.02,0.03
102078,35,60591,South,Salaried,0.6686892808490641,0,265456,0.3,0.25,0.18,0.08
102079,59,52214,East,Business,0.278136436271069,0,66621,-0.05,-0.1,0.02,0.03
102080,43,72547,East,Salaried,0.10615093373880607,0,210559,-0.05,-0.1,0.02,0.03
102081,22,42151,West,SelfEmp,0.7800131853843034,0,302576,0.55,0.35,0.22,0.3
102082,39,66469,North,Business,0.16780719735813665,0,110771,-0.05,-0.1,0.02,0.03
102083,28,40002,West,SelfEmp,0.8736344653140321,0,465400,0.55,0.35,0.22,0.3
102084,44,36971,South,Salaried,0.6299266568806025,1,251846,0.3,0.25,0.18,0.08
102085,24,32342,West,SelfEmp,0.8275320599657692,0,494740,0.55,0.35,0.22,0.3
102086,36,69231,North,Salaried,0.14958775820486314,0,227464,-0.05,-0.1,0.02,0.03
102087,69,142334,East,Salaried,0.49589366092360077,0,200513,-0.05,-0.1,0.02,0.03
102088,21,48589,West,SelfEmp,0.674174378436764,0,413578,0.55,0.35,0.22,0.3
102089,29,48167,West,SelfEmp,0.7080727940922809,0,353970,0.55,0.35,0.22,0.3
102090,62,124486,East,Business,0.5106618930106893,0,416160,-0.05,-0.12,0.15,0.18
102091,32,54712,South,Salaried,0.6688278906164783,0,220508,0.3,0.25,0.18,0.08
102092,29,29948,West,SelfEmp,0.7384494158419872,0,295926,0.55,0.35,0.22,0.3
102093,62,110614,North,Business,0.23348178942389866,0,62098,-0.05,-0.1,0.02,0.03
102094,35,133308,East,Business,0.21798228468907255,0,217143,-0.05,-0.1,0.02,0.03
102095,39,57489,North,Business,0.26321427159580635,0,171233,-0.05,-0.1,0.02,0.03
102096,66,103301,East,Business,0.1858020385761229,0,105242,-0.05,-0.1,0.02,0.03
102097,45,53212,North,Salaried,0.10406748976787555,0,128295,-0.05,-0.1,0.02,0.03
102098,25,39705,West,SelfEmp,0.8048209652041977,1,458147,0.55,0.35,0.22,0.3
102099,39,54237,North,Business,0.2746459945965418,0,186484,-0.05,-0.1,0.02,0.03
102100,26,31427,West,SelfEmp,0.740482718923184,0,396444,0.55,0.35,0.22,0.3
102101,39,86431,North,Salaried,0.10266701806050814,0,241239,-0.05,-0.1,0.02,0.03
102102,54,131849,East,Business,0.5631536420734145,1,462730,-0.05,-0.12,0.15,0.18
102103,49,77122,East,Salaried,0.4829288780228156,0,234401,-0.05,-0.1,0.02,0.03
102104,60,147199,East,Business,0.5744712342095156,0,309106,-0.05,-0.12,0.15,0.18
102105,64,76433,East,Salaried,0.49384654446487997,0,134921,-0.05,-0.1,0.02,0.03
102106,34,31951,South,Salaried,0.7397508093175473,0,273939,0.3,0.25,0.18,0.08
102107,64,92256,East,Business,0.5526402259619521,0,545353,-0.05,-0.12,0.15,0.18
102108,60,126045,East,Business,0.6087033027139914,1,537296,-0.05,-0.12,0.15,0.18
102109,49,60807,East,Business,0.34941187981774113,0,245912,-0.05,-0.1,0.02,0.03
102110,42,46749,South,Salaried,0.6045069267237146,1,225442,0.3,0.25,0.18,0.08
102111,41,95129,East,Business,0.4934199450092208,0,162873,-0.05,-0.1,0.02,0.03
102112,50,119787,East,Business,0.4954294827626249,0,339064,-0.05,-0.12,0.15,0.18
102113,24,25810,West,SelfEmp,0.7221015958123503,1,449887,0.55,0.35,0.22,0.3
102114,35,47046,South,Salaried,0.5900669427336727,1,245557,0.3,0.25,0.18,0.08
102115,65,114291,East,Business,0.6035213854079708,0,537807,-0.05,-0.12,0.15,0.18
102116,30,120970,North,Salaried,0.43418954743091887,0,108477,-0.05,-0.1,0.02,0.03
102117,24,26395,West,SelfEmp,0.6531696265068255,0,436088,0.55,0.35,0.22,0.3
102118,23,39675,West,SelfEmp,0.8970570277297393,0,408637,0.55,0.35,0.22,0.3
102119,51,117961,East,Business,0.2708129634033688,0,218645,-0.05,-0.1,0.02,0.03
102120,23,39199,West,SelfEmp,0.8237112664917542,0,267845,0.55,0.35,0.22,0.3
102121,32,31551,South,Salaried,0.6578998910223348,0,276381,0.3,0.25,0.18,0.08
102122,50,148395,East,Salaried,0.17634323515290506,0,235006,-0.05,-0.1,0.02,0.03
102123,67,143348,East,Salaried,0.129533985646222,0,177391,-0.05,-0.1,0.02,0.03
102124,52,95460,North,Salaried,0.1703301662195084,0,91725,-0.05,-0.1,0.02,0.03
102125,31,82287,East,Business,0.14630841391783245,0,160030,-0.05,-0.1,0.02,0.03
102126,24,40105,West,SelfEmp,0.8166457698334333,0,359938,0.55,0.35,0.22,0.3
102127,24,32593,West,SelfEmp,0.8460109957361371,0,381047,0.55,0.35,0.22,0.3
102128,26,25248,West,SelfEmp,0.7892921316339135,0,347044,0.55,0.35,0.22,0.3
102129,21,45798,West,SelfEmp,0.8627796976939717,0,343939,0.55,0.35,0.22,0.3
102130,68,99559,East,Business,0.5265127254719321,0,659901,-0.05,-0.12,0.15,0.18
102131,58,141352,East,Business,0.6669897053249698,0,520945,-0.05,-0.12,0.15,0.18
102132,59,148242,East,Business,0.5012002066235872,1,690743,-0.05,-0.12,0.15,0.18
102133,54,99755,East,Salaried,0.15539823365892091,0,69876,-0.05,-0.1,0.02,0.03
102134,38,124732,North,Business,0.4436610251775527,0,132734,-0.05,-0.1,0.02,0.03
102135,26,33776,West,SelfEmp,0.8663732415155708,0,300636,0.55,0.35,0.22,0.3
102136,35,149622,North,Business,0.3350546058752835,0,200316,-0.05,-0.1,0.02,0.03
102137,26,46823,West,SelfEmp,0.7428346190861971,0,357740,0.55,0.35,0.22,0.3
102138,52,147493,East,Salaried,0.40881354703279627,0,149181,-0.05,-0.1,0.02,0.03
102139,53,126152,North,Business,0.16893411934098124,0,114811,-0.05,-0.1,0.02,0.03
102140,42,45538,South,Salaried,0.7470382446536468,1,137963,0.3,0.25,0.18,0.08
102141,57,146527,East,Business,0.29068631779174303,0,94932,-0.05,-0.1,0.02,0.03
102142,36,46982,South,Salaried,0.6878208490073421,0,229929,0.3,0.25,0.18,0.08
102143,23,43948,West,SelfEmp,0.8007029506879438,0,279443,0.55,0.35,0.22,0.3
102144,40,45845,South,Salaried,0.7382895153987976,0,261447,0.3,0.25,0.18,0.08
102145,55,136946,North,Business,0.13081011780717114,0,239952,-0.05,-0.1,0.02,0.03
102146,30,101879,East,Salaried,0.3050844245904607,0,191059,-0.05,-0.1,0.02,0.03
102147,42,140915,East,Salaried,0.1755016012997484,0,245161,-0.05,-0.1,0.02,0.03
102148,41,51092,North,Business,0.19388288894418163,0,92468,-0.05,-0.1,0.02,0.03
102149,53,145772,North,Business,0.1645985175262789,0,176167,-0.05,-0.1,0.02,0.03
102150,52,131993,East,Salaried,0.35505629198866606,0,183505,-0.05,-0.1,0.02,0.03
102151,39,63590,South,Salaried,0.79616196538899,1,279497,0.3,0.25,0.18,0.08
102152,56,131273,East,Business,0.4342271748319827,1,339821,-0.05,-0.12,0.15,0.18
102153,46,93568,East,Salaried,0.12295080454155399,0,86783,-0.05,-0.1,0.02,0.03
102154,49,79105,East,Business,0.31597605345040286,0,155249,-0.05,-0.1,0.02,0.03
102155,51,135824,East,Business,0.21091109098706542,1,54908,-0.05,-0.1,0.02,0.03
102156,68,84508,North,Business,0.2478869554275006,0,95432,-0.05,-0.1,0.02,0.03
102157,38,143164,North,Salaried,0.31833423140713135,0,242710,-0.05,-0.1,0.02,0.03
102158,41,59589,South,Salaried,0.6441681550250367,0,202515,0.3,0.25,0.18,0.08
102159,25,26744,West,SelfEmp,0.888389970433243,0,471146,0.55,0.35,0.22,0.3
102160,36,94460,North,Business,0.24784255608968833,0,193408,-0.05,-0.1,0.02,0.03
102161,38,52455,South,Salaried,0.6226938368996784,0,201784,0.3,0.25,0.18,0.08
102162,47,85159,East,Business,0.49191675537558655,0,188288,-0.05,-0.1,0.02,0.03
102163,28,38564,West,SelfEmp,0.8822311895191641,0,291504,0.55,0.35,0.22,0.3
102164,32,109452,East,Business,0.15702187719926508,0,195373,-0.05,-0.1,0.02,0.03
102165,23,25631,West,SelfEmp,0.8241519761122968,0,438642,0.55,0.35,0.22,0.3
102166,23,37631,West,SelfEmp,0.7411177540358495,0,488000,0.55,0.35,0.22,0.3
102167,36,58538,South,Salaried,0.6616106714932037,1,204430,0.3,0.25,0.18,0.08
102168,32,64275,North,Business,0.3387193272533818,0,60357,-0.05,-0.1,0.02,0.03
102169,25,48686,West,SelfEmp,0.7985180385813947,0,367677,0.55,0.35,0.22,0.3
102170,30,98508,East,Business,0.3768349525158411,0,232613,-0.05,-0.1,0.02,0.03
102171,21,28464,West,SelfEmp,0.6800459164281899,0,271610,0.55,0.35,0.22,0.3
102172,37,77128,East,Business,0.13571644918602563,0,136029,-0.05,-0.1,0.02,0.03
102173,46,114849,North,Salaried,0.14155968123505694,0,139166,-0.05,-0.1,0.02,0.03
102174,21,30886,West,SelfEmp,0.776809705213594,0,278338,0.55,0.35,0.22,0.3
102175,53,102600,North,Business,0.25203777821423157,0,99729,-0.05,-0.1,0.02,0.03
102176,40,44235,South,Salaried,0.726090242454511,0,273003,0.3,0.25,0.18,0.08
102177,25,43498,West,SelfEmp,0.6739291561123396,0,388801,0.55,0.35,0.22,0.3
102178,41,125738,East,Business,0.11621858865939144,0,195098,-0.05,-0.1,0.02,0.03
102179,57,105026,East,Salaried,0.4741228839591942,0,135059,-0.05,-0.1,0.02,0.03
102180,42,58329,South,Salaried,0.7921319347867749,0,183776,0.3,0.25,0.18,0.08
102181,56,98014,East,Business,0.4468656582341504,0,613382,-0.05,-0.12,0.15,0.18
102182,38,63096,South,Salaried,0.7193645517035792,0,135386,0.3,0.25,0.18,0.08
102183,48,62131,North,Business,0.44181583361748467,0,233689,-0.05,-0.1,0.02,0.03
102184,44,104566,East,Business,0.30476730626312315,0,220553,-0.05,-0.1,0.02,0.03
102185,50,144229,East,Business,0.34214444519504095,0,83795,-0.05,-0.1,0.02,0.03
102186,30,127121,North,Salaried,0.45507014727036055,0,100064,-0.05,-0.1,0.02,0.03
102187,37,92229,East,Salaried,0.3890327323345937,0,178863,-0.05,-0.1,0.02,0.03
102188,27,32028,West,SelfEmp,0.852214880884432,1,430127,0.55,0.35,0.22,0.3
102189,51,99125,East,Business,0.6950493240097685,1,386896,-0.05,-0.12,0.15,0.18
102190,55,146520,North,Business,0.11770534085891034,0,50216,-0.05,-0.1,0.02,0.03
102191,52,122730,East,Salaried,0.3645243771194303,0,176337,-0.05,-0.1,0.02,0.03
102192,27,40863,West,SelfEmp,0.6689121493328779,0,275435,0.55,0.35,0.22,0.3
102193,33,145212,East,Business,0.10571038315362072,1,93200,-0.05,-0.1,0.02,0.03
102194,36,61773,North,Salaried,0.46836204638599055,0,129468,-0.05,-0.1,0.02,0.03
102195,31,109557,East,Salaried,0.26217847297182867,0,243288,-0.05,-0.1,0.02,0.03
102196,22,47119,West,SelfEmp,0.7974132059555209,0,428613,0.55,0.35,0.22,0.3
102197,47,72156,North,Salaried,0.17965046947740998,0,78421,-0.05,-0.1,0.02,0.03
102198,51,126214,East,Business,0.40856657825095916,0,373775,-0.05,-0.12,0.15,0.18
102199,48,75038,East,Salaried,0.41844962187341117,1,146075,-0.05,-0.1,0.02,0.03
102200,68,90193,North,Salaried,0.2590083092062988,1,172192,-0.05,-0.1,0.02,0.03
102201,50,113275,East,Salaried,0.31650921868892734,0,55023,-0.05,-0.1,0.02,0.03
102202,63,126334,East,Business,0.6319367068711144,1,662805,-0.05,-0.12,0.15,0.18
102203,29,47292,West,SelfEmp,0.794478652463045,0,465438,0.55,0.35,0.22,0.3
102204,26,47439,West,SelfEmp,0.7196682881617501,0,271139,0.55,0.35,0.22,0.3
102205,67,98326,East,Business,0.47521298417242774,0,573687,-0.05,-0.12,0.15,0.18
102206,57,98142,North,Salaried,0.3601590021616078,0,91787,-0.05,-0.1,0.02,0.03
102207,39,49511,South,Salaried,0.6265203774380832,0,158344,0.3,0.25,0.18,0.08
102208,26,48380,West,SelfEmp,0.7170109005211579,0,320332,0.55,0.35,0.22,0.3
102209,26,37430,West,SelfEmp,0.7703848882858627,0,423765,0.55,0.35,0.22,0.3
102210,62,75862,East,Business,0.45889819155370437,0,55721,-0.05,-0.1,0.02,0.03
102211,53,107491,East,Business,0.4652868266217797,0,389191,-0.05,-0.12,0.15,0.18
102212,36,51896,South,Salaried,0.7135378401898161,0,244973,0.3,0.25,0.18,0.08
102213,21,36893,West,SelfEmp,0.7747659787333545,0,379175,0.55,0.35,0.22,0.3
102214,21,36424,West,SelfEmp,0.6685564828559345,0,277392,0.55,0.35,0.22,0.3
102215,23,44556,West,SelfEmp,0.7205855954829331,1,269016,0.55,0.35,0.22,0.3
102216,53,121164,East,Business,0.2573469642533073,0,172978,-0.05,-0.1,0.02,0.03
102217,38,53914,North,Business,0.32325046949359826,0,85899,-0.05,-0.1,0.02,0.03
102218,33,55525,South,Salaried,0.747670666977172,0,265644,0.3,0.25,0.18,0.08
102219,36,98977,East,Business,0.40910633147440645,0,226628,-0.05,-0.1,0.02,0.03
102220,25,29267,West,SelfEmp,0.659012753459483,0,336734,0.55,0.35,0.22,0.3
102221,26,27984,West,SelfEmp,0.79707502878492,0,418313,0.55,0.35,0.22,0.3
102222,38,63185,South,Salaried,0.6279928169358475,0,162193,0.3,0.25,0.18,0.08
102223,25,37285,West,SelfEmp,0.8882764719289187,0,467280,0.55,0.35,0.22,0.3
102224,69,79377,East,Salaried,0.4113796836618667,0,228627,-0.05,-0.1,0.02,0.03
102225,35,51534,South,Salaried,0.7694304918601611,1,263250,0.3,0.25,0.18,0.08
102226,27,35872,West,SelfEmp,0.7894997672528407,0,446880,0.55,0.35,0.22,0.3
102227,59,60297,North,Salaried,0.2520743291480382,0,104879,-0.05,-0.1,0.02,0.03
102228,22,41130,West,SelfEmp,0.6581835530712927,0,440153,0.55,0.35,0.22,0.3
102229,44,84343,North,Salaried,0.13144925285378958,0,64145,-0.05,-0.1,0.02,0.03
102230,58,53187,East,Salaried,0.47903264092691866,0,97698,-0.05,-0.1,0.02,0.03
102231,23,43265,West,SelfEmp,0.8772331391690044,0,331892,0.55,0.35,0.22,0.3
102232,52,96870,East,Business,0.6323106361546504,1,657261,-0.05,-0.12,0.15,0.18
102233,57,118518,East,Business,0.4741214200535351,0,101167,-0.05,-0.1,0.02,0.03
102234,40,106677,East,Salaried,0.34986383755196415,0,177304,-0.05,-0.1,0.02,0.03
102235,23,31900,West,SelfEmp,0.8864443532849762,1,423975,0.55,0.35,0.22,0.3
102236,23,49579,West,SelfEmp,0.680465759559508,0,437715,0.55,0.35,0.22,0.3
102237,53,52747,North,Salaried,0.19170617186152306,0,156369,-0.05,-0.1,0.02,0.03
102238,32,113554,North,Salaried,0.41001692352509234,0,214986,-0.05,-0.1,0.02,0.03
102239,30,41532,South,Salaried,0.7895172638345263,0,221927,0.3,0.25,0.18,0.08
102240,28,42872,West,SelfEmp,0.7433226649692284,0,460979,0.55,0.35,0.22,0.3
102241,31,106092,North,Salaried,0.27593589237255556,0,170161,-0.05,-0.1,0.02,0.03
102242,32,63247,South,Salaried,0.7996893870111046,1,153867,0.3,0.25,0.18,0.08
102243,60,96417,East,Business,0.10274208931053055,0,170878,-0.05,-0.1,0.02,0.03
102244,57,68605,North,Salaried,0.4131933191828543,0,197573,-0.05,-0.1,0.02,0.03
102245,24,29667,West,SelfEmp,0.8011446196210946,0,462108,0.55,0.35,0.22,0.3
102246,37,90426,East,Salaried,0.1491630432051182,0,78910,-0.05,-0.1,0.02,0.03
102247,54,137775,East,Business,0.5580122731388476,0,433241,-0.05,-0.12,0.15,0.18
102248,62,123747,East,Salaried,0.34184048700108427,0,193004,-0.05,-0.1,0.02,0.03
102249,40,116850,East,Salaried,0.13402975667564823,0,123423,-0.05,-0.1,0.02,0.03
102250,43,37490,South,Salaried,0.6963759233950193,0,145091,0.3,0.25,0.18,0.08
102251,26,47022,West,SelfEmp,0.6588932292585099,1,354334,0.55,0.35,0.22,0.3
102252,39,84128,East,Business,0.1575960063657469,1,72871,-0.05,-0.1,0.02,0.03
102253,39,52303,South,Salaried,0.7934897267010323,1,216676,0.3,0.25,0.18,0.08
102254,31,64279,South,Salaried,0.6995977659847923,0,253764,0.3,0.25,0.18,0.08
102255,30,51118,South,Salaried,0.672159642038415,0,189788,0.3,0.25,0.18,0.08
102256,51,143011,East,Salaried,0.16438291373303854,0,195164,-0.05,-0.1,0.02,0.03
102257,53,68095,North,Salaried,0.40001571850364215,0,91357,-0.05,-0.1,0.02,0.03
102258,26,25592,West,SelfEmp,0.8741786457632563,0,480818,0.55,0.35,0.22,0.3
102259,21,48834,West,SelfEmp,0.6878686920542066,0,271781,0.55,0.35,0.22,0.3
102260,65,144191,East,Business,0.39584726651478985,0,216268,-0.05,-0.1,0.02,0.03
102261,28,27332,West,SelfEmp,0.7945382352853247,0,333011,0.55,0.35,0.22,0.3
102262,25,30755,West,SelfEmp,0.8247696573659997,0,388639,0.55,0.35,0.22,0.3
102263,34,82378,North,Business,0.44990479798907446,0,195912,-0.05,-0.1,0.02,0.03
102264,38,135311,East,Business,0.24642776879951747,0,213719,-0.05,-0.1,0.02,0.03
102265,35,45886,South,Salaried,0.5737708574021163,0,167521,0.3,0.25,0.18,0.08
102266,50,115207,North,Business,0.15225448192951208,0,192737,-0.05,-0.1,0.02,0.03
102267,28,45708,West,SelfEmp,0.8019129853235367,0,456076,0.55,0.35,0.22,0.3
102268,33,32962,South,Salaried,0.7541147960150522,0,253482,0.3,0.25,0.18,0.08
102269,52,68429,North,Business,0.17872915796933336,0,126764,-0.05,-0.1,0.02,0.03
102270,51,54464,North,Business,0.17948427992374422,0,62646,-0.05,-0.1,0.02,0.03
102271,31,68034,North,Business,0.3413172111753795,0,235990,-0.05,-0.1,0.02,0.03
102272,24,28286,West,SelfEmp,0.7909539622492339,0,339194,0.55,0.35,0.22,0.3
102273,23,41979,West,SelfEmp,0.6644167878667069,0,438252,0.55,0.35,0.22,0.3
102274,56,116606,East,Business,0.49857562398260546,0,327877,-0.05,-0.12,0.15,0.18
102275,28,41476,West,SelfEmp,0.7760598174620259,0,472062,0.55,0.35,0.22,0.3
102276,29,27964,West,SelfEmp,0.7695179761119639,0,471060,0.55,0.35,0.22,0.3
102277,23,27918,West,SelfEmp,0.6824396566511589,0,460947,0.55,0.35,0.22,0.3
102278,53,110777,East,Salaried,0.11240864308239025,0,240538,-0.05,-0.1,0.02,0.03
102279,36,46720,South,Salaried,0.6364536474430358,0,203834,0.3,0.25,0.18,0.08
102280,65,126093,North,Salaried,0.4645799253101709,0,170149,-0.05,-0.1,0.02,0.03
102281,30,35543,South,Salaried,0.6746952393487613,0,277885,0.3,0.25,0.18,0.08
102282,35,109246,North,Business,0.34163547509242975,0,67261,-0.05,-0.1,0.02,0.03
102283,58,50992,North,Salaried,0.36336281175155827,0,170218,-0.05,-0.1,0.02,0.03
102284,35,71725,East,Salaried,0.2403588189744734,0,115601,-0.05,-0.1,0.02,0.03
102285,26,44177,West,SelfEmp,0.8199893036112503,0,328181,0.55,0.35,0.22,0.3
102286,39,36207,South,Salaried,0.6203282450126396,1,121282,0.3,0.25,0.18,0.08
102287,57,126381,East,Business,0.42276260793199427,0,516001,-0.05,-0.12,0.15,0.18
102288,59,99460,East,Business,0.12417482120944223,0,85371,-0.05,-0.1,0.02,0.03
102289,44,74782,North,Business,0.23145323311246757,0,136611,-0.05,-0.1,0.02,0.03
102290,43,63895,South,Salaried,0.5526668526738178,0,244082,0.3,0.25,0.18,0.08
102291,23,45329,West,SelfEmp,0.7108661985400704,0,443655,0.55,0.35,0.22,0.3
102292,28,49358,West,SelfEmp,0.8996731211667127,0,368676,0.55,0.35,0.22,0.3
102293,24,43450,West,SelfEmp,0.6680672603497847,1,289856,0.55,0.35,0.22,0.3
102294,24,25986,West,SelfEmp,0.850555983001786,0,477481,0.55,0.35,0.22,0.3
102295,24,42140,West,SelfEmp,0.6693730089337226,1,494111,0.55,0.35,0.22,0.3
102296,26,27411,West,SelfEmp,0.7041703071979071,0,471346,0.55,0.35,0.22,0.3
102297,32,135087,North,Business,0.38539526577495,0,87650,-0.05,-0.1,0.02,0.03
102298,40,135425,North,Salaried,0.13124417468566302,1,80927,-0.05,-0.1,0.02,0.03
102299,22,41199,West,SelfEmp,0.8803932085665014,1,367230,0.55,0.35,0.22,0.3
102300,69,119302,East,Salaried,0.34332042744683966,0,87916,-0.05,-0.1,0.02,0.03
102301,62,146958,North,Salaried,0.4826106992866869,0,221659,-0.05,-0.1,0.02,0.03
102302,42,44363,South,Salaried,0.7810264513848418,0,265210,0.3,0.25,0.18,0.08
102303,26,46618,West,SelfEmp,0.6624641078208101,1,432667,0.55,0.35,0.22,0.3
102304,24,28257,West,SelfEmp,0.8588620472778314,0,455345,0.55,0.35,0.22,0.3
102305,28,34536,West,SelfEmp,0.7086718533879351,0,330777,0.55,0.35,0.22,0.3
102306,38,42967,South,Salaried,0.7313426965283805,0,134347,0.3,0.25,0.18,0.08
102307,29,40382,West,SelfEmp,0.7227501616748675,0,348032,0.55,0.35,0.22,0.3
102308,69,83203,East,Business,0.1293397438885597,0,91411,-0.05,-0.1,0.02,0.03
102309,26,40710,West,SelfEmp,0.7051524106603795,0,375585,0.55,0.35,0.22,0.3
102310,31,81304,East,Business,0.3602766206533222,0,220126,-0.05,-0.1,0.02,0.03
102311,68,112674,East,Business,0.5255279271700897,0,376666,-0.05,-0.12,0.15,0.18
102312,64,148234,East,Business,0.6649199460233592,0,368396,-0.05,-0.12,0.15,0.18
102313,32,54285,South,Salaried,0.7990322453134123,0,235028,0.3,0.25,0.18,0.08
102314,55,139052,East,Business,0.5697900471485644,0,458037,-0.05,-0.12,0.15,0.18
102315,68,109525,East,Salaried,0.2294906108059457,0,148312,-0.05,-0.1,0.02,0.03
102316,22,38263,West,SelfEmp,0.8252739523595598,0,392440,0.55,0.35,0.22,0.3
102317,21,31930,West,SelfEmp,0.82872820665739,0,428907,0.55,0.35,0.22,0.3
102318,41,41734,South,Salaried,0.5851906616601857,1,159420,0.3,0.25,0.18,0.08
102319,30,53432,North,Business,0.47685902464655683,1,204108,-0.05,-0.1,0.02,0.03
102320,35,59948,South,Salaried,0.6504677005001368,0,176207,0.3,0.25,0.18,0.08
102321,36,79986,East,Business,0.45171193322078684,0,130832,-0.05,-0.1,0.02,0.03
102322,29,37216,West,SelfEmp,0.6710432971511611,1,382454,0.55,0.35,0.22,0.3
102323,53,109749,East,Salaried,0.4111128483058497,1,139739,-0.05,-0.1,0.02,0.03
102324,39,94774,East,Salaried,0.42533899407995013,0,192111,-0.05,-0.1,0.02,0.03
102325,50,138061,East,Business,0.6175088853147623,1,573667,-0.05,-0.12,0.15,0.18
102326,33,35241,South,Salaried,0.5962045447993862,0,139110,0.3,0.25,0.18,0.08
102327,56,94105,East,Business,0.641413985408098,1,369590,-0.05,-0.12,0.15,0.18
102328,44,62904,South,Salaried,0.7406140247935031,0,170617,0.3,0.25,0.18,0.08
102329,30,85092,East,Business,0.3681099823970809,0,220624,-0.05,-0.1,0.02,0.03
102330,48,60582,North,Salaried,0.28798058744441046,0,198259,-0.05,-0.1,0.02,0.03
102331,37,68531,North,Business,0.2706618078132655,0,231370,-0.05,-0.1,0.02,0.03
102332,58,140943,East,Business,0.35828327032283347,0,230202,-0.05,-0.1,0.02,0.03
102333,23,40969,West,SelfEmp,0.6699884602754098,0,282744,0.55,0.35,0.22,0.3
102334,42,131113,North,Business,0.2721232172782919,1,178091,-0.05,-0.1,0.02,0.03
102335,28,38737,West,SelfEmp,0.7573767306088737,0,334346,0.55,0.35,0.22,0.3
102336,64,111895,East,Business,0.6586447270762129,1,510572,-0.05,-0.12,0.15,0.18
102337,54,90946,North,Salaried,0.42932612354059996,1,58646,-0.05,-0.1,0.02,0.03
102338,44,43222,South,Salaried,0.754574834995096,0,142007,0.3,0.25,0.18,0.08
102339,59,144491,East,Business,0.44228923078064303,1,347068,-0.05,-0.12,0.15,0.18
102340,58,147087,East,Business,0.4119774121129482,0,577725,-0.05,-0.12,0.15,0.18
102341,44,52763,South,Salaried,0.6248865501922436,0,127085,0.3,0.25,0.18,0.08
102342,40,122853,North,Salaried,0.10428023602819417,0,239100,-0.05,-0.1,0.02,0.03
102343,40,109716,North,Business,0.21117578403721976,0,88818,-0.05,-0.1,0.02,0.03
102344,39,62679,South,Salaried,0.6833883527385055,0,213536,0.3,0.25,0.18,0.08
102345,22,37732,West,SelfEmp,0.7584065208856579,0,308425,0.55,0.35,0.22,0.3
102346,46,64968,North,Business,0.43619129920128885,0,175343,-0.05,-0.1,0.02,0.03
102347,41,101604,North,Salaried,0.1610271325043951,0,206032,-0.05,-0.1,0.02,0.03
102348,30,52836,South,Salaried,0.6975831381478443,0,149475,0.3,0.25,0.18,0.08
102349,31,43866,South,Salaried,0.6701537800511771,1,124390,0.3,0.25,0.18,0.08
102350,54,131572,East,Business,0.4901630536929352,0,320548,-0.05,-0.12,0.15,0.18
102351,26,28206,West,SelfEmp,0.6818250590331036,0,474600,0.55,0.35,0.22,0.3
102352,33,37805,South,Salaried,0.6575020282258228,1,213603,0.3,0.25,0.18,0.08
102353,45,54408,East,Business,0.19909213495052813,0,103346,-0.05,-0.1,0.02,0.03
102354,36,118698,North,Business,0.12482378025109982,0,208328,-0.05,-0.1,0.02,0.03
102355,31,142290,North,Salaried,0.39086502177809546,0,55196,-0.05,-0.1,0.02,0.03
102356,23,39183,West,SelfEmp,0.7711523595934002,1,381729,0.55,0.35,0.22,0.3
102357,68,124837,North,Salaried,0.15199867425127978,0,155106,-0.05,-0.1,0.02,0.03
102358,59,112939,East,Salaried,0.2099705788913745,0,168288,-0.05,-0.1,0.02,0.03
102359,58,95196,East,Business,0.6900472355010326,0,518762,-0.05,-0.12,0.15,0.18
102360,22,45413,West,SelfEmp,0.7155118785082363,0,419617,0.55,0.35,0.22,0.3
102361,34,134112,North,Business,0.160024716481954,0,140539,-0.05,-0.1,0.02,0.03
102362,21,35423,West,SelfEmp,0.7599113504503741,0,308052,0.55,0.35,0.22,0.3
102363,40,102454,North,Salaried,0.28461189529655995,0,53217,-0.05,-0.1,0.02,0.03
102364,48,87449,East,Salaried,0.3498619736675886,0,96175,-0.05,-0.1,0.02,0.03
102365,26,25247,West,SelfEmp,0.8768291799948859,1,418377,0.55,0.35,0.22,0.3
102366,55,144933,East,Business,0.4927204841904519,1,321750,-0.05,-0.12,0.15,0.18
102367,21,41173,West,SelfEmp,0.8687885938004645,0,430346,0.55,0.35,0.22,0.3
102368,26,33877,West,SelfEmp,0.8442788137257282,1,442048,0.55,0.35,0.22,0.3
102369,58,127628,East,Business,0.473866534932463,0,240335,-0.05,-0.1,0.02,0.03
102370,33,63322,South,Salaried,0.7572607955947951,0,173753,0.3,0.25,0.18,0.08
102371,36,131010,East,Salaried,0.31331037656802974,1,195019,-0.05,-0.1,0.02,0.03
102372,43,59638,South,Salaried,0.7768277892466653,0,230031,0.3,0.25,0.18,0.08
102373,60,132531,East,Business,0.24042666112745975,0,141739,-0.05,-0.1,0.02,0.03
102374,26,33873,West,SelfEmp,0.7240477659631043,0,487006,0.55,0.35,0.22,0.3
102375,62,136189,North,Salaried,0.25316920858160286,0,209223,-0.05,-0.1,0.02,0.03
102376,60,130173,East,Business,0.45157870865777244,1,622560,-0.05,-0.12,0.15,0.18
102377,53,142401,North,Business,0.3994476876031271,0,142270,-0.05,-0.1,0.02,0.03
102378,62,105369,East,Salaried,0.14454632934595646,0,143850,-0.05,-0.1,0.02,0.03
102379,49,140314,North,Salaried,0.4421708322629959,0,98332,-0.05,-0.1,0.02,0.03
102380,29,26554,West,SelfEmp,0.8119174264325484,0,474343,0.55,0.35,0.22,0.3
102381,48,145256,North,Salaried,0.22187904542927397,0,171666,-0.05,-0.1,0.02,0.03
102382,54,113522,East,Business,0.5550475660072058,0,392516,-0.05,-0.12,0.15,0.18
102383,63,62040,East,Salaried,0.16482282564773698,0,86766,-0.05,-0.1,0.02,0.03
102384,25,29059,West,SelfEmp,0.7927025998102305,1,349831,0.55,0.35,0.22,0.3
102385,23,32550,West,SelfEmp,0.8968778851577869,0,293513,0.55,0.35,0.22,0.3
102386,63,100423,East,Business,0.6596620202006247,1,407347,-0.05,-0.12,0.15,0.18
102387,60,74094,East,Business,0.47370798593350805,0,191123,-0.05,-0.1,0.02,0.03
102388,32,63086,East,Salaried,0.18476124952800102,1,209809,-0.05,-0.1,0.02,0.03
102389,50,64436,North,Salaried,0.47433535495024903,0,60043,-0.05,-0.1,0.02,0.03
102390,34,62574,East,Business,0.23905017686632968,0,99502,-0.05,-0.1,0.02,0.03
102391,34,52250,North,Salaried,0.323110047792411,1,74623,-0.05,-0.1,0.02,0.03
102392,53,96045,East,Salaried,0.45572649729962156,0,61376,-0.05,-0.1,0.02,0.03
102393,21,36194,West,SelfEmp,0.6840611380111312,0,285271,0.55,0.35,0.22,0.3
102394,29,36822,West,SelfEmp,0.7621452430457002,0,266350,0.55,0.35,0.22,0.3
102395,27,46833,West,SelfEmp,0.8232251401347577,1,386916,0.55,0.35,0.22,0.3
102396,29,33733,West,SelfEmp,0.6697059738633375,0,299698,0.55,0.35,0.22,0.3
102397,39,74110,East,Salaried,0.37536473091282263,0,155082,-0.05,-0.1,0.02,0.03
102398,42,38591,South,Salaried,0.7855374635047889,1,279300,0.3,0.25,0.18,0.08
102399,40,74466,East,Business,0.4510492814263405,0,235078,-0.05,-0.1,0.02,0.03
102400,61,117060,East,Business,0.6117850731417942,0,446150,-0.05,-0.12,0.15,0.18
102401,48,50845,North,Business,0.4447327885129795,0,129868,-0.05,-0.1,0.02,0.03
102402,31,55513,North,Salaried,0.36396164801019604,0,204592,-0.05,-0.1,0.02,0.03
102403,36,112311,East,Business,0.13433237400440123,0,60962,-0.05,-0.1,0.02,0.03
102404,40,136522,North,Salaried,0.3320572341311643,0,170661,-0.05,-0.1,0.02,0.03
102405,51,141697,East,Business,0.49142192686435476,0,370863,-0.05,-0.12,0.15,0.18
102406,37,116995,North,Business,0.3023641911142783,0,197912,-0.05,-0.1,0.02,0.03
102407,25,35521,West,SelfEmp,0.8722526297288095,0,402394,0.55,0.35,0.22,0.3
102408,33,50640,South,Salaried,0.7053318639682116,0,177379,0.3,0.25,0.18,0.08
102409,59,124036,North,Business,0.3560539694167342,0,124516,-0.05,-0.1,0.02,0.03
102410,51,87295,East,Business,0.43310542045959755,0,199034,-0.05,-0.1,0.02,0.03
102411,38,34479,South,Salaried,0.7995166579085228,0,208827,0.3,0.25,0.18,0.08
102412,52,61488,North,Business,0.18566668890990468,0,243087,-0.05,-0.1,0.02,0.03
102413,63,55265,East,Salaried,0.4305520513040968,0,217701,-0.05,-0.1,0.02,0.03
102414,54,116648,North,Business,0.33429110804511586,0,139979,-0.05,-0.1,0.02,0.03
102415,26,30974,West,SelfEmp,0.671470019168596,0,282344,0.55,0.35,0.22,0.3
102416,51,120213,East,Business,0.5515507648095846,0,617302,-0.05,-0.12,0.15,0.18
102417,60,149460,East,Business,0.5997349522689588,0,643938,-0.05,-0.12,0.15,0.18
102418,37,35568,South,Salaried,0.6006806811278199,0,164013,0.3,0.25,0.18,0.08
102419,29,26307,West,SelfEmp,0.685206445707568,1,325497,0.55,0.35,0.22,0.3
102420,48,67616,East,Salaried,0.3157730184494939,0,163702,-0.05,-0.1,0.02,0.03
102421,24,37182,West,SelfEmp,0.7096019896279847,0,431679,0.55,0.35,0.22,0.3
102422,44,60071,South,Salaried,0.76905327708697,1,216958,0.3,0.25,0.18,0.08
102423,52,125073,North,Salaried,0.41902551465189997,0,195327,-0.05,-0.1,0.02,0.03
102424,36,119739,East,Business,0.19786960314758276,0,55384,-0.05,-0.1,0.02,0.03
102425,56,121655,East,Salaried,0.12210436521683912,0,210950,-0.05,-0.1,0.02,0.03
102426,43,37963,South,Salaried,0.5850152601798082,1,200940,0.3,0.25,0.18,0.08
102427,35,99760,North,Business,0.16019678508495827,0,176861,-0.05,-0.1,0.02,0.03
102428,37,71304,East,Business,0.42602899732916877,0,74987,-0.05,-0.1,0.02,0.03
102429,28,32477,West,SelfEmp,0.6809947872119959,0,401597,0.55,0.35,0.22,0.3
102430,57,77742,North,Business,0.2821627681906088,1,93096,-0.05,-0.1,0.02,0.03
102431,26,35525,West,SelfEmp,0.808296120817163,0,255327,0.55,0.35,0.22,0.3
102432,30,108325,East,Business,0.23455719957041646,0,239321,-0.05,-0.1,0.02,0.03
102433,22,32829,West,SelfEmp,0.7849467085640144,0,321410,0.55,0.35,0.22,0.3
102434,54,103893,East,Business,0.6006200948382966,0,618473,-0.05,-0.12,0.15,0.18
102435,69,71024,East,Business,0.18286344816801134,0,222646,-0.05,-0.1,0.02,0.03
102436,42,59127,North,Business,0.2549773375661136,0,113041,-0.05,-0.1,0.02,0.03
102437,30,52205,East,Business,0.37178044688656264,0,117605,-0.05,-0.1,0.02,0.03
102438,24,41066,West,SelfEmp,0.7631562956240189,0,473890,0.55,0.35,0.22,0.3
102439,28,44835,West,SelfEmp,0.8228159159405999,0,448962,0.55,0.35,0.22,0.3
102440,59,131503,East,Business,0.5440074677135716,0,536419,-0.05,-0.12,0.15,0.18
102441,27,31412,West,SelfEmp,0.8544121503963973,0,307378,0.55,0.35,0.22,0.3
102442,59,108989,North,Business,0.4861425148233257,0,242521,-0.05,-0.1,0.02,0.03
102443,41,62805,South,Salaried,0.6039380262077947,1,182626,0.3,0.25,0.18,0.08
102444,31,62688,South,Salaried,0.6024713604389595,1,222602,0.3,0.25,0.18,0.08
102445,44,51425,South,Salaried,0.7731723162683096,0,215129,0.3,0.25,0.18,0.08
102446,31,119769,North,Salaried,0.3259806262476276,0,165213,-0.05,-0.1,0.02,0.03
102447,62,136750,North,Salaried,0.11416935593726044,0,113935,-0.05,-0.1,0.02,0.03
102448,38,128271,North,Business,0.19875604935641117,0,181848,-0.05,-0.1,0.02,0.03
102449,59,149763,North,Salaried,0.3603285210804903,0,242646,-0.05,-0.1,0.02,0.03
102450,34,139154,East,Business,0.4238180335660907,0,65882,-0.05,-0.1,0.02,0.03
102451,63,130481,East,Business,0.5141108787926173,0,679033,-0.05,-0.12,0.15,0.18
102452,56,109841,East,Business,0.43307132663795594,0,594205,-0.05,-0.12,0.15,0.18
102453,23,28966,West,SelfEmp,0.8726179651474206,0,444202,0.55,0.35,0.22,0.3
102454,46,69790,North,Business,0.4711110072669449,0,60806,-0.05,-0.1,0.02,0.03
102455,60,143290,East,Salaried,0.2760536788343281,0,101812,-0.05,-0.1,0.02,0.03
102456,21,32903,West,SelfEmp,0.6807983512219695,0,310118,0.55,0.35,0.22,0.3
102457,43,74019,North,Salaried,0.3148978606282631,0,200334,-0.05,-0.1,0.02,0.03
102458,48,98478,East,Salaried,0.17428025847415088,0,127444,-0.05,-0.1,0.02,0.03
102459,26,36686,West,SelfEmp,0.6541492957087441,0,340420,0.55,0.35,0.22,0.3
102460,31,92673,East,Salaried,0.1395369966674371,1,185637,-0.05,-0.1,0.02,0.03
102461,31,109541,North,Salaried,0.2940946467905824,0,226701,-0.05,-0.1,0.02,0.03
102462,66,134035,North,Salaried,0.4153228412105815,0,114801,-0.05,-0.1,0.02,0.03
102463,67,103539,East,Business,0.216419098052695,1,172373,-0.05,-0.1,0.02,0.03
102464,68,142233,East,Salaried,0.4019640587198021,0,241904,-0.05,-0.1,0.02,0.03
102465,60,103232,East,Business,0.3751336234398994,0,120672,-0.05,-0.1,0.02,0.03
102466,24,40783,West,SelfEmp,0.88889833061362,0,278658,0.55,0.35,0.22,0.3
102467,22,44257,West,SelfEmp,0.71922206730045,0,489252,0.55,0.35,0.22,0.3
102468,30,58886,East,Salaried,0.2703518963776233,1,113414,-0.05,-0.1,0.02,0.03
102469,69,99438,East,Business,0.6704267789805487,0,610303,-0.05,-0.12,0.15,0.18
102470,61,65796,East,Salaried,0.4675333168690716,0,149572,-0.05,-0.1,0.02,0.03
102471,26,25185,West,SelfEmp,0.8587452511091052,1,286311,0.55,0.35,0.22,0.3
102472,62,77154,North,Salaried,0.3873197852124105,0,198759,-0.05,-0.1,0.02,0.03
102473,62,109225,East,Business,0.16610392585585093,0,97131,-0.05,-0.1,0.02,0.03
102474,61,117398,East,Business,0.5309738498460225,0,496187,-0.05,-0.12,0.15,0.18
102475,43,53386,East,Business,0.13325593116898796,0,241119,-0.05,-0.1,0.02,0.03
102476,69,121626,East,Salaried,0.2837033543257706,0,198434,-0.05,-0.1,0.02,0.03
102477,48,60996,North,Business,0.21723789065171287,0,194369,-0.05,-0.1,0.02,0.03
102478,67,105349,North,Salaried,0.14036928669914103,0,86544,-0.05,-0.1,0.02,0.03
102479,58,113594,East,Business,0.4210376635232039,0,656971,-0.05,-0.12,0.15,0.18
102480,34,99401,East,Business,0.30384873562302317,0,156091,-0.05,-0.1,0.02,0.03
102481,62,101736,East,Business,0.35824926549207703,0,108486,-0.05,-0.1,0.02,0.03
102482,48,100291,East,Business,0.2565908734358263,0,162747,-0.05,-0.1,0.02,0.03
102483,23,42629,West,SelfEmp,0.8236722865708583,1,264264,0.55,0.35,0.22,0.3
102484,38,81961,North,Business,0.43527676517151503,0,113699,-0.05,-0.1,0.02,0.03
102485,46,114807,East,Salaried,0.1693331262054171,0,193343,-0.05,-0.1,0.02,0.03
102486,62,122729,North,Salaried,0.1364898647814508,1,59040,-0.05,-0.1,0.02,0.03
102487,29,29344,West,SelfEmp,0.6863357718138704,0,386512,0.55,0.35,0.22,0.3
102488,29,31687,West,SelfEmp,0.7760601075308149,0,280152,0.55,0.35,0.22,0.3
102489,40,55875,South,Salaried,0.5886332168739765,0,259541,0.3,0.25,0.18,0.08
102490,26,48587,West,SelfEmp,0.8940062714202263,0,312719,0.55,0.35,0.22,0.3
102491,40,35226,South,Salaried,0.6063204976603433,1,178952,0.3,0.25,0.18,0.08
102492,54,110258,North,Business,0.2955046858728901,0,246630,-0.05,-0.1,0.02,0.03
102493,28,26286,West,SelfEmp,0.8884912830819177,0,496496,0.55,0.35,0.22,0.3
102494,47,75916,North,Business,0.2029686177384707,0,101267,-0.05,-0.1,0.02,0.03
102495,27,49407,West,SelfEmp,0.7106028984982569,0,456489,0.55,0.35,0.22,0.3
102496,23,31224,West,SelfEmp,0.892867022319502,1,385692,0.55,0.35,0.22,0.3
102497,38,47889,South,Salaried,0.6064245082661588,0,145372,0.3,0.25,0.18,0.08
102498,32,41911,South,Salaried,0.7836949768559077,0,179844,0.3,0.25,0.18,0.08
102499,32,71345,North,Business,0.46717946655042863,0,156835,-0.05,-0.1,0.02,0.03
102500,31,91750,East,Salaried,0.35597344225222527,1,153581,-0.05,-0.1,0.02,0.03
102501,63,129936,East,Business,0.37350937538277795,0,66260,-0.05,-0.1,0.02,0.03
102502,56,94713,North,Business,0.27083993269341167,0,149087,-0.05,-0.1,0.02,0.03
102503,55,137532,North,Business,0.1668515625565962,1,74408,-0.05,-0.1,0.02,0.03
102504,23,43188,West,SelfEmp,0.7438352480246576,0,377757,0.55,0.35,0.22,0.3
102505,28,46246,West,SelfEmp,0.7808231889024755,1,310149,0.55,0.35,0.22,0.3
102506,49,113391,East,Business,0.29761257494794013,0,161965,-0.05,-0.1,0.02,0.03
102507,26,35900,West,SelfEmp,0.6757978498905316,0,438354,0.55,0.35,0.22,0.3
102508,59,75257,North,Business,0.1608074292646595,0,189398,-0.05,-0.1,0.02,0.03
102509,35,102941,North,Salaried,0.410232080610894,0,200927,-0.05,-0.1,0.02,0.03
102510,55,111455,North,Business,0.376691971117476,0,164694,-0.05,-0.1,0.02,0.03
102511,54,119303,East,Business,0.5046856493549818,0,652815,-0.05,-0.12,0.15,0.18
102512,58,149720,East,Business,0.4554704534455447,0,107673,-0.05,-0.1,0.02,0.03
102513,55,110062,East,Business,0.5138110295942097,0,552382,-0.05,-0.12,0.15,0.18
102514,53,93232,East,Business,0.4567403517675468,0,63869,-0.05,-0.1,0.02,0.03
102515,27,38310,West,SelfEmp,0.752672910622212,1,442949,0.55,0.35,0.22,0.3
102516,62,109895,North,Business,0.2863835213834663,0,95968,-0.05,-0.1,0.02,0.03
102517,44,118071,East,Business,0.12056830099371788,0,194525,-0.05,-0.1,0.02,0.03
102518,21,32396,West,SelfEmp,0.8353906347271283,0,495090,0.55,0.35,0.22,0.3
102519,40,111558,North,Salaried,0.37700362882269634,0,209475,-0.05,-0.1,0.02,0.03
102520,44,56781,South,Salaried,0.6417990020829899,0,267445,0.3,0.25,0.18,0.08
102521,53,101195,North,Business,0.23206258190845028,0,194045,-0.05,-0.1,0.02,0.03
102522,30,52548,South,Salaried,0.7038368432499712,1,226596,0.3,0.25,0.18,0.08
102523,60,134404,East,Business,0.677198794188353,1,487114,-0.05,-0.12,0.15,0.18
102524,67,119751,East,Salaried,0.31594436918703234,0,234045,-0.05,-0.1,0.02,0.03
102525,25,36114,West,SelfEmp,0.7262290494134311,0,301308,0.55,0.35,0.22,0.3
102526,26,45134,West,SelfEmp,0.7000544295998831,1,478962,0.55,0.35,0.22,0.3
102527,62,106183,North,Salaried,0.17498970948545628,0,117010,-0.05,-0.1,0.02,0.03
102528,50,99240,East,Business,0.504145708052309,0,338275,-0.05,-0.12,0.15,0.18
102529,65,108762,East,Business,0.44080681708410996,0,400904,-0.05,-0.12,0.15,0.18
102530,67,81159,North,Salaried,0.44385560300293403,0,101545,-0.05,-0.1,0.02,0.03
102531,30,85128,East,Salaried,0.23864778594693795,0,229450,-0.05,-0.1,0.02,0.03
102532,24,45288,West,SelfEmp,0.7543087938548374,0,391917,0.55,0.35,0.22,0.3
102533,22,38668,West,SelfEmp,0.8474881595867637,0,484861,0.55,0.35,0.22,0.3
102534,61,118815,North,Salaried,0.4423361375492646,0,159790,-0.05,-0.1,0.02,0.03
102535,68,93439,East,Business,0.595081731014133,1,623106,-0.05,-0.12,0.15,0.18
102536,32,75071,North,Business,0.4038449830690295,0,207740,-0.05,-0.1,0.02,0.03
102537,33,59582,South,Salaried,0.7854661726249532,0,247073,0.3,0.25,0.18,0.08
102538,56,117213,East,Salaried,0.426795149367146,0,227493,-0.05,-0.1,0.02,0.03
102539,61,77462,East,Salaried,0.16554855398772364,0,105471,-0.05,-0.1,0.02,0.03
102540,26,42634,West,SelfEmp,0.8228684058364635,0,402826,0.55,0.35,0.22,0.3
102541,21,35727,West,SelfEmp,0.8141350318874758,0,368007,0.55,0.35,0.22,0.3
102542,30,34903,South,Salaried,0.6470991762509555,0,241646,0.3,0.25,0.18,0.08
102543,55,84740,North,Business,0.45705764382775826,0,59031,-0.05,-0.1,0.02,0.03
102544,22,48110,West,SelfEmp,0.8565897304602427,0,444010,0.55,0.35,0.22,0.3
102545,34,88320,North,Business,0.2517388626905157,0,50574,-0.05,-0.1,0.02,0.03
102546,61,145038,North,Salaried,0.4136473968267278,0,64319,-0.05,-0.1,0.02,0.03
102547,51,86499,East,Business,0.32343365692826587,0,224386,-0.05,-0.1,0.02,0.03
102548,25,26299,West,SelfEmp,0.8944527443267766,0,393071,0.55,0.35,0.22,0.3
102549,23,46274,West,SelfEmp,0.8018615979831666,0,372582,0.55,0.35,0.22,0.3
102550,26,36492,West,SelfEmp,0.6580739991760531,0,428019,0.55,0.35,0.22,0.3
102551,27,39532,West,SelfEmp,0.83844578307351,0,317692,0.55,0.35,0.22,0.3
102552,30,138746,North,Salaried,0.2666342302657133,0,200690,-0.05,-0.1,0.02,0.03
102553,31,40396,South,Salaried,0.6453921733225088,1,191424,0.3,0.25,0.18,0.08
102554,30,75872,East,Business,0.4622319101425745,0,181739,-0.05,-0.1,0.02,0.03
102555,57,87057,East,Business,0.2515345523669799,0,236073,-0.05,-0.1,0.02,0.03
102556,56,138207,East,Business,0.4464986285190436,0,492857,-0.05,-0.12,0.15,0.18
102557,22,43689,West,SelfEmp,0.7427328495260257,0,415104,0.55,0.35,0.22,0.3
102558,50,145540,East,Business,0.5085707247655626,1,642319,-0.05,-0.12,0.15,0.18
102559,31,102585,East,Business,0.42382340498997484,0,112341,-0.05,-0.1,0.02,0.03
102560,45,122439,East,Salaried,0.11375883246125423,0,183992,-0.05,-0.1,0.02,0.03
102561,29,49274,West,SelfEmp,0.6788461792404735,0,348172,0.55,0.35,0.22,0.3
102562,24,47201,West,SelfEmp,0.7425983153295013,0,305926,0.55,0.35,0.22,0.3
102563,22,30363,West,SelfEmp,0.7364980865403357,0,407735,0.55,0.35,0.22,0.3
102564,37,66674,North,Salaried,0.3327389430136942,0,184571,-0.05,-0.1,0.02,0.03
102565,30,132763,East,Business,0.15700877553996798,0,139816,-0.05,-0.1,0.02,0.03
102566,59,91936,North,Salaried,0.2966675935773929,0,119906,-0.05,-0.1,0.02,0.03
102567,28,29407,West,SelfEmp,0.7960827837646258,0,447295,0.55,0.35,0.22,0.3
102568,34,43444,South,Salaried,0.6211851613531487,0,251093,0.3,0.25,0.18,0.08
102569,25,31712,West,SelfEmp,0.7362611914096244,0,450386,0.55,0.35,0.22,0.3
102570,29,46964,West,SelfEmp,0.8517363216398208,0,319831,0.55,0.35,0.22,0.3
102571,28,44691,West,SelfEmp,0.6505296304198405,0,297999,0.55,0.35,0.22,0.3
102572,42,63265,North,Salaried,0.43771059599567197,0,163584,-0.05,-0.1,0.02,0.03
102573,55,56926,North,Business,0.29205179401778986,1,129427,-0.05,-0.1,0.02,0.03
102574,22,45938,West,SelfEmp,0.8537930759216605,0,264026,0.55,0.35,0.22,0.3
102575,31,124869,East,Business,0.31142740318511414,0,79791,-0.05,-0.1,0.02,0.03
102576,51,90180,East,Business,0.4278384587074481,0,136785,-0.05,-0.1,0.02,0.03
102577,50,144333,East,Salaried,0.2673385110631397,0,115770,-0.05,-0.1,0.02,0.03
102578,37,31789,South,Salaried,0.6693576230632412,0,130531,0.3,0.25,0.18,0.08
102579,34,61792,South,Salaried,0.5500233170053108,1,166959,0.3,0.25,0.18,0.08
102580,23,47698,West,SelfEmp,0.6514709219162521,0,428119,0.55,0.35,0.22,0.3
102581,31,33628,South,Salaried,0.7685005820260694,0,154727,0.3,0.25,0.18,0.08
102582,50,120704,East,Business,0.5651753487181955,0,322280,-0.05,-0.12,0.15,0.18
102583,28,37311,West,SelfEmp,0.7695144872063455,0,461036,0.55,0.35,0.22,0.3
102584,33,128723,North,Business,0.143834783159891,0,240592,-0.05,-0.1,0.02,0.03
102585,60,104947,North,Salaried,0.4450919841957235,0,75927,-0.05,-0.1,0.02,0.03
102586,63,91498,East,Business,0.6946800664161277,0,350819,-0.05,-0.12,0.15,0.18
102587,33,37428,South,Salaried,0.6739065346361149,0,208232,0.3,0.25,0.18,0.08
102588,47,130403,North,Business,0.4145802048710374,0,75503,-0.05,-0.1,0.02,0.03
102589,46,101888,North,Salaried,0.26243212329837584,0,192370,-0.05,-0.1,0.02,0.03
102590,39,38361,South,Salaried,0.6092982725861791,1,162377,0.3,0.25,0.18,0.08
102591,30,96967,East,Business,0.11697579067605855,0,146716,-0.05,-0.1,0.02,0.03
102592,28,41237,West,SelfEmp,0.761601799501505,0,391196,0.55,0.35,0.22,0.3
102593,66,124839,East,Business,0.6194788208901171,0,697500,-0.05,-0.12,0.15,0.18
102594,57,65298,North,Salaried,0.3548100555218513,0,173739,-0.05,-0.1,0.02,0.03
102595,31,119580,North,Business,0.21815103807014433,1,131041,-0.05,-0.1,0.02,0.03
102596,46,87685,East,Business,0.15849853434286212,0,55801,-0.05,-0.1,0.02,0.03
102597,37,32292,South,Salaried,0.6907540180048337,0,214745,0.3,0.25,0.18,0.08
102598,25,49611,West,SelfEmp,0.8826382110275938,0,329494,0.55,0.35,0.22,0.3
102599,28,41043,West,SelfEmp,0.6919272212929678,0,347572,0.55,0.35,0.22,0.3
102600,68,75791,East,Business,0.33015883742302005,1,149835,-0.05,-0.1,0.02,0.03
102601,59,122672,East,Business,0.271366226629257,1,111572,-0.05,-0.1,0.02,0.03
102602,48,79067,East,Salaried,0.30748738361636474,0,225412,-0.05,-0.1,0.02,0.03
102603,24,27074,West,SelfEmp,0.7655204169329058,1,495065,0.55,0.35,0.22,0.3
102604,42,38572,South,Salaried,0.7707794560707729,0,278203,0.3,0.25,0.18,0.08
102605,57,105825,North,Salaried,0.4086657659470362,0,234838,-0.05,-0.1,0.02,0.03
102606,35,132860,East,Business,0.3121304439018545,0,216304,-0.05,-0.1,0.02,0.03
102607,29,35352,West,SelfEmp,0.7581991333780742,0,437462,0.55,0.35,0.22,0.3
102608,25,47911,West,SelfEmp,0.7341010647763904,0,480997,0.55,0.35,0.22,0.3
102609,54,102734,East,Salaried,0.3700143555307165,0,225573,-0.05,-0.1,0.02,0.03
102610,26,36448,West,SelfEmp,0.7275814052680201,1,460873,0.55,0.35,0.22,0.3
102611,28,47829,West,SelfEmp,0.6726933160938029,0,300717,0.55,0.35,0.22,0.3
102612,41,68584,North,Salaried,0.4764211346045676,0,135703,-0.05,-0.1,0.02,0.03
102613,51,148944,East,Salaried,0.2109476979813466,0,175268,-0.05,-0.1,0.02,0.03
102614,56,111456,East,Business,0.2642531720640062,1,108778,-0.05,-0.1,0.02,0.03
102615,55,128496,East,Business,0.12117654449795828,1,128490,-0.05,-0.1,0.02,0.03
102616,33,34448,South,Salaried,0.5853276782495906,0,244198,0.3,0.25,0.18,0.08
102617,26,39622,West,SelfEmp,0.6889712590665024,0,483033,0.55,0.35,0.22,0.3
102618,37,55597,South,Salaried,0.5984981592565115,0,245953,0.3,0.25,0.18,0.08
102619,42,59398,South,Salaried,0.7595918579773624,0,248713,0.3,0.25,0.18,0.08
102620,35,58015,North,Salaried,0.3671021762757425,0,127026,-0.05,-0.1,0.02,0.03
102621,64,147666,East,Business,0.5555174774698375,0,587848,-0.05,-0.12,0.15,0.18
102622,27,33697,West,SelfEmp,0.7873314172530057,0,353340,0.55,0.35,0.22,0.3
102623,38,127262,North,Business,0.30924140189064375,0,79594,-0.05,-0.1,0.02,0.03
102624,40,55978,South,Salaried,0.6615635947332993,1,243777,0.3,0.25,0.18,0.08
102625,30,55229,East,Salaried,0.3122970525784715,0,198544,-0.05,-0.1,0.02,0.03
102626,60,62746,North,Salaried,0.49745487104335473,0,198518,-0.05,-0.1,0.02,0.03
102627,65,80427,East,Business,0.44010520446204526,0,213135,-0.05,-0.1,0.02,0.03
102628,65,90004,North,Business,0.47049847904506914,0,142146,-0.05,-0.1,0.02,0.03
102629,53,140568,North,Salaried,0.3069110811837301,0,105805,-0.05,-0.1,0.02,0.03
102630,45,73589,North,Business,0.3457772573634986,0,205703,-0.05,-0.1,0.02,0.03
102631,31,41628,South,Salaried,0.579939553277619,0,158959,0.3,0.25,0.18,0.08
102632,43,57982,South,Salaried,0.5503180904236988,1,169338,0.3,0.25,0.18,0.08
102633,25,32758,West,SelfEmp,0.8701630577133775,1,446451,0.55,0.35,0.22,0.3
102634,52,70755,North,Business,0.4815963218173741,1,234193,-0.05,-0.1,0.02,0.03
102635,67,92751,East,Business,0.4690839750057628,0,514048,-0.05,-0.12,0.15,0.18
102636,24,31800,West,SelfEmp,0.7042097288576629,0,351310,0.55,0.35,0.22,0.3
102637,26,45606,West,SelfEmp,0.8902660174395296,0,304826,0.55,0.35,0.22,0.3
102638,54,129458,North,Business,0.43251961380234394,0,105589,-0.05,-0.1,0.02,0.03
102639,30,136837,North,Business,0.24575164399991759,0,58885,-0.05,-0.1,0.02,0.03
102640,26,48585,West,SelfEmp,0.6792365976372298,0,256642,0.55,0.35,0.22,0.3
102641,42,61042,South,Salaried,0.6240354117842271,0,185933,0.3,0.25,0.18,0.08
102642,44,84545,North,Business,0.14700201506743402,0,81100,-0.05,-0.1,0.02,0.03
102643,69,106390,East,Business,0.6246018367825742,0,418967,-0.05,-0.12,0.15,0.18
102644,23,45056,West,SelfEmp,0.8565122119281207,0,376208,0.55,0.35,0.22,0.3
102645,32,118755,East,Business,0.1411082240997228,0,153860,-0.05,-0.1,0.02,0.03
102646,43,145660,North,Business,0.25939775859419645,0,153375,-0.05,-0.1,0.02,0.03
102647,41,52396,South,Salaried,0.5523827614807842,0,226652,0.3,0.25,0.18,0.08
102648,28,28083,West,SelfEmp,0.7615619973285432,0,294939,0.55,0.35,0.22,0.3
102649,48,95748,East,Business,0.4945319917330623,0,223816,-0.05,-0.1,0.02,0.03
102650,29,45396,West,SelfEmp,0.8862967634194564,0,456263,0.55,0.35,0.22,0.3
102651,23,36716,West,SelfEmp,0.7775927606023016,0,450652,0.55,0.35,0.22,0.3
102652,47,105611,East,Business,0.48039392804466363,0,218551,-0.05,-0.1,0.02,0.03
102653,35,112652,East,Business,0.4658419437557154,0,163806,-0.05,-0.1,0.02,0.03
102654,49,96359,North,Business,0.48769379587026007,1,221532,-0.05,-0.1,0.02,0.03
102655,43,52861,South,Salaried,0.7135870772452468,0,256173,0.3,0.25,0.18,0.08
102656,61,118735,East,Salaried,0.24948364180257243,0,150296,-0.05,-0.1,0.02,0.03
102657,65,72828,North,Business,0.36935789661207685,0,141199,-0.05,-0.1,0.02,0.03
102658,63,124172,East,Business,0.45969496074167315,0,184675,-0.05,-0.1,0.02,0.03
102659,27,33436,West,SelfEmp,0.8537721891981352,0,382832,0.55,0.35,0.22,0.3
102660,29,39206,West,SelfEmp,0.7973133745529675,0,264916,0.55,0.35,0.22,0.3
102661,56,63873,East,Business,0.32914956104741866,0,149714,-0.05,-0.1,0.02,0.03
102662,58,73723,North,Business,0.19210181235346596,0,147055,-0.05,-0.1,0.02,0.03
102663,44,38802,South,Salaried,0.5911915449617073,1,192220,0.3,0.25,0.18,0.08
102664,62,106447,East,Salaried,0.30198569988118035,0,247080,-0.05,-0.1,0.02,0.03
102665,24,33243,West,SelfEmp,0.7754486402367617,0,308771,0.55,0.35,0.22,0.3
102666,26,48044,West,SelfEmp,0.6614834517639463,1,393078,0.55,0.35,0.22,0.3
102667,60,56056,North,Salaried,0.17979071276164083,0,57223,-0.05,-0.1,0.02,0.03
102668,50,70323,East,Salaried,0.17108858953931083,1,93582,-0.05,-0.1,0.02,0.03
102669,43,51246,South,Salaried,0.5993474947711485,0,178048,0.3,0.25,0.18,0.08
102670,24,32390,West,SelfEmp,0.8063387120692668,0,495350,0.55,0.35,0.22,0.3
102671,33,34327,South,Salaried,0.6967134516692003,1,176603,0.3,0.25,0.18,0.08
102672,27,36602,West,SelfEmp,0.8371939964412586,0,325978,0.55,0.35,0.22,0.3
102673,32,75796,East,Salaried,0.27796958290684737,0,218891,-0.05,-0.1,0.02,0.03
102674,51,149583,North,Salaried,0.4800985496062097,0,225005,-0.05,-0.1,0.02,0.03
102675,31,89687,East,Salaried,0.41421822634498406,0,159073,-0.05,-0.1,0.02,0.03
102676,25,38920,West,SelfEmp,0.8712198840731907,1,413707,0.55,0.35,0.22,0.3
102677,50,68180,North,Business,0.27490893937731986,0,219369,-0.05,-0.1,0.02,0.03
102678,26,38169,West,SelfEmp,0.8253751381884371,0,386894,0.55,0.35,0.22,0.3
102679,24,36637,West,SelfEmp,0.7111179610468041,0,273719,0.55,0.35,0.22,0.3
102680,51,126981,East,Business,0.40861537325722486,0,397786,-0.05,-0.12,0.15,0.18
102681,51,111385,East,Salaried,0.30578210610229484,0,59968,-0.05,-0.1,0.02,0.03
102682,23,44251,West,SelfEmp,0.864006629236816,0,441685,0.55,0.35,0.22,0.3
102683,40,38238,South,Salaried,0.7608845613187172,1,192033,0.3,0.25,0.18,0.08
102684,41,43734,South,Salaried,0.6731568830751199,0,145812,0.3,0.25,0.18,0.08
102685,43,56714,South,Salaried,0.6340115460035077,0,136362,0.3,0.25,0.18,0.08
102686,51,64892,North,Salaried,0.44674973470276025,0,138310,-0.05,-0.1,0.02,0.03
102687,63,122553,East,Business,0.5479646064272357,0,303834,-0.05,-0.12,0.15,0.18
102688,69,139925,North,Business,0.47513863160163483,0,108036,-0.05,-0.1,0.02,0.03
102689,44,63641,South,Salaried,0.727982109278767,0,125553,0.3,0.25,0.18,0.08
102690,24,33500,West,SelfEmp,0.7228774154312757,1,382235,0.55,0.35,0.22,0.3
102691,21,36911,West,SelfEmp,0.6947723104344233,0,261634,0.55,0.35,0.22,0.3
102692,35,135996,East,Salaried,0.18369154250739106,0,50005,-0.05,-0.1,0.02,0.03
102693,56,125369,North,Business,0.21640660740541606,0,219360,-0.05,-0.1,0.02,0.03
102694,29,34077,West,SelfEmp,0.6780209793149483,0,483554,0.55,0.35,0.22,0.3
102695,44,54439,East,Business,0.41843962696483494,0,234251,-0.05,-0.1,0.02,0.03
102696,68,148248,East,Salaried,0.14055966185884308,0,103254,-0.05,-0.1,0.02,0.03
102697,63,96274,North,Business,0.20944310426502724,0,178830,-0.05,-0.1,0.02,0.03
102698,34,90190,North,Salaried,0.14824530926356802,0,245522,-0.05,-0.1,0.02,0.03
102699,33,127972,North,Business,0.13836375302679446,1,156733,-0.05,-0.1,0.02,0.03
102700,25,40441,West,SelfEmp,0.818307405389679,0,474302,0.55,0.35,0.22,0.3
102701,27,47903,West,SelfEmp,0.8172264996718194,0,461509,0.55,0.35,0.22,0.3
102702,54,146322,North,Salaried,0.37726302334974815,1,124032,-0.05,-0.1,0.02,0.03
102703,52,99146,East,Salaried,0.15832767194304076,0,77396,-0.05,-0.1,0.02,0.03
102704,64,51360,East,Business,0.29762003475212906,0,246841,-0.05,-0.1,0.02,0.03
102705,53,70872,East,Business,0.49248359843758405,1,242621,-0.05,-0.1,0.02,0.03
102706,43,100246,East,Salaried,0.14944673399591488,0,112330,-0.05,-0.1,0.02,0.03
102707,60,144930,East,Business,0.6156023034742345,0,542833,-0.05,-0.12,0.15,0.18
102708,26,45479,West,SelfEmp,0.8852840107354829,0,416961,0.55,0.35,0.22,0.3
102709,48,52355,North,Salaried,0.392763444404738,1,239857,-0.05,-0.1,0.02,0.03
102710,22,32929,West,SelfEmp,0.6636632707295521,0,426912,0.55,0.35,0.22,0.3
102711,52,149906,North,Salaried,0.3692524319916396,0,165056,-0.05,-0.1,0.02,0.03
102712,27,32109,West,SelfEmp,0.6530093206256791,0,435269,0.55,0.35,0.22,0.3
102713,40,91738,East,Salaried,0.16928249161909417,0,187324,-0.05,-0.1,0.02,0.03
102714,50,110276,East,Business,0.4778497964474917,0,613162,-0.05,-0.12,0.15,0.18
102715,39,77618,East,Salaried,0.13297104803036472,0,124554,-0.05,-0.1,0.02,0.03
102716,22,48098,West,SelfEmp,0.7760926655370336,0,429275,0.55,0.35,0.22,0.3
102717,63,71014,North,Business,0.46137226093442607,1,195648,-0.05,-0.1,0.02,0.03
102718,21,39892,West,SelfEmp,0.7651169291072811,0,313035,0.55,0.35,0.22,0.3
102719,69,121153,East,Business,0.4607452044493463,0,166409,-0.05,-0.1,0.02,0.03
102720,68,134443,East,Business,0.42689047886687537,1,378505,-0.05,-0.12,0.15,0.18
102721,24,37131,West,SelfEmp,0.8618613052247526,0,330544,0.55,0.35,0.22,0.3
102722,69,147468,East,Salaried,0.38189953290568535,0,98308,-0.05,-0.1,0.02,0.03
102723,28,39958,West,SelfEmp,0.8732449514820844,0,281559,0.55,0.35,0.22,0.3
102724,29,45637,West,SelfEmp,0.8996028153089453,0,267353,0.55,0.35,0.22,0.3
102725,24,25193,West,SelfEmp,0.8382093969004307,0,464244,0.55,0.35,0.22,0.3
102726,23,26626,West,SelfEmp,0.6917337246817332,0,287958,0.55,0.35,0.22,0.3
102727,28,39780,West,SelfEmp,0.8962467673553445,0,333240,0.55,0.35,0.22,0.3
102728,66,93553,East,Business,0.33852729363417233,0,100816,-0.05,-0.1,0.02,0.03
102729,39,88148,East,Business,0.2599146511641764,0,155500,-0.05,-0.1,0.02,0.03
102730,37,52479,South,Salaried,0.7163908873948955,0,158448,0.3,0.25,0.18,0.08
102731,24,25475,West,SelfEmp,0.7142395217919008,0,290807,0.55,0.35,0.22,0.3
102732,21,46419,West,SelfEmp,0.8446015325225116,0,252210,0.55,0.35,0.22,0.3
102733,34,90236,North,Business,0.28426504602845404,0,109831,-0.05,-0.1,0.02,0.03
102734,33,60259,South,Salaried,0.7788237001086009,0,180265,0.3,0.25,0.18,0.08
102735,21,30323,West,SelfEmp,0.7641611844945495,1,417816,0.55,0.35,0.22,0.3
102736,38,63176,South,Salaried,0.7330613278593149,0,242587,0.3,0.25,0.18,0.08
102737,22,45561,West,SelfEmp,0.7433781017666123,0,413361,0.55,0.35,0.22,0.3
102738,21,39991,West,SelfEmp,0.8524100540807337,0,401690,0.55,0.35,0.22,0.3
102739,51,102318,East,Salaried,0.44437853724110143,1,199450,-0.05,-0.1,0.02,0.03
102740,51,132663,North,Business,0.12930969856591493,0,102579,-0.05,-0.1,0.02,0.03
102741,40,52140,South,Salaried,0.6586258455071561,0,271609,0.3,0.25,0.18,0.08
102742,59,109787,East,Business,0.327503531341246,0,221406,-0.05,-0.1,0.02,0.03
102743,57,76906,East,Business,0.3083039101257907,0,203230,-0.05,-0.1,0.02,0.03
102744,39,143732,East,Business,0.36567643235272307,0,126303,-0.05,-0.1,0.02,0.03
102745,41,72818,North,Salaried,0.18885797116692526,0,217173,-0.05,-0.1,0.02,0.03
102746,41,118053,North,Business,0.22946882223158682,0,195978,-0.05,-0.1,0.02,0.03
102747,23,45227,West,SelfEmp,0.7152132339928862,0,314698,0.55,0.35,0.22,0.3
102748,38,109167,East,Salaried,0.49052374591824555,0,114183,-0.05,-0.1,0.02,0.03
102749,32,91179,North,Business,0.2200276202638944,0,204682,-0.05,-0.1,0.02,0.03
102750,63,114835,East,Business,0.36423341695645095,0,226490,-0.05,-0.1,0.02,0.03
102751,37,35911,South,Salaried,0.6350131527078644,0,125479,0.3,0.25,0.18,0.08
102752,29,31165,West,SelfEmp,0.6949306029780372,0,341540,0.55,0.35,0.22,0.3
102753,51,97718,East,Salaried,0.3782384024115151,0,117754,-0.05,-0.1,0.02,0.03
102754,22,32915,West,SelfEmp,0.6907976148466581,1,461901,0.55,0.35,0.22,0.3
102755,65,149482,East,Business,0.38893798547901914,0,222481,-0.05,-0.1,0.02,0.03
102756,53,133899,East,Salaried,0.458836304301118,0,225043,-0.05,-0.1,0.02,0.03
102757,26,46159,West,SelfEmp,0.7698988724638951,0,361178,0.55,0.35,0.22,0.3
102758,33,32190,South,Salaried,0.6417171111385636,0,270960,0.3,0.25,0.18,0.08
102759,27,33981,West,SelfEmp,0.885082145494117,0,317500,0.55,0.35,0.22,0.3
102760,68,77848,North,Business,0.3646090204668968,0,156325,-0.05,-0.1,0.02,0.03
102761,26,46302,West,SelfEmp,0.8781624032337025,0,493048,0.55,0.35,0.22,0.3
102762,29,28713,West,SelfEmp,0.6960297857404053,0,408348,0.55,0.35,0.22,0.3
102763,58,66687,North,Salaried,0.43597296908059835,0,224910,-0.05,-0.1,0.02,0.03
102764,27,40345,West,SelfEmp,0.8106788386930173,0,492433,0.55,0.35,0.22,0.3
102765,43,111601,East,Business,0.13775972903024503,0,138314,-0.05,-0.1,0.02,0.03
102766,35,45010,South,Salaried,0.6401881042549001,0,151234,0.3,0.25,0.18,0.08
102767,58,50374,North,Salaried,0.16617707106149437,1,190104,-0.05,-0.1,0.02,0.03
102768,25,29723,West,SelfEmp,0.8558154361071225,0,317083,0.55,0.35,0.22,0.3
102769,58,110604,North,Salaried,0.3916907720310451,0,154334,-0.05,-0.1,0.02,0.03
102770,40,56121,South,Salaried,0.6647292056673875,0,126758,0.3,0.25,0.18,0.08
102771,63,114960,East,Salaried,0.18464681694938162,0,125052,-0.05,-0.1,0.02,0.03
102772,55,81181,East,Business,0.3472290372547731,0,218916,-0.05,-0.1,0.02,0.03
102773,25,45097,West,SelfEmp,0.6825810019469922,0,471871,0.55,0.35,0.22,0.3
102774,63,113901,East,Business,0.5234376211278294,0,339241,-0.05,-0.12,0.15,0.18
102775,32,59447,South,Salaried,0.7224333406436505,0,263085,0.3,0.25,0.18,0.08
102776,50,59633,North,Salaried,0.45676769197792133,1,90754,-0.05,-0.1,0.02,0.03
102777,45,126056,East,Salaried,0.18777775155523982,0,83096,-0.05,-0.1,0.02,0.03
102778,23,45629,West,SelfEmp,0.7754578803920794,0,436943,0.55,0.35,0.22,0.3
102779,58,142270,East,Business,0.6339114991299142,1,347874,-0.05,-0.12,0.15,0.18
102780,35,135901,North,Business,0.4271249855529049,0,60652,-0.05,-0.1,0.02,0.03
102781,33,34712,South,Salaried,0.7060674502991794,0,208123,0.3,0.25,0.18,0.08
102782,38,130661,North,Salaried,0.38725780921804986,1,187452,-0.05,-0.1,0.02,0.03
102783,30,64237,South,Salaried,0.7421996005264224,0,223204,0.3,0.25,0.18,0.08
102784,30,40133,South,Salaried,0.7772322136870344,0,211509,0.3,0.25,0.18,0.08
102785,41,146879,East,Business,0.41584116835605867,0,78910,-0.05,-0.1,0.02,0.03
102786,38,53128,South,Salaried,0.7396970855381158,1,211541,0.3,0.25,0.18,0.08
102787,22,31742,West,SelfEmp,0.8975412233342442,0,487814,0.55,0.35,0.22,0.3
102788,67,128120,East,Business,0.45825078021635474,0,500300,-0.05,-0.12,0.15,0.18
102789,56,149395,North,Business,0.4529912910390015,0,152744,-0.05,-0.1,0.02,0.03
102790,59,102004,East,Salaried,0.2635178692032324,0,137320,-0.05,-0.1,0.02,0.03
102791,23,47359,West,SelfEmp,0.845050516094625,0,435382,0.55,0.35,0.22,0.3
102792,54,122949,North,Business,0.20443227065183806,0,70366,-0.05,-0.1,0.02,0.03
102793,36,86452,East,Business,0.11632078485260791,0,118373,-0.05,-0.1,0.02,0.03
102794,34,52193,North,Salaried,0.32578596806028504,0,200874,-0.05,-0.1,0.02,0.03
102795,68,139938,East,Business,0.40954700922142206,0,611531,-0.05,-0.12,0.15,0.18
102796,36,67458,North,Salaried,0.2963084062989997,1,58204,-0.05,-0.1,0.02,0.03
102797,67,86371,North,Business,0.2037896103420046,0,79445,-0.05,-0.1,0.02,0.03
102798,64,100440,North,Business,0.1512221165860669,0,83375,-0.05,-0.1,0.02,0.03
102799,69,78794,North,Salaried,0.24745004363266554,0,97700,-0.05,-0.1,0.02,0.03
102800,46,90390,North,Salaried,0.1294818471375268,1,124613,-0.05,-0.1,0.02,0.03
102801,68,51777,East,Salaried,0.10133174346246632,0,249533,-0.05,-0.1,0.02,0.03
102802,24,25584,West,SelfEmp,0.7182216520841942,0,419036,0.55,0.35,0.22,0.3
102803,25,34901,West,SelfEmp,0.764685274307423,0,259947,0.55,0.35,0.22,0.3
102804,28,36187,West,SelfEmp,0.869717308796626,0,297438,0.55,0.35,0.22,0.3
102805,29,44745,West,SelfEmp,0.7878938444442917,0,491155,0.55,0.35,0.22,0.3
102806,43,57301,South,Salaried,0.6327629535875129,0,192283,0.3,0.25,0.18,0.08
102807,44,117185,North,Salaried,0.43596595465840626,0,130002,-0.05,-0.1,0.02,0.03
102808,37,37542,South,Salaried,0.5788487303565599,0,187271,0.3,0.25,0.18,0.08
102809,25,29385,West,SelfEmp,0.7299103451843911,0,329082,0.55,0.35,0.22,0.3
102810,37,38902,South,Salaried,0.5919059366060765,0,185540,0.3,0.25,0.18,0.08
102811,28,38512,West,SelfEmp,0.8530305760333462,0,443178,0.55,0.35,0.22,0.3
102812,60,118908,East,Business,0.3293690717137885,0,221093,-0.05,-0.1,0.02,0.03
102813,62,79541,North,Business,0.3247012180755185,0,244300,-0.05,-0.1,0.02,0.03
102814,26,48704,West,SelfEmp,0.6983545845096147,0,311961,0.55,0.35,0.22,0.3
102815,22,37154,West,SelfEmp,0.7372417973911993,1,279107,0.55,0.35,0.22,0.3
102816,69,103945,North,Business,0.21137462417460512,1,141164,-0.05,-0.1,0.02,0.03
102817,69,91681,East,Business,0.5641055779782638,0,565301,-0.05,-0.12,0.15,0.18
102818,43,142793,North,Business,0.49921945425805303,0,81382,-0.05,-0.1,0.02,0.03
102819,49,142158,North,Salaried,0.10234853395358622,0,106645,-0.05,-0.1,0.02,0.03
102820,58,127980,East,Business,0.15973418250816793,1,182076,-0.05,-0.1,0.02,0.03
102821,32,141106,East,Business,0.3401422203132665,0,54708,-0.05,-0.1,0.02,0.03
102822,66,68309,North,Salaried,0.3001092123339796,0,217483,-0.05,-0.1,0.02,0.03
102823,48,113680,North,Salaried,0.4739002725038657,0,134041,-0.05,-0.1,0.02,0.03
102824,52,144578,North,Business,0.1680957986513566,0,224453,-0.05,-0.1,0.02,0.03
102825,21,38427,West,SelfEmp,0.8523355437437541,0,267410,0.55,0.35,0.22,0.3
102826,22,26103,West,SelfEmp,0.7621036184882222,0,457739,0.55,0.35,0.22,0.3
102827,45,139297,North,Business,0.31544571401358457,0,150168,-0.05,-0.1,0.02,0.03
102828,58,142272,East,Business,0.14035066274456987,0,193744,-0.05,-0.1,0.02,0.03
102829,48,67863,North,Salaried,0.10326183778377188,0,92972,-0.05,-0.1,0.02,0.03
102830,62,93230,East,Business,0.46334706441770757,0,316834,-0.05,-0.12,0.15,0.18
102831,62,90343,East,Salaried,0.15310318747189197,0,162786,-0.05,-0.1,0.02,0.03
102832,21,36224,West,SelfEmp,0.8428454316900283,1,251578,0.55,0.35,0.22,0.3
102833,42,73377,East,Salaried,0.44687667112865026,0,239926,-0.05,-0.1,0.02,0.03
102834,54,86295,North,Salaried,0.47892974461119997,0,90072,-0.05,-0.1,0.02,0.03
102835,60,142272,East,Business,0.3096810783022188,1,194450,-0.05,-0.1,0.02,0.03
102836,39,41517,South,Salaried,0.6093183267895376,1,194986,0.3,0.25,0.18,0.08
102837,64,120717,East,Business,0.47986131113016495,1,549691,-0.05,-0.12,0.15,0.18
102838,39,134763,North,Salaried,0.24037163545604165,0,227779,-0.05,-0.1,0.02,0.03
102839,53,84395,North,Salaried,0.34248547594868595,0,105390,-0.05,-0.1,0.02,0.03
102840,69,57113,East,Business,0.350032151310799,0,50887,-0.05,-0.1,0.02,0.03
102841,30,74395,East,Business,0.44987586562942505,0,146254,-0.05,-0.1,0.02,0.03
102842,63,119016,North,Business,0.347868247275011,0,119568,-0.05,-0.1,0.02,0.03
102843,40,52377,South,Salaried,0.5565721183698997,1,140230,0.3,0.25,0.18,0.08
102844,54,110092,East,Salaried,0.4424756811380358,0,72417,-0.05,-0.1,0.02,0.03
102845,66,122934,North,Business,0.1472480532528703,1,132383,-0.05,-0.1,0.02,0.03
102846,63,101038,East,Business,0.31104199873302874,0,54412,-0.05,-0.1,0.02,0.03
102847,67,91212,East,Business,0.48545272888381186,0,425150,-0.05,-0.12,0.15,0.18
102848,21,44862,West,SelfEmp,0.6845848754517269,0,343085,0.55,0.35,0.22,0.3
102849,28,36867,West,SelfEmp,0.7707354669691295,0,280299,0.55,0.35,0.22,0.3
102850,48,123502,North,Salaried,0.218368371708596,0,235374,-0.05,-0.1,0.02,0.03
102851,55,130431,North,Salaried,0.3246104366707846,0,174024,-0.05,-0.1,0.02,0.03
102852,33,60871,East,Business,0.3426190955524655,0,113427,-0.05,-0.1,0.02,0.03
102853,27,29806,West,SelfEmp,0.711992958684775,1,481712,0.55,0.35,0.22,0.3
102854,51,66737,East,Salaried,0.40965255821116764,0,92453,-0.05,-0.1,0.02,0.03
102855,28,45119,West,SelfEmp,0.8928369963188028,0,289660,0.55,0.35,0.22,0.3
102856,36,32668,South,Salaried,0.6504259663047814,1,151030,0.3,0.25,0.18,0.08
102857,47,126674,North,Business,0.12215854225042166,0,228830,-0.05,-0.1,0.02,0.03
102858,57,116229,East,Business,0.5301756260430357,0,306507,-0.05,-0.12,0.15,0.18
102859,35,97572,North,Business,0.20850735537248816,0,152976,-0.05,-0.1,0.02,0.03
102860,56,93814,East,Business,0.5522840466505718,0,667094,-0.05,-0.12,0.15,0.18
102861,41,59673,South,Salaried,0.7830142370979938,0,254873,0.3,0.25,0.18,0.08
102862,45,83496,East,Business,0.22540933231088514,0,110235,-0.05,-0.1,0.02,0.03
102863,37,142855,North,Salaried,0.3118798932639986,0,219833,-0.05,-0.1,0.02,0.03
102864,50,121218,East,Business,0.6298335502452047,1,375422,-0.05,-0.12,0.15,0.18
102865,39,88465,East,Business,0.4452306509388577,0,238571,-0.05,-0.1,0.02,0.03
102866,60,141497,North,Business,0.28133789923737906,0,109768,-0.05,-0.1,0.02,0.03
102867,33,65819,East,Business,0.39240442023715916,0,139547,-0.05,-0.1,0.02,0.03
102868,43,34392,South,Salaried,0.764525184681091,0,195157,0.3,0.25,0.18,0.08
102869,21,34402,West,SelfEmp,0.7753735936984733,0,281935,0.55,0.35,0.22,0.3
102870,32,72264,East,Salaried,0.38410477564583745,0,75627,-0.05,-0.1,0.02,0.03
102871,41,46812,South,Salaried,0.6652583409610027,1,254938,0.3,0.25,0.18,0.08
102872,41,75634,East,Salaried,0.31123579720073963,0,207429,-0.05,-0.1,0.02,0.03
102873,29,49979,West,SelfEmp,0.6656724910529557,0,351961,0.55,0.35,0.22,0.3
102874,25,38182,West,SelfEmp,0.7364846432116327,0,437686,0.55,0.35,0.22,0.3
102875,43,33693,South,Salaried,0.6243328268950787,0,221095,0.3,0.25,0.18,0.08
102876,61,129841,East,Business,0.6062254571183562,0,325640,-0.05,-0.12,0.15,0.18
102877,40,63506,South,Salaried,0.733097567709502,0,242513,0.3,0.25,0.18,0.08
102878,22,37435,West,SelfEmp,0.6934877848943832,0,422689,0.55,0.35,0.22,0.3
102879,36,54308,South,Salaried,0.6847209902542233,0,279154,0.3,0.25,0.18,0.08
102880,61,56720,North,Salaried,0.26559575721528206,0,186299,-0.05,-0.1,0.02,0.03
102881,37,78270,East,Business,0.16503794157882168,0,141811,-0.05,-0.1,0.02,0.03
102882,50,75240,East,Salaried,0.46058469353398124,1,243710,-0.05,-0.1,0.02,0.03
102883,43,106248,East,Business,0.15730208175631144,0,124774,-0.05,-0.1,0.02,0.03
102884,31,84186,North,Business,0.3213793738443034,0,127234,-0.05,-0.1,0.02,0.03
102885,63,79773,North,Business,0.10820967285803539,0,127759,-0.05,-0.1,0.02,0.03
102886,21,32205,West,SelfEmp,0.85568230407279,0,417084,0.55,0.35,0.22,0.3
102887,28,30975,West,SelfEmp,0.6769976386780433,0,375377,0.55,0.35,0.22,0.3
102888,34,146687,East,Salaried,0.10329587540422205,0,237387,-0.05,-0.1,0.02,0.03
102889,34,35338,South,Salaried,0.5633010504644249,1,129903,0.3,0.25,0.18,0.08
102890,24,45144,West,SelfEmp,0.6767174819269473,0,381407,0.55,0.35,0.22,0.3
102891,42,34755,South,Salaried,0.6931561680484974,1,204049,0.3,0.25,0.18,0.08
102892,34,48909,South,Salaried,0.6894854954158964,0,136049,0.3,0.25,0.18,0.08
102893,65,147042,North,Business,0.38913147494704914,0,201005,-0.05,-0.1,0.02,0.03
102894,35,47817,South,Salaried,0.6337343002855205,1,207425,0.3,0.25,0.18,0.08
102895,23,44326,West,SelfEmp,0.8479957080562252,0,369341,0.55,0.35,0.22,0.3
102896,37,59511,South,Salaried,0.6544408960216321,0,226912,0.3,0.25,0.18,0.08
102897,49,149395,North,Salaried,0.4362781325160693,0,126018,-0.05,-0.1,0.02,0.03
102898,25,32767,West,SelfEmp,0.876292854630531,0,441789,0.55,0.35,0.22,0.3
102899,69,134728,East,Business,0.6202476105578452,1,664284,-0.05,-0.12,0.15,0.18
102900,38,122917,North,Salaried,0.47955273949864885,0,215815,-0.05,-0.1,0.02,0.03
102901,30,39452,South,Salaried,0.7315914652998108,0,260458,0.3,0.25,0.18,0.08
102902,24,33425,West,SelfEmp,0.6699744029736885,0,366702,0.55,0.35,0.22,0.3
102903,66,55886,North,Business,0.49820025173553084,0,135567,-0.05,-0.1,0.02,0.03
102904,56,130316,North,Salaried,0.3281807388075495,0,142874,-0.05,-0.1,0.02,0.03
102905,35,85430,North,Business,0.19350734447180296,0,158862,-0.05,-0.1,0.02,0.03
102906,25,41799,West,SelfEmp,0.7079808321063281,0,480419,0.55,0.35,0.22,0.3
102907,41,112908,East,Business,0.17269328438324666,0,54170,-0.05,-0.1,0.02,0.03
102908,23,47593,West,SelfEmp,0.7794879945268871,0,254806,0.55,0.35,0.22,0.3
102909,27,25115,West,SelfEmp,0.7472056129717275,0,336623,0.55,0.35,0.22,0.3
102910,22,41684,West,SelfEmp,0.7202882235664245,0,479570,0.55,0.35,0.22,0.3
102911,22,32133,West,SelfEmp,0.8103733253987574,0,437612,0.55,0.35,0.22,0.3
102912,29,48913,West,SelfEmp,0.8413585022457922,0,437343,0.55,0.35,0.22,0.3
102913,23,32914,West,SelfEmp,0.7051184105916972,0,315129,0.55,0.35,0.22,0.3
102914,25,49470,West,SelfEmp,0.8362251337414496,0,344837,0.55,0.35,0.22,0.3
102915,67,107588,North,Business,0.4600699486948093,0,147768,-0.05,-0.1,0.02,0.03
102916,50,90685,East,Business,0.5481654682789977,0,356746,-0.05,-0.12,0.15,0.18
102917,26,30464,West,SelfEmp,0.8848307848613325,1,441542,0.55,0.35,0.22,0.3
102918,53,125193,North,Salaried,0.4462884123602572,1,216305,-0.05,-0.1,0.02,0.03
102919,52,73943,North,Business,0.2942732290585382,0,155011,-0.05,-0.1,0.02,0.03
102920,45,132660,North,Business,0.48836828843414404,0,91915,-0.05,-0.1,0.02,0.03
102921,26,32127,West,SelfEmp,0.7651310969637657,0,377061,0.55,0.35,0.22,0.3
102922,33,67763,East,Salaried,0.36104353516975907,0,202726,-0.05,-0.1,0.02,0.03
102923,28,39477,West,SelfEmp,0.7845596655560363,0,305315,0.55,0.35,0.22,0.3
102924,29,31779,West,SelfEmp,0.723080069912116,0,277220,0.55,0.35,0.22,0.3
102925,66,149181,East,Salaried,0.3850629949605644,0,124373,-0.05,-0.1,0.02,0.03
102926,37,52344,South,Salaried,0.612178293707772,1,199447,0.3,0.25,0.18,0.08
102927,52,142064,East,Business,0.2714343784567438,0,207662,-0.05,-0.1,0.02,0.03
102928,36,132303,North,Salaried,0.2707277788054516,0,222052,-0.05,-0.1,0.02,0.03
102929,65,94104,East,Business,0.4497859584364314,1,696342,-0.05,-0.12,0.15,0.18
102930,21,48231,West,SelfEmp,0.8133772190661654,1,283049,0.55,0.35,0.22,0.3
102931,58,146469,East,Salaried,0.32561797738801745,0,72000,-0.05,-0.1,0.02,0.03
102932,24,40237,West,SelfEmp,0.8688196124477292,0,392268,0.55,0.35,0.22,0.3
102933,24,49333,West,SelfEmp,0.8773153486670251,0,301980,0.55,0.35,0.22,0.3
102934,25,35439,West,SelfEmp,0.7280343284429747,0,395343,0.55,0.35,0.22,0.3
102935,50,94067,East,Salaried,0.2144647646519407,1,203585,-0.05,-0.1,0.02,0.03
102936,51,117032,East,Business,0.5219182222513902,1,496453,-0.05,-0.12,0.15,0.18
102937,48,50984,East,Business,0.33665596917703683,0,180257,-0.05,-0.1,0.02,0.03
102938,32,37627,South,Salaried,0.6240301826150065,1,212424,0.3,0.25,0.18,0.08
102939,42,49538,South,Salaried,0.597881458626789,1,121095,0.3,0.25,0.18,0.08
102940,69,100828,East,Business,0.4833066025596092,0,210732,-0.05,-0.1,0.02,0.03
102941,27,49821,West,SelfEmp,0.7022421035273623,0,301754,0.55,0.35,0.22,0.3
102942,55,133397,East,Business,0.4391049542544392,0,177948,-0.05,-0.1,0.02,0.03
102943,24,44307,West,SelfEmp,0.8862729626569061,0,462896,0.55,0.35,0.22,0.3
102944,65,57313,North,Salaried,0.4675808240283137,0,227294,-0.05,-0.1,0.02,0.03
102945,24,48964,West,SelfEmp,0.7724047610327354,0,392890,0.55,0.35,0.22,0.3
102946,50,141123,East,Business,0.15409710358595358,0,239138,-0.05,-0.1,0.02,0.03
102947,39,66698,North,Salaried,0.11099706315302274,0,210388,-0.05,-0.1,0.02,0.03
102948,51,147200,East,Business,0.6421124834145031,0,559994,-0.05,-0.12,0.15,0.18
102949,63,95855,East,Salaried,0.16198084276840718,0,104738,-0.05,-0.1,0.02,0.03
102950,22,37641,West,SelfEmp,0.6677560319790037,1,472715,0.55,0.35,0.22,0.3
102951,41,38144,South,Salaried,0.6365947468251146,1,241416,0.3,0.25,0.18,0.08
102952,60,99717,East,Business,0.4735888696318582,0,402345,-0.05,-0.12,0.15,0.18
102953,41,65163,East,Business,0.19813111893384214,0,98805,-0.05,-0.1,0.02,0.03
102954,37,73780,East,Salaried,0.22291409093428147,0,167788,-0.05,-0.1,0.02,0.03
102955,57,114758,East,Business,0.5641469659633237,0,660531,-0.05,-0.12,0.15,0.18
102956,29,34934,West,SelfEmp,0.6735052861510137,0,398492,0.55,0.35,0.22,0.3
102957,25,30749,West,SelfEmp,0.6880080111550809,0,282955,0.55,0.35,0.22,0.3
102958,37,103982,East,Salaried,0.4250471254988757,0,233924,-0.05,-0.1,0.02,0.03
102959,41,139560,North,Business,0.4600816094424086,0,165831,-0.05,-0.1,0.02,0.03
102960,31,116141,North,Business,0.41319133870167724,0,77640,-0.05,-0.1,0.02,0.03
102961,31,66473,North,Salaried,0.24417027346785458,0,186635,-0.05,-0.1,0.02,0.03
102962,47,98374,East,Business,0.10153859031219765,1,105351,-0.05,-0.1,0.02,0.03
102963,52,64653,North,Salaried,0.3921326579511073,0,56460,-0.05,-0.1,0.02,0.03
102964,58,134491,North,Business,0.1713687290597779,0,157843,-0.05,-0.1,0.02,0.03
102965,22,28407,West,SelfEmp,0.8349276174867906,0,480148,0.55,0.35,0.22,0.3
102966,42,113823,East,Salaried,0.18283773686632268,0,247595,-0.05,-0.1,0.02,0.03
102967,45,133705,East,Business,0.4057339251413784,0,199859,-0.05,-0.1,0.02,0.03
102968,33,55121,South,Salaried,0.7524768525589418,0,186616,0.3,0.25,0.18,0.08
102969,32,137706,East,Business,0.11163445191569332,1,96134,-0.05,-0.1,0.02,0.03
102970,43,53164,South,Salaried,0.7590384199538143,1,131763,0.3,0.25,0.18,0.08
102971,29,42218,West,SelfEmp,0.6745996480661481,0,332823,0.55,0.35,0.22,0.3
102972,44,54270,South,Salaried,0.5565611217480582,0,180039,0.3,0.25,0.18,0.08
102973,37,110693,East,Business,0.194716991591654,0,161994,-0.05,-0.1,0.02,0.03
102974,39,113506,North,Business,0.4880940620778057,0,159811,-0.05,-0.1,0.02,0.03
102975,25,42480,West,SelfEmp,0.757806242822783,0,279863,0.55,0.35,0.22,0.3
102976,30,30899,South,Salaried,0.6007430944210146,0,240768,0.3,0.25,0.18,0.08
102977,32,144303,East,Salaried,0.40712006933932443,1,228054,-0.05,-0.1,0.02,0.03
102978,28,42176,West,SelfEmp,0.6913604979021878,0,251481,0.55,0.35,0.22,0.3
102979,26,43417,West,SelfEmp,0.7472958462782822,0,406271,0.55,0.35,0.22,0.3
102980,59,101265,North,Salaried,0.1490407350244256,0,160377,-0.05,-0.1,0.02,0.03
102981,40,56536,East,Salaried,0.3100020688249744,0,164654,-0.05,-0.1,0.02,0.03
102982,43,50946,South,Salaried,0.5985852978344864,1,135013,0.3,0.25,0.18,0.08
102983,48,105394,North,Business,0.46585856322318187,0,83934,-0.05,-0.1,0.02,0.03
102984,21,30533,West,SelfEmp,0.745140928346498,0,383613,0.55,0.35,0.22,0.3
102985,38,96315,North,Business,0.3714272147329699,0,174549,-0.05,-0.1,0.02,0.03
102986,53,147969,East,Business,0.16638555677346328,0,110716,-0.05,-0.1,0.02,0.03
102987,29,29311,West,SelfEmp,0.7900143367298289,0,268672,0.55,0.35,0.22,0.3
102988,30,48476,South,Salaried,0.7812178354134673,1,251355,0.3,0.25,0.18,0.08
102989,37,141926,East,Business,0.23752003513340514,0,178327,-0.05,-0.1,0.02,0.03
102990,43,56243,East,Salaried,0.26920034771936874,0,167349,-0.05,-0.1,0.02,0.03
102991,58,149613,North,Business,0.3521377967260667,0,76993,-0.05,-0.1,0.02,0.03
102992,68,115605,North,Salaried,0.13467161685888127,0,193461,-0.05,-0.1,0.02,0.03
102993,58,137045,East,Business,0.6047348440241613,0,484954,-0.05,-0.12,0.15,0.18
102994,53,109721,East,Business,0.4028652986398826,0,664438,-0.05,-0.12,0.15,0.18
102995,30,126318,North,Salaried,0.25501359029155835,0,76287,-0.05,-0.1,0.02,0.03
102996,25,49747,West,SelfEmp,0.7475587921667347,0,352405,0.55,0.35,0.22,0.3
102997,47,60520,North,Salaried,0.15674945528014295,0,150779,-0.05,-0.1,0.02,0.03
102998,36,60767,South,Salaried,0.7537737129123945,0,270291,0.3,0.25,0.18,0.08
102999,65,83357,East,Salaried,0.4622117995205749,0,55077,-0.05,-0.1,0.02,0.03
103000,69,106019,East,Business,0.5525297207784511,0,490034,-0.05,-0.12,0.15,0.18
103001,21,31596,West,SelfEmp,0.6755960527957822,0,293963,0.55,0.35,0.22,0.3
103002,29,34379,West,SelfEmp,0.7331847085056565,1,341388,0.55,0.35,0.22,0.3
103003,51,69338,East,Business,0.33573389963918543,0,142805,-0.05,-0.1,0.02,0.03
103004,53,101263,North,Business,0.3440911161753917,0,228149,-0.05,-0.1,0.02,0.03
103005,22,41856,West,SelfEmp,0.701105947666101,0,434056,0.55,0.35,0.22,0.3
103006,59,118444,North,Salaried,0.33597074750672223,0,231622,-0.05,-0.1,0.02,0.03
103007,25,43617,West,SelfEmp,0.6686307401767674,0,438253,0.55,0.35,0.22,0.3
103008,36,53056,South,Salaried,0.5729517295741194,0,215406,0.3,0.25,0.18,0.08
103009,44,128426,East,Business,0.25745308949471735,0,109799,-0.05,-0.1,0.02,0.03
103010,53,95732,East,Business,0.539816072305938,0,424446,-0.05,-0.12,0.15,0.18
103011,39,39501,South,Salaried,0.6925307103713538,0,245044,0.3,0.25,0.18,0.08
103012,38,99869,North,Salaried,0.12998082761584429,1,102904,-0.05,-0.1,0.02,0.03
103013,42,59563,South,Salaried,0.699895661769562,0,222834,0.3,0.25,0.18,0.08
103014,47,73618,East,Business,0.1861419493986682,0,105729,-0.05,-0.1,0.02,0.03
103015,22,43453,West,SelfEmp,0.8160318696590647,0,388982,0.55,0.35,0.22,0.3
103016,25,35951,West,SelfEmp,0.8663829112193279,0,483368,0.55,0.35,0.22,0.3
103017,44,59460,South,Salaried,0.5879656027296069,1,190814,0.3,0.25,0.18,0.08
103018,27,30299,West,SelfEmp,0.8967260014379239,0,401203,0.55,0.35,0.22,0.3
103019,55,144860,North,Business,0.31546820202593345,0,89231,-0.05,-0.1,0.02,0.03
103020,27,40033,West,SelfEmp,0.8198719155126712,0,395763,0.55,0.35,0.22,0.3
103021,54,97522,East,Business,0.42470525010587945,0,556424,-0.05,-0.12,0.15,0.18
103022,27,30443,West,SelfEmp,0.8903512315229023,0,315745,0.55,0.35,0.22,0.3
103023,64,130315,North,Business,0.41720648449968734,0,170213,-0.05,-0.1,0.02,0.03
103024,41,63587,South,Salaried,0.7128349843948873,1,131662,0.3,0.25,0.18,0.08
103025,23,25184,West,SelfEmp,0.858663186125068,0,480747,0.55,0.35,0.22,0.3
103026,36,54045,East,Business,0.16531510220111728,1,50586,-0.05,-0.1,0.02,0.03
103027,69,134407,East,Business,0.24977758898126062,0,140210,-0.05,-0.1,0.02,0.03
103028,24,49989,West,SelfEmp,0.8421320137494408,1,309129,0.55,0.35,0.22,0.3
103029,36,44945,South,Salaried,0.6310327727948296,0,208968,0.3,0.25,0.18,0.08
103030,68,137593,East,Business,0.4236125228958445,0,54668,-0.05,-0.1,0.02,0.03
103031,27,26193,West,SelfEmp,0.7976690862014884,0,349962,0.55,0.35,0.22,0.3
103032,58,148773,East,Business,0.47342564468003995,0,687650,-0.05,-0.12,0.15,0.18
103033,59,119575,East,Business,0.22108695521769547,0,108380,-0.05,-0.1,0.02,0.03
103034,62,131298,East,Business,0.5105360517181603,0,306041,-0.05,-0.12,0.15,0.18
103035,26,34505,West,SelfEmp,0.8552965938521809,0,290227,0.55,0.35,0.22,0.3
103036,55,125466,North,Business,0.1487156331033239,0,163933,-0.05,-0.1,0.02,0.03
103037,26,29597,West,SelfEmp,0.7979402153905466,1,435198,0.55,0.35,0.22,0.3
103038,67,101166,North,Salaried,0.2701673109473351,0,112787,-0.05,-0.1,0.02,0.03
103039,55,88450,East,Salaried,0.4282144669086223,0,140504,-0.05,-0.1,0.02,0.03
103040,32,44255,South,Salaried,0.5516077055230333,1,262847,0.3,0.25,0.18,0.08
103041,24,35535,West,SelfEmp,0.8002079241483446,0,309868,0.55,0.35,0.22,0.3
103042,55,120359,East,Business,0.4747573832036208,0,112846,-0.05,-0.1,0.02,0.03
103043,27,31915,West,SelfEmp,0.848083674203991,0,428780,0.55,0.35,0.22,0.3
103044,28,46214,West,SelfEmp,0.6584700070369562,0,345734,0.55,0.35,0.22,0.3
103045,42,129214,East,Business,0.4008265775716243,1,82006,-0.05,-0.1,0.02,0.03
103046,27,44400,West,SelfEmp,0.789447300466102,0,317369,0.55,0.35,0.22,0.3
103047,69,53305,East,Salaried,0.20199558475671317,0,199709,-0.05,-0.1,0.02,0.03
103048,69,67506,North,Business,0.1460379959585903,0,173590,-0.05,-0.1,0.02,0.03
103049,39,126089,East,Salaried,0.3479894641001503,0,154403,-0.05,-0.1,0.02,0.03
103050,27,41947,West,SelfEmp,0.7421963742454547,0,495353,0.55,0.35,0.22,0.3
103051,57,60568,North,Business,0.28814725315039924,0,52944,-0.05,-0.1,0.02,0.03
103052,53,75117,East,Business,0.2538571726856398,1,92706,-0.05,-0.1,0.02,0.03
103053,24,45116,West,SelfEmp,0.8848561022272264,0,279554,0.55,0.35,0.22,0.3
103054,56,94640,East,Business,0.6338534917832507,1,311086,-0.05,-0.12,0.15,0.18
103055,36,35687,South,Salaried,0.6926702583031343,0,166023,0.3,0.25,0.18,0.08
103056,26,36515,West,SelfEmp,0.84335012732386,0,320727,0.55,0.35,0.22,0.3
103057,52,124754,East,Business,0.6457177862166462,0,459289,-0.05,-0.12,0.15,0.18
103058,60,141443,North,Salaried,0.34484649366396614,0,227896,-0.05,-0.1,0.02,0.03
103059,28,36056,West,SelfEmp,0.7143979623484269,0,442694,0.55,0.35,0.22,0.3
103060,43,71494,East,Salaried,0.36439547805792494,0,180465,-0.05,-0.1,0.02,0.03
103061,44,30420,South,Salaried,0.6621847045311375,1,246688,0.3,0.25,0.18,0.08
103062,43,55313,South,Salaried,0.5862473371288619,1,179129,0.3,0.25,0.18,0.08
103063,68,145787,North,Salaried,0.4478497956578624,0,90345,-0.05,-0.1,0.02,0.03
103064,68,143652,East,Business,0.4296160625508294,0,365170,-0.05,-0.12,0.15,0.18
103065,54,75202,East,Business,0.39116642599973117,0,109343,-0.05,-0.1,0.02,0.03
103066,69,123720,East,Business,0.14829644987812457,0,167906,-0.05,-0.1,0.02,0.03
103067,66,145221,East,Business,0.623814674262093,0,651751,-0.05,-0.12,0.15,0.18
103068,22,27609,West,SelfEmp,0.7362799112050956,0,374292,0.55,0.35,0.22,0.3
103069,27,34746,West,SelfEmp,0.651964594175602,0,405951,0.55,0.35,0.22,0.3
103070,69,57498,East,Business,0.3969357567653544,0,186939,-0.05,-0.1,0.02,0.03
103071,25,30338,West,SelfEmp,0.8811598267526244,0,449480,0.55,0.35,0.22,0.3
103072,63,67586,North,Business,0.21188826329662735,0,201435,-0.05,-0.1,0.02,0.03
103073,30,121780,East,Salaried,0.27451955729246535,0,159783,-0.05,-0.1,0.02,0.03
103074,44,121907,North,Salaried,0.40668660952510616,0,142445,-0.05,-0.1,0.02,0.03
103075,66,141896,East,Salaried,0.1831285349047753,0,101721,-0.05,-0.1,0.02,0.03
103076,66,145615,East,Business,0.47438493095360795,0,651761,-0.05,-0.12,0.15,0.18
103077,22,27905,West,SelfEmp,0.821730665480369,0,473293,0.55,0.35,0.22,0.3
103078,54,138955,North,Salaried,0.1515928822735172,0,185746,-0.05,-0.1,0.02,0.03
103079,69,135215,North,Business,0.11379503457278686,1,64653,-0.05,-0.1,0.02,0.03
103080,57,126376,East,Business,0.6795419432809168,0,441266,-0.05,-0.12,0.15,0.18
103081,45,101271,North,Business,0.17038349522312835,0,62897,-0.05,-0.1,0.02,0.03
103082,46,59876,East,Salaried,0.193502540358883,0,213979,-0.05,-0.1,0.02,0.03
103083,23,41810,West,SelfEmp,0.8480010769186089,0,350216,0.55,0.35,0.22,0.3
103084,58,143793,East,Salaried,0.4564483583478317,0,182500,-0.05,-0.1,0.02,0.03
103085,34,123105,East,Salaried,0.2976524206446801,0,81063,-0.05,-0.1,0.02,0.03
103086,38,99539,North,Salaried,0.31803921162427495,0,103828,-0.05,-0.1,0.02,0.03
103087,25,29519,West,SelfEmp,0.8839321234768174,0,475249,0.55,0.35,0.22,0.3
103088,51,111314,East,Business,0.43916981993608284,0,675004,-0.05,-0.12,0.15,0.18
103089,32,47737,South,Salaried,0.7171486283654204,0,226951,0.3,0.25,0.18,0.08
103090,25,27490,West,SelfEmp,0.7781090292708362,0,444542,0.55,0.35,0.22,0.3
103091,24,49107,West,SelfEmp,0.8793123302047838,0,485731,0.55,0.35,0.22,0.3
103092,45,113854,North,Business,0.35809620893194094,0,207126,-0.05,-0.1,0.02,0.03
103093,28,40950,West,SelfEmp,0.6747598846540652,0,292585,0.55,0.35,0.22,0.3
103094,29,49736,West,SelfEmp,0.6520927916206536,0,419693,0.55,0.35,0.22,0.3
103095,27,35178,West,SelfEmp,0.8785739087131568,0,270918,0.55,0.35,0.22,0.3
103096,49,63318,East,Business,0.17294658080533565,0,169901,-0.05,-0.1,0.02,0.03
103097,37,127993,North,Business,0.17965236807898868,0,148412,-0.05,-0.1,0.02,0.03
103098,57,56860,East,Salaried,0.2777207684190265,1,160083,-0.05,-0.1,0.02,0.03
103099,63,98660,East,Business,0.29195218734755424,0,145716,-0.05,-0.1,0.02,0.03
103100,61,109551,North,Business,0.37054703417461077,0,121251,-0.05,-0.1,0.02,0.03
103101,31,147549,North,Business,0.4118810608215201,0,142001,-0.05,-0.1,0.02,0.03
103102,23,34471,West,SelfEmp,0.8002403209914593,0,464559,0.55,0.35,0.22,0.3
103103,23,33985,West,SelfEmp,0.721985782400802,0,387219,0.55,0.35,0.22,0.3
103104,23,33653,West,SelfEmp,0.7810871566303075,0,390400,0.55,0.35,0.22,0.3
103105,23,32115,West,SelfEmp,0.8620893856574173,1,258315,0.55,0.35,0.22,0.3
103106,29,32375,West,SelfEmp,0.8024336607973765,0,394660,0.55,0.35,0.22,0.3
103107,34,114237,East,Business,0.4607752510328921,0,58357,-0.05,-0.1,0.02,0.03
103108,34,68741,East,Salaried,0.2198622396454853,0,221140,-0.05,-0.1,0.02,0.03
103109,33,51298,North,Salaried,0.1050596030007268,0,117799,-0.05,-0.1,0.02,0.03
103110,50,72864,East,Salaried,0.4195959546517395,0,81725,-0.05,-0.1,0.02,0.03
103111,25,47299,West,SelfEmp,0.8068479209747881,0,431197,0.55,0.35,0.22,0.3
103112,50,103160,North,Business,0.39619590739194455,0,122283,-0.05,-0.1,0.02,0.03
103113,56,88531,North,Salaried,0.47711247061213913,1,220355,-0.05,-0.1,0.02,0.03
103114,64,103245,East,Salaried,0.43562257985577413,0,131766,-0.05,-0.1,0.02,0.03
103115,52,83729,North,Business,0.3789286432408371,0,157348,-0.05,-0.1,0.02,0.03
103116,54,138972,East,Business,0.453145199740411,0,594482,-0.05,-0.12,0.15,0.18
103117,28,33460,West,SelfEmp,0.7673757942337494,0,401533,0.55,0.35,0.22,0.3
103118,30,67186,North,Salaried,0.4316610640297689,0,220847,-0.05,-0.1,0.02,0.03
103119,65,112668,East,Salaried,0.11811811932571935,0,53058,-0.05,-0.1,0.02,0.03
103120,36,74200,East,Business,0.10285881530769309,0,129298,-0.05,-0.1,0.02,0.03
103121,36,146360,North,Salaried,0.2272519465986732,0,235919,-0.05,-0.1,0.02,0.03
103122,67,123026,East,Business,0.4447132690781258,0,479162,-0.05,-0.12,0.15,0.18
103123,42,56025,South,Salaried,0.7396940973472014,1,223043,0.3,0.25,0.18,0.08
103124,26,40876,West,SelfEmp,0.8473630002483425,0,301479,0.55,0.35,0.22,0.3
103125,55,104553,East,Salaried,0.15193984636722108,0,123339,-0.05,-0.1,0.02,0.03
103126,58,127589,East,Business,0.6228305889768864,0,581926,-0.05,-0.12,0.15,0.18
103127,40,66767,North,Salaried,0.3580973369466942,0,210585,-0.05,-0.1,0.02,0.03
103128,21,29044,West,SelfEmp,0.8851236460996286,0,266447,0.55,0.35,0.22,0.3
103129,54,129535,East,Business,0.17233924268913398,0,224812,-0.05,-0.1,0.02,0.03
103130,46,57747,North,Business,0.45103886314325203,0,230556,-0.05,-0.1,0.02,0.03
103131,29,35410,West,SelfEmp,0.8326576520267169,0,272224,0.55,0.35,0.22,0.3
103132,46,62244,North,Business,0.15126011810536288,0,110748,-0.05,-0.1,0.02,0.03
103133,59,71964,East,Salaried,0.1978409822127496,0,137937,-0.05,-0.1,0.02,0.03
103134,39,55728,South,Salaried,0.7400143838713289,0,130777,0.3,0.25,0.18,0.08
103135,42,143217,East,Business,0.3418491919841774,0,126328,-0.05,-0.1,0.02,0.03
103136,56,91741,East,Business,0.4059906605809507,0,500449,-0.05,-0.12,0.15,0.18
103137,61,118765,East,Business,0.5604245866799527,0,363655,-0.05,-0.12,0.15,0.18
103138,63,111016,East,Business,0.6984962742294832,1,548508,-0.05,-0.12,0.15,0.18
103139,29,48946,West,SelfEmp,0.7790273082463975,0,427088,0.55,0.35,0.22,0.3
103140,32,90813,East,Business,0.18934969533071097,0,64069,-0.05,-0.1,0.02,0.03
103141,51,117073,East,Salaried,0.24738004683637685,0,246536,-0.05,-0.1,0.02,0.03
103142,60,115691,East,Salaried,0.3544186504947855,1,115366,-0.05,-0.1,0.02,0.03
103143,42,58853,South,Salaried,0.7679659534407415,0,233432,0.3,0.25,0.18,0.08
103144,24,29678,West,SelfEmp,0.7729056634469126,0,265963,0.55,0.35,0.22,0.3
103145,65,73218,North,Salaried,0.3382929049728949,0,172116,-0.05,-0.1,0.02,0.03
103146,29,42412,West,SelfEmp,0.8310627392910003,1,307115,0.55,0.35,0.22,0.3
103147,41,127252,East,Salaried,0.4968331124975408,0,240194,-0.05,-0.1,0.02,0.03
103148,68,50040,East,Business,0.1645616720376383,0,247486,-0.05,-0.1,0.02,0.03
103149,50,106555,North,Business,0.422020321393069,0,176295,-0.05,-0.1,0.02,0.03
103150,26,33521,West,SelfEmp,0.891827665023725,0,379495,0.55,0.35,0.22,0.3
103151,67,128846,North,Business,0.3367969245585616,0,119647,-0.05,-0.1,0.02,0.03
103152,30,62862,East,Salaried,0.2967729748808226,0,235872,-0.05,-0.1,0.02,0.03
103153,67,147564,North,Salaried,0.4426972326223949,0,96873,-0.05,-0.1,0.02,0.03
103154,48,133167,North,Salaried,0.3483895527190318,0,185777,-0.05,-0.1,0.02,0.03
103155,23,35578,West,SelfEmp,0.898251364079197,1,466204,0.55,0.35,0.22,0.3
103156,40,64920,South,Salaried,0.6725221052842079,1,277998,0.3,0.25,0.18,0.08
103157,42,57265,South,Salaried,0.5926941015826728,1,202368,0.3,0.25,0.18,0.08
103158,43,55835,North,Business,0.2515826683388867,0,175288,-0.05,-0.1,0.02,0.03
103159,45,120481,East,Business,0.1519986340895228,0,53919,-0.05,-0.1,0.02,0.03
103160,25,46444,West,SelfEmp,0.8044716042987184,0,393024,0.55,0.35,0.22,0.3
103161,64,92607,East,Business,0.4839841406818751,0,86169,-0.05,-0.1,0.02,0.03
103162,22,31172,West,SelfEmp,0.7647907222741653,0,294544,0.55,0.35,0.22,0.3
103163,66,126473,North,Salaried,0.4274314802563298,0,125957,-0.05,-0.1,0.02,0.03
103164,59,104466,East,Business,0.5901998495066185,0,516695,-0.05,-0.12,0.15,0.18
103165,67,68618,East,Salaried,0.19706266063732336,0,78786,-0.05,-0.1,0.02,0.03
103166,53,132777,East,Salaried,0.2966127172365434,0,234289,-0.05,-0.1,0.02,0.03
103167,50,118015,East,Business,0.5589941555829051,0,388855,-0.05,-0.12,0.15,0.18
103168,36,51404,South,Salaried,0.7945187410455323,1,166728,0.3,0.25,0.18,0.08
103169,44,80537,North,Business,0.48637587805241667,1,181406,-0.05,-0.1,0.02,0.03
103170,66,95498,North,Business,0.3255095094203879,0,50911,-0.05,-0.1,0.02,0.03
103171,23,40115,West,SelfEmp,0.8346558707784367,0,477954,0.55,0.35,0.22,0.3
103172,23,37072,West,SelfEmp,0.7281386043008387,0,459401,0.55,0.35,0.22,0.3
103173,64,127122,North,Business,0.47304836270806727,0,87142,-0.05,-0.1,0.02,0.03
103174,58,122669,East,Business,0.4014749265121595,0,593071,-0.05,-0.12,0.15,0.18
103175,53,145067,East,Business,0.6994322421611914,1,309850,-0.05,-0.12,0.15,0.18
103176,27,37812,West,SelfEmp,0.7319381513486377,1,483018,0.55,0.35,0.22,0.3
103177,29,47348,West,SelfEmp,0.7841489250693039,0,310946,0.55,0.35,0.22,0.3
103178,57,68602,North,Salaried,0.28464374200624676,0,184795,-0.05,-0.1,0.02,0.03
103179,25,32513,West,SelfEmp,0.8798710608957896,0,481884,0.55,0.35,0.22,0.3
103180,33,130498,North,Salaried,0.40640178226280654,0,173809,-0.05,-0.1,0.02,0.03
103181,50,106858,North,Business,0.20688079650151253,0,55911,-0.05,-0.1,0.02,0.03
103182,34,86389,North,Business,0.27593058485818966,0,198057,-0.05,-0.1,0.02,0.03
103183,36,109050,North,Business,0.4425845020730298,0,84732,-0.05,-0.1,0.02,0.03
103184,58,75599,East,Salaried,0.11071491542414576,0,121817,-0.05,-0.1,0.02,0.03
103185,59,106155,East,Business,0.6707613565187694,1,357539,-0.05,-0.12,0.15,0.18
103186,39,101308,North,Business,0.26421814407993693,0,183931,-0.05,-0.1,0.02,0.03
103187,33,64442,South,Salaried,0.5881752720478163,1,166951,0.3,0.25,0.18,0.08
103188,27,41962,West,SelfEmp,0.772168372668323,0,330274,0.55,0.35,0.22,0.3
103189,58,120577,North,Business,0.4285205743678965,0,122023,-0.05,-0.1,0.02,0.03
103190,45,80801,East,Salaried,0.4397217130416733,0,158995,-0.05,-0.1,0.02,0.03
103191,21,25352,West,SelfEmp,0.8023221771805709,0,316306,0.55,0.35,0.22,0.3
103192,31,114991,North,Salaried,0.16383160000690516,0,67005,-0.05,-0.1,0.02,0.03
103193,55,118877,North,Business,0.31418873170762385,0,210360,-0.05,-0.1,0.02,0.03
103194,36,54221,South,Salaried,0.5884123321195058,0,230253,0.3,0.25,0.18,0.08
103195,51,67595,East,Business,0.2455079496908594,0,139890,-0.05,-0.1,0.02,0.03
103196,25,45598,West,SelfEmp,0.747044015146203,0,303570,0.55,0.35,0.22,0.3
103197,61,77567,East,Business,0.2295219817547115,0,51791,-0.05,-0.1,0.02,0.03
103198,51,104538,North,Business,0.2135723550683049,0,63750,-0.05,-0.1,0.02,0.03
103199,49,57432,North,Salaried,0.37643114831182267,0,248354,-0.05,-0.1,0.02,0.03
103200,41,110765,East,Salaried,0.1657955816224787,1,164716,-0.05,-0.1,0.02,0.03
103201,43,139156,North,Business,0.3934108847605765,0,69744,-0.05,-0.1,0.02,0.03
103202,32,126950,North,Business,0.25928230278608866,0,190637,-0.05,-0.1,0.02,0.03
103203,23,25677,West,SelfEmp,0.72570739022003,0,253401,0.55,0.35,0.22,0.3
103204,23,42546,West,SelfEmp,0.8405451070590273,0,263818,0.55,0.35,0.22,0.3
103205,50,125631,East,Business,0.4295854058967259,1,683413,-0.05,-0.12,0.15,0.18
103206,28,38228,West,SelfEmp,0.8867380494751838,0,453357,0.55,0.35,0.22,0.3
103207,47,84411,East,Salaried,0.3565988326820623,0,110551,-0.05,-0.1,0.02,0.03
103208,62,145291,East,Business,0.42371834072682524,0,424372,-0.05,-0.12,0.15,0.18
103209,26,36629,West,SelfEmp,0.7014429093178725,0,384610,0.55,0.35,0.22,0.3
103210,27,30317,West,SelfEmp,0.8859899904711371,0,313491,0.55,0.35,0.22,0.3
103211,24,27866,West,SelfEmp,0.6511694540488345,0,376128,0.55,0.35,0.22,0.3
103212,34,100951,North,Business,0.291388248348867,0,64518,-0.05,-0.1,0.02,0.03
103213,57,108943,East,Business,0.5214915514004107,1,568038,-0.05,-0.12,0.15,0.18
103214,46,91732,East,Salaried,0.2401353043692505,0,186862,-0.05,-0.1,0.02,0.03
103215,41,49422,South,Salaried,0.5739595572663132,0,166716,0.3,0.25,0.18,0.08
103216,26,26591,West,SelfEmp,0.8446871416247763,0,397923,0.55,0.35,0.22,0.3
103217,39,85541,East,Business,0.45230131964396336,0,168198,-0.05,-0.1,0.02,0.03
103218,27,36633,West,SelfEmp,0.8321418610579587,0,480790,0.55,0.35,0.22,0.3
103219,24,31689,West,SelfEmp,0.843844320814861,0,492218,0.55,0.35,0.22,0.3
103220,24,34734,West,SelfEmp,0.8448717650683724,0,471281,0.55,0.35,0.22,0.3
103221,69,96838,East,Business,0.43437477252057444,0,182377,-0.05,-0.1,0.02,0.03
103222,58,97014,East,Business,0.4442129885602606,1,435046,-0.05,-0.12,0.15,0.18
103223,46,71427,North,Business,0.21185655161166067,0,130612,-0.05,-0.1,0.02,0.03
103224,42,38704,South,Salaried,0.7731422088232429,0,241178,0.3,0.25,0.18,0.08
103225,37,148253,North,Salaried,0.18472404560124955,0,183048,-0.05,-0.1,0.02,0.03
103226,24,47854,West,SelfEmp,0.8651199240564598,0,384865,0.55,0.35,0.22,0.3
103227,56,100812,North,Salaried,0.3726548118805627,1,119634,-0.05,-0.1,0.02,0.03
103228,32,31973,South,Salaried,0.7658632866123558,0,277066,0.3,0.25,0.18,0.08
103229,52,149253,East,Business,0.4735579827728466,0,653112,-0.05,-0.12,0.15,0.18
103230,32,71275,East,Business,0.3779510825543556,0,181041,-0.05,-0.1,0.02,0.03
103231,58,68578,North,Salaried,0.3651543777132399,1,227500,-0.05,-0.1,0.02,0.03
103232,23,46349,West,SelfEmp,0.8758090196734425,1,327088,0.55,0.35,0.22,0.3
103233,22,40248,West,SelfEmp,0.680914930544858,1,281446,0.55,0.35,0.22,0.3
103234,55,59784,East,Salaried,0.13001134301662742,0,134762,-0.05,-0.1,0.02,0.03
103235,21,31565,West,SelfEmp,0.8685762787753539,0,411549,0.55,0.35,0.22,0.3
103236,57,98297,North,Business,0.37491928085836124,0,155825,-0.05,-0.1,0.02,0.03
103237,43,36883,South,Salaried,0.7906105490890671,1,266920,0.3,0.25,0.18,0.08
103238,26,38992,West,SelfEmp,0.8199306529657033,0,256977,0.55,0.35,0.22,0.3
103239,28,28825,West,SelfEmp,0.8907357978256698,0,428638,0.55,0.35,0.22,0.3
103240,63,112616,North,Salaried,0.35606391903293333,0,149441,-0.05,-0.1,0.02,0.03
103241,43,76758,North,Business,0.453896709561426,0,203812,-0.05,-0.1,0.02,0.03
103242,23,46739,West,SelfEmp,0.7530562839371482,0,466600,0.55,0.35,0.22,0.3
103243,50,85105,East,Salaried,0.2667958320335018,0,225024,-0.05,-0.1,0.02,0.03
103244,59,71100,East,Salaried,0.24029191367194522,0,193698,-0.05,-0.1,0.02,0.03
103245,22,36088,West,SelfEmp,0.6534644471923873,0,327678,0.55,0.35,0.22,0.3
103246,22,33523,West,SelfEmp,0.7840250556460548,0,347251,0.55,0.35,0.22,0.3
103247,30,137129,North,Business,0.4291673561736621,0,248365,-0.05,-0.1,0.02,0.03
103248,67,133295,East,Salaried,0.1416041654351474,0,205904,-0.05,-0.1,0.02,0.03
103249,50,146268,East,Business,0.5606723401706724,1,328874,-0.05,-0.12,0.15,0.18
103250,31,39661,South,Salaried,0.5903214103674539,0,227456,0.3,0.25,0.18,0.08
103251,27,48667,West,SelfEmp,0.7542260618432277,0,487149,0.55,0.35,0.22,0.3
103252,29,33927,West,SelfEmp,0.7147950121519367,0,324014,0.55,0.35,0.22,0.3
103253,25,47727,West,SelfEmp,0.8102400998638443,0,330238,0.55,0.35,0.22,0.3
103254,57,147223,East,Salaried,0.332590733416841,0,53989,-0.05,-0.1,0.02,0.03
103255,36,32050,South,Salaried,0.5675685136090104,0,218635,0.3,0.25,0.18,0.08
103256,23,27819,West,SelfEmp,0.7410647160172632,0,322158,0.55,0.35,0.22,0.3
103257,59,149986,East,Business,0.6682179264784346,1,618373,-0.05,-0.12,0.15,0.18
103258,67,105500,North,Salaried,0.25978661262770986,0,238826,-0.05,-0.1,0.02,0.03
103259,55,144825,North,Business,0.14302718873160625,1,243282,-0.05,-0.1,0.02,0.03
103260,34,61389,South,Salaried,0.7220782081364047,0,189394,0.3,0.25,0.18,0.08
103261,25,45283,West,SelfEmp,0.7832127037869809,0,284202,0.55,0.35,0.22,0.3
103262,59,146361,East,Business,0.6974772195036714,0,510262,-0.05,-0.12,0.15,0.18
103263,69,133359,North,Salaried,0.19721575041448902,0,181319,-0.05,-0.1,0.02,0.03
103264,67,61966,East,Salaried,0.11007652570876458,0,247725,-0.05,-0.1,0.02,0.03
103265,56,99232,East,Business,0.4145692755463947,1,614498,-0.05,-0.12,0.15,0.18
103266,67,61036,East,Salaried,0.2539431191576762,0,156263,-0.05,-0.1,0.02,0.03
103267,67,102504,East,Business,0.4108160512337061,1,302593,-0.05,-0.12,0.15,0.18
103268,28,44786,West,SelfEmp,0.811917846108372,1,292680,0.55,0.35,0.22,0.3
103269,56,125243,North,Salaried,0.14502673296663762,0,159232,-0.05,-0.1,0.02,0.03
103270,60,112063,North,Business,0.28186114072601975,0,172164,-0.05,-0.1,0.02,0.03
103271,26,28945,West,SelfEmp,0.8413359389239793,0,331633,0.55,0.35,0.22,0.3
103272,63,119015,East,Business,0.5406357432202441,0,569618,-0.05,-0.12,0.15,0.18
103273,27,35541,West,SelfEmp,0.7323437688243641,1,254236,0.55,0.35,0.22,0.3
103274,21,48496,West,SelfEmp,0.8602879602386897,0,396297,0.55,0.35,0.22,0.3
103275,28,32861,West,SelfEmp,0.8374180546792618,1,252995,0.55,0.35,0.22,0.3
103276,49,76167,East,Business,0.1958537720977372,1,59846,-0.05,-0.1,0.02,0.03
103277,53,127425,North,Salaried,0.4291739706944263,0,71108,-0.05,-0.1,0.02,0.03
103278,26,42626,West,SelfEmp,0.7353570377927322,0,484852,0.55,0.35,0.22,0.3
103279,40,76457,North,Salaried,0.14613117286604793,0,157006,-0.05,-0.1,0.02,0.03
103280,56,85537,North,Business,0.24528074011294235,1,63077,-0.05,-0.1,0.02,0.03
103281,40,132747,North,Business,0.4005774653764175,0,228331,-0.05,-0.1,0.02,0.03
103282,42,103738,North,Business,0.34337635144850465,0,205176,-0.05,-0.1,0.02,0.03
103283,56,127772,North,Business,0.23956157599138905,0,146843,-0.05,-0.1,0.02,0.03
103284,42,128159,East,Business,0.2901037513010912,0,231926,-0.05,-0.1,0.02,0.03
103285,27,34989,West,SelfEmp,0.6613871660155117,1,437377,0.55,0.35,0.22,0.3
103286,34,124708,North,Salaried,0.3237033352243124,0,56615,-0.05,-0.1,0.02,0.03
103287,27,30407,West,SelfEmp,0.6525983350817579,0,337860,0.55,0.35,0.22,0.3
103288,51,126350,East,Business,0.6356575893299719,0,568695,-0.05,-0.12,0.15,0.18
103289,43,51546,South,Salaried,0.7084487995074081,0,270571,0.3,0.25,0.18,0.08
103290,29,39832,West,SelfEmp,0.8630781495922106,0,366670,0.55,0.35,0.22,0.3
103291,25,28859,West,SelfEmp,0.8076818157646464,0,464691,0.55,0.35,0.22,0.3
103292,66,103421,North,Salaried,0.2926794193812765,1,171141,-0.05,-0.1,0.02,0.03
103293,21,35473,West,SelfEmp,0.8389478756005768,0,487859,0.55,0.35,0.22,0.3
103294,55,112557,East,Salaried,0.21096926610624847,0,235404,-0.05,-0.1,0.02,0.03
103295,38,146536,East,Business,0.3860673602696709,0,106436,-0.05,-0.1,0.02,0.03
103296,27,49254,West,SelfEmp,0.7223509102538139,0,323165,0.55,0.35,0.22,0.3
103297,21,28058,West,SelfEmp,0.8215214551308223,0,410695,0.55,0.35,0.22,0.3
103298,26,30625,West,SelfEmp,0.8993034403672617,0,377924,0.55,0.35,0.22,0.3
103299,60,148232,North,Salaried,0.19288466475690297,1,51823,-0.05,-0.1,0.02,0.03
103300,21,49934,West,SelfEmp,0.8692044850805731,0,265606,0.55,0.35,0.22,0.3
103301,37,103193,North,Salaried,0.43107769480445857,0,122333,-0.05,-0.1,0.02,0.03
103302,50,68745,North,Salaried,0.42642369157790605,1,154912,-0.05,-0.1,0.02,0.03
103303,21,27411,West,SelfEmp,0.6910591049808443,0,324277,0.55,0.35,0.22,0.3
103304,54,67276,North,Salaried,0.39589256264683936,1,203483,-0.05,-0.1,0.02,0.03
103305,32,47655,South,Salaried,0.7991472387797436,0,179500,0.3,0.25,0.18,0.08
103306,69,95598,North,Salaried,0.3157981555914067,0,229014,-0.05,-0.1,0.02,0.03
103307,22,37432,West,SelfEmp,0.6839703868067138,1,437366,0.55,0.35,0.22,0.3
103308,42,64360,South,Salaried,0.5820927882742903,0,191194,0.3,0.25,0.18,0.08
103309,26,48336,West,SelfEmp,0.7065081411858956,0,261215,0.55,0.35,0.22,0.3
103310,53,117396,East,Business,0.5678458772879534,1,465927,-0.05,-0.12,0.15,0.18
103311,26,33870,West,SelfEmp,0.7477848070823304,0,314899,0.55,0.35,0.22,0.3
103312,30,32312,South,Salaried,0.7240526130822631,0,147908,0.3,0.25,0.18,0.08
103313,53,139797,East,Salaried,0.3368561027345739,0,67962,-0.05,-0.1,0.02,0.03
103314,38,48899,South,Salaried,0.7070146397571517,0,181662,0.3,0.25,0.18,0.08
103315,44,43313,South,Salaried,0.6959907253540554,1,216159,0.3,0.25,0.18,0.08
103316,42,105913,North,Business,0.49507134201008496,0,101406,-0.05,-0.1,0.02,0.03
103317,60,63067,North,Salaried,0.42619639139166443,0,58622,-0.05,-0.1,0.02,0.03
103318,69,120775,East,Business,0.4257291933331395,1,389935,-0.05,-0.12,0.15,0.18
103319,23,31169,West,SelfEmp,0.6954537093423729,0,456433,0.55,0.35,0.22,0.3
103320,21,44865,West,SelfEmp,0.8490270105234297,0,348399,0.55,0.35,0.22,0.3
103321,27,38129,West,SelfEmp,0.7540190350445616,0,425518,0.55,0.35,0.22,0.3
103322,32,123540,East,Salaried,0.49106440941337226,0,55634,-0.05,-0.1,0.02,0.03
103323,41,37048,South,Salaried,0.7686263506310245,1,148606,0.3,0.25,0.18,0.08
103324,61,79329,North,Business,0.3591467221025423,0,136681,-0.05,-0.1,0.02,0.03
103325,53,51464,North,Business,0.46695270418190626,1,238918,-0.05,-0.1,0.02,0.03
103326,37,102989,North,Salaried,0.3543395519246826,0,226792,-0.05,-0.1,0.02,0.03
103327,54,134834,North,Salaried,0.22787934975887703,0,212100,-0.05,-0.1,0.02,0.03
103328,27,44137,West,SelfEmp,0.8147418287192885,0,418588,0.55,0.35,0.22,0.3
103329,21,44307,West,SelfEmp,0.7517671850721419,0,349612,0.55,0.35,0.22,0.3
103330,52,147046,East,Business,0.35963826569403956,1,107408,-0.05,-0.1,0.02,0.03
103331,30,41392,South,Salaried,0.7160019323169138,1,263326,0.3,0.25,0.18,0.08
103332,31,52976,North,Salaried,0.11434799501031111,0,74685,-0.05,-0.1,0.02,0.03
103333,36,30959,South,Salaried,0.7343453359717669,0,135677,0.3,0.25,0.18,0.08
103334,22,43334,West,SelfEmp,0.75353845724862,0,385834,0.55,0.35,0.22,0.3
103335,50,144257,North,Salaried,0.14171203314360753,0,144868,-0.05,-0.1,0.02,0.03
103336,35,48897,South,Salaried,0.5658777040220536,1,207248,0.3,0.25,0.18,0.08
103337,31,122672,North,Salaried,0.12291049233911783,0,231480,-0.05,-0.1,0.02,0.03
103338,27,30120,West,SelfEmp,0.7215184888587455,0,383314,0.55,0.35,0.22,0.3
103339,33,50764,East,Business,0.2697702885758025,0,62409,-0.05,-0.1,0.02,0.03
103340,27,44203,West,SelfEmp,0.7188476124377134,0,492775,0.55,0.35,0.22,0.3
103341,24,37844,West,SelfEmp,0.774596290471678,1,416096,0.55,0.35,0.22,0.3
103342,44,88787,East,Salaried,0.42160029628870643,0,208682,-0.05,-0.1,0.02,0.03
103343,39,104968,North,Business,0.39384819318422604,0,233940,-0.05,-0.1,0.02,0.03
103344,35,96015,East,Salaried,0.2947965426493502,0,51806,-0.05,-0.1,0.02,0.03
103345,68,116214,East,Business,0.5807360402065332,0,542386,-0.05,-0.12,0.15,0.18
103346,22,38321,West,SelfEmp,0.890471834547947,0,258616,0.55,0.35,0.22,0.3
103347,35,112810,East,Salaried,0.33555604814295914,0,182617,-0.05,-0.1,0.02,0.03
103348,67,106762,East,Business,0.6596621747799236,0,566446,-0.05,-0.12,0.15,0.18
103349,37,130255,North,Business,0.243954530540466,0,236570,-0.05,-0.1,0.02,0.03
103350,29,42121,West,SelfEmp,0.863858357566677,1,395044,0.55,0.35,0.22,0.3
103351,59,124789,East,Salaried,0.15374823258937254,0,110929,-0.05,-0.1,0.02,0.03
103352,38,48531,South,Salaried,0.795858625949048,0,192269,0.3,0.25,0.18,0.08
103353,66,77596,North,Business,0.21308454788867773,0,165333,-0.05,-0.1,0.02,0.03
103354,27,26646,West,SelfEmp,0.7531410137529422,0,303471,0.55,0.35,0.22,0.3
103355,40,146469,East,Salaried,0.4141581891930797,1,175594,-0.05,-0.1,0.02,0.03
103356,49,70238,East,Business,0.22673769059812987,0,117910,-0.05,-0.1,0.02,0.03
103357,39,41812,South,Salaried,0.7327613840905947,0,253342,0.3,0.25,0.18,0.08
103358,41,48427,South,Salaried,0.7309111534614521,0,178538,0.3,0.25,0.18,0.08
103359,21,27803,West,SelfEmp,0.7353923060057843,0,484525,0.55,0.35,0.22,0.3
103360,61,124429,East,Business,0.5478144974924841,0,592689,-0.05,-0.12,0.15,0.18
103361,37,114467,North,Salaried,0.4369540698534051,0,95308,-0.05,-0.1,0.02,0.03
103362,32,64574,South,Salaried,0.7289320924348399,0,205607,0.3,0.25,0.18,0.08
103363,62,61467,North,Salaried,0.18960826704448086,0,113765,-0.05,-0.1,0.02,0.03
103364,21,33530,West,SelfEmp,0.7360371447618357,0,270345,0.55,0.35,0.22,0.3
103365,21,33064,West,SelfEmp,0.6754701742131732,0,310757,0.55,0.35,0.22,0.3
103366,42,32221,South,Salaried,0.5584158010424084,1,126415,0.3,0.25,0.18,0.08
103367,38,139989,East,Salaried,0.2964356527825983,0,64253,-0.05,-0.1,0.02,0.03
103368,55,112389,East,Salaried,0.2844295299974591,0,163919,-0.05,-0.1,0.02,0.03
103369,41,67928,East,Salaried,0.31468733964479323,0,171045,-0.05,-0.1,0.02,0.03
103370,25,46092,West,SelfEmp,0.8501861945865596,0,390979,0.55,0.35,0.22,0.3
103371,33,118557,North,Salaried,0.4048655271631193,1,221863,-0.05,-0.1,0.02,0.03
103372,68,94364,East,Business,0.1470138482147768,1,241717,-0.05,-0.1,0.02,0.03
103373,53,60637,East,Salaried,0.17776168764721986,0,142868,-0.05,-0.1,0.02,0.03
103374,69,121853,North,Salaried,0.4176977270376927,0,152222,-0.05,-0.1,0.02,0.03
103375,57,80573,North,Salaried,0.3138545126043342,1,141271,-0.05,-0.1,0.02,0.03
103376,65,109242,North,Business,0.16090363564682422,0,70637,-0.05,-0.1,0.02,0.03
103377,23,30421,West,SelfEmp,0.7871361584959995,0,398803,0.55,0.35,0.22,0.3
103378,53,107921,East,Business,0.4718263264366137,0,581076,-0.05,-0.12,0.15,0.18
103379,59,79617,North,Salaried,0.1283102139226886,1,235238,-0.05,-0.1,0.02,0.03
103380,25,25969,West,SelfEmp,0.8022145223185839,1,281130,0.55,0.35,0.22,0.3
103381,50,70404,North,Salaried,0.1994526705220947,1,234569,-0.05,-0.1,0.02,0.03
103382,54,54642,North,Business,0.2743443442544986,0,99611,-0.05,-0.1,0.02,0.03
103383,25,44195,West,SelfEmp,0.657964759101442,0,353848,0.55,0.35,0.22,0.3
103384,31,62864,East,Salaried,0.1258716902906417,0,92453,-0.05,-0.1,0.02,0.03
103385,25,29233,West,SelfEmp,0.8774055039398974,0,465657,0.55,0.35,0.22,0.3
103386,47,90048,East,Salaried,0.34204844738131523,0,61254,-0.05,-0.1,0.02,0.03
103387,45,114766,North,Business,0.10776254916116397,0,204223,-0.05,-0.1,0.02,0.03
103388,48,148837,North,Business,0.270773228713899,0,148820,-0.05,-0.1,0.02,0.03
103389,56,93027,North,Business,0.2860279494850768,0,244497,-0.05,-0.1,0.02,0.03
103390,34,60006,North,Business,0.177353060430886,0,183865,-0.05,-0.1,0.02,0.03
103391,38,34377,South,Salaried,0.6935381617652115,1,124330,0.3,0.25,0.18,0.08
103392,54,144545,East,Business,0.21760563464804072,0,174798,-0.05,-0.1,0.02,0.03
103393,58,76564,East,Business,0.10355832448725276,0,119526,-0.05,-0.1,0.02,0.03
103394,37,39791,South,Salaried,0.7881367770157518,0,143679,0.3,0.25,0.18,0.08
103395,66,80770,East,Salaried,0.1909543215181494,0,64763,-0.05,-0.1,0.02,0.03
103396,23,29815,West,SelfEmp,0.748452636736319,0,323952,0.55,0.35,0.22,0.3
103397,50,107523,North,Salaried,0.1757858177081696,1,54409,-0.05,-0.1,0.02,0.03
103398,24,31183,West,SelfEmp,0.8810567646409033,0,307201,0.55,0.35,0.22,0.3
103399,21,45431,West,SelfEmp,0.7472490031282587,0,394289,0.55,0.35,0.22,0.3
103400,58,104653,North,Salaried,0.36931714417613837,0,62785,-0.05,-0.1,0.02,0.03
103401,27,25032,West,SelfEmp,0.7334297143924668,0,320518,0.55,0.35,0.22,0.3
103402,69,144635,East,Salaried,0.1439530658206091,0,163995,-0.05,-0.1,0.02,0.03
103403,36,123004,East,Salaried,0.3561728765070723,0,214773,-0.05,-0.1,0.02,0.03
103404,26,38032,West,SelfEmp,0.7714168221617793,0,453354,0.55,0.35,0.22,0.3
103405,34,33575,South,Salaried,0.6729421183568735,0,143562,0.3,0.25,0.18,0.08
103406,36,139251,North,Business,0.10902687469878583,0,51439,-0.05,-0.1,0.02,0.03
103407,63,89528,East,Salaried,0.2752358853020589,0,132081,-0.05,-0.1,0.02,0.03
103408,23,42837,West,SelfEmp,0.7087923939928844,0,351671,0.55,0.35,0.22,0.3
103409,27,48768,West,SelfEmp,0.6745440122942649,0,404953,0.55,0.35,0.22,0.3
103410,41,34041,South,Salaried,0.5605859362448153,0,127659,0.3,0.25,0.18,0.08
103411,50,129857,East,Business,0.42303163649597514,1,586437,-0.05,-0.12,0.15,0.18
103412,50,139960,East,Business,0.6924313341919747,0,374271,-0.05,-0.12,0.15,0.18
103413,65,120280,East,Business,0.40768925500094083,0,485065,-0.05,-0.12,0.15,0.18
103414,63,87169,East,Business,0.2344967195566796,0,226734,-0.05,-0.1,0.02,0.03
103415,61,111750,East,Business,0.21127307027815645,0,82179,-0.05,-0.1,0.02,0.03
103416,51,141694,East,Salaried,0.2614238463572396,0,99113,-0.05,-0.1,0.02,0.03
103417,58,97500,East,Business,0.5023863363077137,0,682691,-0.05,-0.12,0.15,0.18
103418,29,30886,West,SelfEmp,0.8335198672265076,0,414312,0.55,0.35,0.22,0.3
103419,28,49284,West,SelfEmp,0.7853226680505008,0,332185,0.55,0.35,0.22,0.3
103420,66,79218,North,Business,0.17846825876191114,0,91032,-0.05,-0.1,0.02,0.03
103421,29,41478,West,SelfEmp,0.8195816387644701,1,392483,0.55,0.35,0.22,0.3
103422,43,79986,East,Salaried,0.21026528362400196,0,220055,-0.05,-0.1,0.02,0.03
103423,23,45462,West,SelfEmp,0.7957293749814351,1,393913,0.55,0.35,0.22,0.3
103424,53,146897,East,Business,0.6630704751610372,0,666998,-0.05,-0.12,0.15,0.18
103425,40,149200,North,Salaried,0.44811962458896815,0,176135,-0.05,-0.1,0.02,0.03
103426,32,122415,North,Salaried,0.21753425550317085,1,231489,-0.05,-0.1,0.02,0.03
103427,49,100128,North,Salaried,0.2555341705824725,0,231485,-0.05,-0.1,0.02,0.03
103428,26,43413,West,SelfEmp,0.6924449041435943,0,367544,0.55,0.35,0.22,0.3
103429,22,48294,West,SelfEmp,0.7549583983041795,0,470398,0.55,0.35,0.22,0.3
103430,58,57606,East,Business,0.3781448182610242,0,55569,-0.05,-0.1,0.02,0.03
103431,66,136724,East,Business,0.46650848321152194,0,187863,-0.05,-0.1,0.02,0.03
103432,66,58268,North,Salaried,0.38365288526415575,0,191368,-0.05,-0.1,0.02,0.03
103433,48,114105,North,Business,0.1672819529416073,0,76756,-0.05,-0.1,0.02,0.03
103434,22,43538,West,SelfEmp,0.8414751572464861,0,346487,0.55,0.35,0.22,0.3
103435,24,25389,West,SelfEmp,0.8862530830607298,0,434086,0.55,0.35,0.22,0.3
103436,38,74937,North,Salaried,0.24034877815779018,0,152885,-0.05,-0.1,0.02,0.03
103437,22,33312,West,SelfEmp,0.7322877411872031,0,396612,0.55,0.35,0.22,0.3
103438,32,65913,East,Business,0.13676663228830976,0,144066,-0.05,-0.1,0.02,0.03
103439,63,65859,East,Business,0.4916993958264093,0,99739,-0.05,-0.1,0.02,0.03
103440,44,35231,South,Salaried,0.6441356327612405,0,255193,0.3,0.25,0.18,0.08
103441,25,26590,West,SelfEmp,0.7192396667243697,0,252064,0.55,0.35,0.22,0.3
103442,46,106171,East,Salaried,0.14518985470266169,0,176283,-0.05,-0.1,0.02,0.03
103443,28,31731,West,SelfEmp,0.681826760480672,0,254899,0.55,0.35,0.22,0.3
103444,60,131530,East,Business,0.6132833441875374,0,494120,-0.05,-0.12,0.15,0.18
103445,26,44857,West,SelfEmp,0.7786486531587934,0,494076,0.55,0.35,0.22,0.3
103446,69,93857,East,Business,0.44516756984449224,0,123451,-0.05,-0.1,0.02,0.03
103447,39,43306,South,Salaried,0.7606924592647296,0,223314,0.3,0.25,0.18,0.08
103448,26,26725,West,SelfEmp,0.6834899954103479,0,353865,0.55,0.35,0.22,0.3
103449,29,33616,West,SelfEmp,0.8796355225266234,0,301523,0.55,0.35,0.22,0.3
103450,23,49637,West,SelfEmp,0.7142270197067156,0,317320,0.55,0.35,0.22,0.3
103451,32,144955,North,Salaried,0.48459092184727437,0,180860,-0.05,-0.1,0.02,0.03
103452,40,41165,South,Salaried,0.5854469556493029,0,174882,0.3,0.25,0.18,0.08
103453,34,64699,South,Salaried,0.7911756177650039,1,228718,0.3,0.25,0.18,0.08
103454,22,45698,West,SelfEmp,0.7295226044259532,0,378510,0.55,0.35,0.22,0.3
103455,44,112735,North,Salaried,0.405693144658673,0,179947,-0.05,-0.1,0.02,0.03
103456,23,25246,West,SelfEmp,0.7370600941823631,0,411140,0.55,0.35,0.22,0.3
103457,51,127329,East,Business,0.13309060305973155,0,92475,-0.05,-0.1,0.02,0.03
103458,64,73656,North,Business,0.42499694369220553,0,145278,-0.05,-0.1,0.02,0.03
103459,68,91046,East,Business,0.16403407056191893,0,72880,-0.05,-0.1,0.02,0.03
103460,52,103305,East,Business,0.6782828137388346,0,467441,-0.05,-0.12,0.15,0.18
103461,32,37749,South,Salaried,0.702761632935714,1,218245,0.3,0.25,0.18,0.08
103462,45,57173,East,Salaried,0.4653370935058705,0,76655,-0.05,-0.1,0.02,0.03
103463,36,33098,South,Salaried,0.7920275183419212,1,241742,0.3,0.25,0.18,0.08
103464,43,41769,South,Salaried,0.7594804224813365,0,188678,0.3,0.25,0.18,0.08
103465,41,37274,South,Salaried,0.6617917285023132,0,200564,0.3,0.25,0.18,0.08
103466,51,87339,North,Business,0.2416402894650168,1,152384,-0.05,-0.1,0.02,0.03
103467,28,44606,West,SelfEmp,0.7303699374076171,1,479116,0.55,0.35,0.22,0.3
103468,62,114067,East,Business,0.5709867284428602,1,328775,-0.05,-0.12,0.15,0.18
103469,47,69279,East,Salaried,0.41123921322144086,1,218117,-0.05,-0.1,0.02,0.03
103470,45,65998,East,Business,0.3374029571851727,0,230898,-0.05,-0.1,0.02,0.03
103471,40,68284,East,Business,0.1393794883716086,0,70840,-0.05,-0.1,0.02,0.03
103472,28,46861,West,SelfEmp,0.8345906734460535,0,490930,0.55,0.35,0.22,0.3
103473,33,74014,North,Salaried,0.3812607806253726,0,150706,-0.05,-0.1,0.02,0.03
103474,39,111699,North,Salaried,0.34985023741532395,0,95959,-0.05,-0.1,0.02,0.03
103475,49,68701,East,Business,0.3961833439466541,0,68616,-0.05,-0.1,0.02,0.03
103476,65,91031,East,Business,0.6179819567515908,0,630883,-0.05,-0.12,0.15,0.18
103477,32,120426,East,Salaried,0.14900417938525626,0,187451,-0.05,-0.1,0.02,0.03
103478,36,51206,South,Salaried,0.6869894029644689,0,256999,0.3,0.25,0.18,0.08
103479,23,39563,West,SelfEmp,0.6686913226560465,0,498513,0.55,0.35,0.22,0.3
103480,42,57570,North,Business,0.3283742902552653,0,92694,-0.05,-0.1,0.02,0.03
103481,35,49697,South,Salaried,0.7257546202790548,0,275659,0.3,0.25,0.18,0.08
103482,31,40498,South,Salaried,0.5999055640210913,0,237871,0.3,0.25,0.18,0.08
103483,59,141148,East,Salaried,0.47551022051444714,0,125482,-0.05,-0.1,0.02,0.03
103484,29,48861,West,SelfEmp,0.7431511927454442,0,370266,0.55,0.35,0.22,0.3
103485,50,72939,East,Salaried,0.41208335264922313,0,90325,-0.05,-0.1,0.02,0.03
103486,46,85952,North,Salaried,0.38657459612423284,0,222093,-0.05,-0.1,0.02,0.03
103487,52,50890,North,Business,0.29948473907375317,0,157835,-0.05,-0.1,0.02,0.03
103488,42,59434,South,Salaried,0.6690913458326728,0,174181,0.3,0.25,0.18,0.08
103489,26,34938,West,SelfEmp,0.7151187122113758,0,450175,0.55,0.35,0.22,0.3
103490,55,138043,East,Salaried,0.23822227338143043,0,221874,-0.05,-0.1,0.02,0.03
103491,61,78592,North,Salaried,0.14726072767628678,0,87748,-0.05,-0.1,0.02,0.03
103492,24,28339,West,SelfEmp,0.7749149963400472,0,448963,0.55,0.35,0.22,0.3
103493,44,92631,East,Business,0.3687968884549623,1,54075,-0.05,-0.1,0.02,0.03
103494,28,30350,West,SelfEmp,0.8465304419132177,1,313477,0.55,0.35,0.22,0.3
103495,33,49346,South,Salaried,0.6451380675012693,0,189108,0.3,0.25,0.18,0.08
103496,38,40737,South,Salaried,0.5538261064696459,1,273239,0.3,0.25,0.18,0.08
103497,26,27942,West,SelfEmp,0.7713081284518324,0,368081,0.55,0.35,0.22,0.3
103498,55,89099,East,Business,0.4494061412236946,0,177892,-0.05,-0.1,0.02,0.03
103499,67,70781,North,Business,0.2678262099835607,0,138509,-0.05,-0.1,0.02,0.03
103500,65,120616,East,Business,0.6866134580968981,0,368928,-0.05,-0.12,0.15,0.18
103501,41,78824,North,Salaried,0.3816231003507574,0,226642,-0.05,-0.1,0.02,0.03
103502,27,29968,West,SelfEmp,0.8980894706109437,0,341810,0.55,0.35,0.22,0.3
103503,25,40148,West,SelfEmp,0.6916313384425503,0,469451,0.55,0.35,0.22,0.3
103504,67,99262,East,Salaried,0.3001110452420182,0,88509,-0.05,-0.1,0.02,0.03
103505,37,40983,South,Salaried,0.6010828558317894,0,204227,0.3,0.25,0.18,0.08
103506,28,28636,West,SelfEmp,0.6903137058708781,0,360863,0.55,0.35,0.22,0.3
103507,69,119042,East,Business,0.4411223263736517,0,516086,-0.05,-0.12,0.15,0.18
103508,45,65589,East,Business,0.10635604631548766,0,194806,-0.05,-0.1,0.02,0.03
103509,30,57200,South,Salaried,0.5695509499693159,1,207121,0.3,0.25,0.18,0.08
103510,27,30951,West,SelfEmp,0.7337248570048838,0,276089,0.55,0.35,0.22,0.3
103511,54,130136,East,Business,0.6410009361662701,0,447021,-0.05,-0.12,0.15,0.18
103512,26,25918,West,SelfEmp,0.7795016284936411,0,263124,0.55,0.35,0.22,0.3
103513,38,56368,South,Salaried,0.7384783778001839,0,157092,0.3,0.25,0.18,0.08
103514,44,106522,East,Salaried,0.3252887782427512,0,176046,-0.05,-0.1,0.02,0.03
103515,39,62324,East,Business,0.37289239492811765,0,140889,-0.05,-0.1,0.02,0.03
103516,37,71834,East,Business,0.15966615429167438,0,115387,-0.05,-0.1,0.02,0.03
103517,44,60347,South,Salaried,0.6040910577476601,1,240986,0.3,0.25,0.18,0.08
103518,66,138754,East,Business,0.4498495368538846,0,681863,-0.05,-0.12,0.15,0.18
103519,39,42430,South,Salaried,0.6408141834456529,0,185007,0.3,0.25,0.18,0.08
103520,59,106089,East,Business,0.6348583637069509,0,439969,-0.05,-0.12,0.15,0.18
103521,59,132489,East,Business,0.593020038698516,1,598488,-0.05,-0.12,0.15,0.18
103522,63,100798,East,Business,0.5768715821494312,0,337580,-0.05,-0.12,0.15,0.18
103523,27,34355,West,SelfEmp,0.6662379209117982,0,479014,0.55,0.35,0.22,0.3
103524,23,45951,West,SelfEmp,0.840123328785921,0,401807,0.55,0.35,0.22,0.3
103525,56,62877,North,Salaried,0.14150965886906053,0,170883,-0.05,-0.1,0.02,0.03
103526,23,29128,West,SelfEmp,0.8416061231460092,0,409635,0.55,0.35,0.22,0.3
103527,42,56723,East,Business,0.46188436822566614,0,214216,-0.05,-0.1,0.02,0.03
103528,24,46775,West,SelfEmp,0.8643003262145692,0,381036,0.55,0.35,0.22,0.3
103529,30,144476,East,Business,0.4438581774390492,0,236715,-0.05,-0.1,0.02,0.03
103530,25,36645,West,SelfEmp,0.6778875005189813,0,418939,0.55,0.35,0.22,0.3
103531,30,100464,East,Business,0.4620566677804322,0,66193,-0.05,-0.1,0.02,0.03
103532,33,62278,North,Business,0.2994905079071289,0,173078,-0.05,-0.1,0.02,0.03
103533,56,141871,North,Salaried,0.45170676768227247,0,165791,-0.05,-0.1,0.02,0.03
103534,24,38364,West,SelfEmp,0.6532359402532119,0,440593,0.55,0.35,0.22,0.3
103535,31,52712,North,Business,0.4841963789702364,0,147754,-0.05,-0.1,0.02,0.03
103536,58,55416,East,Business,0.24767710347859553,0,81953,-0.05,-0.1,0.02,0.03
103537,35,64250,North,Salaried,0.36629052410353624,0,245676,-0.05,-0.1,0.02,0.03
103538,56,143242,East,Business,0.5882774200373384,0,329326,-0.05,-0.12,0.15,0.18
103539,62,84384,North,Salaried,0.19854270945300817,0,142043,-0.05,-0.1,0.02,0.03
103540,52,123521,North,Business,0.18468544051720506,0,135306,-0.05,-0.1,0.02,0.03
103541,26,33882,West,SelfEmp,0.7233841950084945,0,492828,0.55,0.35,0.22,0.3
103542,42,96772,North,Business,0.485148080797313,1,104985,-0.05,-0.1,0.02,0.03
103543,52,139944,North,Business,0.3876253171157287,0,203193,-0.05,-0.1,0.02,0.03
103544,24,34045,West,SelfEmp,0.7226023918415307,0,445253,0.55,0.35,0.22,0.3
103545,22,26616,West,SelfEmp,0.8330136780906422,0,330066,0.55,0.35,0.22,0.3
103546,67,105090,East,Business,0.6247250203476065,1,473525,-0.05,-0.12,0.15,0.18
103547,56,52061,East,Salaried,0.2993328329596875,0,62081,-0.05,-0.1,0.02,0.03
103548,46,66360,North,Business,0.3762159879258,0,249731,-0.05,-0.1,0.02,0.03
103549,25,39507,West,SelfEmp,0.8740849913038775,0,410394,0.55,0.35,0.22,0.3
103550,25,43555,West,SelfEmp,0.7835010088877683,0,434778,0.55,0.35,0.22,0.3
103551,46,122995,East,Salaried,0.26583060229093675,0,227236,-0.05,-0.1,0.02,0.03
103552,44,63477,East,Business,0.13561666641812853,0,102057,-0.05,-0.1,0.02,0.03
103553,59,53485,North,Business,0.11192695244038045,0,142448,-0.05,-0.1,0.02,0.03
103554,23,48790,West,SelfEmp,0.7140419965334691,0,391425,0.55,0.35,0.22,0.3
103555,60,84595,East,Business,0.29048407113441843,0,116321,-0.05,-0.1,0.02,0.03
103556,39,69442,East,Business,0.29140201483957895,0,72154,-0.05,-0.1,0.02,0.03
103557,46,111486,East,Salaried,0.306156578287176,0,111259,-0.05,-0.1,0.02,0.03
103558,26,26749,West,SelfEmp,0.813142637183476,1,407480,0.55,0.35,0.22,0.3
103559,43,57952,South,Salaried,0.6461028521622204,1,220713,0.3,0.25,0.18,0.08
103560,36,104530,East,Salaried,0.46644706179194706,0,196948,-0.05,-0.1,0.02,0.03
103561,21,38511,West,SelfEmp,0.7224061144512568,0,479771,0.55,0.35,0.22,0.3
103562,23,26307,West,SelfEmp,0.6889069982002,0,267881,0.55,0.35,0.22,0.3
103563,48,71055,North,Salaried,0.2549961954191136,0,110937,-0.05,-0.1,0.02,0.03
103564,22,35421,West,SelfEmp,0.8639120405435179,0,393594,0.55,0.35,0.22,0.3
103565,32,53998,South,Salaried,0.6378175330773367,0,181821,0.3,0.25,0.18,0.08
103566,43,129753,North,Salaried,0.1325920227592,0,118909,-0.05,-0.1,0.02,0.03
103567,39,56675,North,Salaried,0.4068339331206331,0,136084,-0.05,-0.1,0.02,0.03
103568,27,36310,West,SelfEmp,0.7234128314739751,0,495939,0.55,0.35,0.22,0.3
103569,62,122775,East,Business,0.678372248084407,0,582628,-0.05,-0.12,0.15,0.18
103570,59,109346,East,Salaried,0.12857548590092233,0,144511,-0.05,-0.1,0.02,0.03
103571,57,139387,North,Business,0.36441766003439713,0,168126,-0.05,-0.1,0.02,0.03
103572,36,43007,South,Salaried,0.7776280464455905,0,168513,0.3,0.25,0.18,0.08
103573,42,52343,South,Salaried,0.6238889801391188,1,127956,0.3,0.25,0.18,0.08
103574,60,117616,East,Business,0.4858912094567734,0,431833,-0.05,-0.12,0.15,0.18
103575,31,58287,North,Salaried,0.45491774286888276,0,78983,-0.05,-0.1,0.02,0.03
103576,40,149425,North,Business,0.31502216905288183,0,208899,-0.05,-0.1,0.02,0.03
103577,61,104288,North,Salaried,0.4554104367192484,0,224805,-0.05,-0.1,0.02,0.03
103578,33,95005,East,Business,0.3221048940934471,0,232524,-0.05,-0.1,0.02,0.03
103579,57,120495,East,Salaried,0.22503337321051275,0,154188,-0.05,-0.1,0.02,0.03
103580,39,40611,South,Salaried,0.6569309060557789,1,197461,0.3,0.25,0.18,0.08
103581,38,31960,South,Salaried,0.5532036626471253,0,151779,0.3,0.25,0.18,0.08
103582,62,145807,North,Salaried,0.39749231546431385,0,170029,-0.05,-0.1,0.02,0.03
103583,26,45800,West,SelfEmp,0.8486604195044634,0,411049,0.55,0.35,0.22,0.3
103584,43,35662,South,Salaried,0.5932151395346288,1,130945,0.3,0.25,0.18,0.08
103585,41,59600,South,Salaried,0.6902879331523009,0,123609,0.3,0.25,0.18,0.08
103586,29,25206,West,SelfEmp,0.8234602915339153,0,387092,0.55,0.35,0.22,0.3
103587,55,132273,North,Business,0.1481422920335144,0,82548,-0.05,-0.1,0.02,0.03
103588,31,132677,North,Salaried,0.26835038410683953,1,209557,-0.05,-0.1,0.02,0.03
103589,54,95225,East,Salaried,0.43360617474417096,0,118251,-0.05,-0.1,0.02,0.03
103590,34,74416,North,Business,0.3652583724101991,0,96625,-0.05,-0.1,0.02,0.03
103591,40,39609,South,Salaried,0.6257649251926701,0,123850,0.3,0.25,0.18,0.08
103592,50,130767,East,Salaried,0.11497867080217894,0,249756,-0.05,-0.1,0.02,0.03
103593,35,96334,East,Business,0.38011254731731614,0,116327,-0.05,-0.1,0.02,0.03
103594,25,45536,West,SelfEmp,0.7939092839955627,0,483872,0.55,0.35,0.22,0.3
103595,34,105217,East,Salaried,0.3515569943363529,0,95572,-0.05,-0.1,0.02,0.03
103596,34,71845,East,Business,0.16458189586010102,0,53131,-0.05,-0.1,0.02,0.03
103597,59,93434,North,Business,0.47693064043083244,1,87994,-0.05,-0.1,0.02,0.03
103598,41,42388,South,Salaried,0.683166146850906,0,266775,0.3,0.25,0.18,0.08
103599,21,36517,West,SelfEmp,0.681384995821081,0,305722,0.55,0.35,0.22,0.3
103600,35,30251,South,Salaried,0.6821777514371854,1,120279,0.3,0.25,0.18,0.08
103601,23,31311,West,SelfEmp,0.8231940529267051,0,313758,0.55,0.35,0.22,0.3
103602,33,148327,North,Business,0.2529030069284951,0,108138,-0.05,-0.1,0.02,0.03
103603,34,51493,South,Salaried,0.7792137001680947,1,181329,0.3,0.25,0.18,0.08
103604,60,132954,East,Business,0.571318788604395,0,386158,-0.05,-0.12,0.15,0.18
103605,27,28992,West,SelfEmp,0.7741047640631565,0,443305,0.55,0.35,0.22,0.3
103606,55,103037,East,Business,0.6910956030767412,1,442509,-0.05,-0.12,0.15,0.18
103607,65,105261,East,Business,0.3986862296816983,0,50717,-0.05,-0.1,0.02,0.03
103608,56,73197,North,Salaried,0.2004294922927092,0,65889,-0.05,-0.1,0.02,0.03
103609,43,49202,South,Salaried,0.691291493897292,0,261598,0.3,0.25,0.18,0.08
103610,64,66312,East,Business,0.3428254013643724,0,223879,-0.05,-0.1,0.02,0.03
103611,23,45816,West,SelfEmp,0.8418300310055795,0,266484,0.55,0.35,0.22,0.3
103612,25,25027,West,SelfEmp,0.8715378714611532,0,466668,0.55,0.35,0.22,0.3
103613,23,36905,West,SelfEmp,0.7360257151926073,0,454210,0.55,0.35,0.22,0.3
103614,66,102020,East,Business,0.6913024905804516,0,417447,-0.05,-0.12,0.15,0.18
103615,45,71259,North,Salaried,0.34637578780494943,0,186401,-0.05,-0.1,0.02,0.03
103616,66,117997,East,Salaried,0.3148494745552111,0,159572,-0.05,-0.1,0.02,0.03
103617,34,34335,South,Salaried,0.6576057576875789,0,219425,0.3,0.25,0.18,0.08
103618,43,146529,North,Business,0.3785334778871565,0,116132,-0.05,-0.1,0.02,0.03
103619,49,59156,East,Salaried,0.24153315733209035,1,104941,-0.05,-0.1,0.02,0.03
103620,65,146804,East,Business,0.2364158025548423,0,184330,-0.05,-0.1,0.02,0.03
103621,43,30045,South,Salaried,0.7246883907304771,0,244480,0.3,0.25,0.18,0.08
103622,23,44574,West,SelfEmp,0.8387101503091972,0,345968,0.55,0.35,0.22,0.3
103623,30,140842,East,Business,0.27067424161455583,0,161215,-0.05,-0.1,0.02,0.03
103624,22,32685,West,SelfEmp,0.8256595302221446,1,434620,0.55,0.35,0.22,0.3
103625,38,39546,South,Salaried,0.5751442939052309,0,277778,0.3,0.25,0.18,0.08
103626,23,28267,West,SelfEmp,0.8021901300076779,0,320790,0.55,0.35,0.22,0.3
103627,56,62452,North,Business,0.36926463307964996,0,233922,-0.05,-0.1,0.02,0.03
103628,24,42862,West,SelfEmp,0.7098670096290158,0,401386,0.55,0.35,0.22,0.3
103629,38,129637,East,Business,0.4080895914966658,0,61730,-0.05,-0.1,0.02,0.03
103630,39,31884,South,Salaried,0.7409067863995171,0,128298,0.3,0.25,0.18,0.08
103631,63,119362,East,Business,0.4979903161678927,0,522301,-0.05,-0.12,0.15,0.18
103632,29,45440,West,SelfEmp,0.8547462596064344,0,474285,0.55,0.35,0.22,0.3
103633,68,79466,East,Business,0.27325190592628906,0,83373,-0.05,-0.1,0.02,0.03
103634,27,26071,West,SelfEmp,0.7703436631706954,0,402077,0.55,0.35,0.22,0.3
103635,26,39506,West,SelfEmp,0.7317900557879422,0,486049,0.55,0.35,0.22,0.3
103636,51,50200,East,Salaried,0.24807873644844616,0,217553,-0.05,-0.1,0.02,0.03
103637,63,76996,North,Business,0.27719600808674816,0,240214,-0.05,-0.1,0.02,0.03
103638,27,34461,West,SelfEmp,0.8109506578527192,0,424872,0.55,0.35,0.22,0.3
103639,29,33865,West,SelfEmp,0.7382971580057482,0,319279,0.55,0.35,0.22,0.3
103640,48,59381,North,Business,0.1422983431747961,1,122927,-0.05,-0.1,0.02,0.03
103641,36,85442,North,Business,0.14855371016234759,0,146070,-0.05,-0.1,0.02,0.03
103642,51,94601,East,Business,0.31856703487580773,0,66348,-0.05,-0.1,0.02,0.03
103643,45,71593,East,Salaried,0.198487486021225,0,181976,-0.05,-0.1,0.02,0.03
103644,36,31242,South,Salaried,0.731078587429256,0,230654,0.3,0.25,0.18,0.08
103645,50,77136,North,Salaried,0.4059309096194176,0,170521,-0.05,-0.1,0.02,0.03
103646,53,80064,North,Business,0.21773573213453676,0,145129,-0.05,-0.1,0.02,0.03
103647,32,148825,East,Business,0.39164467100665257,0,95415,-0.05,-0.1,0.02,0.03
103648,65,89517,North,Salaried,0.46359257700267487,0,86619,-0.05,-0.1,0.02,0.03
103649,37,87772,North,Business,0.1070259784319771,1,155062,-0.05,-0.1,0.02,0.03
103650,57,104880,East,Business,0.645813864419727,0,337195,-0.05,-0.12,0.15,0.18
103651,56,147649,North,Salaried,0.1960659989743923,0,208251,-0.05,-0.1,0.02,0.03
103652,29,39638,West,SelfEmp,0.7610968950748938,0,429264,0.55,0.35,0.22,0.3
103653,22,39334,West,SelfEmp,0.7266830150935145,0,450911,0.55,0.35,0.22,0.3
103654,61,114252,North,Business,0.10577439161372829,0,217788,-0.05,-0.1,0.02,0.03
103655,52,137456,East,Business,0.5719097801095785,0,325919,-0.05,-0.12,0.15,0.18
103656,40,148501,North,Business,0.4068902888801168,0,103652,-0.05,-0.1,0.02,0.03
103657,22,41179,West,SelfEmp,0.7036021763206808,0,468499,0.55,0.35,0.22,0.3
103658,29,33333,West,SelfEmp,0.8430418078139772,1,368891,0.55,0.35,0.22,0.3
103659,65,114024,East,Salaried,0.37227849176761973,0,107551,-0.05,-0.1,0.02,0.03
103660,38,94650,North,Salaried,0.2953652111522699,0,172693,-0.05,-0.1,0.02,0.03
103661,42,49432,South,Salaried,0.6043052637821483,1,199987,0.3,0.25,0.18,0.08
103662,24,31137,West,SelfEmp,0.7248695261189784,0,477901,0.55,0.35,0.22,0.3
103663,39,58038,South,Salaried,0.7714590115528446,1,134282,0.3,0.25,0.18,0.08
103664,30,66097,North,Salaried,0.20988788344557585,0,144372,-0.05,-0.1,0.02,0.03
103665,57,128126,North,Business,0.3706709119468691,0,52126,-0.05,-0.1,0.02,0.03
103666,68,106248,East,Business,0.43383093813017304,0,474574,-0.05,-0.12,0.15,0.18
103667,47,63617,East,Salaried,0.17611568228223604,0,179414,-0.05,-0.1,0.02,0.03
103668,26,27090,West,SelfEmp,0.7749987367401789,0,284718,0.55,0.35,0.22,0.3
103669,32,112336,East,Business,0.3754274324602196,1,171335,-0.05,-0.1,0.02,0.03
103670,44,62767,South,Salaried,0.6458302319791352,1,180730,0.3,0.25,0.18,0.08
103671,61,63335,North,Business,0.3156519715803346,0,63663,-0.05,-0.1,0.02,0.03
103672,59,107437,North,Business,0.24961127519460719,0,196525,-0.05,-0.1,0.02,0.03
103673,26,43789,West,SelfEmp,0.8556585577472097,0,361367,0.55,0.35,0.22,0.3
103674,24,34261,West,SelfEmp,0.7625240995022661,0,420137,0.55,0.35,0.22,0.3
103675,24,46816,West,SelfEmp,0.7834231153659993,0,351208,0.55,0.35,0.22,0.3
103676,52,116391,East,Business,0.472187436181136,0,656073,-0.05,-0.12,0.15,0.18
103677,46,88861,East,Salaried,0.12644506344927464,0,166111,-0.05,-0.1,0.02,0.03
103678,61,108224,East,Salaried,0.22496887072968128,0,219319,-0.05,-0.1,0.02,0.03
103679,50,57754,North,Business,0.4057684919204242,0,81563,-0.05,-0.1,0.02,0.03
103680,68,88263,East,Salaried,0.17741295661616752,1,105026,-0.05,-0.1,0.02,0.03
103681,46,109582,East,Business,0.3237534865997451,0,190002,-0.05,-0.1,0.02,0.03
103682,64,117782,East,Business,0.507459736163042,1,396493,-0.05,-0.12,0.15,0.18
103683,35,60547,North,Business,0.26155372381301145,1,105889,-0.05,-0.1,0.02,0.03
103684,28,43430,West,SelfEmp,0.8012433375167713,0,387585,0.55,0.35,0.22,0.3
103685,49,82891,North,Business,0.19725801719579966,0,93889,-0.05,-0.1,0.02,0.03
103686,21,48097,West,SelfEmp,0.7186666044342488,1,420349,0.55,0.35,0.22,0.3
103687,59,133838,North,Business,0.130507592734605,0,54450,-0.05,-0.1,0.02,0.03
103688,34,66629,East,Business,0.4352349234763726,0,235527,-0.05,-0.1,0.02,0.03
103689,54,112459,East,Salaried,0.10021141357342311,0,78617,-0.05,-0.1,0.02,0.03
103690,36,61878,North,Salaried,0.3550594800086868,0,53753,-0.05,-0.1,0.02,0.03
103691,27,31630,West,SelfEmp,0.7306307665576987,1,472881,0.55,0.35,0.22,0.3
103692,28,25045,West,SelfEmp,0.7332926500901946,0,269167,0.55,0.35,0.22,0.3
103693,52,116196,North,Business,0.4016525903179682,0,67208,-0.05,-0.1,0.02,0.03
103694,51,108647,East,Business,0.1482066811656762,0,170955,-0.05,-0.1,0.02,0.03
103695,42,44817,South,Salaried,0.7489210362223037,0,216324,0.3,0.25,0.18,0.08
103696,33,64893,South,Salaried,0.6967134447816712,0,247969,0.3,0.25,0.18,0.08
103697,52,137801,East,Business,0.49546027929146497,0,102242,-0.05,-0.1,0.02,0.03
103698,31,118942,North,Salaried,0.15768049775518597,0,98530,-0.05,-0.1,0.02,0.03
103699,32,52660,South,Salaried,0.7588353155244569,0,212390,0.3,0.25,0.18,0.08
103700,51,96508,North,Salaried,0.23779645985743306,0,80457,-0.05,-0.1,0.02,0.03
103701,57,138135,East,Business,0.43274215146647466,0,466458,-0.05,-0.12,0.15,0.18
103702,68,131222,East,Business,0.19879963186880786,0,207804,-0.05,-0.1,0.02,0.03
103703,69,102565,East,Business,0.4528250256257265,0,331668,-0.05,-0.12,0.15,0.18
103704,44,56161,South,Salaried,0.6893677809585395,0,198567,0.3,0.25,0.18,0.08
103705,21,43108,West,SelfEmp,0.8662199941507759,0,396873,0.55,0.35,0.22,0.3
103706,62,142690,East,Business,0.411134066406442,0,192442,-0.05,-0.1,0.02,0.03
103707,39,33232,South,Salaried,0.7397715244962978,0,260381,0.3,0.25,0.18,0.08
103708,33,57629,North,Business,0.2978068174877482,0,86416,-0.05,-0.1,0.02,0.03
103709,65,148724,East,Business,0.31616272220487596,0,89001,-0.05,-0.1,0.02,0.03
103710,33,51754,South,Salaried,0.6581076606900619,1,178234,0.3,0.25,0.18,0.08
103711,25,44836,West,SelfEmp,0.6756325036429629,0,343594,0.55,0.35,0.22,0.3
103712,35,30245,South,Salaried,0.6875148287807205,1,195367,0.3,0.25,0.18,0.08
103713,54,86363,North,Business,0.1458719300968035,0,60913,-0.05,-0.1,0.02,0.03
103714,37,59178,North,Business,0.28494894167863843,0,115834,-0.05,-0.1,0.02,0.03
103715,28,47823,West,SelfEmp,0.8202775534806872,0,376954,0.55,0.35,0.22,0.3
103716,30,46759,South,Salaried,0.6726075339255833,0,191136,0.3,0.25,0.18,0.08
103717,64,141159,East,Business,0.10537093954695315,0,236445,-0.05,-0.1,0.02,0.03
103718,61,103763,East,Business,0.3775930268443558,0,117072,-0.05,-0.1,0.02,0.03
103719,43,39323,South,Salaried,0.7478677807144093,0,185510,0.3,0.25,0.18,0.08
103720,22,47430,West,SelfEmp,0.6598063310032124,1,331208,0.55,0.35,0.22,0.3
103721,31,106325,East,Salaried,0.3338382163386697,0,245987,-0.05,-0.1,0.02,0.03
103722,23,39690,West,SelfEmp,0.8495341354450743,0,389102,0.55,0.35,0.22,0.3
103723,26,36847,West,SelfEmp,0.7378882318638581,1,415120,0.55,0.35,0.22,0.3
103724,28,27239,West,SelfEmp,0.801214333042312,0,309526,0.55,0.35,0.22,0.3
103725,59,58084,North,Business,0.3594387565412972,0,94326,-0.05,-0.1,0.02,0.03
103726,24,49776,West,SelfEmp,0.6926573384253589,1,317999,0.55,0.35,0.22,0.3
103727,65,51777,North,Salaried,0.3115338679611205,0,97626,-0.05,-0.1,0.02,0.03
103728,33,30604,South,Salaried,0.7883864252061973,0,165313,0.3,0.25,0.18,0.08
103729,43,36447,South,Salaried,0.690171199627239,1,273215,0.3,0.25,0.18,0.08
103730,32,35803,South,Salaried,0.7409183488342868,0,232706,0.3,0.25,0.18,0.08
103731,44,54403,South,Salaried,0.6513873434557251,0,219200,0.3,0.25,0.18,0.08
103732,26,34016,West,SelfEmp,0.7954696247087348,0,495530,0.55,0.35,0.22,0.3
103733,27,26919,West,SelfEmp,0.6996064167679259,0,286431,0.55,0.35,0.22,0.3
103734,29,39313,West,SelfEmp,0.8395613069887745,0,329714,0.55,0.35,0.22,0.3
103735,43,41631,South,Salaried,0.7003117394239563,0,185119,0.3,0.25,0.18,0.08
103736,61,126568,East,Salaried,0.10889244542670982,0,187703,-0.05,-0.1,0.02,0.03
103737,33,61349,South,Salaried,0.775037750272363,1,221369,0.3,0.25,0.18,0.08
103738,40,80974,East,Salaried,0.19297917620312688,0,55886,-0.05,-0.1,0.02,0.03
103739,43,84402,East,Business,0.15464008577429916,0,142823,-0.05,-0.1,0.02,0.03
103740,41,40674,South,Salaried,0.578844652400976,0,158281,0.3,0.25,0.18,0.08
103741,39,31401,South,Salaried,0.6455461299712617,1,147451,0.3,0.25,0.18,0.08
103742,32,52679,South,Salaried,0.7713921935477561,0,235675,0.3,0.25,0.18,0.08
103743,56,108514,East,Business,0.4356763156509163,0,669916,-0.05,-0.12,0.15,0.18
103744,23,38764,West,SelfEmp,0.8779896474196514,0,282228,0.55,0.35,0.22,0.3
103745,36,86125,North,Salaried,0.23325496185494773,0,84314,-0.05,-0.1,0.02,0.03
103746,24,45533,West,SelfEmp,0.7581692170713344,0,287380,0.55,0.35,0.22,0.3
103747,26,25555,West,SelfEmp,0.8888320092093811,0,266501,0.55,0.35,0.22,0.3
103748,22,36092,West,SelfEmp,0.866294607260994,0,369924,0.55,0.35,0.22,0.3
103749,42,59882,South,Salaried,0.6143366945369351,0,256587,0.3,0.25,0.18,0.08
103750,22,47371,West,SelfEmp,0.7559577724955657,0,451470,0.55,0.35,0.22,0.3
103751,56,149378,North,Salaried,0.4949934037983422,0,178068,-0.05,-0.1,0.02,0.03
103752,30,114472,East,Salaried,0.4019870843835458,0,122727,-0.05,-0.1,0.02,0.03
103753,26,40023,West,SelfEmp,0.8280151119895213,0,294228,0.55,0.35,0.22,0.3
103754,66,135521,North,Business,0.20167839845885982,0,54572,-0.05,-0.1,0.02,0.03
103755,31,42644,South,Salaried,0.6754519467162833,0,121210,0.3,0.25,0.18,0.08
103756,26,43182,West,SelfEmp,0.770527300148359,0,460007,0.55,0.35,0.22,0.3
103757,67,122449,North,Business,0.4086606312760225,0,62483,-0.05,-0.1,0.02,0.03
103758,29,45328,West,SelfEmp,0.7089395592560104,1,361439,0.55,0.35,0.22,0.3
103759,50,82566,North,Salaried,0.18547334245585523,0,72485,-0.05,-0.1,0.02,0.03
103760,39,58481,East,Business,0.4977241016267032,0,51080,-0.05,-0.1,0.02,0.03
103761,23,46279,West,SelfEmp,0.8754865024868016,0,429536,0.55,0.35,0.22,0.3
103762,29,45076,West,SelfEmp,0.7685359390079463,0,370714,0.55,0.35,0.22,0.3
103763,47,129835,North,Salaried,0.18879970974043847,0,240202,-0.05,-0.1,0.02,0.03
103764,65,102327,East,Business,0.6222343001594328,0,588342,-0.05,-0.12,0.15,0.18
103765,56,118275,East,Salaried,0.1747065286966966,0,108059,-0.05,-0.1,0.02,0.03
103766,60,55258,North,Business,0.24335282534064795,0,212207,-0.05,-0.1,0.02,0.03
103767,42,60644,South,Salaried,0.7420163163541957,0,124310,0.3,0.25,0.18,0.08
103768,27,33531,West,SelfEmp,0.6603764599689798,0,433961,0.55,0.35,0.22,0.3
103769,65,128297,East,Salaried,0.4924120906969899,0,221290,-0.05,-0.1,0.02,0.03
103770,28,37654,West,SelfEmp,0.7334965182794221,0,299998,0.55,0.35,0.22,0.3
103771,25,25887,West,SelfEmp,0.8480205695809431,0,285894,0.55,0.35,0.22,0.3
103772,29,26817,West,SelfEmp,0.6763120589630951,0,288947,0.55,0.35,0.22,0.3
103773,24,40490,West,SelfEmp,0.8930137416177398,0,466734,0.55,0.35,0.22,0.3
103774,38,126333,East,Salaried,0.2570839242788845,1,177139,-0.05,-0.1,0.02,0.03
103775,31,137401,East,Salaried,0.17384845265361074,0,235591,-0.05,-0.1,0.02,0.03
103776,55,144199,East,Salaried,0.40023055047017386,0,92830,-0.05,-0.1,0.02,0.03
103777,65,67879,East,Salaried,0.49795702734940694,0,139644,-0.05,-0.1,0.02,0.03
103778,36,130563,East,Business,0.13092893820034124,0,153384,-0.05,-0.1,0.02,0.03
103779,30,78507,North,Business,0.43854944384386063,0,242108,-0.05,-0.1,0.02,0.03
103780,25,46895,West,SelfEmp,0.8757663267101441,0,375842,0.55,0.35,0.22,0.3
103781,28,38064,West,SelfEmp,0.7094857115273364,0,358741,0.55,0.35,0.22,0.3
103782,46,139678,North,Business,0.28669215068080545,0,84044,-0.05,-0.1,0.02,0.03
103783,32,125128,East,Business,0.297648809530197,0,114525,-0.05,-0.1,0.02,0.03
103784,21,34648,West,SelfEmp,0.7502290560564346,0,488499,0.55,0.35,0.22,0.3
103785,24,45564,West,SelfEmp,0.7792555844369927,0,264936,0.55,0.35,0.22,0.3
103786,38,63853,North,Salaried,0.12087595855000384,0,172668,-0.05,-0.1,0.02,0.03
103787,43,93657,North,Salaried,0.13635891890357402,0,147881,-0.05,-0.1,0.02,0.03
103788,22,31090,West,SelfEmp,0.6791911528133716,1,399753,0.55,0.35,0.22,0.3
103789,22,41770,West,SelfEmp,0.725106706731938,0,377631,0.55,0.35,0.22,0.3
103790,24,37460,West,SelfEmp,0.7363362563474533,0,431367,0.55,0.35,0.22,0.3
103791,34,82688,North,Business,0.36204803687299025,1,109907,-0.05,-0.1,0.02,0.03
103792,55,60948,North,Salaried,0.36546233877155987,0,73855,-0.05,-0.1,0.02,0.03
103793,27,41330,West,SelfEmp,0.8617724548993951,0,317888,0.55,0.35,0.22,0.3
103794,42,38316,South,Salaried,0.7110515372265201,1,190090,0.3,0.25,0.18,0.08
103795,44,131741,North,Salaried,0.419326146430023,0,215413,-0.05,-0.1,0.02,0.03
103796,26,33562,West,SelfEmp,0.7564419158870117,1,443650,0.55,0.35,0.22,0.3
103797,43,34978,South,Salaried,0.7305017612146304,0,253341,0.3,0.25,0.18,0.08
103798,38,48609,South,Salaried,0.7398393672221805,0,236143,0.3,0.25,0.18,0.08
103799,27,43649,West,SelfEmp,0.6921223345813474,0,405929,0.55,0.35,0.22,0.3
103800,27,30436,West,SelfEmp,0.8341702309152705,0,300927,0.55,0.35,0.22,0.3
103801,56,88044,North,Business,0.20266669786946268,0,195381,-0.05,-0.1,0.02,0.03
103802,58,51167,East,Salaried,0.23808113064525807,0,173011,-0.05,-0.1,0.02,0.03
103803,48,75378,East,Salaried,0.19961691425821707,0,91457,-0.05,-0.1,0.02,0.03
103804,67,123879,East,Business,0.25689633766502384,0,69196,-0.05,-0.1,0.02,0.03
103805,46,90528,North,Salaried,0.3512847470169671,0,188578,-0.05,-0.1,0.02,0.03
103806,28,30228,West,SelfEmp,0.6887653771980652,0,419226,0.55,0.35,0.22,0.3
103807,65,143464,East,Business,0.6939750879515227,0,676178,-0.05,-0.12,0.15,0.18
103808,59,109323,East,Business,0.45919301285985015,0,109450,-0.05,-0.1,0.02,0.03
103809,51,53441,East,Salaried,0.40607045177056456,0,111439,-0.05,-0.1,0.02,0.03
103810,24,44683,West,SelfEmp,0.8966146236804855,0,318286,0.55,0.35,0.22,0.3
103811,44,95313,East,Salaried,0.18221551459463178,0,190704,-0.05,-0.1,0.02,0.03
103812,54,64754,North,Salaried,0.13718695314781734,0,197355,-0.05,-0.1,0.02,0.03
103813,51,120779,East,Business,0.47389499978028576,0,474284,-0.05,-0.12,0.15,0.18
103814,24,38534,West,SelfEmp,0.8137512690922839,0,361925,0.55,0.35,0.22,0.3
103815,31,59341,South,Salaried,0.6959360640105399,1,257584,0.3,0.25,0.18,0.08
103816,32,58483,South,Salaried,0.5631703330454608,1,136587,0.3,0.25,0.18,0.08
103817,61,96748,East,Salaried,0.390243231336327,0,161559,-0.05,-0.1,0.02,0.03
103818,51,104214,East,Salaried,0.10773155324342115,0,208577,-0.05,-0.1,0.02,0.03
103819,23,45699,West,SelfEmp,0.8358778868780677,0,480852,0.55,0.35,0.22,0.3
103820,64,60144,East,Business,0.46530420247707815,0,146266,-0.05,-0.1,0.02,0.03
103821,24,38516,West,SelfEmp,0.8962932256915138,0,473570,0.55,0.35,0.22,0.3
103822,35,55932,South,Salaried,0.6288451177087878,0,260726,0.3,0.25,0.18,0.08
103823,49,53602,North,Business,0.1847010754592537,0,128760,-0.05,-0.1,0.02,0.03
103824,61,92672,East,Business,0.4250542841619284,1,447848,-0.05,-0.12,0.15,0.18
103825,23,47508,West,SelfEmp,0.8253449030432288,1,344034,0.55,0.35,0.22,0.3
103826,68,148390,North,Business,0.10502402388842547,0,85237,-0.05,-0.1,0.02,0.03
103827,29,41966,West,SelfEmp,0.7020536909843518,1,274548,0.55,0.35,0.22,0.3
103828,50,63887,North,Business,0.4110052816979385,0,120023,-0.05,-0.1,0.02,0.03
103829,58,105269,East,Business,0.5583694242430153,1,531030,-0.05,-0.12,0.15,0.18
103830,33,52894,South,Salaried,0.6494621531147982,1,126769,0.3,0.25,0.18,0.08
103831,34,33852,South,Salaried,0.5931628688035911,1,204824,0.3,0.25,0.18,0.08
103832,32,101586,North,Salaried,0.11513256206210426,1,249827,-0.05,-0.1,0.02,0.03
103833,22,43426,West,SelfEmp,0.8594608292589686,1,437832,0.55,0.35,0.22,0.3
103834,48,84393,East,Business,0.25382649299409743,1,75747,-0.05,-0.1,0.02,0.03
103835,53,126920,East,Business,0.5152650715138241,1,311350,-0.05,-0.12,0.15,0.18
103836,54,100010,East,Salaried,0.23324374824779867,1,156413,-0.05,-0.1,0.02,0.03
103837,51,148147,East,Business,0.4991972885616752,0,683308,-0.05,-0.12,0.15,0.18
103838,31,30619,South,Salaried,0.6925610728153522,1,194957,0.3,0.25,0.18,0.08
103839,28,25884,West,SelfEmp,0.7945154203630763,0,325185,0.55,0.35,0.22,0.3
103840,37,141502,North,Salaried,0.3987718044379027,0,66437,-0.05,-0.1,0.02,0.03
103841,22,44173,West,SelfEmp,0.6887430095118888,0,456053,0.55,0.35,0.22,0.3
103842,52,81225,North,Salaried,0.3866227188683927,0,150569,-0.05,-0.1,0.02,0.03
103843,66,98657,East,Business,0.5295817776541452,1,600573,-0.05,-0.12,0.15,0.18
103844,34,79212,East,Salaried,0.4442560274859023,0,64570,-0.05,-0.1,0.02,0.03
103845,63,112673,East,Business,0.48704048428196844,1,543082,-0.05,-0.12,0.15,0.18
103846,43,121064,East,Business,0.22149658578134468,0,76088,-0.05,-0.1,0.02,0.03
103847,36,82176,East,Salaried,0.48395089435756133,0,199746,-0.05,-0.1,0.02,0.03
103848,37,134579,East,Salaried,0.26036289256073564,1,124194,-0.05,-0.1,0.02,0.03
103849,61,70418,East,Salaried,0.3140964750508868,1,148963,-0.05,-0.1,0.02,0.03
103850,28,38184,West,SelfEmp,0.7566408600503621,0,319370,0.55,0.35,0.22,0.3
103851,41,49359,South,Salaried,0.624372659590134,0,172245,0.3,0.25,0.18,0.08
103852,23,45157,West,SelfEmp,0.6805825944002257,0,372139,0.55,0.35,0.22,0.3
103853,24,25640,West,SelfEmp,0.6939125050477578,0,268309,0.55,0.35,0.22,0.3
103854,42,109604,East,Business,0.4050772659412787,0,123111,-0.05,-0.1,0.02,0.03
103855,49,137017,East,Salaried,0.4387327966941882,0,96388,-0.05,-0.1,0.02,0.03
103856,21,31193,West,SelfEmp,0.7621888309069622,1,484588,0.55,0.35,0.22,0.3
103857,65,147741,East,Business,0.19929166962541378,0,196430,-0.05,-0.1,0.02,0.03
103858,63,52020,East,Salaried,0.2664505150577899,0,243301,-0.05,-0.1,0.02,0.03
103859,58,99471,East,Business,0.4692696593715753,0,661316,-0.05,-0.12,0.15,0.18
103860,28,26461,West,SelfEmp,0.8598667471239183,0,284588,0.55,0.35,0.22,0.3
103861,41,138252,North,Business,0.27026015380062174,0,232211,-0.05,-0.1,0.02,0.03
103862,46,92779,East,Salaried,0.36324386493127614,1,157801,-0.05,-0.1,0.02,0.03
103863,36,58271,South,Salaried,0.7444823350991295,0,209604,0.3,0.25,0.18,0.08
103864,47,108998,East,Business,0.3453167978422398,0,198131,-0.05,-0.1,0.02,0.03
103865,69,59395,North,Business,0.17980346359756055,0,132589,-0.05,-0.1,0.02,0.03
103866,24,27008,West,SelfEmp,0.7044471011304285,0,291508,0.55,0.35,0.22,0.3
103867,28,40548,West,SelfEmp,0.8724266273995754,0,287487,0.55,0.35,0.22,0.3
103868,33,116543,North,Business,0.20225785274632313,1,80569,-0.05,-0.1,0.02,0.03
103869,34,43749,South,Salaried,0.6640341382823032,1,189997,0.3,0.25,0.18,0.08
103870,44,59932,South,Salaried,0.7217376348538707,0,132625,0.3,0.25,0.18,0.08
103871,62,117166,East,Salaried,0.15777803440457774,1,53297,-0.05,-0.1,0.02,0.03
103872,32,123107,East,Salaried,0.37166865308290253,0,212299,-0.05,-0.1,0.02,0.03
103873,24,45863,West,SelfEmp,0.7530296653130715,0,338614,0.55,0.35,0.22,0.3
103874,48,54703,East,Business,0.4973023026983222,1,229019,-0.05,-0.1,0.02,0.03
103875,35,52557,South,Salaried,0.7108740089146202,0,176885,0.3,0.25,0.18,0.08
103876,54,109116,East,Salaried,0.30551526675869134,0,123062,-0.05,-0.1,0.02,0.03
103877,67,109003,North,Salaried,0.23326977662686454,0,117363,-0.05,-0.1,0.02,0.03
103878,58,92005,East,Business,0.5353047238949138,1,379123,-0.05,-0.12,0.15,0.18
103879,43,112943,East,Salaried,0.18914292397309163,0,53973,-0.05,-0.1,0.02,0.03
103880,22,36859,West,SelfEmp,0.7417613918583557,0,269797,0.55,0.35,0.22,0.3
103881,42,63947,South,Salaried,0.6169339137099957,0,218298,0.3,0.25,0.18,0.08
103882,39,40715,South,Salaried,0.5773199546146704,1,257804,0.3,0.25,0.18,0.08
103883,28,28550,West,SelfEmp,0.6517619031252526,0,353894,0.55,0.35,0.22,0.3
103884,23,37265,West,SelfEmp,0.832364450661986,0,439822,0.55,0.35,0.22,0.3
103885,24,42108,West,SelfEmp,0.8408859635199357,0,266257,0.55,0.35,0.22,0.3
103886,54,141546,East,Business,0.6075538283650421,0,699651,-0.05,-0.12,0.15,0.18
103887,43,38850,South,Salaried,0.7538608796970452,0,170275,0.3,0.25,0.18,0.08
103888,58,59075,North,Salaried,0.24139385671206615,0,164929,-0.05,-0.1,0.02,0.03
103889,51,106176,East,Salaried,0.47680447545577187,1,155718,-0.05,-0.1,0.02,0.03
103890,25,48070,West,SelfEmp,0.7943738865890919,0,446573,0.55,0.35,0.22,0.3
103891,22,25606,West,SelfEmp,0.7875634860000518,0,426508,0.55,0.35,0.22,0.3
103892,39,59176,North,Salaried,0.4460426791751716,1,178454,-0.05,-0.1,0.02,0.03
103893,30,147285,North,Salaried,0.38022760908784226,0,238443,-0.05,-0.1,0.02,0.03
103894,61,113455,East,Business,0.6382783385204999,1,429628,-0.05,-0.12,0.15,0.18
103895,65,111839,North,Business,0.16188826010741258,0,79310,-0.05,-0.1,0.02,0.03
103896,35,76078,North,Salaried,0.1255454638503089,0,132625,-0.05,-0.1,0.02,0.03
103897,25,37494,West,SelfEmp,0.7244939518605913,0,483906,0.55,0.35,0.22,0.3
103898,55,105072,East,Business,0.5062180391942769,0,566775,-0.05,-0.12,0.15,0.18
103899,26,29461,West,SelfEmp,0.6847959695862252,0,416948,0.55,0.35,0.22,0.3
103900,44,104492,East,Salaried,0.2347702800980228,1,197854,-0.05,-0.1,0.02,0.03
103901,33,123134,East,Salaried,0.4534754951298857,0,61432,-0.05,-0.1,0.02,0.03
103902,30,70537,East,Business,0.4022156365866518,1,207158,-0.05,-0.1,0.02,0.03
103903,21,27614,West,SelfEmp,0.6930363585703905,0,301348,0.55,0.35,0.22,0.3
103904,51,136635,East,Salaried,0.35451911501841715,0,89131,-0.05,-0.1,0.02,0.03
103905,59,138328,North,Business,0.2823196305515502,1,143462,-0.05,-0.1,0.02,0.03
103906,24,42602,West,SelfEmp,0.8711244474591968,0,488849,0.55,0.35,0.22,0.3
103907,57,139762,East,Business,0.41829670095190175,0,477827,-0.05,-0.12,0.15,0.18
103908,43,126924,North,Salaried,0.4668103036069563,0,107514,-0.05,-0.1,0.02,0.03
103909,48,52399,East,Business,0.3249965532470137,0,81913,-0.05,-0.1,0.02,0.03
103910,47,146476,North,Salaried,0.33332508236360214,0,212863,-0.05,-0.1,0.02,0.03
103911,65,76576,North,Business,0.38311709241057057,1,168210,-0.05,-0.1,0.02,0.03
103912,49,142865,East,Business,0.31830138663625995,0,205089,-0.05,-0.1,0.02,0.03
103913,34,67893,East,Business,0.1946448085441277,0,200415,-0.05,-0.1,0.02,0.03
103914,39,36215,South,Salaried,0.6461772182528944,0,144047,0.3,0.25,0.18,0.08
103915,32,147305,North,Salaried,0.3621679501195,0,245357,-0.05,-0.1,0.02,0.03
103916,67,84056,East,Business,0.11226541369666686,0,208912,-0.05,-0.1,0.02,0.03
103917,67,56338,North,Salaried,0.3010463064754765,0,194385,-0.05,-0.1,0.02,0.03
103918,42,118463,North,Salaried,0.48022737238944624,1,63476,-0.05,-0.1,0.02,0.03
103919,64,81250,East,Business,0.16099160668158513,0,108812,-0.05,-0.1,0.02,0.03
103920,39,134814,East,Salaried,0.4428714540746226,0,221165,-0.05,-0.1,0.02,0.03
103921,21,25556,West,SelfEmp,0.6566654505605821,0,391683,0.55,0.35,0.22,0.3
103922,29,45581,West,SelfEmp,0.8883889830794487,0,368985,0.55,0.35,0.22,0.3
103923,22,45227,West,SelfEmp,0.690946831068058,0,263159,0.55,0.35,0.22,0.3
103924,62,99330,East,Business,0.5412515781180901,0,632094,-0.05,-0.12,0.15,0.18
103925,31,134876,East,Salaried,0.3637580908647515,0,131340,-0.05,-0.1,0.02,0.03
103926,53,121034,East,Business,0.560195226522056,0,433631,-0.05,-0.12,0.15,0.18
103927,26,29283,West,SelfEmp,0.8470203070619196,0,464542,0.55,0.35,0.22,0.3
103928,35,58990,South,Salaried,0.5540230106399413,1,174010,0.3,0.25,0.18,0.08
103929,29,26317,West,SelfEmp,0.8714735827664477,0,302707,0.55,0.35,0.22,0.3
103930,62,143910,East,Business,0.41845068133638963,0,201491,-0.05,-0.1,0.02,0.03
103931,42,108921,North,Business,0.3798979659378695,0,82264,-0.05,-0.1,0.02,0.03
103932,69,80627,North,Business,0.1621749968747051,0,139310,-0.05,-0.1,0.02,0.03
103933,29,43653,West,SelfEmp,0.7019457809057588,1,417315,0.55,0.35,0.22,0.3
103934,54,121507,East,Business,0.6414692176713903,1,631843,-0.05,-0.12,0.15,0.18
103935,24,48111,West,SelfEmp,0.6645377793176958,0,378518,0.55,0.35,0.22,0.3
103936,51,55386,East,Business,0.20780210611985706,0,75406,-0.05,-0.1,0.02,0.03
103937,23,27585,West,SelfEmp,0.7049284384732689,0,347489,0.55,0.35,0.22,0.3
103938,22,43791,West,SelfEmp,0.8590005078745271,1,397238,0.55,0.35,0.22,0.3
103939,50,116996,East,Business,0.46863528179806846,0,85358,-0.05,-0.1,0.02,0.03
103940,37,74774,East,Business,0.3250583088050889,0,106172,-0.05,-0.1,0.02,0.03
103941,29,27772,West,SelfEmp,0.7745829918355385,0,464359,0.55,0.35,0.22,0.3
103942,32,33311,South,Salaried,0.7048429501861921,0,128800,0.3,0.25,0.18,0.08
103943,50,82390,East,Salaried,0.14950283098674566,1,187676,-0.05,-0.1,0.02,0.03
103944,39,90407,North,Salaried,0.37609470140201184,0,204604,-0.05,-0.1,0.02,0.03
103945,61,136785,East,Business,0.5172002722688215,0,382143,-0.05,-0.12,0.15,0.18
103946,62,87912,North,Business,0.3428251544051447,0,243746,-0.05,-0.1,0.02,0.03
103947,56,113362,East,Business,0.4929897827503873,0,699879,-0.05,-0.12,0.15,0.18
103948,25,31033,West,SelfEmp,0.6930643857256706,0,296943,0.55,0.35,0.22,0.3
103949,33,40566,South,Salaried,0.6076166118507476,1,220491,0.3,0.25,0.18,0.08
103950,28,42924,West,SelfEmp,0.6517896708988357,0,289925,0.55,0.35,0.22,0.3
103951,26,36025,West,SelfEmp,0.8739234033610709,0,381426,0.55,0.35,0.22,0.3
103952,46,115645,North,Business,0.38507671539923116,0,108931,-0.05,-0.1,0.02,0.03
103953,62,64944,North,Business,0.22295354377440627,0,77774,-0.05,-0.1,0.02,0.03
103954,21,42866,West,SelfEmp,0.685313025579916,0,266810,0.55,0.35,0.22,0.3
103955,30,134714,North,Salaried,0.2523615396680004,0,147293,-0.05,-0.1,0.02,0.03
103956,31,58947,East,Business,0.39839928735641206,0,87409,-0.05,-0.1,0.02,0.03
103957,38,56183,East,Business,0.21415562585672482,0,197654,-0.05,-0.1,0.02,0.03
103958,21,48316,West,SelfEmp,0.7807658002325628,0,352972,0.55,0.35,0.22,0.3
103959,28,42582,West,SelfEmp,0.8845938957610322,0,423996,0.55,0.35,0.22,0.3
103960,26,31273,West,SelfEmp,0.7114152641446826,0,293689,0.55,0.35,0.22,0.3
103961,30,32415,South,Salaried,0.7848289461105638,0,177186,0.3,0.25,0.18,0.08
103962,63,144385,North,Business,0.3878514378415744,0,187875,-0.05,-0.1,0.02,0.03
103963,52,94216,East,Business,0.6150654069932043,0,687206,-0.05,-0.12,0.15,0.18
103964,41,69832,North,Salaried,0.43404749019341515,0,54376,-0.05,-0.1,0.02,0.03
103965,44,132506,North,Salaried,0.10417093214659988,0,227586,-0.05,-0.1,0.02,0.03
103966,49,69414,North,Business,0.41402884495428127,0,207459,-0.05,-0.1,0.02,0.03
103967,28,30899,West,SelfEmp,0.8949194166350724,0,314775,0.55,0.35,0.22,0.3
103968,21,27017,West,SelfEmp,0.8843537266489849,0,338456,0.55,0.35,0.22,0.3
103969,29,30271,West,SelfEmp,0.8136215174163388,1,434751,0.55,0.35,0.22,0.3
103970,57,112771,East,Salaried,0.21184847124454873,0,122535,-0.05,-0.1,0.02,0.03
103971,30,59767,South,Salaried,0.739968582136455,0,196029,0.3,0.25,0.18,0.08
103972,28,40548,West,SelfEmp,0.8579259191115973,0,255227,0.55,0.35,0.22,0.3
103973,56,116194,North,Business,0.3994389087561313,0,113396,-0.05,-0.1,0.02,0.03
103974,58,148091,North,Business,0.19108642286992167,0,192442,-0.05,-0.1,0.02,0.03
103975,36,45683,South,Salaried,0.685837658412123,1,123748,0.3,0.25,0.18,0.08
103976,50,102022,North,Business,0.4667514620644424,0,202875,-0.05,-0.1,0.02,0.03
103977,69,103583,North,Salaried,0.32959293164662423,0,123963,-0.05,-0.1,0.02,0.03
103978,69,147131,East,Business,0.67955083229121,0,392221,-0.05,-0.12,0.15,0.18
103979,31,121381,North,Business,0.10633761787399401,0,235262,-0.05,-0.1,0.02,0.03
103980,46,91919,East,Salaried,0.30290938557748337,0,236253,-0.05,-0.1,0.02,0.03
103981,34,132806,East,Salaried,0.39651119066599216,0,166200,-0.05,-0.1,0.02,0.03
103982,67,94695,North,Salaried,0.3166615796741861,0,137283,-0.05,-0.1,0.02,0.03
103983,23,34844,West,SelfEmp,0.8772815718349429,0,377046,0.55,0.35,0.22,0.3
103984,25,35499,West,SelfEmp,0.8161470066984868,0,365465,0.55,0.35,0.22,0.3
103985,41,148040,East,Salaried,0.11280769504408578,0,88874,-0.05,-0.1,0.02,0.03
103986,26,34990,West,SelfEmp,0.8274828448582052,0,314751,0.55,0.35,0.22,0.3
103987,26,41581,West,SelfEmp,0.8878253323563883,0,355944,0.55,0.35,0.22,0.3
103988,26,25766,West,SelfEmp,0.6992522527115161,1,370247,0.55,0.35,0.22,0.3
103989,43,139710,North,Salaried,0.37703223344429193,0,192908,-0.05,-0.1,0.02,0.03
103990,25,32113,West,SelfEmp,0.7883335919239027,0,314482,0.55,0.35,0.22,0.3
103991,66,130314,East,Business,0.470264752930922,0,523184,-0.05,-0.12,0.15,0.18
103992,68,85029,East,Salaried,0.4373744060284689,0,103316,-0.05,-0.1,0.02,0.03
103993,49,68039,North,Business,0.3398549751712129,0,148979,-0.05,-0.1,0.02,0.03
103994,49,132100,East,Salaried,0.24139274896032858,0,72705,-0.05,-0.1,0.02,0.03
103995,21,29258,West,SelfEmp,0.8766284103822888,0,333749,0.55,0.35,0.22,0.3
103996,66,144548,North,Business,0.4567225657874264,1,61493,-0.05,-0.1,0.02,0.03
103997,59,73262,East,Business,0.1507739785574429,1,247219,-0.05,-0.1,0.02,0.03
103998,66,89469,East,Business,0.4146099857580282,0,67974,-0.05,-0.1,0.02,0.03
103999,29,45892,West,SelfEmp,0.7288455539119948,0,387965,0.55,0.35,0.22,0.3
104000,55,99868,East,Business,0.2908425286980363,0,58829,-0.05,-0.1,0.02,0.03
104001,24,49371,West,SelfEmp,0.8215116560776431,1,300026,0.55,0.35,0.22,0.3
104002,21,45035,West,SelfEmp,0.8225877304954694,0,476948,0.55,0.35,0.22,0.3
104003,61,143788,East,Business,0.20869534790582903,1,197730,-0.05,-0.1,0.02,0.03
104004,34,134694,North,Salaried,0.3069466192432845,0,125976,-0.05,-0.1,0.02,0.03
104005,36,45851,South,Salaried,0.7428786669799816,1,240417,0.3,0.25,0.18,0.08
104006,43,53788,East,Salaried,0.48617608870952944,0,84722,-0.05,-0.1,0.02,0.03
104007,30,63281,South,Salaried,0.6789040705439694,1,146628,0.3,0.25,0.18,0.08
104008,25,26277,West,SelfEmp,0.6891226333141964,0,429947,0.55,0.35,0.22,0.3
104009,43,95430,North,Salaried,0.21403106714794629,0,76282,-0.05,-0.1,0.02,0.03
104010,60,75801,East,Salaried,0.3384401348869302,0,231358,-0.05,-0.1,0.02,0.03
104011,49,84744,East,Salaried,0.47098332952489075,1,153287,-0.05,-0.1,0.02,0.03
104012,60,137840,East,Salaried,0.35436972628871866,1,204015,-0.05,-0.1,0.02,0.03
104013,26,27524,West,SelfEmp,0.8563245762538122,0,441136,0.55,0.35,0.22,0.3
104014,66,121916,North,Business,0.3941036852454358,0,154869,-0.05,-0.1,0.02,0.03
104015,64,99711,East,Business,0.4197413667992479,0,435548,-0.05,-0.12,0.15,0.18
104016,36,96876,North,Business,0.16315140860481886,0,176451,-0.05,-0.1,0.02,0.03
104017,39,45472,South,Salaried,0.5566096933157718,0,248385,0.3,0.25,0.18,0.08
104018,33,75500,East,Business,0.11620957602292266,0,61218,-0.05,-0.1,0.02,0.03
104019,51,108566,East,Business,0.5561019252099519,0,485226,-0.05,-0.12,0.15,0.18
104020,33,54324,South,Salaried,0.5777373685267253,1,170175,0.3,0.25,0.18,0.08
104021,33,71887,North,Business,0.36633798730541944,0,239852,-0.05,-0.1,0.02,0.03
104022,32,33187,South,Salaried,0.6259958371767491,0,200554,0.3,0.25,0.18,0.08
104023,42,149306,North,Business,0.24987084527784462,0,54257,-0.05,-0.1,0.02,0.03
104024,45,55577,East,Salaried,0.2964826751032533,0,147355,-0.05,-0.1,0.02,0.03
104025,51,72203,East,Salaried,0.13680818346462092,0,188945,-0.05,-0.1,0.02,0.03
104026,62,141657,North,Salaried,0.38428051283742515,0,88411,-0.05,-0.1,0.02,0.03
104027,58,90025,North,Salaried,0.11213087654709374,0,79959,-0.05,-0.1,0.02,0.03
104028,34,32191,South,Salaried,0.6213003907268018,0,178677,0.3,0.25,0.18,0.08
104029,34,110168,East,Business,0.22072044113577205,0,105403,-0.05,-0.1,0.02,0.03
104030,30,31499,South,Salaried,0.6329290310202454,0,203870,0.3,0.25,0.18,0.08
104031,29,39773,West,SelfEmp,0.7358836752498411,0,362480,0.55,0.35,0.22,0.3
104032,30,35068,South,Salaried,0.7407207101109117,1,229768,0.3,0.25,0.18,0.08
104033,23,28992,West,SelfEmp,0.727620181787941,0,493688,0.55,0.35,0.22,0.3
104034,23,34007,West,SelfEmp,0.7566364774153359,0,339272,0.55,0.35,0.22,0.3
104035,29,25248,West,SelfEmp,0.7500219383599234,0,447296,0.55,0.35,0.22,0.3
104036,33,30223,South,Salaried,0.787749201782444,0,223988,0.3,0.25,0.18,0.08
104037,21,26451,West,SelfEmp,0.8899406603145107,0,378508,0.55,0.35,0.22,0.3
104038,52,78372,North,Salaried,0.49777760026072804,0,138915,-0.05,-0.1,0.02,0.03
104039,39,138089,East,Salaried,0.10841826741298535,0,133088,-0.05,-0.1,0.02,0.03
104040,41,59768,North,Salaried,0.1451221505014786,0,61837,-0.05,-0.1,0.02,0.03
104041,47,72742,East,Salaried,0.282721785586039,0,86217,-0.05,-0.1,0.02,0.03
104042,27,43079,West,SelfEmp,0.7733805962289629,0,355248,0.55,0.35,0.22,0.3
104043,22,48089,West,SelfEmp,0.8730522731424495,0,391826,0.55,0.35,0.22,0.3
104044,30,34394,South,Salaried,0.6894570255345532,0,271339,0.3,0.25,0.18,0.08
104045,62,91171,North,Business,0.20484447174849546,0,166081,-0.05,-0.1,0.02,0.03
104046,33,49857,South,Salaried,0.6421865089485569,0,238031,0.3,0.25,0.18,0.08
104047,54,138622,East,Business,0.6944406960041705,0,568223,-0.05,-0.12,0.15,0.18
104048,40,75306,North,Salaried,0.3258183946535139,0,206176,-0.05,-0.1,0.02,0.03
104049,69,91295,East,Salaried,0.13182265608083485,0,98387,-0.05,-0.1,0.02,0.03
104050,24,42838,West,SelfEmp,0.7452418398770829,0,477573,0.55,0.35,0.22,0.3
104051,33,143328,North,Salaried,0.3837103232669511,0,97451,-0.05,-0.1,0.02,0.03
104052,29,28622,West,SelfEmp,0.7708260145515601,0,312260,0.55,0.35,0.22,0.3
104053,31,36637,South,Salaried,0.5890330271676348,0,188925,0.3,0.25,0.18,0.08
104054,46,61218,East,Business,0.4213893915151864,1,244434,-0.05,-0.1,0.02,0.03
104055,53,87080,North,Business,0.35108321580413115,0,190926,-0.05,-0.1,0.02,0.03
104056,31,140780,North,Salaried,0.14813439953784302,1,92900,-0.05,-0.1,0.02,0.03
104057,24,34199,West,SelfEmp,0.8291046085626219,0,454688,0.55,0.35,0.22,0.3
104058,39,54399,South,Salaried,0.6088103004052762,0,243611,0.3,0.25,0.18,0.08
104059,58,136136,East,Business,0.10180561917114979,0,51358,-0.05,-0.1,0.02,0.03
104060,50,123278,East,Business,0.25792815135426395,0,221520,-0.05,-0.1,0.02,0.03
104061,63,93739,East,Business,0.5045051313744313,0,456650,-0.05,-0.12,0.15,0.18
104062,63,130957,North,Business,0.12553784394587827,0,73050,-0.05,-0.1,0.02,0.03
104063,50,139877,North,Salaried,0.46866276046253885,0,184744,-0.05,-0.1,0.02,0.03
104064,66,149677,East,Salaried,0.3774723895589701,0,143145,-0.05,-0.1,0.02,0.03
104065,42,49036,South,Salaried,0.6384208094784294,0,249400,0.3,0.25,0.18,0.08
104066,62,113981,East,Business,0.619020739855507,0,643707,-0.05,-0.12,0.15,0.18
104067,22,40799,West,SelfEmp,0.8601277844042592,0,432708,0.55,0.35,0.22,0.3
104068,64,90739,North,Business,0.4923252554833487,0,126571,-0.05,-0.1,0.02,0.03
104069,26,48614,West,SelfEmp,0.8843573080472322,0,335155,0.55,0.35,0.22,0.3
104070,43,50457,South,Salaried,0.7228029174632336,0,266137,0.3,0.25,0.18,0.08
104071,65,122210,East,Business,0.6191224253451142,0,301112,-0.05,-0.12,0.15,0.18
104072,25,46151,West,SelfEmp,0.761827789053738,0,449541,0.55,0.35,0.22,0.3
104073,41,136174,North,Business,0.15616059602078491,0,96577,-0.05,-0.1,0.02,0.03
104074,55,122222,North,Salaried,0.3071418032801587,0,84266,-0.05,-0.1,0.02,0.03
104075,34,50515,North,Salaried,0.19498833566300774,0,117207,-0.05,-0.1,0.02,0.03
104076,49,88167,North,Salaried,0.28188622502020777,0,228125,-0.05,-0.1,0.02,0.03
104077,60,127331,North,Business,0.35431576238641216,0,219675,-0.05,-0.1,0.02,0.03
104078,50,97311,East,Business,0.6224152675460387,0,502344,-0.05,-0.12,0.15,0.18
104079,56,147245,East,Business,0.6276284411136115,0,617506,-0.05,-0.12,0.15,0.18
104080,38,142668,East,Salaried,0.26440230523748054,0,93441,-0.05,-0.1,0.02,0.03
104081,36,94013,East,Salaried,0.10268042553929901,0,205120,-0.05,-0.1,0.02,0.03
104082,35,43863,South,Salaried,0.746384479086555,0,274256,0.3,0.25,0.18,0.08
104083,59,130799,East,Business,0.42920848829481295,0,159518,-0.05,-0.1,0.02,0.03
104084,43,102268,East,Salaried,0.46544000242701145,0,180594,-0.05,-0.1,0.02,0.03
104085,53,131211,North,Salaried,0.3000361690468446,0,179410,-0.05,-0.1,0.02,0.03
104086,45,77944,North,Salaried,0.22436480823987168,0,131388,-0.05,-0.1,0.02,0.03
104087,23,47042,West,SelfEmp,0.7638190940939269,0,275507,0.55,0.35,0.22,0.3
104088,58,100458,East,Business,0.6936579745963736,0,622805,-0.05,-0.12,0.15,0.18
104089,67,94346,East,Salaried,0.4566431907218583,0,212509,-0.05,-0.1,0.02,0.03
104090,51,114398,East,Business,0.5595958472189236,0,609959,-0.05,-0.12,0.15,0.18
104091,33,121691,East,Business,0.2103886299929965,0,199276,-0.05,-0.1,0.02,0.03
104092,42,115012,North,Business,0.20817995542686063,0,244799,-0.05,-0.1,0.02,0.03
104093,30,73385,North,Business,0.22256318803783462,0,108814,-0.05,-0.1,0.02,0.03
104094,28,44683,West,SelfEmp,0.716404509925309,0,481198,0.55,0.35,0.22,0.3
104095,30,34397,South,Salaried,0.5942674714480006,0,186624,0.3,0.25,0.18,0.08
104096,33,35596,South,Salaried,0.5944994765914624,0,186178,0.3,0.25,0.18,0.08
104097,50,146625,East,Business,0.41240715767015435,1,658293,-0.05,-0.12,0.15,0.18
104098,29,43709,West,SelfEmp,0.7193059495886222,0,368246,0.55,0.35,0.22,0.3
104099,38,149630,East,Business,0.17177044203801678,0,235818,-0.05,-0.1,0.02,0.03
104100,64,128305,East,Business,0.4530426274697564,0,567341,-0.05,-0.12,0.15,0.18
104101,43,49056,South,Salaried,0.7398941703352108,0,185276,0.3,0.25,0.18,0.08
104102,65,90495,North,Business,0.3369933303247099,0,143595,-0.05,-0.1,0.02,0.03
104103,50,73002,East,Business,0.4798065460622587,1,132368,-0.05,-0.1,0.02,0.03
104104,54,113832,East,Business,0.6684093566283948,0,589495,-0.05,-0.12,0.15,0.18
104105,64,129185,East,Business,0.6474079806322395,0,698269,-0.05,-0.12,0.15,0.18
104106,60,139365,East,Business,0.16208820175142918,0,162563,-0.05,-0.1,0.02,0.03
104107,29,28723,West,SelfEmp,0.7906716220083254,0,365773,0.55,0.35,0.22,0.3
104108,58,55408,North,Business,0.2641263017485178,0,208107,-0.05,-0.1,0.02,0.03
104109,65,131169,North,Salaried,0.11941009203154791,0,183280,-0.05,-0.1,0.02,0.03
104110,61,70563,East,Business,0.22832089365854255,0,159386,-0.05,-0.1,0.02,0.03
104111,23,42347,West,SelfEmp,0.7799537870132911,0,355688,0.55,0.35,0.22,0.3
104112,58,97504,East,Business,0.4531728331973733,0,399783,-0.05,-0.12,0.15,0.18
104113,33,47360,South,Salaried,0.597994194395956,0,190201,0.3,0.25,0.18,0.08
104114,26,26071,West,SelfEmp,0.7367649086864683,0,390088,0.55,0.35,0.22,0.3
104115,41,70706,East,Business,0.21182634168528122,0,205507,-0.05,-0.1,0.02,0.03
104116,69,104026,East,Business,0.6397642414842659,0,395340,-0.05,-0.12,0.15,0.18
104117,34,42797,South,Salaried,0.7428563219560308,0,177397,0.3,0.25,0.18,0.08
104118,53,90550,North,Business,0.19016367084010877,0,102440,-0.05,-0.1,0.02,0.03
104119,44,63565,South,Salaried,0.6840299067402511,1,279701,0.3,0.25,0.18,0.08
104120,59,142816,North,Salaried,0.3012414011511575,0,155740,-0.05,-0.1,0.02,0.03
104121,24,45908,West,SelfEmp,0.7269978778746602,0,251016,0.55,0.35,0.22,0.3
104122,51,95690,East,Business,0.5248054985236661,0,656381,-0.05,-0.12,0.15,0.18
104123,68,148263,East,Business,0.48862974082141675,0,517161,-0.05,-0.12,0.15,0.18
104124,53,91070,North,Business,0.4298845453954663,0,176473,-0.05,-0.1,0.02,0.03
104125,62,134047,East,Business,0.48943020667010073,0,204588,-0.05,-0.1,0.02,0.03
104126,55,87145,North,Business,0.43489053203137806,0,70368,-0.05,-0.1,0.02,0.03
104127,59,83164,East,Business,0.4013264775799438,0,110630,-0.05,-0.1,0.02,0.03
104128,41,80422,East,Salaried,0.3797894167191763,0,99513,-0.05,-0.1,0.02,0.03
104129,56,132482,East,Business,0.29231945155622313,1,191763,-0.05,-0.1,0.02,0.03
104130,51,59856,North,Business,0.16463555349838543,0,141061,-0.05,-0.1,0.02,0.03
104131,21,47242,West,SelfEmp,0.693642967764615,0,397456,0.55,0.35,0.22,0.3
104132,44,131641,North,Business,0.47487359780909355,0,117218,-0.05,-0.1,0.02,0.03
104133,31,122201,North,Salaried,0.2831043862898782,0,235155,-0.05,-0.1,0.02,0.03
104134,24,39983,West,SelfEmp,0.6549459932027472,0,459400,0.55,0.35,0.22,0.3
104135,43,113367,East,Salaried,0.27668582884802995,0,178368,-0.05,-0.1,0.02,0.03
104136,51,126407,East,Business,0.4762324973468176,0,402333,-0.05,-0.12,0.15,0.18
104137,35,43468,South,Salaried,0.6440941549306471,0,131455,0.3,0.25,0.18,0.08
104138,66,74463,East,Salaried,0.3498562347819081,0,189666,-0.05,-0.1,0.02,0.03
104139,44,62566,South,Salaried,0.7770227695473396,1,260403,0.3,0.25,0.18,0.08
104140,26,38775,West,SelfEmp,0.8508520039201085,0,446428,0.55,0.35,0.22,0.3
104141,39,122062,East,Business,0.23335498390678047,1,91788,-0.05,-0.1,0.02,0.03
104142,46,128273,North,Salaried,0.3927673675974076,0,195933,-0.05,-0.1,0.02,0.03
104143,35,80043,East,Business,0.4345431919992424,0,85257,-0.05,-0.1,0.02,0.03
104144,23,40344,West,SelfEmp,0.6809068814009752,1,341466,0.55,0.35,0.22,0.3
104145,46,77395,North,Business,0.382520267807533,0,113968,-0.05,-0.1,0.02,0.03
104146,36,78725,East,Salaried,0.35861502958922953,0,79792,-0.05,-0.1,0.02,0.03
104147,22,42932,West,SelfEmp,0.6604936207820645,1,495279,0.55,0.35,0.22,0.3
104148,50,53009,East,Salaried,0.4724950231773677,1,110246,-0.05,-0.1,0.02,0.03
104149,69,58327,East,Business,0.13123522357084952,0,167725,-0.05,-0.1,0.02,0.03
104150,27,42777,West,SelfEmp,0.6677011439821476,0,399115,0.55,0.35,0.22,0.3
104151,26,35678,West,SelfEmp,0.7657822962516706,0,341313,0.55,0.35,0.22,0.3
104152,44,97338,North,Salaried,0.43248903269549976,0,73711,-0.05,-0.1,0.02,0.03
104153,59,57501,East,Business,0.4015445454004207,0,151368,-0.05,-0.1,0.02,0.03
104154,45,63465,North,Salaried,0.3154801668127992,1,103439,-0.05,-0.1,0.02,0.03
104155,53,136082,East,Business,0.4316050716767084,0,518376,-0.05,-0.12,0.15,0.18
104156,66,118308,North,Business,0.3751444051905768,0,172068,-0.05,-0.1,0.02,0.03
104157,53,83837,North,Business,0.2579265347447206,0,154893,-0.05,-0.1,0.02,0.03
104158,53,108070,East,Business,0.4674845082575171,0,539012,-0.05,-0.12,0.15,0.18
104159,24,28906,West,SelfEmp,0.6814894087722949,1,426086,0.55,0.35,0.22,0.3
104160,21,47146,West,SelfEmp,0.6770431045626316,0,489607,0.55,0.35,0.22,0.3
104161,50,72038,North,Business,0.2992724377981433,0,235373,-0.05,-0.1,0.02,0.03
104162,53,140185,North,Business,0.39348768586912963,0,143925,-0.05,-0.1,0.02,0.03
104163,68,60643,East,Business,0.19739626243544897,1,194276,-0.05,-0.1,0.02,0.03
104164,23,39194,West,SelfEmp,0.6670644083999537,0,430020,0.55,0.35,0.22,0.3
104165,59,118713,East,Business,0.6314116756419257,0,443491,-0.05,-0.12,0.15,0.18
104166,62,108420,North,Salaried,0.33901121109490717,0,63484,-0.05,-0.1,0.02,0.03
104167,23,49208,West,SelfEmp,0.7657501321572914,1,378330,0.55,0.35,0.22,0.3
104168,56,53067,East,Business,0.26545068011035666,0,180389,-0.05,-0.1,0.02,0.03
104169,37,47616,South,Salaried,0.7871508482785579,1,209438,0.3,0.25,0.18,0.08
104170,65,148412,East,Salaried,0.16286816563718598,1,89308,-0.05,-0.1,0.02,0.03
104171,29,49625,West,SelfEmp,0.6583582175562549,0,291451,0.55,0.35,0.22,0.3
104172,38,46162,South,Salaried,0.7334571370573737,0,180844,0.3,0.25,0.18,0.08
104173,41,64725,East,Salaried,0.1532227239636731,0,233535,-0.05,-0.1,0.02,0.03
104174,33,92697,East,Business,0.2001139233079858,0,157782,-0.05,-0.1,0.02,0.03
104175,30,72871,East,Business,0.21695780339152992,0,199988,-0.05,-0.1,0.02,0.03
104176,34,102305,North,Business,0.41817845802396303,0,144317,-0.05,-0.1,0.02,0.03
104177,27,31215,West,SelfEmp,0.7423142674638186,0,324006,0.55,0.35,0.22,0.3
104178,63,74206,North,Salaried,0.4648818533555559,0,208246,-0.05,-0.1,0.02,0.03
104179,37,40614,South,Salaried,0.5619617496854269,0,203364,0.3,0.25,0.18,0.08
104180,42,31778,South,Salaried,0.7932347820281,1,196324,0.3,0.25,0.18,0.08
104181,21,36860,West,SelfEmp,0.7414760974734435,0,473785,0.55,0.35,0.22,0.3
104182,32,149633,North,Salaried,0.1785740014779134,0,141665,-0.05,-0.1,0.02,0.03
104183,43,115653,East,Business,0.28504030970368427,0,187817,-0.05,-0.1,0.02,0.03
104184,35,50595,South,Salaried,0.736144295703533,1,200076,0.3,0.25,0.18,0.08
104185,22,30949,West,SelfEmp,0.8254669146734912,0,344517,0.55,0.35,0.22,0.3
104186,69,124860,North,Salaried,0.42813419113008333,0,168489,-0.05,-0.1,0.02,0.03
104187,36,64491,North,Salaried,0.2879632117608062,0,140751,-0.05,-0.1,0.02,0.03
104188,46,132725,North,Salaried,0.3322676584887012,0,190718,-0.05,-0.1,0.02,0.03
104189,21,35345,West,SelfEmp,0.8103427128594423,1,345838,0.55,0.35,0.22,0.3
104190,66,113406,North,Salaried,0.15453057459975167,0,246845,-0.05,-0.1,0.02,0.03
104191,51,116624,East,Business,0.5363449185704384,0,442995,-0.05,-0.12,0.15,0.18
104192,51,135824,East,Business,0.591408083652806,0,415991,-0.05,-0.12,0.15,0.18
104193,35,46266,South,Salaried,0.7882779921244688,0,212812,0.3,0.25,0.18,0.08
104194,38,62574,South,Salaried,0.6625061318280532,1,273002,0.3,0.25,0.18,0.08
104195,43,141681,East,Business,0.12061354945920671,0,76861,-0.05,-0.1,0.02,0.03
104196,68,111234,North,Salaried,0.43351289651870084,0,175874,-0.05,-0.1,0.02,0.03
104197,69,113004,North,Business,0.22684556274211878,0,142644,-0.05,-0.1,0.02,0.03
104198,50,75921,East,Salaried,0.18857088767370303,0,85754,-0.05,-0.1,0.02,0.03
104199,55,113656,East,Business,0.42282412257455326,0,603823,-0.05,-0.12,0.15,0.18
104200,39,42970,South,Salaried,0.7755246701017473,0,229752,0.3,0.25,0.18,0.08
104201,38,62305,South,Salaried,0.6548757772186161,0,252598,0.3,0.25,0.18,0.08
104202,46,51817,North,Business,0.16665572952663993,0,120323,-0.05,-0.1,0.02,0.03
104203,38,59157,East,Salaried,0.2795151836081806,0,223803,-0.05,-0.1,0.02,0.03
104204,53,54521,North,Salaried,0.3501883247143919,0,55987,-0.05,-0.1,0.02,0.03
104205,69,136241,East,Business,0.4597995685734748,0,556732,-0.05,-0.12,0.15,0.18
104206,27,37372,West,SelfEmp,0.848890454042603,0,380097,0.55,0.35,0.22,0.3
104207,24,30337,West,SelfEmp,0.7427646317526874,1,290305,0.55,0.35,0.22,0.3
104208,65,104746,North,Salaried,0.3719212845228269,0,246010,-0.05,-0.1,0.02,0.03
104209,57,64676,East,Salaried,0.3519254654896723,0,230005,-0.05,-0.1,0.02,0.03
104210,24,29377,West,SelfEmp,0.8596672799106891,0,252837,0.55,0.35,0.22,0.3
104211,32,39198,South,Salaried,0.7130340340401539,1,152705,0.3,0.25,0.18,0.08
104212,63,61249,East,Business,0.48349019242460856,0,69762,-0.05,-0.1,0.02,0.03
104213,66,147952,East,Business,0.4762649681302914,0,575109,-0.05,-0.12,0.15,0.18
104214,66,109882,North,Business,0.3209661112087999,0,85110,-0.05,-0.1,0.02,0.03
104215,45,70823,North,Business,0.2547704453342135,0,188572,-0.05,-0.1,0.02,0.03
104216,65,87033,East,Salaried,0.19424530551889543,0,88219,-0.05,-0.1,0.02,0.03
104217,23,35401,West,SelfEmp,0.6563249873537408,0,430122,0.55,0.35,0.22,0.3
104218,38,36626,South,Salaried,0.7454482285932743,1,209864,0.3,0.25,0.18,0.08
104219,28,43544,West,SelfEmp,0.6944486032981931,0,484901,0.55,0.35,0.22,0.3
104220,31,43971,South,Salaried,0.5982189216072317,1,124476,0.3,0.25,0.18,0.08
104221,53,103878,North,Business,0.23437841313295105,1,186659,-0.05,-0.1,0.02,0.03
104222,66,132596,North,Salaried,0.3149947551867976,0,151648,-0.05,-0.1,0.02,0.03
104223,63,134020,East,Business,0.6485529659738472,0,348779,-0.05,-0.12,0.15,0.18
104224,63,108571,North,Business,0.49447496990303175,0,141946,-0.05,-0.1,0.02,0.03
104225,50,89266,North,Salaried,0.3330355539042342,0,66390,-0.05,-0.1,0.02,0.03
104226,23,35938,West,SelfEmp,0.815678271187821,0,409761,0.55,0.35,0.22,0.3
104227,41,56987,South,Salaried,0.7886511733908379,1,215271,0.3,0.25,0.18,0.08
104228,26,43435,West,SelfEmp,0.7532736575069356,0,481593,0.55,0.35,0.22,0.3
104229,45,124335,East,Business,0.4623818653344913,0,117445,-0.05,-0.1,0.02,0.03
104230,26,47867,West,SelfEmp,0.8209284921689632,0,497072,0.55,0.35,0.22,0.3
104231,66,106968,East,Business,0.5302278422743661,0,653295,-0.05,-0.12,0.15,0.18
104232,52,93374,North,Salaried,0.2659050593550475,0,86108,-0.05,-0.1,0.02,0.03
104233,69,73652,North,Business,0.14031542912742997,0,187964,-0.05,-0.1,0.02,0.03
104234,48,95421,East,Business,0.31699646717345176,0,185769,-0.05,-0.1,0.02,0.03
104235,45,116270,East,Business,0.2609184397107709,0,97241,-0.05,-0.1,0.02,0.03
104236,53,51264,East,Salaried,0.17332429722131742,0,194741,-0.05,-0.1,0.02,0.03
104237,62,88430,East,Salaried,0.30230665508834953,0,240367,-0.05,-0.1,0.02,0.03
104238,27,37239,West,SelfEmp,0.716693814115459,0,268361,0.55,0.35,0.22,0.3
104239,60,129753,East,Business,0.5334148480724532,0,553689,-0.05,-0.12,0.15,0.18
104240,53,103634,North,Salaried,0.10533946893829974,0,107498,-0.05,-0.1,0.02,0.03
104241,36,119859,East,Business,0.4067431575719429,0,185642,-0.05,-0.1,0.02,0.03
104242,29,46585,West,SelfEmp,0.8020868771026097,0,328101,0.55,0.35,0.22,0.3
104243,42,50414,South,Salaried,0.5800411302886014,0,134162,0.3,0.25,0.18,0.08
104244,40,47124,South,Salaried,0.6245581318863317,0,230277,0.3,0.25,0.18,0.08
104245,36,52629,North,Salaried,0.2850251692509314,0,56032,-0.05,-0.1,0.02,0.03
104246,46,104012,North,Salaried,0.26679436415922864,0,66333,-0.05,-0.1,0.02,0.03
104247,25,43479,West,SelfEmp,0.6607755445826712,0,405364,0.55,0.35,0.22,0.3
104248,41,74838,North,Business,0.3942497042939329,0,104616,-0.05,-0.1,0.02,0.03
104249,36,39744,South,Salaried,0.6356792252916038,1,266744,0.3,0.25,0.18,0.08
104250,29,28436,West,SelfEmp,0.868273929717466,0,393706,0.55,0.35,0.22,0.3
104251,31,52859,East,Salaried,0.485012675397853,0,133023,-0.05,-0.1,0.02,0.03
104252,39,130890,East,Salaried,0.2946792551529791,0,113983,-0.05,-0.1,0.02,0.03
104253,63,143532,East,Salaried,0.4762333810565881,0,105019,-0.05,-0.1,0.02,0.03
104254,52,129374,North,Salaried,0.27501255063357033,0,244318,-0.05,-0.1,0.02,0.03
104255,29,39289,West,SelfEmp,0.710265879657994,0,447475,0.55,0.35,0.22,0.3
104256,39,103709,East,Business,0.17584769467993266,1,118966,-0.05,-0.1,0.02,0.03
104257,47,148637,East,Business,0.1491139646974447,0,214641,-0.05,-0.1,0.02,0.03
104258,64,107470,North,Salaried,0.1692401122930523,0,152554,-0.05,-0.1,0.02,0.03
104259,50,131317,North,Salaried,0.4879305245565325,0,201855,-0.05,-0.1,0.02,0.03
104260,22,35317,West,SelfEmp,0.7570079091089698,1,362612,0.55,0.35,0.22,0.3
104261,62,135093,East,Salaried,0.34583330946467317,1,172784,-0.05,-0.1,0.02,0.03
104262,27,31545,West,SelfEmp,0.7832902656467273,0,424145,0.55,0.35,0.22,0.3
104263,43,64604,North,Business,0.23874235825462797,0,237868,-0.05,-0.1,0.02,0.03
104264,69,68070,North,Business,0.2295409242670707,0,174959,-0.05,-0.1,0.02,0.03
104265,34,108113,North,Salaried,0.23848453094379773,0,176125,-0.05,-0.1,0.02,0.03
104266,23,35746,West,SelfEmp,0.7831992074351874,1,452702,0.55,0.35,0.22,0.3
104267,22,37436,West,SelfEmp,0.8741316125475995,0,277118,0.55,0.35,0.22,0.3
104268,41,38783,South,Salaried,0.5534326478935729,0,172631,0.3,0.25,0.18,0.08
104269,22,43836,West,SelfEmp,0.8091063205565907,0,437165,0.55,0.35,0.22,0.3
104270,65,145385,East,Business,0.41993945693486034,0,207910,-0.05,-0.1,0.02,0.03
104271,59,144132,East,Business,0.3409934197383515,0,235955,-0.05,-0.1,0.02,0.03
104272,65,95514,East,Salaried,0.398256715865991,0,249080,-0.05,-0.1,0.02,0.03
104273,34,87380,North,Salaried,0.35642521635330005,0,171826,-0.05,-0.1,0.02,0.03
104274,57,106634,North,Business,0.4692835066562603,0,232652,-0.05,-0.1,0.02,0.03
104275,22,41177,West,SelfEmp,0.7257131478878117,0,426687,0.55,0.35,0.22,0.3
104276,35,32800,South,Salaried,0.6310433770790541,1,190530,0.3,0.25,0.18,0.08
104277,27,48255,West,SelfEmp,0.7008479919342967,1,356624,0.55,0.35,0.22,0.3
104278,27,49044,West,SelfEmp,0.7493440009555195,0,432062,0.55,0.35,0.22,0.3
104279,37,80964,North,Salaried,0.406223784725818,0,69789,-0.05,-0.1,0.02,0.03
104280,67,123150,East,Salaried,0.37997439950406064,0,137877,-0.05,-0.1,0.02,0.03
104281,44,44256,South,Salaried,0.7364858147885376,0,203795,0.3,0.25,0.18,0.08
104282,61,106559,North,Salaried,0.3970754214618283,0,99836,-0.05,-0.1,0.02,0.03
104283,32,92647,East,Salaried,0.41068471115636507,0,62617,-0.05,-0.1,0.02,0.03
104284,50,56164,East,Salaried,0.4994660016944499,0,57886,-0.05,-0.1,0.02,0.03
104285,27,41496,West,SelfEmp,0.7802188158967721,0,399685,0.55,0.35,0.22,0.3
104286,50,139591,East,Salaried,0.45757817429593306,1,56751,-0.05,-0.1,0.02,0.03
104287,24,29485,West,SelfEmp,0.7258373089952435,1,393926,0.55,0.35,0.22,0.3
104288,65,92011,East,Business,0.48939345329635053,0,230906,-0.05,-0.1,0.02,0.03
104289,28,25780,West,SelfEmp,0.7293550296290425,0,385572,0.55,0.35,0.22,0.3
104290,67,93120,East,Business,0.5971494702964334,0,404179,-0.05,-0.12,0.15,0.18
104291,42,130294,North,Salaried,0.15684645036815087,0,204507,-0.05,-0.1,0.02,0.03
104292,41,147573,North,Business,0.3503224363472578,0,153623,-0.05,-0.1,0.02,0.03
104293,24,44519,West,SelfEmp,0.8312079641768539,0,384567,0.55,0.35,0.22,0.3
104294,25,35613,West,SelfEmp,0.6538220906350986,1,427074,0.55,0.35,0.22,0.3
104295,43,103865,North,Salaried,0.21808228055342635,0,169466,-0.05,-0.1,0.02,0.03
104296,22,29805,West,SelfEmp,0.6545088482100045,0,321867,0.55,0.35,0.22,0.3
104297,21,29423,West,SelfEmp,0.8764537640121972,0,346546,0.55,0.35,0.22,0.3
104298,21,49489,West,SelfEmp,0.6903230261436109,0,410959,0.55,0.35,0.22,0.3
104299,29,37211,West,SelfEmp,0.7487775394269627,0,441040,0.55,0.35,0.22,0.3
104300,26,38878,West,SelfEmp,0.8755504313533276,0,468930,0.55,0.35,0.22,0.3
104301,24,40913,West,SelfEmp,0.7827302067225911,0,328802,0.55,0.35,0.22,0.3
104302,59,76065,East,Business,0.18117126394700955,0,175147,-0.05,-0.1,0.02,0.03
104303,29,30106,West,SelfEmp,0.7873578989615511,0,318218,0.55,0.35,0.22,0.3
104304,22,49809,West,SelfEmp,0.8507237726554132,0,489495,0.55,0.35,0.22,0.3
104305,33,31957,South,Salaried,0.6930269144894827,0,224071,0.3,0.25,0.18,0.08
104306,47,145291,East,Salaried,0.17744897126649495,0,199046,-0.05,-0.1,0.02,0.03
104307,42,47950,South,Salaried,0.658280962827162,0,218509,0.3,0.25,0.18,0.08
104308,29,35821,West,SelfEmp,0.7958505198502825,0,461599,0.55,0.35,0.22,0.3
104309,35,32827,South,Salaried,0.5506355755499751,1,146994,0.3,0.25,0.18,0.08
104310,47,148563,East,Business,0.1725113911461434,0,66221,-0.05,-0.1,0.02,0.03
104311,38,121994,North,Salaried,0.17257321467013104,0,174089,-0.05,-0.1,0.02,0.03
104312,46,81705,East,Salaried,0.3549089104806694,0,79017,-0.05,-0.1,0.02,0.03
104313,39,48866,South,Salaried,0.7684584840604565,0,206200,0.3,0.25,0.18,0.08
104314,69,115936,North,Salaried,0.3802728355254015,0,227519,-0.05,-0.1,0.02,0.03
104315,35,86232,North,Business,0.18640311938880463,0,247695,-0.05,-0.1,0.02,0.03
104316,24,44544,West,SelfEmp,0.7888629888474487,1,416533,0.55,0.35,0.22,0.3
104317,50,121587,East,Business,0.36820576284778794,0,90312,-0.05,-0.1,0.02,0.03
104318,35,137609,North,Salaried,0.455006917705569,0,230859,-0.05,-0.1,0.02,0.03
104319,68,63623,North,Business,0.10739836297221582,0,200814,-0.05,-0.1,0.02,0.03
104320,39,115460,East,Business,0.32866708377509457,0,82397,-0.05,-0.1,0.02,0.03
104321,57,59017,East,Business,0.12399240676783814,0,244263,-0.05,-0.1,0.02,0.03
104322,52,145369,East,Business,0.5644167748475595,0,548004,-0.05,-0.12,0.15,0.18
104323,47,121621,North,Business,0.13697119571914884,0,107512,-0.05,-0.1,0.02,0.03
104324,40,66438,East,Salaried,0.2241729645353833,1,186214,-0.05,-0.1,0.02,0.03
104325,28,43591,West,SelfEmp,0.7025399762834774,0,330561,0.55,0.35,0.22,0.3
104326,37,67959,East,Business,0.2719341717774838,0,136899,-0.05,-0.1,0.02,0.03
104327,23,45544,West,SelfEmp,0.8885406823463191,1,447554,0.55,0.35,0.22,0.3
104328,41,98742,East,Salaried,0.11626274747428443,0,197029,-0.05,-0.1,0.02,0.03
104329,61,129900,East,Business,0.249791190528541,1,228828,-0.05,-0.1,0.02,0.03
104330,39,54889,North,Salaried,0.4107466627607246,0,87623,-0.05,-0.1,0.02,0.03
104331,29,40179,West,SelfEmp,0.6813161671755723,0,442723,0.55,0.35,0.22,0.3
104332,62,138272,North,Business,0.2986934620128783,1,85656,-0.05,-0.1,0.02,0.03
104333,34,45490,South,Salaried,0.7828405247338542,1,191922,0.3,0.25,0.18,0.08
104334,67,146467,North,Salaried,0.389916694279126,0,149937,-0.05,-0.1,0.02,0.03
104335,43,145099,East,Business,0.3627993260622586,0,118786,-0.05,-0.1,0.02,0.03
104336,27,31571,West,SelfEmp,0.8253091291923899,1,402643,0.55,0.35,0.22,0.3
104337,35,53472,South,Salaried,0.7181406574133855,0,267256,0.3,0.25,0.18,0.08
104338,63,137117,North,Salaried,0.31312029893501814,0,64348,-0.05,-0.1,0.02,0.03
104339,65,140776,East,Business,0.33341554379347427,0,134452,-0.05,-0.1,0.02,0.03
104340,23,36559,West,SelfEmp,0.70450611367998,0,492896,0.55,0.35,0.22,0.3
104341,64,99003,East,Business,0.6190894717675364,0,632125,-0.05,-0.12,0.15,0.18
104342,47,138024,North,Business,0.4907429782534055,0,182464,-0.05,-0.1,0.02,0.03
104343,31,56431,South,Salaried,0.7363048520664605,0,231738,0.3,0.25,0.18,0.08
104344,30,52074,South,Salaried,0.7569371898671168,0,239317,0.3,0.25,0.18,0.08
104345,40,75497,East,Business,0.4547032335175575,0,93813,-0.05,-0.1,0.02,0.03
104346,58,121376,East,Business,0.5096723819838875,0,437911,-0.05,-0.12,0.15,0.18
104347,31,75012,North,Salaried,0.19075017736698394,0,202043,-0.05,-0.1,0.02,0.03
104348,26,38537,West,SelfEmp,0.7980278604029908,0,446109,0.55,0.35,0.22,0.3
104349,38,34095,South,Salaried,0.7841466741913068,0,274481,0.3,0.25,0.18,0.08
104350,65,94101,East,Business,0.3408656463408172,0,81031,-0.05,-0.1,0.02,0.03
104351,42,149462,North,Salaried,0.23973437505235348,0,175758,-0.05,-0.1,0.02,0.03
104352,32,39270,South,Salaried,0.7837222383467279,1,249939,0.3,0.25,0.18,0.08
104353,25,35156,West,SelfEmp,0.8471194616785707,0,344523,0.55,0.35,0.22,0.3
104354,41,43701,South,Salaried,0.6199026927096688,1,175383,0.3,0.25,0.18,0.08
104355,28,43170,West,SelfEmp,0.8665192560912868,0,274886,0.55,0.35,0.22,0.3
104356,59,138261,North,Salaried,0.3508361441749428,0,56864,-0.05,-0.1,0.02,0.03
104357,37,55774,South,Salaried,0.5723395011026482,0,166477,0.3,0.25,0.18,0.08
104358,54,75102,North,Salaried,0.44602042820950716,0,184403,-0.05,-0.1,0.02,0.03
104359,40,39039,South,Salaried,0.5542256995198339,1,258756,0.3,0.25,0.18,0.08
104360,48,98861,East,Salaried,0.3363403217005102,0,128269,-0.05,-0.1,0.02,0.03
104361,54,125381,East,Business,0.590548194353798,0,470720,-0.05,-0.12,0.15,0.18
104362,30,51710,North,Salaried,0.26069090514785764,0,131357,-0.05,-0.1,0.02,0.03
104363,23,31853,West,SelfEmp,0.6535683994767066,0,302369,0.55,0.35,0.22,0.3
104364,58,112499,East,Business,0.3850827326933811,0,182792,-0.05,-0.1,0.02,0.03
104365,61,109060,East,Business,0.3388132937529934,0,165322,-0.05,-0.1,0.02,0.03
104366,34,43312,South,Salaried,0.5788371686376209,1,257361,0.3,0.25,0.18,0.08
104367,40,41076,South,Salaried,0.7586164893572963,0,140691,0.3,0.25,0.18,0.08
104368,31,75200,East,Business,0.2822572472653755,0,221090,-0.05,-0.1,0.02,0.03
104369,27,47715,West,SelfEmp,0.7927816994100896,0,494613,0.55,0.35,0.22,0.3
104370,40,58123,South,Salaried,0.7397582849343012,0,166679,0.3,0.25,0.18,0.08
104371,40,76862,North,Business,0.36878585927025764,0,177646,-0.05,-0.1,0.02,0.03
104372,44,51718,South,Salaried,0.684334105560253,0,163391,0.3,0.25,0.18,0.08
104373,43,62637,South,Salaried,0.6308862218220617,0,210687,0.3,0.25,0.18,0.08
104374,58,112971,North,Salaried,0.4828069935706939,0,181935,-0.05,-0.1,0.02,0.03
104375,60,113702,North,Business,0.19574182820966485,0,161518,-0.05,-0.1,0.02,0.03
104376,57,107481,East,Business,0.42527658138473057,0,431505,-0.05,-0.12,0.15,0.18
104377,36,30083,South,Salaried,0.5980246958918851,0,272812,0.3,0.25,0.18,0.08
104378,22,27276,West,SelfEmp,0.7549826314521252,0,467738,0.55,0.35,0.22,0.3
104379,38,76796,North,Salaried,0.37900430534347573,0,153257,-0.05,-0.1,0.02,0.03
104380,24,48623,West,SelfEmp,0.7349622838649823,0,433668,0.55,0.35,0.22,0.3
104381,51,138411,East,Business,0.41849204148460756,1,577028,-0.05,-0.12,0.15,0.18
104382,65,84559,North,Business,0.2544394501348535,0,158779,-0.05,-0.1,0.02,0.03
104383,42,110730,North,Salaried,0.4444608486390701,0,192580,-0.05,-0.1,0.02,0.03
104384,23,38231,West,SelfEmp,0.7987449055952187,0,292568,0.55,0.35,0.22,0.3
104385,24,35935,West,SelfEmp,0.7836257942630028,0,406766,0.55,0.35,0.22,0.3
104386,32,38238,South,Salaried,0.5579644404271008,0,142949,0.3,0.25,0.18,0.08
104387,52,91646,North,Salaried,0.16024502171055752,0,93090,-0.05,-0.1,0.02,0.03
104388,45,56366,North,Salaried,0.11428908552574218,1,89735,-0.05,-0.1,0.02,0.03
104389,51,148896,East,Business,0.6431983355606044,0,317291,-0.05,-0.12,0.15,0.18
104390,52,84908,East,Business,0.2906845654551772,0,174497,-0.05,-0.1,0.02,0.03
104391,51,94348,East,Business,0.4568965414125309,0,494109,-0.05,-0.12,0.15,0.18
104392,53,112020,North,Salaried,0.344665847532611,0,118515,-0.05,-0.1,0.02,0.03
104393,34,63207,South,Salaried,0.5897292261549765,0,170046,0.3,0.25,0.18,0.08
104394,37,56612,South,Salaried,0.6008201197450401,0,176813,0.3,0.25,0.18,0.08
104395,61,115998,East,Business,0.6461090512001519,1,409293,-0.05,-0.12,0.15,0.18
104396,63,114931,East,Business,0.5420524694015696,1,444368,-0.05,-0.12,0.15,0.18
104397,55,124451,East,Salaried,0.40281887019884355,0,111060,-0.05,-0.1,0.02,0.03
104398,58,97930,North,Business,0.19732599677036478,0,131105,-0.05,-0.1,0.02,0.03
104399,66,101529,East,Business,0.49604558168386226,0,99085,-0.05,-0.1,0.02,0.03
104400,52,142292,East,Salaried,0.1886040275939271,0,66675,-0.05,-0.1,0.02,0.03
104401,32,61676,South,Salaried,0.5592048602307073,1,129260,0.3,0.25,0.18,0.08
104402,50,137001,East,Business,0.527805821425716,1,517000,-0.05,-0.12,0.15,0.18
104403,43,51040,South,Salaried,0.6274507073302349,0,168912,0.3,0.25,0.18,0.08
104404,41,64307,South,Salaried,0.6662145855057302,1,269862,0.3,0.25,0.18,0.08
104405,61,95945,East,Business,0.6744519534528093,0,327272,-0.05,-0.12,0.15,0.18
104406,23,31229,West,SelfEmp,0.8293512610072746,1,294506,0.55,0.35,0.22,0.3
104407,57,112850,East,Business,0.5318556786006773,0,373990,-0.05,-0.12,0.15,0.18
104408,37,58645,North,Business,0.22862654759079978,0,186969,-0.05,-0.1,0.02,0.03
104409,64,139409,East,Business,0.6290867391559792,1,333468,-0.05,-0.12,0.15,0.18
104410,34,51219,South,Salaried,0.5709214658669863,1,187411,0.3,0.25,0.18,0.08
104411,24,48665,West,SelfEmp,0.6766509544230294,0,250037,0.55,0.35,0.22,0.3
104412,48,108505,North,Salaried,0.11240272954709957,0,164822,-0.05,-0.1,0.02,0.03
104413,45,77248,North,Salaried,0.43692655595458707,0,109471,-0.05,-0.1,0.02,0.03
104414,53,122207,East,Business,0.44615741162038497,0,518948,-0.05,-0.12,0.15,0.18
104415,22,30720,West,SelfEmp,0.6861414584501201,0,490369,0.55,0.35,0.22,0.3
104416,28,41605,West,SelfEmp,0.6943565164638817,0,356348,0.55,0.35,0.22,0.3
104417,41,124435,East,Salaried,0.21086230018632734,0,238864,-0.05,-0.1,0.02,0.03
104418,34,122577,East,Salaried,0.4303518411430852,1,51894,-0.05,-0.1,0.02,0.03
104419,44,133369,East,Business,0.4611232237822743,0,180273,-0.05,-0.1,0.02,0.03
104420,59,105625,North,Salaried,0.10203871232581636,0,90588,-0.05,-0.1,0.02,0.03
104421,56,145578,North,Salaried,0.3654153783200921,1,185843,-0.05,-0.1,0.02,0.03
104422,25,41673,West,SelfEmp,0.7321380163643716,0,444348,0.55,0.35,0.22,0.3
104423,42,148692,East,Business,0.3332461902863867,0,211435,-0.05,-0.1,0.02,0.03
104424,26,28240,West,SelfEmp,0.6789118099001381,1,471134,0.55,0.35,0.22,0.3
104425,22,32824,West,SelfEmp,0.7342624146376947,0,412773,0.55,0.35,0.22,0.3
104426,31,68758,East,Salaried,0.319070140804328,0,236146,-0.05,-0.1,0.02,0.03
104427,50,110952,East,Salaried,0.3859915452235755,0,210533,-0.05,-0.1,0.02,0.03
104428,55,109378,East,Business,0.6368130854726439,0,379899,-0.05,-0.12,0.15,0.18
104429,21,37386,West,SelfEmp,0.7589120288335901,1,460528,0.55,0.35,0.22,0.3
104430,59,110058,East,Business,0.6888204005802472,0,576653,-0.05,-0.12,0.15,0.18
104431,50,115241,East,Business,0.4657962646452226,0,104933,-0.05,-0.1,0.02,0.03
104432,37,55924,South,Salaried,0.6174609132665886,1,248160,0.3,0.25,0.18,0.08
104433,26,36202,West,SelfEmp,0.8973230579281424,0,348427,0.55,0.35,0.22,0.3
104434,39,108314,East,Business,0.49126829215718837,0,153011,-0.05,-0.1,0.02,0.03
104435,52,109988,North,Salaried,0.2056067924392235,0,160798,-0.05,-0.1,0.02,0.03
104436,44,148288,North,Salaried,0.47121066584402393,0,143358,-0.05,-0.1,0.02,0.03
104437,24,42380,West,SelfEmp,0.8423771465679173,0,412677,0.55,0.35,0.22,0.3
104438,51,110147,East,Business,0.4470885212406938,1,442321,-0.05,-0.12,0.15,0.18
104439,30,64713,South,Salaried,0.6203158355497292,0,272084,0.3,0.25,0.18,0.08
104440,24,38348,West,SelfEmp,0.8119120584520785,0,319809,0.55,0.35,0.22,0.3
104441,33,40087,South,Salaried,0.721780532755018,0,174850,0.3,0.25,0.18,0.08
104442,64,119083,East,Business,0.6852879792231507,1,454847,-0.05,-0.12,0.15,0.18
104443,44,38785,South,Salaried,0.7602614966207477,0,152281,0.3,0.25,0.18,0.08
104444,55,105001,East,Business,0.6986610801008274,0,334163,-0.05,-0.12,0.15,0.18
104445,50,89533,East,Salaried,0.12366060206981469,0,156537,-0.05,-0.1,0.02,0.03
104446,36,50606,North,Salaried,0.416283788433391,0,121153,-0.05,-0.1,0.02,0.03
104447,29,49522,West,SelfEmp,0.843334460754527,0,414295,0.55,0.35,0.22,0.3
104448,66,94057,East,Business,0.5433204562032832,0,605329,-0.05,-0.12,0.15,0.18
104449,31,133089,East,Business,0.440867864826912,0,118154,-0.05,-0.1,0.02,0.03
104450,21,25951,West,SelfEmp,0.7593821738113865,0,464857,0.55,0.35,0.22,0.3
104451,57,101292,North,Salaried,0.36226935272605265,0,202883,-0.05,-0.1,0.02,0.03
104452,33,132479,East,Business,0.41889378144442646,0,56647,-0.05,-0.1,0.02,0.03
104453,28,49794,West,SelfEmp,0.7792538575293289,1,459499,0.55,0.35,0.22,0.3
104454,22,42327,West,SelfEmp,0.7053441695802569,0,368497,0.55,0.35,0.22,0.3
104455,57,86787,East,Salaried,0.2993586088185519,0,156934,-0.05,-0.1,0.02,0.03
104456,64,90149,North,Business,0.49528280263977176,0,218077,-0.05,-0.1,0.02,0.03
104457,29,41066,West,SelfEmp,0.7669616808425125,0,496683,0.55,0.35,0.22,0.3
104458,40,64233,North,Business,0.49562204636381335,1,177298,-0.05,-0.1,0.02,0.03
104459,63,103342,East,Salaried,0.45406242286643816,0,215644,-0.05,-0.1,0.02,0.03
104460,59,97614,North,Business,0.1448705444052285,1,173642,-0.05,-0.1,0.02,0.03
104461,66,79677,East,Business,0.4073269963976528,1,205913,-0.05,-0.1,0.02,0.03
104462,25,36501,West,SelfEmp,0.7730425370359604,1,415814,0.55,0.35,0.22,0.3
104463,53,122643,East,Salaried,0.43732762598140706,0,160829,-0.05,-0.1,0.02,0.03
104464,60,97059,East,Salaried,0.1496657574311359,1,210785,-0.05,-0.1,0.02,0.03
104465,50,95189,East,Business,0.4859354745750002,0,540214,-0.05,-0.12,0.15,0.18
104466,51,90225,East,Business,0.5082525575167486,0,419303,-0.05,-0.12,0.15,0.18
104467,27,41863,West,SelfEmp,0.7353433788561405,0,371997,0.55,0.35,0.22,0.3
104468,31,30548,South,Salaried,0.6488807682722364,1,130465,0.3,0.25,0.18,0.08
104469,41,35626,South,Salaried,0.6257725785924582,0,162525,0.3,0.25,0.18,0.08
104470,45,109498,North,Business,0.3121923314647952,0,106479,-0.05,-0.1,0.02,0.03
104471,53,56482,North,Salaried,0.42192377883908927,0,230133,-0.05,-0.1,0.02,0.03
104472,59,57755,East,Business,0.15951461799146702,0,150352,-0.05,-0.1,0.02,0.03
104473,39,49333,South,Salaried,0.7364456427438182,0,216588,0.3,0.25,0.18,0.08
104474,48,73825,East,Salaried,0.2735305452880981,0,154140,-0.05,-0.1,0.02,0.03
104475,24,26245,West,SelfEmp,0.7379451197041267,0,408761,0.55,0.35,0.22,0.3
104476,25,45857,West,SelfEmp,0.8950097544824491,0,340645,0.55,0.35,0.22,0.3
104477,44,129852,North,Salaried,0.16537330376800563,0,146533,-0.05,-0.1,0.02,0.03
104478,28,26991,West,SelfEmp,0.7825517174263068,0,438585,0.55,0.35,0.22,0.3
104479,42,56009,South,Salaried,0.5981687420475106,0,274921,0.3,0.25,0.18,0.08
104480,56,118694,East,Business,0.42768965251267654,0,453335,-0.05,-0.12,0.15,0.18
104481,33,41904,South,Salaried,0.637684852688068,0,184132,0.3,0.25,0.18,0.08
104482,46,100962,East,Business,0.48231684216468074,0,241526,-0.05,-0.1,0.02,0.03
104483,44,70588,East,Salaried,0.4091757119996716,1,85389,-0.05,-0.1,0.02,0.03
104484,59,142934,East,Salaried,0.3801303258817834,0,88290,-0.05,-0.1,0.02,0.03
104485,55,94796,East,Business,0.559968659715608,0,312493,-0.05,-0.12,0.15,0.18
104486,67,125006,East,Business,0.5888428154270886,0,435255,-0.05,-0.12,0.15,0.18
104487,22,33252,West,SelfEmp,0.6504487088650138,1,483350,0.55,0.35,0.22,0.3
104488,53,60911,East,Salaried,0.29698515441613504,0,102486,-0.05,-0.1,0.02,0.03
104489,66,129245,East,Business,0.4742946314203442,0,336153,-0.05,-0.12,0.15,0.18
104490,43,34728,South,Salaried,0.636335091767363,1,219842,0.3,0.25,0.18,0.08
104491,36,93519,North,Business,0.33787550669399385,0,136094,-0.05,-0.1,0.02,0.03
104492,56,131644,East,Business,0.6519504655720504,1,500548,-0.05,-0.12,0.15,0.18
104493,33,48605,South,Salaried,0.605739794775586,0,176934,0.3,0.25,0.18,0.08
104494,67,67937,East,Salaried,0.39735003581411454,0,52461,-0.05,-0.1,0.02,0.03
104495,53,126358,East,Business,0.6431033882734554,0,465596,-0.05,-0.12,0.15,0.18
104496,42,140599,North,Salaried,0.37478483450798594,0,209663,-0.05,-0.1,0.02,0.03
104497,31,111940,East,Business,0.17846675957286606,0,173358,-0.05,-0.1,0.02,0.03
104498,64,114469,North,Business,0.4771282570539508,0,55916,-0.05,-0.1,0.02,0.03
104499,62,134604,East,Business,0.4581744037127925,0,206021,-0.05,-0.1,0.02,0.03
104500,22,32510,West,SelfEmp,0.6873463612857849,0,402070,0.55,0.35,0.22,0.3
104501,30,38179,South,Salaried,0.7091358072746288,1,269990,0.3,0.25,0.18,0.08
104502,26,35371,West,SelfEmp,0.7948448000869602,0,348326,0.55,0.35,0.22,0.3
104503,33,50273,North,Business,0.4157175687985899,0,90624,-0.05,-0.1,0.02,0.03
104504,25,34128,West,SelfEmp,0.8513661253938288,0,340252,0.55,0.35,0.22,0.3
104505,64,81733,North,Salaried,0.45437553680701315,0,163060,-0.05,-0.1,0.02,0.03
104506,40,113710,North,Business,0.45682123993381285,0,135445,-0.05,-0.1,0.02,0.03
104507,38,44433,South,Salaried,0.6833635419606714,0,132553,0.3,0.25,0.18,0.08
104508,54,52198,East,Salaried,0.342061824150132,0,69372,-0.05,-0.1,0.02,0.03
104509,47,108415,North,Business,0.2845273685108788,0,68528,-0.05,-0.1,0.02,0.03
104510,60,142249,North,Business,0.17230600619372194,0,146363,-0.05,-0.1,0.02,0.03
104511,22,31391,West,SelfEmp,0.7395762993196405,0,286653,0.55,0.35,0.22,0.3
104512,54,144731,East,Business,0.35926206059320465,0,70406,-0.05,-0.1,0.02,0.03
104513,63,114349,North,Business,0.19389297965691257,0,93439,-0.05,-0.1,0.02,0.03
104514,38,40629,South,Salaried,0.6646263000885783,1,250527,0.3,0.25,0.18,0.08
104515,65,131945,East,Business,0.41423497016244226,0,319056,-0.05,-0.12,0.15,0.18
104516,29,40489,West,SelfEmp,0.853593010054042,0,465898,0.55,0.35,0.22,0.3
104517,24,45947,West,SelfEmp,0.8293183914489111,0,306860,0.55,0.35,0.22,0.3
104518,62,119680,East,Business,0.29144132753461616,0,180542,-0.05,-0.1,0.02,0.03
104519,28,34011,West,SelfEmp,0.8910331704427289,0,414298,0.55,0.35,0.22,0.3
104520,44,119278,North,Business,0.16486987814822684,0,93931,-0.05,-0.1,0.02,0.03
104521,45,124865,North,Business,0.17070321906979719,1,59586,-0.05,-0.1,0.02,0.03
104522,27,37032,West,SelfEmp,0.6902913936095095,0,375414,0.55,0.35,0.22,0.3
104523,24,32786,West,SelfEmp,0.8651377942815892,0,473499,0.55,0.35,0.22,0.3
104524,43,147076,East,Business,0.18807537272458463,0,190043,-0.05,-0.1,0.02,0.03
104525,41,33092,South,Salaried,0.5808399937059681,0,253791,0.3,0.25,0.18,0.08
104526,33,149366,North,Salaried,0.2735526056726717,0,222334,-0.05,-0.1,0.02,0.03
104527,55,89745,East,Business,0.46363737031729424,0,186943,-0.05,-0.1,0.02,0.03
104528,62,54502,North,Salaried,0.22849081454531978,0,112784,-0.05,-0.1,0.02,0.03
104529,60,105651,North,Salaried,0.23244575058111727,0,102325,-0.05,-0.1,0.02,0.03
104530,45,130581,East,Salaried,0.4678746904802703,0,74527,-0.05,-0.1,0.02,0.03
104531,57,127808,North,Salaried,0.48591292791660246,0,195580,-0.05,-0.1,0.02,0.03
104532,29,40506,West,SelfEmp,0.7757993777005319,0,378050,0.55,0.35,0.22,0.3
104533,23,49106,West,SelfEmp,0.8837375630631433,0,484518,0.55,0.35,0.22,0.3
104534,44,51356,South,Salaried,0.7176607131448806,0,134250,0.3,0.25,0.18,0.08
104535,46,80331,North,Salaried,0.10152265776040746,0,212928,-0.05,-0.1,0.02,0.03
104536,39,135237,East,Salaried,0.3882921714013605,1,111286,-0.05,-0.1,0.02,0.03
104537,33,148947,North,Salaried,0.45254186687285536,0,160232,-0.05,-0.1,0.02,0.03
104538,22,43157,West,SelfEmp,0.8681191079384085,0,491216,0.55,0.35,0.22,0.3
104539,39,130751,North,Business,0.33935318877282794,0,210338,-0.05,-0.1,0.02,0.03
104540,51,86669,North,Salaried,0.3490061173245942,0,229293,-0.05,-0.1,0.02,0.03
104541,64,144500,East,Business,0.1887223299539155,1,104009,-0.05,-0.1,0.02,0.03
104542,47,118408,North,Business,0.3513865347433335,1,62050,-0.05,-0.1,0.02,0.03
104543,39,91113,East,Business,0.18890284840608762,0,189235,-0.05,-0.1,0.02,0.03
104544,44,149292,East,Salaried,0.27634785114427673,0,146250,-0.05,-0.1,0.02,0.03
104545,40,84230,East,Salaried,0.2861795935819572,0,175768,-0.05,-0.1,0.02,0.03
104546,60,105461,East,Business,0.6636536147794894,1,591709,-0.05,-0.12,0.15,0.18
104547,24,48463,West,SelfEmp,0.6643648454920174,0,320062,0.55,0.35,0.22,0.3
104548,51,141116,East,Business,0.6305333627155042,0,636010,-0.05,-0.12,0.15,0.18
104549,69,149032,East,Business,0.6126032031245991,0,572748,-0.05,-0.12,0.15,0.18
104550,28,45402,West,SelfEmp,0.7586535626028528,0,290143,0.55,0.35,0.22,0.3
104551,28,29310,West,SelfEmp,0.8053366841000533,0,270003,0.55,0.35,0.22,0.3
104552,61,62756,East,Business,0.17941150255173796,0,76319,-0.05,-0.1,0.02,0.03
104553,37,88798,North,Business,0.39798492854209266,0,177868,-0.05,-0.1,0.02,0.03
104554,26,29236,West,SelfEmp,0.848679801413802,0,410243,0.55,0.35,0.22,0.3
104555,64,73918,East,Salaried,0.48801466302643615,0,86517,-0.05,-0.1,0.02,0.03
104556,52,134434,North,Business,0.28355876095319876,0,180881,-0.05,-0.1,0.02,0.03
104557,42,124999,East,Salaried,0.2995210727794236,0,174609,-0.05,-0.1,0.02,0.03
104558,52,141152,East,Business,0.46728270640701164,1,654658,-0.05,-0.12,0.15,0.18
104559,65,109246,North,Business,0.408620889133826,0,207437,-0.05,-0.1,0.02,0.03
104560,59,129689,North,Salaried,0.2414765764431219,0,224493,-0.05,-0.1,0.02,0.03
104561,44,35462,South,Salaried,0.7571719038141363,0,211582,0.3,0.25,0.18,0.08
104562,26,47144,West,SelfEmp,0.7030893969149419,0,345005,0.55,0.35,0.22,0.3
104563,42,143677,East,Salaried,0.2504251232230591,0,163071,-0.05,-0.1,0.02,0.03
104564,58,122609,East,Business,0.5610154595163113,1,538662,-0.05,-0.12,0.15,0.18
104565,55,98498,North,Salaried,0.37000854974960595,0,224531,-0.05,-0.1,0.02,0.03
104566,69,85695,East,Salaried,0.33701526029197804,0,127153,-0.05,-0.1,0.02,0.03
104567,21,26826,West,SelfEmp,0.8941131724705862,0,399931,0.55,0.35,0.22,0.3
104568,43,35417,South,Salaried,0.5599460556611724,0,261708,0.3,0.25,0.18,0.08
104569,26,28073,West,SelfEmp,0.6950490983539632,0,366307,0.55,0.35,0.22,0.3
104570,41,46948,South,Salaried,0.7510104612379176,0,168459,0.3,0.25,0.18,0.08
104571,30,34346,South,Salaried,0.6613171295079776,1,222768,0.3,0.25,0.18,0.08
104572,23,48133,West,SelfEmp,0.7451917594842076,0,378295,0.55,0.35,0.22,0.3
104573,44,98499,East,Business,0.3115601575672404,0,189433,-0.05,-0.1,0.02,0.03
104574,48,70287,North,Business,0.20160826695351913,0,212812,-0.05,-0.1,0.02,0.03
104575,41,57525,South,Salaried,0.6689709506828481,0,253901,0.3,0.25,0.18,0.08
104576,22,27373,West,SelfEmp,0.8856355527772111,0,451996,0.55,0.35,0.22,0.3
104577,39,42058,South,Salaried,0.6415548063613102,1,256120,0.3,0.25,0.18,0.08
104578,23,40513,West,SelfEmp,0.8380263494694893,0,327378,0.55,0.35,0.22,0.3
104579,24,36075,West,SelfEmp,0.8901035145429859,0,425380,0.55,0.35,0.22,0.3
104580,35,55127,South,Salaried,0.7679493728978297,1,149688,0.3,0.25,0.18,0.08
104581,31,49989,South,Salaried,0.6609081096492074,0,139106,0.3,0.25,0.18,0.08
104582,69,125411,North,Business,0.3780738920852472,1,85407,-0.05,-0.1,0.02,0.03
104583,41,54648,South,Salaried,0.7912388831841467,0,164765,0.3,0.25,0.18,0.08
104584,54,72704,North,Salaried,0.16330921321525196,1,59622,-0.05,-0.1,0.02,0.03
104585,68,73704,North,Salaried,0.2995861150819009,0,164846,-0.05,-0.1,0.02,0.03
104586,68,52028,East,Salaried,0.3431471693811279,0,155441,-0.05,-0.1,0.02,0.03
104587,56,133020,North,Salaried,0.34091165272615453,0,202554,-0.05,-0.1,0.02,0.03
104588,56,122247,East,Business,0.30474884771556654,0,156931,-0.05,-0.1,0.02,0.03
104589,69,106430,East,Business,0.5691637034435457,0,661529,-0.05,-0.12,0.15,0.18
104590,27,39090,West,SelfEmp,0.8505991335633071,0,349893,0.55,0.35,0.22,0.3
104591,26,38959,West,SelfEmp,0.8259317057751898,0,470437,0.55,0.35,0.22,0.3
104592,49,126269,East,Salaried,0.43005462724343846,0,193065,-0.05,-0.1,0.02,0.03
104593,36,129800,East,Business,0.23245991361161178,0,157512,-0.05,-0.1,0.02,0.03
104594,53,60455,East,Business,0.488461831533885,0,173269,-0.05,-0.1,0.02,0.03
104595,21,25506,West,SelfEmp,0.7024696194950475,0,486060,0.55,0.35,0.22,0.3
104596,49,143780,East,Business,0.2983446722800569,1,204140,-0.05,-0.1,0.02,0.03
104597,36,31918,South,Salaried,0.7692319511538164,1,204477,0.3,0.25,0.18,0.08
104598,24,32936,West,SelfEmp,0.6943481541322193,0,418119,0.55,0.35,0.22,0.3
104599,52,132696,East,Business,0.6202921181650335,1,589759,-0.05,-0.12,0.15,0.18
104600,42,52886,North,Salaried,0.4946838207891705,0,139437,-0.05,-0.1,0.02,0.03
104601,38,132022,North,Salaried,0.39643840142073516,0,138408,-0.05,-0.1,0.02,0.03
104602,35,148352,North,Business,0.29052976468028113,0,238462,-0.05,-0.1,0.02,0.03
104603,68,54719,North,Business,0.3687546990378553,0,60155,-0.05,-0.1,0.02,0.03
104604,41,148802,North,Salaried,0.3837653530130327,0,50888,-0.05,-0.1,0.02,0.03
104605,46,143885,North,Business,0.1941161619713357,0,109605,-0.05,-0.1,0.02,0.03
104606,64,75453,North,Business,0.3579453322691132,0,170073,-0.05,-0.1,0.02,0.03
104607,22,38886,West,SelfEmp,0.8912309318853601,0,437791,0.55,0.35,0.22,0.3
104608,29,33721,West,SelfEmp,0.7398483539815985,0,283915,0.55,0.35,0.22,0.3
104609,23,42479,West,SelfEmp,0.7729428867798257,0,330056,0.55,0.35,0.22,0.3
104610,55,96875,East,Business,0.6486816187631714,0,319616,-0.05,-0.12,0.15,0.18
104611,52,115696,East,Business,0.44571868803632125,1,488817,-0.05,-0.12,0.15,0.18
104612,59,132491,East,Business,0.49265737546025984,0,403618,-0.05,-0.12,0.15,0.18
104613,23,37632,West,SelfEmp,0.8917788434391976,0,292593,0.55,0.35,0.22,0.3
104614,37,31371,South,Salaried,0.5897635706285267,0,230212,0.3,0.25,0.18,0.08
104615,42,65050,East,Business,0.4868023149256975,0,232523,-0.05,-0.1,0.02,0.03
104616,39,85064,North,Business,0.42228301528315926,0,50864,-0.05,-0.1,0.02,0.03
104617,30,133162,North,Business,0.3372899500089877,0,50346,-0.05,-0.1,0.02,0.03
104618,61,123244,East,Salaried,0.43286765596053056,0,185475,-0.05,-0.1,0.02,0.03
104619,66,127554,East,Business,0.5028897720126139,0,503407,-0.05,-0.12,0.15,0.18
104620,40,80681,East,Salaried,0.37660748804001365,0,111292,-0.05,-0.1,0.02,0.03
104621,36,112641,North,Salaried,0.21682328168658566,0,79234,-0.05,-0.1,0.02,0.03
104622,61,122319,East,Business,0.41973124856472244,0,435210,-0.05,-0.12,0.15,0.18
104623,35,60850,South,Salaried,0.6230271126530748,1,255744,0.3,0.25,0.18,0.08
104624,21,30537,West,SelfEmp,0.7646777545971003,0,292637,0.55,0.35,0.22,0.3
104625,39,74508,North,Business,0.15796958633662295,0,135292,-0.05,-0.1,0.02,0.03
104626,36,36304,South,Salaried,0.7548478744492069,0,232012,0.3,0.25,0.18,0.08
104627,26,47941,West,SelfEmp,0.7393372847921967,0,314325,0.55,0.35,0.22,0.3
104628,62,91614,North,Business,0.33661128871352686,1,83829,-0.05,-0.1,0.02,0.03
104629,69,93856,East,Salaried,0.13628344976211998,0,70186,-0.05,-0.1,0.02,0.03
104630,33,111020,North,Business,0.13527831401787346,0,127080,-0.05,-0.1,0.02,0.03
104631,52,143300,East,Business,0.5650725859090341,1,630533,-0.05,-0.12,0.15,0.18
104632,63,110831,North,Salaried,0.19536484216149208,0,157775,-0.05,-0.1,0.02,0.03
104633,32,30617,South,Salaried,0.7295081113023268,0,262924,0.3,0.25,0.18,0.08
104634,39,142071,East,Business,0.21913879691793425,0,108711,-0.05,-0.1,0.02,0.03
104635,51,63231,East,Business,0.17838249500010517,0,135420,-0.05,-0.1,0.02,0.03
104636,43,108656,East,Salaried,0.31573617242720187,0,146195,-0.05,-0.1,0.02,0.03
104637,21,32370,West,SelfEmp,0.650349052150146,0,286552,0.55,0.35,0.22,0.3
104638,54,115940,East,Business,0.593562141312119,0,622291,-0.05,-0.12,0.15,0.18
104639,26,35468,West,SelfEmp,0.8798649155745843,0,321612,0.55,0.35,0.22,0.3
104640,49,82405,North,Salaried,0.15279469770934806,0,241838,-0.05,-0.1,0.02,0.03
104641,26,49254,West,SelfEmp,0.7770241903392687,0,445852,0.55,0.35,0.22,0.3
104642,60,114832,East,Business,0.47287831306289685,0,683311,-0.05,-0.12,0.15,0.18
104643,69,69366,East,Salaried,0.3549116957434859,0,181314,-0.05,-0.1,0.02,0.03
104644,23,30030,West,SelfEmp,0.6952838399745767,1,393260,0.55,0.35,0.22,0.3
104645,44,134545,North,Business,0.14441390324302072,0,150262,-0.05,-0.1,0.02,0.03
104646,50,67576,East,Business,0.36631448937550704,0,165208,-0.05,-0.1,0.02,0.03
104647,22,33210,West,SelfEmp,0.6745853353964226,1,416124,0.55,0.35,0.22,0.3
104648,67,101123,East,Salaried,0.4045821324813891,0,59134,-0.05,-0.1,0.02,0.03
104649,41,42904,South,Salaried,0.6383206381436801,0,145854,0.3,0.25,0.18,0.08
104650,37,83397,North,Business,0.1354667784183944,0,249659,-0.05,-0.1,0.02,0.03
104651,28,49558,West,SelfEmp,0.8904332523757734,0,299172,0.55,0.35,0.22,0.3
104652,60,105941,East,Business,0.4710944670922134,1,511010,-0.05,-0.12,0.15,0.18
104653,41,132315,North,Business,0.46525408444302085,0,58692,-0.05,-0.1,0.02,0.03
104654,23,37148,West,SelfEmp,0.8904429169769141,1,350843,0.55,0.35,0.22,0.3
104655,62,107491,East,Business,0.5254092733542453,0,501679,-0.05,-0.12,0.15,0.18
104656,37,132080,East,Salaried,0.36615336334188975,0,194985,-0.05,-0.1,0.02,0.03
104657,39,72433,North,Salaried,0.4447888310226046,1,112468,-0.05,-0.1,0.02,0.03
104658,69,140167,North,Salaried,0.10432117299846513,0,55475,-0.05,-0.1,0.02,0.03
104659,32,115865,East,Salaried,0.166834985412388,0,222180,-0.05,-0.1,0.02,0.03
104660,25,27306,West,SelfEmp,0.8112416073207732,0,424751,0.55,0.35,0.22,0.3
104661,29,30785,West,SelfEmp,0.8302476542308773,0,372753,0.55,0.35,0.22,0.3
104662,61,62418,North,Business,0.4881153001618207,0,90556,-0.05,-0.1,0.02,0.03
104663,51,138314,East,Business,0.4556686214279858,1,357768,-0.05,-0.12,0.15,0.18
104664,46,76344,East,Salaried,0.30625473137444026,0,168730,-0.05,-0.1,0.02,0.03
104665,34,43063,South,Salaried,0.7681121096108475,0,173145,0.3,0.25,0.18,0.08
104666,33,132872,East,Business,0.1052346405182389,1,183767,-0.05,-0.1,0.02,0.03
104667,31,87235,East,Salaried,0.39500846766962006,0,186765,-0.05,-0.1,0.02,0.03
104668,30,40460,South,Salaried,0.7479108341336288,1,274219,0.3,0.25,0.18,0.08
104669,62,106676,North,Business,0.4942394948688772,0,103733,-0.05,-0.1,0.02,0.03
104670,55,107226,East,Business,0.5576838300422096,1,489128,-0.05,-0.12,0.15,0.18
104671,26,28831,West,SelfEmp,0.7060771565835804,0,263437,0.55,0.35,0.22,0.3
104672,65,133844,East,Business,0.6481027973320794,1,414667,-0.05,-0.12,0.15,0.18
104673,35,97213,North,Salaried,0.1152870048525069,0,111277,-0.05,-0.1,0.02,0.03
104674,48,107170,East,Business,0.17029271897764967,0,134059,-0.05,-0.1,0.02,0.03
104675,36,69600,East,Business,0.1894398381353356,0,182807,-0.05,-0.1,0.02,0.03
104676,45,121242,North,Salaried,0.4070921164662371,0,176521,-0.05,-0.1,0.02,0.03
104677,41,82295,North,Business,0.4380488560948427,0,79785,-0.05,-0.1,0.02,0.03
104678,69,144998,North,Salaried,0.3931995545799375,0,184019,-0.05,-0.1,0.02,0.03
104679,32,40633,South,Salaried,0.6529844266804441,1,175048,0.3,0.25,0.18,0.08
104680,47,68087,East,Business,0.226073773293188,0,120704,-0.05,-0.1,0.02,0.03
104681,66,122254,East,Business,0.3113442773798275,1,210804,-0.05,-0.1,0.02,0.03
104682,43,64335,South,Salaried,0.7097953048305339,0,251274,0.3,0.25,0.18,0.08
104683,68,112674,North,Business,0.2224604879287851,1,83945,-0.05,-0.1,0.02,0.03
104684,48,69377,East,Salaried,0.48118308695295076,0,237732,-0.05,-0.1,0.02,0.03
104685,27,49235,West,SelfEmp,0.8077387137526489,0,463242,0.55,0.35,0.22,0.3
104686,25,42682,West,SelfEmp,0.7995669703856899,0,445581,0.55,0.35,0.22,0.3
104687,26,36107,West,SelfEmp,0.7836294521870637,0,432885,0.55,0.35,0.22,0.3
104688,21,43328,West,SelfEmp,0.6757273349747889,0,412813,0.55,0.35,0.22,0.3
104689,43,31456,South,Salaried,0.6827948583514889,1,166614,0.3,0.25,0.18,0.08
104690,39,40973,South,Salaried,0.5975233371051627,1,202909,0.3,0.25,0.18,0.08
104691,56,144496,East,Business,0.49034442702027503,0,602824,-0.05,-0.12,0.15,0.18
104692,40,95447,North,Business,0.20475680492035586,0,212156,-0.05,-0.1,0.02,0.03
104693,52,132859,North,Business,0.12468174876992096,0,158318,-0.05,-0.1,0.02,0.03
104694,53,92301,North,Salaried,0.2847274125584084,0,118450,-0.05,-0.1,0.02,0.03
104695,44,83958,North,Business,0.38811817770523627,1,116872,-0.05,-0.1,0.02,0.03
104696,28,42816,West,SelfEmp,0.8156571237124493,0,302862,0.55,0.35,0.22,0.3
104697,38,40326,South,Salaried,0.6132577379699924,0,188232,0.3,0.25,0.18,0.08
104698,50,124114,North,Salaried,0.14053385089612502,1,114348,-0.05,-0.1,0.02,0.03
104699,26,48795,West,SelfEmp,0.8865718201415909,0,276042,0.55,0.35,0.22,0.3
104700,51,138739,East,Business,0.6570179896013149,0,633262,-0.05,-0.12,0.15,0.18
104701,39,52576,South,Salaried,0.7953867083210369,1,190646,0.3,0.25,0.18,0.08
104702,43,59551,South,Salaried,0.5541345252363308,1,217936,0.3,0.25,0.18,0.08
104703,36,103304,East,Business,0.4022103978600452,1,204225,-0.05,-0.1,0.02,0.03
104704,69,67050,East,Business,0.231208246626305,0,101766,-0.05,-0.1,0.02,0.03
104705,25,44279,West,SelfEmp,0.671879703100336,0,425376,0.55,0.35,0.22,0.3
104706,28,31794,West,SelfEmp,0.8554038423838626,0,435669,0.55,0.35,0.22,0.3
104707,27,36630,West,SelfEmp,0.8414257331951585,1,333583,0.55,0.35,0.22,0.3
104708,40,139538,North,Business,0.1877289089052667,0,78500,-0.05,-0.1,0.02,0.03
104709,40,62543,North,Salaried,0.32215582623076566,0,145046,-0.05,-0.1,0.02,0.03
104710,25,41813,West,SelfEmp,0.8203460825177928,0,292665,0.55,0.35,0.22,0.3
104711,22,48452,West,SelfEmp,0.6671143924729099,0,485102,0.55,0.35,0.22,0.3
104712,26,28122,West,SelfEmp,0.8570835327742203,0,257510,0.55,0.35,0.22,0.3
104713,46,113689,East,Business,0.10306378863048003,0,56549,-0.05,-0.1,0.02,0.03
104714,28,27479,West,SelfEmp,0.8166856923841292,0,479334,0.55,0.35,0.22,0.3
104715,56,118537,East,Business,0.4930445398255042,1,358279,-0.05,-0.12,0.15,0.18
104716,47,75339,East,Salaried,0.4601765532411678,1,114893,-0.05,-0.1,0.02,0.03
104717,34,104445,East,Business,0.24833599852899024,0,198463,-0.05,-0.1,0.02,0.03
104718,25,48157,West,SelfEmp,0.6706059769340396,0,441207,0.55,0.35,0.22,0.3
104719,35,56092,South,Salaried,0.7075788095416989,1,149850,0.3,0.25,0.18,0.08
104720,32,93011,East,Business,0.300319867226945,0,195657,-0.05,-0.1,0.02,0.03
104721,63,93140,East,Business,0.5032793738192115,0,698864,-0.05,-0.12,0.15,0.18
104722,65,114956,North,Business,0.2284787014762459,0,77669,-0.05,-0.1,0.02,0.03
104723,52,141998,East,Business,0.5420099502481786,0,364262,-0.05,-0.12,0.15,0.18
104724,33,61095,East,Salaried,0.3488000613251804,0,232245,-0.05,-0.1,0.02,0.03
104725,21,46896,West,SelfEmp,0.7588817400635761,0,297097,0.55,0.35,0.22,0.3
104726,26,44678,West,SelfEmp,0.6766851609149064,1,271060,0.55,0.35,0.22,0.3
104727,61,147551,East,Business,0.6502114238870969,0,329570,-0.05,-0.12,0.15,0.18
104728,49,126846,East,Salaried,0.3796191904224451,0,158714,-0.05,-0.1,0.02,0.03
104729,24,44001,West,SelfEmp,0.8804337283763626,0,457281,0.55,0.35,0.22,0.3
104730,49,55919,East,Salaried,0.3241750873876451,0,221170,-0.05,-0.1,0.02,0.03
104731,63,109801,East,Business,0.38563452254483277,0,156712,-0.05,-0.1,0.02,0.03
104732,25,27655,West,SelfEmp,0.8803453702113233,0,327301,0.55,0.35,0.22,0.3
104733,31,50642,South,Salaried,0.7154977993230056,1,256343,0.3,0.25,0.18,0.08
104734,36,46480,South,Salaried,0.6717185736252386,0,175614,0.3,0.25,0.18,0.08
104735,68,78263,North,Business,0.4553426160713301,0,81487,-0.05,-0.1,0.02,0.03
104736,67,119412,East,Business,0.5773202537742977,0,575078,-0.05,-0.12,0.15,0.18
104737,25,26125,West,SelfEmp,0.7946302040561615,0,478988,0.55,0.35,0.22,0.3
104738,30,54100,South,Salaried,0.7519004766088073,0,263306,0.3,0.25,0.18,0.08
104739,35,148402,East,Salaried,0.3754008997904966,0,224092,-0.05,-0.1,0.02,0.03
104740,38,90018,North,Business,0.18908065203555766,0,228955,-0.05,-0.1,0.02,0.03
104741,30,133760,North,Business,0.46231374255481383,0,116609,-0.05,-0.1,0.02,0.03
104742,24,33416,West,SelfEmp,0.7551137160720081,0,395518,0.55,0.35,0.22,0.3
104743,24,44019,West,SelfEmp,0.8030148996430897,1,478903,0.55,0.35,0.22,0.3
104744,63,66084,East,Business,0.41480938581788207,0,134712,-0.05,-0.1,0.02,0.03
104745,24,31497,West,SelfEmp,0.7683474931252675,0,315383,0.55,0.35,0.22,0.3
104746,27,49659,West,SelfEmp,0.6974179282121067,1,355510,0.55,0.35,0.22,0.3
104747,25,28249,West,SelfEmp,0.8137041775568911,0,422246,0.55,0.35,0.22,0.3
104748,42,61545,South,Salaried,0.7668794085171754,0,122476,0.3,0.25,0.18,0.08
104749,21,39140,West,SelfEmp,0.8085541099979846,0,456347,0.55,0.35,0.22,0.3
104750,43,36615,South,Salaried,0.7400932349192796,1,183024,0.3,0.25,0.18,0.08
104751,34,82637,East,Salaried,0.11541898896042291,0,247845,-0.05,-0.1,0.02,0.03
104752,22,31773,West,SelfEmp,0.6506183858842846,0,256679,0.55,0.35,0.22,0.3
104753,40,52491,South,Salaried,0.5947807564645288,1,169260,0.3,0.25,0.18,0.08
104754,65,118423,East,Salaried,0.1980342511898194,0,172593,-0.05,-0.1,0.02,0.03
104755,37,64058,South,Salaried,0.5604476492275452,0,160317,0.3,0.25,0.18,0.08
104756,59,148426,North,Salaried,0.48816986714005883,0,189243,-0.05,-0.1,0.02,0.03
104757,29,29515,West,SelfEmp,0.7602268454976842,0,458715,0.55,0.35,0.22,0.3
104758,43,116451,East,Business,0.16915874362618133,0,195576,-0.05,-0.1,0.02,0.03
104759,25,42640,West,SelfEmp,0.8913099446150481,1,436411,0.55,0.35,0.22,0.3
104760,27,45359,West,SelfEmp,0.7906539603473766,0,346552,0.55,0.35,0.22,0.3
104761,48,64139,East,Salaried,0.44789929328765954,0,189162,-0.05,-0.1,0.02,0.03
104762,58,105871,East,Business,0.4784002047694925,0,70672,-0.05,-0.1,0.02,0.03
104763,25,30084,West,SelfEmp,0.7078527492141384,0,495097,0.55,0.35,0.22,0.3
104764,43,101177,North,Business,0.1672948875204699,0,69948,-0.05,-0.1,0.02,0.03
104765,28,31635,West,SelfEmp,0.767305432186958,1,342671,0.55,0.35,0.22,0.3
104766,51,70029,North,Salaried,0.38652762164613497,0,142525,-0.05,-0.1,0.02,0.03
104767,44,60428,South,Salaried,0.7284933020180953,0,185183,0.3,0.25,0.18,0.08
104768,23,25956,West,SelfEmp,0.8580443725221598,0,304174,0.55,0.35,0.22,0.3
104769,21,41913,West,SelfEmp,0.6704808074418489,1,326518,0.55,0.35,0.22,0.3
104770,37,30477,South,Salaried,0.7233651381386829,1,144638,0.3,0.25,0.18,0.08
104771,35,48327,South,Salaried,0.7931177775348568,1,269170,0.3,0.25,0.18,0.08
104772,42,49983,South,Salaried,0.5726210204167184,0,148060,0.3,0.25,0.18,0.08
104773,45,145752,East,Business,0.3039220222848454,0,161376,-0.05,-0.1,0.02,0.03
104774,68,109414,East,Business,0.5219133610406012,0,448852,-0.05,-0.12,0.15,0.18
104775,40,32773,South,Salaried,0.657070318660122,0,123734,0.3,0.25,0.18,0.08
104776,25,41086,West,SelfEmp,0.8737864014045749,0,291035,0.55,0.35,0.22,0.3
104777,55,125075,East,Business,0.5603287422498134,1,391494,-0.05,-0.12,0.15,0.18
104778,44,46797,South,Salaried,0.6752271974248489,0,152273,0.3,0.25,0.18,0.08
104779,62,78243,East,Salaried,0.3679436176608629,0,205342,-0.05,-0.1,0.02,0.03
104780,54,115441,East,Business,0.17757951536076488,0,199224,-0.05,-0.1,0.02,0.03
104781,52,106469,East,Business,0.6370119774627565,0,407674,-0.05,-0.12,0.15,0.18
104782,26,37648,West,SelfEmp,0.8045243217949087,0,353095,0.55,0.35,0.22,0.3
104783,60,90052,East,Business,0.52432759069496,1,553443,-0.05,-0.12,0.15,0.18
104784,50,61061,East,Business,0.4429867615948814,0,187199,-0.05,-0.1,0.02,0.03
104785,46,143739,North,Business,0.14762030597516748,1,241918,-0.05,-0.1,0.02,0.03
104786,56,113834,North,Salaried,0.3325016394097924,0,189172,-0.05,-0.1,0.02,0.03
104787,48,143709,East,Salaried,0.3157917459320493,0,172994,-0.05,-0.1,0.02,0.03
104788,32,148132,East,Business,0.3840674867155215,0,208374,-0.05,-0.1,0.02,0.03
104789,22,36029,West,SelfEmp,0.6842451319197108,0,410095,0.55,0.35,0.22,0.3
104790,65,134323,East,Business,0.6929877002612664,0,591684,-0.05,-0.12,0.15,0.18
104791,29,36079,West,SelfEmp,0.8918496343464942,0,289238,0.55,0.35,0.22,0.3
104792,28,28347,West,SelfEmp,0.7426539932275966,1,384218,0.55,0.35,0.22,0.3
104793,26,47213,West,SelfEmp,0.7783659928157556,0,486035,0.55,0.35,0.22,0.3
104794,21,39354,West,SelfEmp,0.7941303707339878,0,265718,0.55,0.35,0.22,0.3
104795,25,27196,West,SelfEmp,0.8749560646387515,0,305253,0.55,0.35,0.22,0.3
104796,26,47617,West,SelfEmp,0.741346950310732,0,260292,0.55,0.35,0.22,0.3
104797,43,67432,East,Salaried,0.4664766961250646,0,196283,-0.05,-0.1,0.02,0.03
104798,25,38114,West,SelfEmp,0.7750562279711303,0,455365,0.55,0.35,0.22,0.3
104799,57,143566,North,Business,0.15459786880539148,0,225077,-0.05,-0.1,0.02,0.03
104800,31,73006,East,Salaried,0.15091290075218305,1,188304,-0.05,-0.1,0.02,0.03
104801,32,72941,North,Business,0.22611718514196705,0,77404,-0.05,-0.1,0.02,0.03
104802,69,50157,East,Business,0.3175320964235676,0,71101,-0.05,-0.1,0.02,0.03
104803,21,25638,West,SelfEmp,0.896630822755094,0,421823,0.55,0.35,0.22,0.3
104804,35,38976,South,Salaried,0.6971051905670672,0,212491,0.3,0.25,0.18,0.08
104805,64,79050,East,Salaried,0.485771995330063,0,89409,-0.05,-0.1,0.02,0.03
104806,24,36459,West,SelfEmp,0.7464848869909675,0,260234,0.55,0.35,0.22,0.3
104807,60,117039,East,Business,0.4540372231566263,0,92704,-0.05,-0.1,0.02,0.03
104808,56,121164,East,Business,0.5628421538315518,0,477159,-0.05,-0.12,0.15,0.18
104809,36,30734,South,Salaried,0.796446927981308,0,168827,0.3,0.25,0.18,0.08
104810,23,42466,West,SelfEmp,0.7477656114397854,0,440425,0.55,0.35,0.22,0.3
104811,48,103305,North,Business,0.12073212352382781,0,236901,-0.05,-0.1,0.02,0.03
104812,27,34327,West,SelfEmp,0.8739695079431304,0,467457,0.55,0.35,0.22,0.3
104813,29,42433,West,SelfEmp,0.8064898506255105,0,327320,0.55,0.35,0.22,0.3
104814,49,77075,North,Business,0.43512858723857817,0,221996,-0.05,-0.1,0.02,0.03
104815,26,43311,West,SelfEmp,0.7384066027851091,1,341793,0.55,0.35,0.22,0.3
104816,32,63816,South,Salaried,0.7916291477000551,0,180068,0.3,0.25,0.18,0.08
104817,42,110739,East,Business,0.4226126799006591,0,186334,-0.05,-0.1,0.02,0.03
104818,44,58768,South,Salaried,0.7714765814984571,0,228929,0.3,0.25,0.18,0.08
104819,65,123099,North,Salaried,0.3868585469619422,0,99556,-0.05,-0.1,0.02,0.03
104820,21,37491,West,SelfEmp,0.6791757002038126,0,308878,0.55,0.35,0.22,0.3
104821,21,47540,West,SelfEmp,0.7703118656828256,0,260525,0.55,0.35,0.22,0.3
104822,60,125696,East,Business,0.42515485920849566,1,493583,-0.05,-0.12,0.15,0.18
104823,21,26055,West,SelfEmp,0.750316661902992,1,254284,0.55,0.35,0.22,0.3
104824,63,115171,East,Business,0.39276805010245874,0,162341,-0.05,-0.1,0.02,0.03
104825,30,31600,South,Salaried,0.65748943205216,1,246076,0.3,0.25,0.18,0.08
104826,35,142415,East,Business,0.29374152499223816,0,66024,-0.05,-0.1,0.02,0.03
104827,26,34806,West,SelfEmp,0.6607115679420199,0,320346,0.55,0.35,0.22,0.3
104828,37,77511,North,Business,0.11056626148201971,0,143747,-0.05,-0.1,0.02,0.03
104829,27,41132,West,SelfEmp,0.7676974686634758,0,396804,0.55,0.35,0.22,0.3
104830,49,66220,East,Salaried,0.11023418039738578,0,156283,-0.05,-0.1,0.02,0.03
104831,52,54206,East,Business,0.26718795238507975,1,143100,-0.05,-0.1,0.02,0.03
104832,65,122616,North,Business,0.3220071246041526,0,206384,-0.05,-0.1,0.02,0.03
104833,28,42806,West,SelfEmp,0.6645834404043311,0,306682,0.55,0.35,0.22,0.3
104834,50,58439,North,Business,0.11759282181339192,0,112900,-0.05,-0.1,0.02,0.03
104835,27,28146,West,SelfEmp,0.6660721578834576,0,269144,0.55,0.35,0.22,0.3
104836,58,75401,East,Salaried,0.3643300544086032,1,221622,-0.05,-0.1,0.02,0.03
104837,34,100677,East,Business,0.29546462675353796,1,196362,-0.05,-0.1,0.02,0.03
104838,42,34651,South,Salaried,0.5749290876690261,0,144172,0.3,0.25,0.18,0.08
104839,48,128128,North,Business,0.46931181651765475,1,225600,-0.05,-0.1,0.02,0.03
104840,48,94279,East,Salaried,0.39462617364781005,0,242747,-0.05,-0.1,0.02,0.03
104841,65,132419,North,Business,0.18393228479281054,0,57147,-0.05,-0.1,0.02,0.03
104842,37,44516,South,Salaried,0.7286311627009074,0,259837,0.3,0.25,0.18,0.08
104843,43,31698,South,Salaried,0.6111736177902471,0,218352,0.3,0.25,0.18,0.08
104844,35,43913,South,Salaried,0.559142298773679,0,154694,0.3,0.25,0.18,0.08
104845,68,115319,North,Salaried,0.21251766791611726,1,135879,-0.05,-0.1,0.02,0.03
104846,38,40541,South,Salaried,0.6672078286495116,1,173918,0.3,0.25,0.18,0.08
104847,54,121199,East,Business,0.5410417627636221,0,574733,-0.05,-0.12,0.15,0.18
104848,38,121108,North,Business,0.16110120010846082,0,193405,-0.05,-0.1,0.02,0.03
104849,44,125620,North,Salaried,0.4231053004848083,0,231625,-0.05,-0.1,0.02,0.03
104850,27,39690,West,SelfEmp,0.7834588290962444,1,434047,0.55,0.35,0.22,0.3
104851,31,44083,South,Salaried,0.7371910200344367,1,179414,0.3,0.25,0.18,0.08
104852,47,131375,North,Salaried,0.35513688596398885,0,199465,-0.05,-0.1,0.02,0.03
104853,23,30123,West,SelfEmp,0.8450277540577436,1,263641,0.55,0.35,0.22,0.3
104854,34,41416,South,Salaried,0.7676915069028529,0,242556,0.3,0.25,0.18,0.08
104855,62,145880,East,Salaried,0.44854410887499807,0,91582,-0.05,-0.1,0.02,0.03
104856,33,63178,East,Salaried,0.371675999542302,1,56206,-0.05,-0.1,0.02,0.03
104857,36,54864,South,Salaried,0.711232417100802,0,184111,0.3,0.25,0.18,0.08
104858,29,32645,West,SelfEmp,0.7589602793250856,0,394966,0.55,0.35,0.22,0.3
104859,38,62396,South,Salaried,0.7490216447336093,1,127203,0.3,0.25,0.18,0.08
104860,47,61202,East,Business,0.4673908930821349,0,101793,-0.05,-0.1,0.02,0.03
104861,25,41346,West,SelfEmp,0.6951670772341658,0,312349,0.55,0.35,0.22,0.3
104862,26,33968,West,SelfEmp,0.6610107340534783,0,430804,0.55,0.35,0.22,0.3
104863,30,84330,East,Business,0.19432087183848365,1,167876,-0.05,-0.1,0.02,0.03
104864,24,44446,West,SelfEmp,0.8101598926283589,0,454063,0.55,0.35,0.22,0.3
104865,21,47269,West,SelfEmp,0.8718107773514138,0,277037,0.55,0.35,0.22,0.3
104866,56,122598,East,Business,0.4461343627270084,0,486292,-0.05,-0.12,0.15,0.18
104867,65,139450,East,Business,0.10304063992120005,0,216547,-0.05,-0.1,0.02,0.03
104868,23,36513,West,SelfEmp,0.6885292453388999,0,269925,0.55,0.35,0.22,0.3
104869,32,129363,North,Salaried,0.3330129320772888,0,200834,-0.05,-0.1,0.02,0.03
104870,37,63106,South,Salaried,0.7239261775115303,0,190875,0.3,0.25,0.18,0.08
104871,54,68313,North,Salaried,0.45500126100496996,0,92505,-0.05,-0.1,0.02,0.03
104872,55,145272,East,Business,0.6320915698211209,0,502541,-0.05,-0.12,0.15,0.18
104873,40,81826,East,Business,0.1810281179724924,0,171684,-0.05,-0.1,0.02,0.03
104874,42,83862,East,Salaried,0.20326186873576713,0,89353,-0.05,-0.1,0.02,0.03
104875,56,122078,East,Salaried,0.26117013874792977,1,128858,-0.05,-0.1,0.02,0.03
104876,24,31994,West,SelfEmp,0.7109605045188913,0,492682,0.55,0.35,0.22,0.3
104877,65,109360,East,Business,0.5881105639948112,0,606572,-0.05,-0.12,0.15,0.18
104878,33,102905,North,Business,0.2644100764160504,1,56656,-0.05,-0.1,0.02,0.03
104879,30,36076,South,Salaried,0.7675033356739119,0,148698,0.3,0.25,0.18,0.08
104880,35,45077,South,Salaried,0.6988465970126561,0,166152,0.3,0.25,0.18,0.08
104881,29,33583,West,SelfEmp,0.7371730835652512,0,336923,0.55,0.35,0.22,0.3
104882,60,94339,East,Business,0.6297781678826488,0,301353,-0.05,-0.12,0.15,0.18
104883,28,27702,West,SelfEmp,0.684685623898645,0,458905,0.55,0.35,0.22,0.3
104884,66,106269,East,Business,0.637125210998431,0,375558,-0.05,-0.12,0.15,0.18
104885,66,141605,East,Business,0.6994709331692524,1,622244,-0.05,-0.12,0.15,0.18
104886,55,112204,East,Business,0.4948783408891452,0,130750,-0.05,-0.1,0.02,0.03
104887,52,50341,East,Salaried,0.28638673624741223,0,67430,-0.05,-0.1,0.02,0.03
104888,35,57887,South,Salaried,0.7268793345356425,0,207262,0.3,0.25,0.18,0.08
104889,26,39161,West,SelfEmp,0.6739809424940476,0,264193,0.55,0.35,0.22,0.3
104890,27,39078,West,SelfEmp,0.7201908059711895,0,311041,0.55,0.35,0.22,0.3
104891,60,129324,East,Business,0.6970836312672768,1,618637,-0.05,-0.12,0.15,0.18
104892,25,44313,West,SelfEmp,0.8689188957825622,0,267236,0.55,0.35,0.22,0.3
104893,21,32216,West,SelfEmp,0.881980442963279,0,250069,0.55,0.35,0.22,0.3
104894,27,48265,West,SelfEmp,0.8914412397244309,0,251050,0.55,0.35,0.22,0.3
104895,24,46347,West,SelfEmp,0.8173042904072851,0,484192,0.55,0.35,0.22,0.3
104896,46,124652,East,Business,0.4317921668689393,0,134025,-0.05,-0.1,0.02,0.03
104897,37,55110,South,Salaried,0.6240673833540852,0,181899,0.3,0.25,0.18,0.08
104898,40,53916,South,Salaried,0.7109793162698046,1,218983,0.3,0.25,0.18,0.08
104899,44,47586,South,Salaried,0.6050808933998716,1,153351,0.3,0.25,0.18,0.08
104900,59,126030,East,Business,0.6761763961429261,0,356825,-0.05,-0.12,0.15,0.18
104901,40,92891,East,Salaried,0.4960545760301027,0,183711,-0.05,-0.1,0.02,0.03
104902,34,51843,South,Salaried,0.6913724037818305,0,226941,0.3,0.25,0.18,0.08
104903,40,88243,East,Salaried,0.2739832329031886,0,199098,-0.05,-0.1,0.02,0.03
104904,31,127117,North,Salaried,0.2540745160618512,0,63628,-0.05,-0.1,0.02,0.03
104905,23,28090,West,SelfEmp,0.8413877141170826,0,298786,0.55,0.35,0.22,0.3
104906,21,33610,West,SelfEmp,0.6750635048771789,0,462295,0.55,0.35,0.22,0.3
104907,38,45084,South,Salaried,0.5939712234006773,0,131798,0.3,0.25,0.18,0.08
104908,24,29386,West,SelfEmp,0.8244456765024031,1,280183,0.55,0.35,0.22,0.3
104909,42,149013,North,Business,0.32908126230766965,0,199280,-0.05,-0.1,0.02,0.03
104910,62,129101,North,Salaried,0.4419415408730556,0,211924,-0.05,-0.1,0.02,0.03
104911,28,33643,West,SelfEmp,0.7950358071260721,0,326451,0.55,0.35,0.22,0.3
104912,23,40080,West,SelfEmp,0.7707738258428666,0,461952,0.55,0.35,0.22,0.3
104913,52,143234,East,Business,0.26613035905117566,0,120259,-0.05,-0.1,0.02,0.03
104914,44,115038,North,Salaried,0.21997679652836868,0,130764,-0.05,-0.1,0.02,0.03
104915,68,76098,East,Salaried,0.3784463226700401,0,97257,-0.05,-0.1,0.02,0.03
104916,41,71131,North,Salaried,0.2084435508900313,0,234289,-0.05,-0.1,0.02,0.03
104917,59,78636,North,Salaried,0.3510589335140688,0,231696,-0.05,-0.1,0.02,0.03
104918,28,46499,West,SelfEmp,0.7615432534823998,0,424321,0.55,0.35,0.22,0.3
104919,27,25394,West,SelfEmp,0.6855549136070993,0,443528,0.55,0.35,0.22,0.3
104920,65,54152,East,Business,0.39560780142150587,0,138719,-0.05,-0.1,0.02,0.03
104921,35,113195,North,Business,0.4745368221753987,0,201284,-0.05,-0.1,0.02,0.03
104922,50,123383,East,Business,0.6916164618817663,0,453497,-0.05,-0.12,0.15,0.18
104923,37,42323,South,Salaried,0.7971836080131283,0,214991,0.3,0.25,0.18,0.08
104924,28,42541,West,SelfEmp,0.6544086214497811,0,447054,0.55,0.35,0.22,0.3
104925,57,88188,East,Salaried,0.3631011963528137,0,197488,-0.05,-0.1,0.02,0.03
104926,61,125715,East,Business,0.485526811955804,0,556856,-0.05,-0.12,0.15,0.18
104927,26,36345,West,SelfEmp,0.692639409477944,0,426024,0.55,0.35,0.22,0.3
104928,69,136934,East,Salaried,0.22204009623565413,0,216184,-0.05,-0.1,0.02,0.03
104929,21,47975,West,SelfEmp,0.8497294428039435,0,401881,0.55,0.35,0.22,0.3
104930,43,63850,South,Salaried,0.7541744088975494,0,232169,0.3,0.25,0.18,0.08
104931,41,34456,South,Salaried,0.5926674921641026,0,155331,0.3,0.25,0.18,0.08
104932,52,111535,East,Business,0.44716989993409034,1,391587,-0.05,-0.12,0.15,0.18
104933,59,111893,East,Business,0.6022011326764625,0,622852,-0.05,-0.12,0.15,0.18
104934,46,105395,East,Business,0.3537816320744418,0,230385,-0.05,-0.1,0.02,0.03
104935,30,112772,North,Business,0.4628115792947186,0,66235,-0.05,-0.1,0.02,0.03
104936,30,96538,North,Business,0.23087288312580556,1,50822,-0.05,-0.1,0.02,0.03
104937,44,56865,South,Salaried,0.7066776569541706,0,142627,0.3,0.25,0.18,0.08
104938,36,127878,East,Salaried,0.3304753308240711,1,122038,-0.05,-0.1,0.02,0.03
104939,22,32169,West,SelfEmp,0.7666312915186939,1,385214,0.55,0.35,0.22,0.3
104940,24,42946,West,SelfEmp,0.6952043357254428,0,310239,0.55,0.35,0.22,0.3
104941,37,39778,South,Salaried,0.7534835422128316,0,254422,0.3,0.25,0.18,0.08
104942,41,120197,North,Business,0.21438378795479404,0,173662,-0.05,-0.1,0.02,0.03
104943,38,96149,North,Salaried,0.19230526352969846,0,194514,-0.05,-0.1,0.02,0.03
104944,50,121733,East,Business,0.455512320094981,0,183573,-0.05,-0.1,0.02,0.03
104945,62,110348,East,Business,0.4474417636479876,0,480250,-0.05,-0.12,0.15,0.18
104946,21,36749,West,SelfEmp,0.8146945047333408,0,371181,0.55,0.35,0.22,0.3
104947,35,63414,East,Business,0.486292752807688,0,169050,-0.05,-0.1,0.02,0.03
104948,36,55176,North,Salaried,0.17182332692262495,0,133790,-0.05,-0.1,0.02,0.03
104949,27,35637,West,SelfEmp,0.8180267357608882,0,475401,0.55,0.35,0.22,0.3
104950,26,32937,West,SelfEmp,0.6915577562537609,0,401157,0.55,0.35,0.22,0.3
104951,21,35628,West,SelfEmp,0.7277569422609846,0,331024,0.55,0.35,0.22,0.3
104952,29,32941,West,SelfEmp,0.86588708383734,1,482728,0.55,0.35,0.22,0.3
104953,68,131466,North,Salaried,0.43364025482296953,0,196087,-0.05,-0.1,0.02,0.03
104954,34,133067,East,Salaried,0.33664202577392177,1,126228,-0.05,-0.1,0.02,0.03
104955,63,134516,East,Salaried,0.45831181890285155,0,222632,-0.05,-0.1,0.02,0.03
104956,61,129267,North,Salaried,0.16529410719503523,0,69210,-0.05,-0.1,0.02,0.03
104957,69,143636,East,Business,0.45108080554348184,0,427085,-0.05,-0.12,0.15,0.18
104958,29,41898,West,SelfEmp,0.6956615698675492,0,469959,0.55,0.35,0.22,0.3
104959,54,110339,North,Salaried,0.4079563096455595,0,92466,-0.05,-0.1,0.02,0.03
104960,45,98762,North,Business,0.3266699327594734,0,54571,-0.05,-0.1,0.02,0.03
104961,41,61466,South,Salaried,0.6115862160674643,0,277221,0.3,0.25,0.18,0.08
104962,21,36208,West,SelfEmp,0.8070372902410279,0,436859,0.55,0.35,0.22,0.3
104963,23,26897,West,SelfEmp,0.7807241199404675,0,459088,0.55,0.35,0.22,0.3
104964,55,85582,North,Business,0.43082729907090855,0,226083,-0.05,-0.1,0.02,0.03
104965,46,89072,North,Business,0.36598270627139096,0,159518,-0.05,-0.1,0.02,0.03
104966,27,38901,West,SelfEmp,0.856266838810939,0,492792,0.55,0.35,0.22,0.3
104967,66,54681,East,Salaried,0.1844364487466789,0,87225,-0.05,-0.1,0.02,0.03
104968,66,105972,East,Business,0.6957175759639165,0,595784,-0.05,-0.12,0.15,0.18
104969,34,127566,North,Salaried,0.41339015299637893,0,74769,-0.05,-0.1,0.02,0.03
104970,57,134355,North,Salaried,0.23892110794635096,0,188687,-0.05,-0.1,0.02,0.03
104971,28,43273,West,SelfEmp,0.8657988854392484,0,370246,0.55,0.35,0.22,0.3
104972,61,132248,East,Business,0.19693552793454502,0,115921,-0.05,-0.1,0.02,0.03
104973,62,138384,North,Business,0.20318017067820282,0,78468,-0.05,-0.1,0.02,0.03
104974,56,143860,East,Business,0.26359127471155813,0,172226,-0.05,-0.1,0.02,0.03
104975,61,132940,East,Salaried,0.26574533274847767,0,91559,-0.05,-0.1,0.02,0.03
104976,33,139220,North,Business,0.2388552519685141,0,66495,-0.05,-0.1,0.02,0.03
104977,51,114457,East,Business,0.6470819595486849,0,414405,-0.05,-0.12,0.15,0.18
104978,65,105779,East,Business,0.5377976692554026,0,539999,-0.05,-0.12,0.15,0.18
104979,69,128588,North,Salaried,0.24137897739653164,0,203199,-0.05,-0.1,0.02,0.03
104980,35,49227,South,Salaried,0.6587802711624171,0,156644,0.3,0.25,0.18,0.08
104981,64,131694,East,Business,0.6947417292388618,0,308078,-0.05,-0.12,0.15,0.18
104982,34,37529,South,Salaried,0.7342200275308316,0,178224,0.3,0.25,0.18,0.08
104983,23,38560,West,SelfEmp,0.7624167886197094,0,265987,0.55,0.35,0.22,0.3
104984,63,99587,East,Business,0.4667480450572075,0,329591,-0.05,-0.12,0.15,0.18
104985,40,82736,East,Salaried,0.23260376706739205,0,204955,-0.05,-0.1,0.02,0.03
104986,35,73627,East,Business,0.11101651146299125,0,189594,-0.05,-0.1,0.02,0.03
104987,68,80135,East,Salaried,0.30670750042132977,0,190085,-0.05,-0.1,0.02,0.03
104988,37,111085,North,Business,0.4236173556127335,1,65703,-0.05,-0.1,0.02,0.03
104989,23,28753,West,SelfEmp,0.8161062127591288,1,301221,0.55,0.35,0.22,0.3
104990,27,40713,West,SelfEmp,0.8667679915520048,0,380594,0.55,0.35,0.22,0.3
104991,67,102301,East,Business,0.5253883385000631,0,361312,-0.05,-0.12,0.15,0.18
104992,28,43118,West,SelfEmp,0.6656560603184598,0,419224,0.55,0.35,0.22,0.3
104993,29,34911,West,SelfEmp,0.8398731457273535,0,266015,0.55,0.35,0.22,0.3
104994,66,135282,North,Business,0.42442152817571344,0,234094,-0.05,-0.1,0.02,0.03
104995,58,102864,North,Business,0.3539359771492473,0,93903,-0.05,-0.1,0.02,0.03
104996,65,122432,East,Business,0.42397668319561677,0,156662,-0.05,-0.1,0.02,0.03
104997,68,140975,East,Business,0.4497567589390359,0,575833,-0.05,-0.12,0.15,0.18
104998,64,119108,East,Business,0.5303504918217871,1,324308,-0.05,-0.12,0.15,0.18
104999,59,85450,East,Salaried,0.3098230121622226,0,239806,-0.05,-0.1,0.02,0.03
