customer_id,age,region,employment_type,industry,vintage,annual_income,bureau_score,dti,utilization,ltv,ead,lgd_actual,pd_score,default_flag
1,60,South,Salaried,Healthcare,2025Q4,101872.0,767.0,10.5,37.71,68.78,28745.0,0.2036,0.14843,0
2,68,West,Salaried,Construction,2025Q3,91719.0,767.0,27.13,20.73,87.17,47074.0,0.3959,0.19846,0
3,65,East,SelfEmployed,Manufacturing,2024Q4,54648.0,705.0,63.35,45.99,79.39,17457.0,0.2695,0.66848,1
4,49,East,Salaried,Transport,2025Q1,86972.0,725.0,42.04,49.85,94.47,30566.0,0.3378,0.55548,0
5,56,North,SelfEmployed,Retail,2025Q2,88873.0,705.0,47.95,48.05,44.33,195048.0,0.1625,0.4421,0
6,22,North,Salaried,Retail,2025Q3,77952.0,707.0,65.34,77.75,47.16,198687.0,0.2685,0.74106,0
7,61,North,SelfEmployed,Retail,2024Q4,102283.0,669.0,40.77,55.82,44.64,30610.0,0.3376,0.50886,0
8,38,West,SelfEmployed,Transport,2025Q4,70982.0,725.0,60.3,84.96,69.62,57700.0,0.3973,0.78129,1
9,69,East,Salaried,IT,2025Q4,73209.0,733.0,29.43,51.28,54.68,100793.0,0.44,0.31457,0
10,28,East,Salaried,Transport,2025Q2,63341.0,764.0,68.63,25.22,77.6,77368.0,0.5409,0.46005,0
11,35,North,Salaried,IT,2025Q2,68719.0,732.0,14.73,16.65,47.3,48867.0,0.3357,0.10112,0
12,61,West,SelfEmployed,Retail,2025Q3,76250.0,758.0,53.49,83.15,45.68,24589.0,0.2936,0.59892,0
13,37,West,Salaried,Healthcare,2025Q2,75347.0,669.0,49.63,10.06,65.31,135120.0,0.3919,0.36994,0
14,43,North,Salaried,Healthcare,2024Q4,74224.0,788.0,21.5,15.58,60.67,51252.0,0.3866,0.09436,0
15,22,North,Salaried,IT,2024Q4,103102.0,697.0,33.33,10.73,85.6,23114.0,0.2161,0.28462,0
16,26,North,Salaried,Retail,2024Q4,117567.0,597.0,28.77,43.14,86.07,70853.0,0.204,0.63505,0
17,49,South,Salaried,Transport,2025Q3,47954.0,689.0,15.67,52.94,46.46,57498.0,0.6251,0.28531,0
18,47,South,Salaried,Healthcare,2025Q3,116987.0,742.0,45.09,6.79,84.68,51224.0,0.3828,0.26091,0
19,57,South,Salaried,IT,2025Q2,96862.0,715.0,69.62,51.4,71.03,79905.0,0.4456,0.69486,0
20,69,South,SelfEmployed,Transport,2025Q3,57673.0,603.0,43.58,40.44,67.7,63007.0,0.418,0.64752,0
21,54,East,Salaried,Retail,2024Q4,71753.0,722.0,42.72,74.63,45.21,160317.0,0.407,0.5376,0
22,38,North,Salaried,Construction,2025Q1,87100.0,717.0,12.42,79.7,80.68,38590.0,0.5022,0.48485,0
23,62,South,Business,Retail,2024Q4,38625.0,657.0,18.35,66.65,43.28,42635.0,0.6184,0.42884,0
24,30,South,SelfEmployed,Retail,2025Q1,77831.0,741.0,40.79,47.61,55.27,125504.0,0.417,0.35775,0
25,58,South,Business,Transport,2025Q2,93139.0,703.0,69.11,24.45,45.25,419463.0,0.3645,0.46065,0
26,64,West,Salaried,Transport,2025Q4,61391.0,603.0,62.6,81.24,69.19,375946.0,0.4721,0.9025,0
27,37,North,Salaried,Manufacturing,2025Q3,43004.0,748.0,30.41,35.75,75.49,122067.0,0.323,0.27941,1
28,33,South,Salaried,Manufacturing,2025Q3,84966.0,720.0,42.58,37.07,89.0,57217.0,0.2056,0.47056,0
29,68,East,SelfEmployed,Transport,2024Q4,135206.0,793.0,43.16,87.44,80.36,50321.0,0.4284,0.60835,0
30,62,North,Salaried,Transport,2024Q4,62169.0,662.0,51.12,92.8,92.86,55773.0,0.2413,0.88567,0
31,47,East,Salaried,Construction,2025Q1,62824.0,697.0,51.27,85.83,81.85,21615.0,0.2556,0.80754,0
32,22,North,Salaried,Construction,2025Q3,74988.0,769.0,57.39,94.84,56.39,117955.0,0.1981,0.70879,0
33,54,North,Salaried,Retail,2025Q2,119243.0,660.0,11.5,83.2,70.12,184415.0,0.05,0.57435,0
34,51,West,Salaried,Healthcare,2024Q4,38690.0,767.0,66.62,68.39,65.19,66534.0,0.1916,0.65762,0
35,43,West,Salaried,Construction,2025Q3,99246.0,768.0,14.2,31.44,71.13,316486.0,0.3629,0.14606,0
36,27,West,Salaried,Retail,2025Q4,68227.0,727.0,38.57,90.77,71.46,492995.0,0.494,0.68571,0
37,58,South,Salaried,IT,2025Q1,70382.0,701.0,65.17,83.9,78.62,135884.0,0.2859,0.84871,0
38,53,North,Business,Manufacturing,2024Q4,54746.0,674.0,39.26,26.67,44.57,45741.0,0.2668,0.31385,0
39,32,East,SelfEmployed,Healthcare,2024Q4,73776.0,670.0,13.82,49.02,81.07,40105.0,0.3424,0.39975,0
40,65,South,Business,Retail,2025Q2,55468.0,727.0,23.75,11.31,47.91,125725.0,0.3414,0.1189,0
41,32,North,SelfEmployed,Transport,2024Q4,66442.0,552.0,44.72,90.8,41.44,152862.0,0.3433,0.87205,0
42,39,South,Salaried,IT,2025Q3,20000.0,679.0,15.27,56.55,68.54,46176.0,0.4774,0.39295,0
43,29,North,Salaried,Manufacturing,2025Q3,36652.0,672.0,35.42,27.07,71.98,32478.0,0.313,0.38813,0
44,30,West,Salaried,IT,2025Q3,88418.0,656.0,29.75,31.32,41.92,22082.0,0.2913,0.30127,0
45,37,South,Salaried,Retail,2025Q4,111556.0,720.0,58.91,93.26,68.35,35223.0,0.3516,0.81189,1
46,60,East,Salaried,Construction,2025Q4,160746.0,629.0,16.61,60.41,69.4,54571.0,0.4282,0.52899,1
47,59,South,Salaried,Manufacturing,2024Q4,103114.0,776.0,50.97,42.86,42.89,156895.0,0.6936,0.29622,0
48,61,South,Salaried,IT,2025Q4,67133.0,760.0,34.4,49.99,79.14,48976.0,0.5595,0.3744,0
49,30,South,Salaried,Construction,2025Q4,30409.0,785.0,45.27,13.87,51.57,8542.0,0.3796,0.15446,0
50,32,North,Salaried,Healthcare,2025Q2,93494.0,681.0,22.33,11.75,83.7,46228.0,0.2885,0.24438,0
51,35,West,Salaried,Retail,2025Q4,43687.0,721.0,46.58,58.34,57.1,57919.0,0.3397,0.51026,0
52,51,West,SelfEmployed,Retail,2025Q1,59821.0,755.0,50.44,51.08,66.28,57037.0,0.2694,0.46064,0
53,35,West,Salaried,Manufacturing,2025Q1,102151.0,703.0,14.21,37.32,89.05,11987.0,0.376,0.30425,0
54,48,West,Salaried,IT,2025Q1,87355.0,679.0,59.46,55.95,84.34,57595.0,0.3887,0.75343,0
55,24,East,Salaried,Healthcare,2024Q4,56773.0,717.0,61.68,11.54,83.0,184246.0,0.4233,0.43811,0
56,56,West,Salaried,Transport,2025Q3,37340.0,699.0,13.81,89.96,48.82,52770.0,0.114,0.4765,0
57,21,North,Salaried,Manufacturing,2025Q2,85306.0,651.0,46.19,31.43,42.65,45599.0,0.245,0.42615,0
58,64,North,Salaried,Transport,2024Q4,88392.0,579.0,45.64,11.46,73.32,42595.0,0.5243,0.55548,0
59,54,North,Salaried,Manufacturing,2025Q3,117597.0,659.0,10.75,20.26,62.59,81410.0,0.2178,0.19687,0
60,67,South,Salaried,IT,2025Q2,20000.0,580.0,30.54,13.59,90.0,25177.0,0.2579,0.51606,0
61,37,South,Business,Healthcare,2025Q2,82955.0,662.0,68.14,21.07,59.23,33076.0,0.3111,0.56516,0
62,59,South,Business,IT,2025Q2,102919.0,788.0,43.33,42.51,62.58,160406.0,0.5206,0.2884,0
63,58,West,Salaried,Retail,2025Q1,69494.0,608.0,65.99,71.42,68.93,116979.0,0.4296,0.88419,0
64,64,South,Salaried,Transport,2025Q1,40084.0,735.0,50.54,29.51,83.8,50026.0,0.3166,0.43376,0
65,53,South,SelfEmployed,Construction,2025Q1,56880.0,777.0,11.7,44.23,54.76,102789.0,0.2947,0.13709,0
66,41,South,Salaried,Retail,2025Q2,80935.0,624.0,14.66,88.59,91.8,38416.0,0.2681,0.75833,0
67,46,North,Salaried,Retail,2025Q2,67825.0,809.0,53.33,31.62,69.7,38083.0,0.1993,0.28221,0
68,66,West,Salaried,Transport,2025Q1,87597.0,706.0,43.27,76.52,86.25,37545.0,0.2526,0.72288,0
69,56,North,Business,Manufacturing,2025Q2,111984.0,785.0,17.63,19.2,68.91,24371.0,0.5613,0.10574,0
70,25,West,Salaried,Retail,2025Q1,70017.0,725.0,46.84,21.05,82.46,68439.0,0.5287,0.37034,0
71,53,West,Salaried,Healthcare,2025Q1,110493.0,685.0,58.62,46.05,42.83,294524.0,0.3088,0.54363,0
72,21,North,SelfEmployed,Retail,2025Q1,77109.0,550.0,55.18,26.07,83.96,18064.0,0.2907,0.78001,0
73,26,North,Salaried,Healthcare,2025Q3,88473.0,649.0,24.77,86.27,68.82,238042.0,0.4869,0.69903,0
74,57,West,Salaried,IT,2025Q2,77072.0,747.0,25.49,9.57,64.72,10932.0,0.2775,0.12961,0
75,22,East,Business,Manufacturing,2024Q4,89121.0,795.0,68.07,58.75,46.14,103711.0,0.43,0.48666,0
76,25,East,Salaried,Healthcare,2025Q1,93469.0,633.0,63.24,59.38,80.79,19930.0,0.2172,0.8364,0
77,46,West,Salaried,Retail,2024Q4,96045.0,707.0,29.1,10.94,47.21,104592.0,0.3703,0.1546,0
78,61,North,Salaried,Manufacturing,2025Q3,80081.0,685.0,59.44,70.93,50.58,41397.0,0.2934,0.71737,1
79,67,South,Salaried,Manufacturing,2025Q2,20000.0,733.0,19.7,47.2,46.95,120898.0,0.4051,0.21613,0
80,33,North,Salaried,Healthcare,2025Q1,94888.0,715.0,21.81,70.08,40.36,41634.0,0.5049,0.35269,0
81,32,West,Salaried,Healthcare,2025Q1,30743.0,690.0,20.87,79.42,76.41,103289.0,0.2774,0.58452,0
82,25,East,Salaried,Construction,2025Q1,64828.0,745.0,15.26,34.06,54.9,62850.0,0.2221,0.1508,0
83,22,South,SelfEmployed,Construction,2024Q4,20219.0,672.0,61.28,48.6,48.22,170363.0,0.3142,0.62272,0
84,24,North,Salaried,Manufacturing,2025Q3,122464.0,711.0,44.73,28.47,57.6,63834.0,0.5105,0.33908,0
85,47,South,Salaried,Transport,2025Q2,90433.0,752.0,25.54,23.14,67.45,84520.0,0.3659,0.17328,0
86,30,South,Salaried,Transport,2025Q3,71855.0,670.0,60.92,5.05,67.69,76028.0,0.341,0.42772,0
87,33,East,SelfEmployed,Construction,2025Q1,115473.0,690.0,58.16,91.73,60.2,134740.0,0.4885,0.82036,0
88,64,East,Salaried,Retail,2025Q3,93301.0,679.0,16.06,44.68,67.22,140282.0,0.4122,0.32578,0
89,22,West,Salaried,IT,2024Q4,83115.0,735.0,48.65,6.18,63.5,74991.0,0.6285,0.22925,0
90,46,South,Salaried,Manufacturing,2025Q4,89879.0,729.0,53.31,5.8,85.25,21686.0,0.2191,0.32945,0
91,35,North,Salaried,IT,2025Q4,70448.0,682.0,52.95,30.95,41.63,36847.0,0.3489,0.40968,0
92,66,East,Salaried,Construction,2025Q2,49008.0,729.0,53.39,6.25,87.74,126303.0,0.1841,0.34167,0
93,30,West,SelfEmployed,Healthcare,2025Q2,104022.0,555.0,20.17,38.71,53.42,24661.0,0.2191,0.5078,0
94,42,East,Salaried,Manufacturing,2025Q3,78226.0,756.0,28.91,10.66,79.7,43554.0,0.5076,0.16544,0
95,60,West,Salaried,Construction,2025Q2,36022.0,759.0,60.65,8.53,62.28,47569.0,0.2417,0.26755,0
96,45,South,Salaried,Retail,2024Q4,92684.0,682.0,63.9,65.24,56.19,61902.0,0.5379,0.73766,1
97,35,South,SelfEmployed,Manufacturing,2025Q1,81021.0,671.0,26.75,86.62,73.84,56014.0,0.217,0.69124,0
98,33,South,Salaried,Manufacturing,2025Q1,122495.0,707.0,11.38,41.84,82.29,74786.0,0.3389,0.28236,0
99,28,North,Salaried,Transport,2025Q3,86713.0,660.0,61.59,80.31,64.75,34467.0,0.2067,0.83848,0
100,41,North,Salaried,Healthcare,2025Q1,50474.0,668.0,32.63,7.63,65.66,39625.0,0.4286,0.25097,0
101,41,North,Salaried,Manufacturing,2025Q3,35246.0,727.0,29.77,74.99,43.24,252530.0,0.3745,0.42579,0
102,42,East,Salaried,Healthcare,2025Q2,111607.0,754.0,30.82,10.65,90.82,194370.0,0.5009,0.20056,0
103,66,South,Salaried,Construction,2025Q2,78409.0,727.0,34.94,80.46,86.58,104313.0,0.4513,0.65443,0
104,53,South,Salaried,Retail,2024Q4,58355.0,850.0,32.7,84.41,61.89,112022.0,0.3648,0.33616,0
105,65,West,Salaried,Retail,2025Q1,62008.0,779.0,43.99,75.74,82.07,87462.0,0.3638,0.57804,1
106,47,North,Salaried,Manufacturing,2024Q4,112459.0,750.0,14.74,78.87,57.23,69588.0,0.1982,0.34721,0
107,60,South,Salaried,Manufacturing,2025Q4,91795.0,748.0,68.29,55.53,80.17,39281.0,0.3958,0.67963,0
108,42,West,Salaried,Construction,2024Q4,107429.0,715.0,66.19,28.84,68.42,199073.0,0.3384,0.52864,0
109,50,North,SelfEmployed,Transport,2025Q3,86130.0,738.0,66.06,62.89,65.34,266875.0,0.4291,0.67531,0
110,29,North,Business,Transport,2025Q3,59084.0,721.0,62.76,44.56,43.11,48977.0,0.4399,0.49409,0
111,65,South,Business,Transport,2024Q4,124664.0,768.0,49.62,5.48,93.1,155492.0,0.2729,0.26497,0
112,55,North,SelfEmployed,Healthcare,2025Q2,70224.0,695.0,23.27,47.91,86.06,53058.0,0.2632,0.43279,0
113,38,West,Salaried,Transport,2025Q4,100110.0,692.0,12.97,63.61,83.64,41216.0,0.3592,0.4502,0
114,62,West,SelfEmployed,Retail,2024Q4,107105.0,775.0,15.96,6.25,56.77,52667.0,0.3186,0.06838,0
115,25,East,Salaried,Healthcare,2025Q2,80157.0,685.0,29.44,60.92,55.93,54877.0,0.1748,0.46694,0
116,47,West,Salaried,Construction,2024Q4,52169.0,658.0,40.23,63.73,71.53,108511.0,0.2296,0.67014,0
117,26,West,Salaried,Retail,2025Q1,63046.0,669.0,69.6,19.23,86.54,52115.0,0.479,0.64929,0
118,52,North,Salaried,Retail,2025Q3,96930.0,751.0,36.13,43.8,91.4,129448.0,0.4038,0.41105,1
119,28,West,SelfEmployed,IT,2025Q1,93346.0,850.0,41.48,91.79,54.79,42668.0,0.3468,0.41605,0
120,59,South,Salaried,Construction,2025Q1,112517.0,661.0,51.71,84.58,73.41,68235.0,0.5,0.82884,0
121,41,West,Salaried,Construction,2025Q4,108482.0,745.0,20.84,41.97,79.81,32196.0,0.3426,0.27052,0
122,38,West,Business,IT,2025Q2,56176.0,718.0,65.97,36.49,52.45,28556.0,0.4348,0.50759,0
123,34,South,Salaried,Healthcare,2025Q3,116091.0,772.0,41.74,16.17,62.41,91962.0,0.3456,0.18485,0
124,35,North,Salaried,Transport,2025Q1,54346.0,745.0,26.58,8.17,50.31,76724.0,0.3573,0.10872,0
125,62,North,Business,Transport,2025Q3,94870.0,775.0,66.11,31.77,78.44,51528.0,0.727,0.46267,0
126,46,South,Salaried,Transport,2025Q2,140537.0,726.0,47.53,89.63,87.51,37170.0,0.2667,0.78083,0
127,64,West,Salaried,Transport,2024Q4,87812.0,664.0,39.02,91.28,88.26,31551.0,0.4161,0.8269,0
128,52,West,Salaried,Transport,2025Q1,35530.0,673.0,44.81,78.13,76.85,91385.0,0.4135,0.76305,1
129,59,North,Salaried,IT,2025Q2,71853.0,722.0,54.9,36.57,59.09,43890.0,0.488,0.44385,0
130,48,South,SelfEmployed,Construction,2025Q3,134371.0,736.0,19.27,17.93,76.36,223391.0,0.3413,0.16606,0
131,59,South,Salaried,Healthcare,2025Q2,74823.0,689.0,61.89,58.6,87.53,80821.0,0.5901,0.77272,0
132,63,North,Salaried,Retail,2024Q4,113175.0,821.0,67.57,63.19,74.42,103379.0,0.3067,0.56376,0
133,52,North,Salaried,Transport,2025Q2,56084.0,762.0,44.02,43.21,62.71,191810.0,0.2962,0.3424,0
134,33,South,Salaried,IT,2025Q3,71108.0,595.0,50.94,67.25,90.59,40072.0,0.4512,0.87046,0
135,35,West,Business,Healthcare,2025Q1,74607.0,703.0,61.59,72.2,85.94,97977.0,0.4976,0.80469,0
136,38,South,Salaried,Healthcare,2025Q1,128773.0,653.0,32.49,75.48,88.53,101696.0,0.2003,0.74319,0
137,59,South,Salaried,Healthcare,2025Q4,72352.0,815.0,69.57,50.21,89.68,49837.0,0.2576,0.56676,0
138,26,East,Salaried,IT,2025Q3,32864.0,588.0,50.83,76.25,61.66,24443.0,0.3705,0.85227,1
139,31,South,Salaried,Retail,2025Q4,139550.0,733.0,35.44,7.29,87.28,15821.0,0.4214,0.22979,0
140,52,West,Business,Transport,2025Q4,85687.0,717.0,50.64,66.24,71.37,37952.0,0.5118,0.64826,0
141,60,West,Salaried,Healthcare,2024Q4,96367.0,755.0,41.3,26.21,42.1,156394.0,0.3638,0.19585,0
142,40,South,Salaried,IT,2025Q3,39829.0,728.0,16.7,29.35,74.97,41406.0,0.4885,0.20378,0
143,53,South,Salaried,Construction,2025Q1,86444.0,824.0,57.75,13.22,65.88,140304.0,0.1336,0.19166,0
144,60,South,SelfEmployed,IT,2025Q3,80477.0,760.0,43.86,22.32,55.13,42009.0,0.2059,0.21702,0
145,28,South,Salaried,IT,2024Q4,55844.0,609.0,57.75,94.28,93.37,73932.0,0.3491,0.93813,0
146,55,North,SelfEmployed,IT,2025Q3,96699.0,787.0,19.29,42.39,43.03,103795.0,0.4753,0.12854,0
147,25,East,Salaried,Healthcare,2025Q3,37341.0,721.0,42.3,88.5,92.02,147421.0,0.3113,0.76718,0
148,55,South,SelfEmployed,IT,2025Q4,55667.0,787.0,56.0,19.66,48.76,51899.0,0.3151,0.21488,0
149,67,North,Salaried,Construction,2025Q3,110299.0,693.0,69.3,23.37,60.73,45749.0,0.3958,0.53335,0
150,34,South,Salaried,Healthcare,2025Q4,61854.0,652.0,63.06,55.2,62.95,17927.0,0.3227,0.75094,0
151,41,West,Salaried,Construction,2025Q4,67666.0,641.0,61.86,36.46,80.21,53055.0,0.5184,0.7193,1
152,67,North,Salaried,Manufacturing,2025Q2,82250.0,768.0,24.85,62.95,51.86,732720.0,0.3619,0.27891,0
153,44,North,Business,IT,2024Q4,70701.0,754.0,60.28,42.98,94.24,61533.0,0.6451,0.59043,0
154,37,South,SelfEmployed,Transport,2025Q4,97272.0,677.0,20.16,78.04,81.2,26501.0,0.3682,0.61164,0
155,38,West,Salaried,Transport,2025Q3,84399.0,563.0,21.89,43.84,83.45,64476.0,0.3045,0.64546,1
156,54,North,Salaried,Healthcare,2025Q4,42334.0,770.0,16.61,56.51,45.85,120357.0,0.3607,0.1877,0
157,32,East,Salaried,Transport,2025Q4,61628.0,598.0,61.46,33.9,66.2,47134.0,0.4813,0.73117,0
158,36,West,SelfEmployed,Healthcare,2025Q4,58924.0,830.0,16.5,68.36,92.01,33488.0,0.3303,0.27839,0
159,24,North,Salaried,IT,2025Q1,68415.0,631.0,18.29,63.93,54.85,424558.0,0.05,0.50638,0
160,45,East,Salaried,Retail,2025Q1,82799.0,711.0,24.75,40.73,48.0,94881.0,0.2931,0.24873,0
161,54,South,Salaried,Retail,2025Q1,87657.0,723.0,44.36,29.84,66.7,213660.0,0.0719,0.35345,0
162,48,East,Salaried,Construction,2025Q1,20802.0,730.0,62.81,60.27,91.17,55259.0,0.4119,0.7346,0
163,66,East,Salaried,IT,2025Q2,105626.0,728.0,35.09,89.88,66.77,253059.0,0.2155,0.6408,0
164,31,South,Salaried,Transport,2025Q4,77728.0,717.0,42.78,16.94,62.27,138026.0,0.3557,0.2696,0
165,33,North,Salaried,IT,2025Q2,51990.0,686.0,19.99,76.92,75.76,104592.0,0.1734,0.56713,0
166,51,West,Business,Manufacturing,2025Q3,103808.0,698.0,25.96,53.87,91.53,30942.0,0.3398,0.50417,0
167,45,South,Salaried,Retail,2024Q4,27360.0,674.0,18.04,52.3,42.7,43695.0,0.3704,0.30914,1
168,59,North,Salaried,Transport,2025Q2,40607.0,716.0,34.6,91.55,48.44,100212.0,0.2907,0.60401,0
169,30,North,Salaried,Retail,2025Q1,133229.0,614.0,45.42,59.53,47.3,57349.0,0.3446,0.67963,0
170,44,East,SelfEmployed,IT,2025Q1,83658.0,727.0,27.04,79.75,44.69,94919.0,0.148,0.43942,0
171,21,East,Salaried,Transport,2025Q3,61569.0,705.0,60.76,51.3,56.62,52379.0,0.3554,0.60301,0
172,45,North,Salaried,Construction,2025Q4,82712.0,756.0,68.87,27.49,52.61,98228.0,0.2734,0.39948,0
173,48,South,Salaried,IT,2024Q4,75461.0,693.0,17.21,67.5,70.18,46227.0,0.3606,0.45268,0
174,56,North,Salaried,Construction,2025Q2,80894.0,743.0,11.07,88.09,58.0,100226.0,0.3356,0.39158,0
175,38,East,Salaried,Transport,2025Q4,92228.0,740.0,57.39,80.71,62.29,36100.0,0.3213,0.70073,0
176,26,North,SelfEmployed,Retail,2025Q4,75049.0,702.0,21.44,22.85,91.8,57529.0,0.2963,0.28347,0
177,22,East,SelfEmployed,Manufacturing,2025Q2,88867.0,729.0,31.19,33.52,48.56,62912.0,0.3828,0.22562,0
178,23,South,Salaried,Healthcare,2025Q2,76049.0,636.0,33.65,51.52,61.37,38899.0,0.5501,0.55696,0
179,66,West,Salaried,Retail,2025Q2,59478.0,784.0,65.0,56.44,54.14,46667.0,0.334,0.5007,0
180,28,North,Business,Construction,2025Q2,52348.0,680.0,49.53,22.44,70.2,88969.0,0.4149,0.44031,0
181,51,South,Salaried,IT,2025Q1,112977.0,700.0,12.44,25.7,80.5,120029.0,0.5378,0.21782,0
182,68,North,SelfEmployed,Transport,2025Q4,96185.0,652.0,10.89,73.29,84.93,87160.0,0.3983,0.57842,0
183,39,West,Salaried,Retail,2025Q4,105927.0,668.0,21.97,70.73,68.34,104269.0,0.4405,0.55245,0
184,26,West,Business,Manufacturing,2025Q1,80094.0,800.0,29.09,80.53,87.02,77658.0,0.2471,0.47205,0
185,34,South,SelfEmployed,Transport,2025Q4,85642.0,718.0,39.07,88.96,83.18,44962.0,0.3934,0.7317,0
186,23,East,Business,Construction,2025Q2,75541.0,694.0,60.27,32.74,48.64,21833.0,0.3923,0.47672,0
187,68,West,Salaried,Transport,2024Q4,108937.0,693.0,28.89,82.36,53.5,50479.0,0.5632,0.56986,0
188,21,East,Salaried,Transport,2025Q4,71379.0,710.0,32.59,64.94,76.94,67162.0,0.2003,0.54354,0
189,64,South,Business,IT,2024Q4,55399.0,750.0,29.76,91.2,93.61,47124.0,0.6108,0.66354,0
190,50,North,Salaried,Healthcare,2024Q4,93032.0,721.0,10.54,29.49,60.69,216859.0,0.488,0.15425,0
191,66,North,Salaried,Construction,2025Q1,76197.0,722.0,67.31,29.27,52.64,88741.0,0.4659,0.46656,0
192,39,West,SelfEmployed,IT,2025Q3,86248.0,659.0,18.34,68.39,87.8,68592.0,0.2122,0.59943,1
193,39,West,SelfEmployed,Healthcare,2025Q4,97778.0,694.0,27.26,88.56,50.98,107253.0,0.2414,0.58557,0
194,29,East,Business,IT,2025Q1,65522.0,719.0,17.76,79.21,78.36,301257.0,0.425,0.50987,0
195,27,South,Salaried,Healthcare,2025Q1,74527.0,708.0,39.43,70.43,41.88,60049.0,0.1003,0.50145,0
196,66,South,SelfEmployed,Healthcare,2024Q4,72240.0,687.0,65.93,39.86,41.04,37236.0,0.1693,0.5481,0
197,57,East,SelfEmployed,Healthcare,2025Q4,112170.0,682.0,16.04,69.6,64.84,91610.0,0.4455,0.45936,0
198,61,West,Salaried,IT,2025Q1,80358.0,734.0,36.45,77.1,76.11,32712.0,0.4928,0.59654,0
199,27,West,Salaried,Transport,2025Q2,83909.0,735.0,11.34,72.8,47.83,37521.0,0.6071,0.28806,0
200,29,West,Salaried,Healthcare,2025Q1,51089.0,764.0,56.25,65.91,82.01,198155.0,0.3099,0.63421,0
201,24,East,Salaried,Transport,2025Q2,98270.0,721.0,48.47,9.24,47.08,181147.0,0.246,0.21846,0
202,45,North,Business,Construction,2025Q3,90703.0,596.0,51.98,64.37,69.35,115286.0,0.2579,0.82385,0
203,69,North,Salaried,Manufacturing,2025Q2,59119.0,840.0,38.34,48.05,56.96,96077.0,0.4042,0.19593,0
204,32,West,SelfEmployed,Transport,2025Q2,128075.0,710.0,64.46,91.54,81.37,31110.0,0.3259,0.86608,1
205,26,East,Business,Manufacturing,2024Q4,88430.0,687.0,34.57,59.65,84.23,41521.0,0.1874,0.59681,0
206,38,North,Salaried,Healthcare,2025Q1,64410.0,707.0,40.85,59.74,43.64,184632.0,0.413,0.45487,0
207,60,North,SelfEmployed,Manufacturing,2025Q3,79929.0,688.0,51.72,94.46,50.59,51285.0,0.2269,0.78011,0
208,41,East,Salaried,Manufacturing,2025Q1,70786.0,665.0,41.23,13.42,89.1,41775.0,0.4394,0.42293,0
209,35,North,SelfEmployed,Healthcare,2025Q2,118597.0,744.0,21.36,29.87,62.86,64026.0,0.4347,0.17946,0
210,23,North,Salaried,Transport,2025Q2,103330.0,702.0,29.02,64.05,66.22,109527.0,0.3144,0.48765,1
211,22,South,Business,Healthcare,2025Q1,91351.0,705.0,15.54,33.37,49.24,63244.0,0.3843,0.18218,0
212,61,East,Salaried,Construction,2025Q3,122921.0,572.0,35.96,36.15,94.72,64564.0,0.315,0.71597,1
213,60,East,Salaried,Retail,2025Q3,54044.0,698.0,46.56,85.34,90.77,15920.0,0.3415,0.80401,0
214,24,North,SelfEmployed,IT,2024Q4,99397.0,651.0,17.11,57.14,40.11,69594.0,0.1963,0.36292,0
215,52,East,Salaried,Healthcare,2025Q2,93681.0,681.0,47.84,14.26,70.29,147000.0,0.05,0.37654,0
216,22,North,Salaried,Healthcare,2025Q2,74239.0,723.0,63.57,32.98,87.97,69702.0,0.3349,0.5908,0
217,66,South,Salaried,Manufacturing,2024Q4,74350.0,676.0,30.26,11.85,63.68,311438.0,0.2307,0.24034,0
218,49,East,SelfEmployed,Construction,2025Q1,103079.0,684.0,23.32,55.05,64.02,44107.0,0.2474,0.41716,0
219,22,East,Salaried,Manufacturing,2025Q2,101247.0,715.0,63.58,20.59,60.86,51914.0,0.2402,0.42867,0
220,54,West,Salaried,Transport,2025Q1,44443.0,682.0,51.52,82.14,41.59,45736.0,0.4641,0.70384,0
221,47,East,Salaried,Healthcare,2025Q3,125411.0,652.0,16.32,56.96,83.47,44850.0,0.4791,0.51249,0
222,59,East,Salaried,Healthcare,2025Q4,108569.0,615.0,34.49,10.34,65.12,106494.0,0.3909,0.36529,0
223,64,North,Salaried,Manufacturing,2024Q4,72962.0,729.0,50.45,32.08,69.21,60329.0,0.3108,0.40742,0
224,58,South,Salaried,Healthcare,2025Q2,60219.0,682.0,44.46,60.47,54.06,285227.0,0.3897,0.57538,0
225,38,South,Salaried,Transport,2024Q4,107761.0,618.0,47.11,35.19,83.13,86944.0,0.4818,0.66663,0
226,56,North,Salaried,Retail,2025Q3,92410.0,779.0,44.03,51.19,83.66,39720.0,0.5494,0.43223,0
227,39,West,Salaried,IT,2025Q3,97910.0,729.0,57.88,86.84,70.41,36504.0,0.2593,0.77469,0
228,47,South,SelfEmployed,IT,2025Q3,94271.0,645.0,29.23,36.5,89.75,234846.0,0.1678,0.51958,0
229,65,West,Salaried,IT,2025Q3,110364.0,671.0,52.51,35.23,46.37,85349.0,0.3872,0.47043,0
230,40,East,Salaried,Retail,2025Q4,101398.0,768.0,69.46,78.78,83.26,182347.0,0.1346,0.77936,0
231,41,West,Salaried,Healthcare,2025Q1,66653.0,700.0,33.4,33.69,70.72,76777.0,0.3832,0.35484,0
232,43,South,Salaried,Manufacturing,2025Q1,65189.0,687.0,57.46,12.02,52.71,73948.0,0.3767,0.35869,0
233,50,East,SelfEmployed,Construction,2025Q4,88899.0,751.0,24.77,21.29,47.28,186810.0,0.334,0.12719,0
234,45,South,Salaried,Healthcare,2025Q1,137244.0,701.0,26.91,90.39,56.56,94936.0,0.5648,0.60094,0
235,51,North,Salaried,Retail,2025Q3,76255.0,778.0,66.09,89.0,87.1,94207.0,0.3593,0.80108,0
236,47,East,Salaried,Transport,2025Q1,89078.0,687.0,11.56,25.23,83.32,55067.0,0.4163,0.23665,0
237,54,South,Salaried,Retail,2024Q4,102365.0,679.0,23.05,54.82,75.48,134591.0,0.4888,0.46629,0
238,28,North,Salaried,IT,2025Q1,69520.0,711.0,38.98,17.36,44.97,69426.0,0.3417,0.21258,0
239,39,East,Salaried,Healthcare,2024Q4,99937.0,763.0,34.11,65.72,92.52,49585.0,0.3027,0.5124,0
240,61,North,Salaried,IT,2025Q2,80349.0,724.0,47.75,21.68,56.8,329965.0,0.3064,0.29664,0
241,46,West,Business,Construction,2024Q4,111247.0,716.0,21.56,9.48,73.38,59295.0,0.4006,0.16235,0
242,48,West,Salaried,Transport,2024Q4,56385.0,666.0,14.23,79.24,84.17,42056.0,0.3886,0.60964,0
243,24,West,Salaried,IT,2025Q3,137847.0,658.0,32.16,34.29,47.31,162138.0,0.5554,0.34784,0
244,51,South,Business,Construction,2025Q3,72188.0,763.0,41.46,14.77,75.87,117607.0,0.2738,0.22203,0
245,36,North,SelfEmployed,Retail,2025Q3,93037.0,769.0,43.72,80.05,41.78,45981.0,0.3218,0.47212,0
246,30,West,Salaried,IT,2024Q4,80122.0,767.0,46.09,73.62,45.6,69203.0,0.4645,0.46756,1
247,58,South,SelfEmployed,IT,2025Q4,53034.0,754.0,42.92,66.54,79.77,116803.0,0.4288,0.55468,0
248,68,West,SelfEmployed,Manufacturing,2025Q3,100831.0,735.0,24.75,87.01,48.53,84788.0,0.3432,0.46733,0
249,30,West,Salaried,Transport,2025Q3,73392.0,734.0,55.87,49.03,64.39,126778.0,0.3266,0.52451,0
250,65,West,Salaried,Transport,2024Q4,93143.0,717.0,15.27,16.53,53.66,72794.0,0.2898,0.12317,0
251,29,South,Salaried,Retail,2025Q2,59872.0,741.0,21.9,10.52,63.17,129658.0,0.2415,0.1235,0
252,59,South,Business,Manufacturing,2025Q2,73505.0,708.0,54.36,33.66,44.25,58909.0,0.347,0.39518,0
253,56,West,Salaried,Construction,2025Q1,72639.0,741.0,26.78,12.81,81.52,46529.0,0.4201,0.18552,0
254,56,South,Salaried,Construction,2025Q2,93765.0,760.0,39.61,53.2,44.35,152833.0,0.3944,0.30995,0
255,39,North,SelfEmployed,Retail,2025Q3,87696.0,641.0,29.63,6.3,86.09,89658.0,0.3401,0.33432,0
256,39,East,Salaried,Transport,2025Q4,75585.0,770.0,40.42,44.94,76.44,118288.0,0.3882,0.359,0
257,32,West,Salaried,Construction,2025Q1,70751.0,707.0,30.8,21.06,62.91,172307.0,0.2356,0.2386,0
258,33,East,Salaried,Retail,2025Q4,87873.0,790.0,69.65,38.14,87.66,48982.0,0.418,0.53405,0
259,45,East,Salaried,Construction,2025Q4,84943.0,780.0,31.45,65.75,50.24,106156.0,0.1782,0.31042,0
260,56,North,SelfEmployed,Healthcare,2025Q3,83223.0,653.0,47.62,36.59,54.55,371014.0,0.3806,0.50879,1
261,45,East,Salaried,IT,2024Q4,129234.0,710.0,63.3,35.72,47.54,65376.0,0.421,0.48123,0
262,48,West,SelfEmployed,Transport,2024Q4,93798.0,607.0,48.28,94.17,60.99,31430.0,0.3626,0.87634,0
263,62,North,Salaried,Healthcare,2024Q4,128101.0,689.0,43.95,69.69,94.27,130018.0,0.3508,0.74361,0
264,59,South,Salaried,Retail,2025Q2,78262.0,730.0,44.15,51.25,48.86,22803.0,0.2229,0.40182,0
265,50,West,Business,Retail,2024Q4,78790.0,757.0,39.79,57.14,85.7,33916.0,0.3447,0.48878,0
266,25,East,Salaried,Healthcare,2025Q3,67364.0,714.0,58.45,60.82,75.85,73449.0,0.5879,0.69027,1
267,37,East,Salaried,IT,2025Q2,87548.0,734.0,13.03,7.21,40.87,71673.0,0.3419,0.06974,0
268,38,East,Salaried,IT,2024Q4,71858.0,671.0,63.11,12.22,91.97,83429.0,0.3168,0.57626,1
269,63,South,SelfEmployed,Manufacturing,2025Q4,68296.0,709.0,45.18,63.43,93.41,342771.0,0.1561,0.68363,0
270,67,South,Salaried,Construction,2025Q3,32492.0,678.0,60.93,37.8,90.87,77593.0,0.3938,0.69333,0
271,41,West,Salaried,Manufacturing,2025Q3,116646.0,726.0,10.62,9.99,67.6,48817.0,0.4025,0.10698,0
272,42,West,Salaried,IT,2025Q1,70418.0,786.0,62.16,31.78,52.12,46686.0,0.2929,0.3207,0
273,59,West,Salaried,Healthcare,2025Q3,116874.0,707.0,17.21,16.73,61.52,53142.0,0.3206,0.15476,0
274,26,West,SelfEmployed,Construction,2025Q4,77594.0,635.0,53.27,87.47,73.78,31270.0,0.1905,0.87157,0
275,36,South,Salaried,Healthcare,2025Q3,96115.0,721.0,34.99,23.26,60.84,108233.0,0.3648,0.24555,0
276,22,South,Salaried,Manufacturing,2025Q1,81857.0,749.0,50.86,17.93,78.95,90327.0,0.4097,0.32477,0
277,21,West,Salaried,Retail,2025Q3,90368.0,660.0,47.69,61.36,83.76,101391.0,0.0791,0.73979,0
278,50,East,Salaried,Healthcare,2025Q3,54774.0,778.0,19.8,51.97,51.52,128089.0,0.3456,0.18843,0
279,63,East,Business,Manufacturing,2025Q1,109559.0,677.0,40.88,56.83,62.27,112813.0,0.5576,0.56553,0
280,57,West,Salaried,Manufacturing,2025Q3,70829.0,668.0,26.63,44.24,92.68,27805.0,0.3681,0.51238,0
281,68,West,Business,Manufacturing,2025Q2,103142.0,612.0,43.63,47.05,53.74,60062.0,0.409,0.62116,0
282,43,South,Salaried,Retail,2025Q3,43483.0,725.0,54.28,75.09,59.05,61819.0,0.477,0.66669,0
283,21,South,Salaried,Retail,2024Q4,61137.0,810.0,14.88,24.79,41.96,191775.0,0.4182,0.06395,0
284,39,North,SelfEmployed,Retail,2024Q4,89295.0,730.0,40.95,40.69,58.28,203939.0,0.3069,0.34942,0
285,66,East,Salaried,Construction,2025Q2,75909.0,670.0,47.06,91.2,60.4,54273.0,0.1557,0.79264,1
286,23,North,SelfEmployed,Retail,2025Q3,91422.0,738.0,27.72,22.1,45.49,36538.0,0.6743,0.1494,0
287,22,South,Business,Retail,2025Q4,85190.0,754.0,67.18,31.44,40.08,81713.0,0.4395,0.37062,0
288,57,South,Salaried,Retail,2025Q3,125699.0,774.0,41.22,22.24,71.65,58507.0,0.4513,0.22734,0
289,37,South,Salaried,Healthcare,2024Q4,93509.0,642.0,20.95,6.84,56.58,68976.0,0.4748,0.19969,0
290,48,East,SelfEmployed,Retail,2025Q1,69183.0,795.0,16.47,29.28,40.98,171257.0,0.4843,0.08147,0
291,38,North,Salaried,Construction,2025Q2,70169.0,722.0,42.5,9.18,87.3,88275.0,0.4455,0.29736,0
292,53,North,Salaried,Manufacturing,2025Q1,110103.0,806.0,32.51,18.92,72.14,52266.0,0.3534,0.13934,0
293,35,West,Salaried,Healthcare,2025Q4,41791.0,719.0,21.55,37.64,49.41,46111.0,0.3116,0.21088,0
294,42,South,Salaried,IT,2025Q3,93980.0,742.0,11.84,6.86,87.59,26763.0,0.4379,0.11993,0
295,61,North,SelfEmployed,Retail,2025Q4,52105.0,658.0,44.0,72.77,53.95,108411.0,0.3674,0.68689,1
296,47,South,Salaried,Manufacturing,2025Q1,107731.0,764.0,45.92,76.6,52.51,89101.0,0.3636,0.51671,0
297,57,West,Salaried,Manufacturing,2025Q3,69194.0,651.0,18.51,42.03,89.2,108494.0,0.4683,0.45955,0
298,52,North,Salaried,Healthcare,2025Q4,93156.0,725.0,46.1,93.62,49.87,72276.0,0.6016,0.68426,0
299,65,East,Salaried,IT,2024Q4,80930.0,686.0,67.12,66.11,88.34,34914.0,0.2371,0.83214,0
300,39,North,Salaried,Transport,2024Q4,45333.0,705.0,68.7,71.93,84.16,76038.0,0.4076,0.82928,0
301,48,North,SelfEmployed,Construction,2025Q2,96008.0,770.0,63.31,22.31,57.04,162372.0,0.2293,0.32192,0
302,48,South,Salaried,Transport,2024Q4,61978.0,690.0,58.42,80.37,41.89,76174.0,0.3734,0.72443,1
303,30,South,SelfEmployed,Manufacturing,2024Q4,100046.0,771.0,22.56,90.05,44.54,230933.0,0.1483,0.38458,0
304,40,East,SelfEmployed,Transport,2025Q1,54950.0,688.0,19.39,26.27,46.02,87254.0,0.2663,0.18659,0
305,45,East,Salaried,Manufacturing,2024Q4,86052.0,717.0,36.7,66.78,88.99,289927.0,0.3525,0.61485,0
306,41,West,Salaried,Transport,2024Q4,80977.0,828.0,47.18,72.22,62.22,306907.0,0.4784,0.40815,0
307,34,South,Salaried,Manufacturing,2025Q1,64935.0,717.0,61.04,32.47,41.79,39014.0,0.1724,0.41002,0
308,42,South,Salaried,Manufacturing,2024Q4,114494.0,706.0,23.92,47.75,70.61,46505.0,0.402,0.35982,0
309,46,West,SelfEmployed,Healthcare,2024Q4,80839.0,718.0,38.78,13.78,51.44,53107.0,0.3457,0.20389,0
310,64,South,SelfEmployed,IT,2025Q2,69459.0,692.0,48.85,20.58,52.93,22124.0,0.5256,0.34055,0
311,31,South,Salaried,Manufacturing,2024Q4,87469.0,655.0,36.74,10.54,48.85,101192.0,0.3015,0.26094,0
312,27,North,Salaried,Construction,2024Q4,43608.0,823.0,37.25,55.41,81.91,99272.0,0.4021,0.31986,0
313,37,North,Business,Construction,2025Q2,141292.0,688.0,23.51,61.27,40.03,83657.0,0.3313,0.3627,0
314,38,West,Business,Retail,2025Q1,52858.0,626.0,69.2,87.45,64.14,31056.0,0.2328,0.91006,0
315,27,West,Salaried,Manufacturing,2024Q4,93795.0,701.0,38.51,53.8,44.78,222336.0,0.2813,0.41589,0
316,40,East,Salaried,Manufacturing,2025Q4,81528.0,730.0,41.96,28.46,70.38,19608.0,0.2592,0.32938,0
317,58,South,Salaried,Manufacturing,2025Q1,109511.0,699.0,23.11,10.35,59.03,28967.0,0.1405,0.16099,0
318,31,North,Business,Transport,2025Q1,84448.0,707.0,40.85,84.65,41.56,135988.0,0.5356,0.60023,0
319,64,North,Salaried,Manufacturing,2024Q4,64043.0,701.0,25.32,48.1,65.35,91230.0,0.307,0.36227,0
320,36,South,Salaried,Manufacturing,2025Q2,33551.0,733.0,22.14,71.36,71.38,47578.0,0.4073,0.43824,0
321,47,South,Salaried,Construction,2025Q1,35497.0,755.0,26.54,6.32,53.62,76000.0,0.2172,0.1014,0
322,31,East,Salaried,IT,2025Q2,74050.0,699.0,10.17,48.93,82.1,80051.0,0.3556,0.32399,0
323,36,East,Salaried,IT,2025Q4,114259.0,850.0,44.21,34.32,60.41,166762.0,0.4108,0.16663,0
324,43,South,Business,Retail,2025Q2,38196.0,767.0,33.25,7.73,81.21,31213.0,0.3604,0.16396,0
325,32,West,Salaried,Construction,2025Q3,126234.0,710.0,63.92,74.81,71.85,89709.0,0.2504,0.78381,0
326,60,East,Salaried,Manufacturing,2025Q2,107173.0,637.0,12.44,51.16,87.81,155615.0,0.4471,0.49239,0
327,23,East,Salaried,IT,2025Q1,46282.0,716.0,12.59,34.99,70.08,36365.0,0.1042,0.20971,0
328,22,East,Salaried,Healthcare,2025Q2,52871.0,755.0,63.15,77.52,50.21,70538.0,0.1608,0.65648,0
329,58,South,Salaried,Healthcare,2025Q2,55389.0,755.0,17.6,45.22,85.24,70174.0,0.3361,0.2681,0
330,68,North,Salaried,Healthcare,2025Q3,87482.0,608.0,10.13,5.31,83.07,23635.0,0.0625,0.25312,0
331,44,South,Salaried,Manufacturing,2025Q3,78595.0,716.0,20.73,90.0,93.48,89726.0,0.2558,0.65554,0
332,49,West,Salaried,Manufacturing,2024Q4,77659.0,684.0,59.43,28.01,45.15,93556.0,0.2934,0.44817,0
333,67,North,Salaried,Retail,2025Q1,67384.0,792.0,58.16,79.75,72.52,208436.0,0.5325,0.64283,1
334,66,North,Salaried,Retail,2024Q4,84455.0,717.0,30.41,78.48,67.04,72047.0,0.2708,0.56104,0
335,54,North,Business,Retail,2025Q3,100928.0,584.0,50.08,19.61,76.9,99353.0,0.2873,0.63907,0
336,40,North,Business,Transport,2025Q2,76795.0,730.0,40.43,47.66,93.91,204954.0,0.1281,0.51778,0
337,38,West,Salaried,Healthcare,2025Q3,63433.0,603.0,64.28,8.62,69.27,46665.0,0.3591,0.61326,0
338,34,East,Salaried,Manufacturing,2025Q4,104803.0,735.0,13.39,36.91,77.72,31997.0,0.3512,0.21619,0
339,38,South,Business,Healthcare,2025Q2,74466.0,850.0,58.79,70.79,59.1,79654.0,0.2189,0.43042,0
340,22,North,Salaried,Retail,2024Q4,93799.0,785.0,20.24,26.34,56.44,63700.0,0.4597,0.1124,1
341,21,South,SelfEmployed,Manufacturing,2025Q2,77503.0,724.0,33.5,15.54,58.44,68627.0,0.4518,0.19407,0
342,40,South,Business,Construction,2025Q4,107126.0,674.0,21.52,50.64,42.12,54388.0,0.2829,0.3216,0
343,54,North,Salaried,IT,2025Q3,110831.0,780.0,52.16,53.33,55.66,40624.0,0.119,0.39944,0
344,61,South,Salaried,IT,2025Q1,109958.0,745.0,50.7,65.82,49.51,140643.0,0.2213,0.51237,0
345,61,South,Business,Retail,2025Q1,66203.0,695.0,42.87,73.32,65.16,72093.0,0.5341,0.65341,0
346,68,East,Salaried,Healthcare,2025Q1,65947.0,680.0,51.89,67.62,65.35,352157.0,0.3667,0.70775,1
347,31,East,Salaried,Construction,2025Q3,101843.0,660.0,48.37,81.09,82.09,35313.0,0.2581,0.82181,0
348,47,North,Salaried,Manufacturing,2025Q1,78386.0,731.0,56.59,25.06,67.63,297880.0,0.5139,0.39979,0
349,43,South,Salaried,Healthcare,2025Q4,79145.0,687.0,24.36,56.28,65.47,89747.0,0.3278,0.43127,1
350,58,East,Salaried,Retail,2025Q3,62627.0,719.0,35.73,37.41,52.74,74086.0,0.3516,0.29828,0
351,64,South,SelfEmployed,Healthcare,2025Q1,115236.0,761.0,19.1,91.59,86.89,33845.0,0.6369,0.54432,0
352,23,West,Business,Retail,2024Q4,106012.0,686.0,35.78,44.63,45.01,45991.0,0.4605,0.37246,0
353,32,East,Salaried,Transport,2025Q3,77025.0,745.0,52.1,91.37,94.03,176494.0,0.3157,0.80122,1
354,50,North,Salaried,IT,2025Q3,63865.0,777.0,51.48,74.22,66.18,11318.0,0.3944,0.56828,0
355,51,North,Salaried,IT,2025Q2,62758.0,732.0,52.57,69.66,50.23,20813.0,0.4161,0.57885,0
356,43,East,Salaried,Healthcare,2025Q1,83331.0,748.0,28.53,49.24,59.49,23663.0,0.4486,0.28727,0
357,21,North,Salaried,Construction,2024Q4,89669.0,732.0,49.73,44.9,40.85,165997.0,0.2256,0.37054,0
358,61,East,Business,Manufacturing,2025Q4,58439.0,711.0,32.05,52.39,49.16,117773.0,0.5456,0.35925,0
359,40,West,SelfEmployed,Retail,2025Q3,48878.0,756.0,66.67,31.43,58.44,35986.0,0.5209,0.429,0
360,26,East,Salaried,Manufacturing,2025Q4,81991.0,799.0,30.6,86.41,70.49,52568.0,0.2385,0.46196,0
361,31,South,Salaried,IT,2025Q4,101617.0,757.0,46.18,76.49,47.12,80088.0,0.3483,0.51207,0
362,55,East,Salaried,Construction,2025Q4,81846.0,699.0,55.01,77.13,77.18,149309.0,0.359,0.77578,0
363,24,South,Salaried,Construction,2025Q2,73766.0,701.0,64.38,43.98,86.44,35985.0,0.3692,0.69452,0
364,49,South,Salaried,Manufacturing,2025Q4,51750.0,703.0,36.28,11.4,71.48,80277.0,0.4431,0.254,0
365,30,West,Salaried,IT,2025Q1,64150.0,762.0,31.63,66.48,56.33,57469.0,0.3102,0.36793,0
366,49,South,Business,Manufacturing,2025Q1,101960.0,681.0,35.8,38.7,46.68,68044.0,0.4018,0.35278,0
367,58,West,Salaried,Healthcare,2024Q4,48670.0,654.0,29.42,83.34,40.85,39045.0,0.426,0.61056,0
368,21,West,Salaried,Construction,2024Q4,124318.0,736.0,49.24,75.23,80.25,84701.0,0.4095,0.68465,0
369,60,North,SelfEmployed,Construction,2025Q4,82127.0,711.0,65.96,18.08,74.57,42289.0,0.4071,0.48996,0
370,28,North,Salaried,Healthcare,2025Q4,40342.0,791.0,17.56,59.15,66.2,78185.0,0.4166,0.22565,0
371,58,North,Salaried,IT,2025Q2,92581.0,586.0,43.66,67.3,45.61,218327.0,0.3758,0.74823,0
372,37,North,Salaried,Construction,2025Q4,91256.0,721.0,63.86,56.13,51.39,151843.0,0.1198,0.60308,0
373,39,North,Salaried,Transport,2025Q4,69060.0,688.0,16.01,51.26,84.83,193468.0,0.2283,0.40901,0
374,53,East,SelfEmployed,Transport,2025Q4,103483.0,755.0,39.63,25.51,66.39,91262.0,0.1948,0.24713,0
375,35,North,Salaried,Transport,2025Q3,64504.0,695.0,61.91,26.23,92.96,161617.0,0.2211,0.61081,0
376,65,South,SelfEmployed,Retail,2025Q3,95800.0,678.0,64.03,74.12,95.0,20712.0,0.2313,0.86672,0
377,51,West,Salaried,Retail,2025Q2,79130.0,761.0,40.86,6.68,84.04,22332.0,0.4744,0.20779,0
378,41,North,Salaried,IT,2025Q2,72910.0,780.0,11.5,75.1,54.2,36188.0,0.5101,0.24838,1
379,23,West,SelfEmployed,Healthcare,2025Q1,113575.0,705.0,16.34,52.41,52.71,37979.0,0.4272,0.27971,0
380,22,South,Salaried,Manufacturing,2025Q2,104589.0,706.0,45.2,89.26,53.95,152290.0,0.2308,0.70086,0
381,55,North,Salaried,IT,2025Q1,52313.0,780.0,17.43,94.76,94.27,25435.0,0.2393,0.54164,0
382,61,East,Salaried,Manufacturing,2025Q4,89508.0,774.0,18.97,64.71,58.44,28290.0,0.2725,0.26377,0
383,36,East,Salaried,IT,2025Q2,127336.0,767.0,56.33,42.1,78.85,67149.0,0.2621,0.47287,0
384,65,West,Salaried,Retail,2025Q2,114222.0,688.0,55.04,47.76,92.75,80490.0,0.5085,0.69711,0
385,41,East,Salaried,Transport,2025Q2,57266.0,674.0,60.57,23.38,85.08,134933.0,0.1871,0.59565,0
386,32,West,Salaried,Healthcare,2025Q1,119899.0,800.0,16.34,13.93,72.87,60647.0,0.3877,0.08561,0
387,48,South,Salaried,Retail,2025Q1,103251.0,744.0,21.89,57.09,49.29,64350.0,0.1971,0.26406,0
388,32,North,Business,Healthcare,2024Q4,53786.0,669.0,59.98,77.49,49.62,136086.0,0.4095,0.77334,0
389,53,West,Salaried,Manufacturing,2025Q1,85192.0,704.0,53.27,28.56,67.08,38952.0,0.3041,0.44645,0
390,40,West,SelfEmployed,IT,2025Q1,91942.0,715.0,58.36,42.77,92.36,79687.0,0.2154,0.64288,0
391,60,West,Salaried,Construction,2025Q3,53077.0,704.0,69.38,54.93,89.75,108986.0,0.283,0.78031,0
392,69,South,Salaried,Construction,2025Q2,97652.0,694.0,61.87,86.71,49.14,56428.0,0.4101,0.78742,1
393,41,South,SelfEmployed,Healthcare,2025Q1,140744.0,778.0,41.23,17.48,55.82,133582.0,0.1547,0.16654,0
394,59,West,Salaried,Transport,2025Q2,114131.0,739.0,28.65,26.32,72.38,40146.0,0.2747,0.22981,0
395,61,South,SelfEmployed,Transport,2025Q2,84050.0,834.0,44.18,87.67,66.26,218305.0,0.3276,0.48489,0
396,69,West,Salaried,Healthcare,2025Q3,72966.0,781.0,48.32,8.56,46.56,58670.0,0.1848,0.14385,0
397,62,West,Salaried,Retail,2025Q2,88210.0,717.0,30.12,64.05,60.31,53782.0,0.2357,0.44263,0
398,56,South,Salaried,Construction,2025Q1,55620.0,788.0,56.26,62.56,92.51,26302.0,0.5243,0.60724,0
399,42,West,Salaried,Retail,2025Q2,68061.0,729.0,15.57,39.49,92.33,33387.0,0.1913,0.28987,0
400,46,West,SelfEmployed,Manufacturing,2024Q4,30956.0,843.0,56.76,47.13,70.77,41435.0,0.2857,0.33154,0
401,27,North,Salaried,Construction,2024Q4,90864.0,693.0,11.92,81.94,74.94,33204.0,0.4081,0.52219,0
402,27,West,Business,Manufacturing,2025Q3,71562.0,735.0,39.88,19.85,52.2,31960.0,0.341,0.21354,0
403,28,South,Business,IT,2025Q1,95451.0,677.0,61.69,25.84,80.81,75411.0,0.2814,0.59701,0
404,46,West,Salaried,Retail,2025Q3,82994.0,689.0,15.19,51.11,42.89,111391.0,0.4442,0.26201,0
405,44,South,Salaried,Healthcare,2024Q4,54730.0,691.0,41.06,41.88,52.14,88938.0,0.1008,0.40881,0
406,44,West,SelfEmployed,Construction,2025Q1,85012.0,778.0,19.56,56.69,40.32,7802.0,0.434,0.18022,0
407,60,South,Business,Retail,2025Q2,62163.0,721.0,63.69,87.88,61.21,35276.0,0.236,0.79482,0
408,68,North,Salaried,Healthcare,2025Q1,121386.0,575.0,59.94,87.54,86.76,162099.0,0.05,0.94214,0
409,32,West,Salaried,IT,2025Q4,58913.0,715.0,66.04,25.7,94.04,28550.0,0.6087,0.6018,1
410,67,North,Salaried,Construction,2025Q1,68248.0,656.0,62.5,32.19,76.73,67189.0,0.3545,0.66356,0
411,28,South,Salaried,Manufacturing,2025Q2,54660.0,686.0,54.19,19.59,80.97,33951.0,0.4422,0.48597,0
412,29,West,Salaried,IT,2025Q4,52494.0,773.0,21.09,88.5,54.45,182368.0,0.4791,0.39552,0
413,23,West,SelfEmployed,Transport,2025Q3,80752.0,636.0,28.15,40.81,68.62,41932.0,0.2391,0.47629,0
414,41,East,Salaried,Healthcare,2025Q1,48863.0,642.0,39.81,45.47,80.51,118355.0,0.3188,0.62228,1
415,51,East,Salaried,Construction,2025Q3,75303.0,619.0,45.33,77.24,67.35,44043.0,0.3457,0.81028,0
416,68,South,Salaried,Construction,2025Q1,90751.0,689.0,56.93,51.17,44.87,13385.0,0.2657,0.56233,0
417,67,South,Salaried,IT,2024Q4,69409.0,617.0,23.62,15.78,80.75,101689.0,0.4926,0.3723,0
418,44,South,Salaried,Construction,2024Q4,24927.0,622.0,17.7,44.41,52.08,19084.0,0.5098,0.38906,0
419,24,East,Salaried,Healthcare,2025Q2,113349.0,697.0,38.96,61.75,45.37,38589.0,0.3345,0.47854,0
420,40,West,Salaried,IT,2024Q4,86665.0,727.0,19.47,69.73,66.29,269985.0,0.4099,0.4022,0
421,36,West,Salaried,Manufacturing,2025Q4,86964.0,660.0,51.62,63.08,44.1,653968.0,0.4526,0.64753,1
422,30,West,Salaried,IT,2025Q4,74198.0,730.0,44.54,15.73,74.62,74167.0,0.3838,0.29105,0
423,63,North,Business,IT,2025Q1,100272.0,716.0,54.47,32.39,75.23,39183.0,0.2809,0.48587,0
424,46,South,Salaried,Manufacturing,2025Q3,103450.0,740.0,13.81,71.02,54.12,74469.0,0.052,0.30657,0
425,49,North,Salaried,Transport,2025Q4,105949.0,653.0,67.88,84.22,93.05,29149.0,0.3613,0.918,0
426,25,South,Salaried,Healthcare,2025Q1,86718.0,819.0,10.0,9.25,85.34,54418.0,0.4454,0.06651,0
427,31,South,Business,Transport,2025Q3,45601.0,647.0,29.53,8.8,46.03,224509.0,0.2367,0.21713,0
428,49,West,Salaried,Transport,2024Q4,90129.0,676.0,50.78,62.91,81.17,84679.0,0.3706,0.73277,0
429,65,South,Salaried,Transport,2025Q1,86686.0,738.0,12.71,54.32,59.42,27020.0,0.4035,0.23578,0
430,35,North,SelfEmployed,Retail,2025Q3,66284.0,716.0,15.0,18.98,81.27,97198.0,0.4041,0.18418,0
431,26,North,Salaried,Transport,2025Q2,59954.0,757.0,14.6,54.35,84.04,22067.0,0.365,0.29002,0
432,68,West,Salaried,Retail,2025Q2,93576.0,693.0,44.89,92.7,48.33,19657.0,0.2301,0.72022,0
433,35,East,Salaried,Manufacturing,2025Q4,78104.0,643.0,63.76,61.78,76.4,124995.0,0.4947,0.82678,1
434,63,North,Salaried,Healthcare,2025Q3,70247.0,626.0,43.33,45.42,87.45,42847.0,0.3446,0.69807,0
435,40,North,Salaried,Transport,2025Q2,121810.0,808.0,46.21,79.48,57.79,220014.0,0.2856,0.46932,1
436,54,East,SelfEmployed,Construction,2025Q4,96789.0,693.0,30.76,24.15,44.42,34959.0,0.153,0.22205,0
437,22,North,Salaried,Manufacturing,2025Q1,90863.0,701.0,11.12,42.29,41.5,172692.0,0.3985,0.18349,0
438,64,West,SelfEmployed,Retail,2025Q1,110461.0,809.0,11.3,52.5,46.05,230752.0,0.6448,0.11604,1
439,36,East,Salaried,Healthcare,2025Q3,88259.0,683.0,63.3,50.41,40.23,81547.0,0.3218,0.59849,0
440,39,North,SelfEmployed,IT,2025Q3,62397.0,711.0,16.15,87.89,57.98,59171.0,0.2915,0.49022,0
441,54,North,Salaried,Healthcare,2025Q3,70260.0,653.0,69.99,31.34,56.46,48035.0,0.3485,0.64666,0
442,69,West,Salaried,Healthcare,2025Q3,98299.0,638.0,19.87,10.09,46.07,50186.0,0.3409,0.18794,0
443,34,South,Salaried,Transport,2025Q2,95621.0,814.0,50.48,87.47,75.81,23829.0,0.3059,0.60512,0
444,44,South,Business,Transport,2025Q2,91158.0,815.0,66.94,24.54,94.55,114519.0,0.5991,0.40667,0
445,48,West,Salaried,Retail,2025Q4,51557.0,766.0,31.74,39.11,89.55,111741.0,0.3553,0.3195,0
446,68,West,Salaried,Retail,2025Q2,100334.0,764.0,54.07,52.78,53.91,62280.0,0.1936,0.43428,0
447,52,West,Salaried,Transport,2025Q1,78375.0,751.0,31.05,92.83,82.35,74680.0,0.2087,0.64005,0
448,57,West,Salaried,Transport,2025Q4,94999.0,669.0,28.3,53.17,91.53,53223.0,0.4867,0.57357,0
449,30,South,Salaried,Construction,2025Q2,59246.0,726.0,22.11,45.3,89.85,31210.0,0.3841,0.36251,0
450,69,North,Salaried,Construction,2025Q3,129151.0,682.0,59.26,57.53,88.65,29354.0,0.3078,0.76626,0
451,65,West,Salaried,Manufacturing,2025Q2,86187.0,568.0,25.44,92.37,83.25,49125.0,0.2978,0.86772,0
452,68,East,Salaried,Transport,2024Q4,69561.0,772.0,26.99,78.62,56.11,55559.0,0.4337,0.38801,1
453,29,South,Salaried,IT,2025Q4,96155.0,741.0,69.94,20.21,44.6,164201.0,0.2553,0.36545,0
454,44,West,Salaried,Construction,2025Q2,101451.0,638.0,29.64,77.29,66.83,116766.0,0.332,0.69498,0
455,56,North,SelfEmployed,Retail,2025Q2,95852.0,690.0,35.37,80.7,43.01,214967.0,0.4374,0.57498,0
456,49,South,Salaried,Healthcare,2025Q1,55130.0,768.0,69.4,67.16,94.92,118552.0,0.2608,0.75804,0
457,49,North,Salaried,Manufacturing,2025Q3,108567.0,717.0,32.16,64.15,59.71,24113.0,0.5026,0.45663,0
458,68,South,Salaried,Construction,2025Q3,71378.0,617.0,31.97,44.68,92.71,25869.0,0.1535,0.65343,0
459,43,North,Business,Healthcare,2025Q1,79598.0,643.0,59.66,62.75,82.52,34817.0,0.3546,0.82496,0
460,47,North,Business,Healthcare,2025Q1,24781.0,812.0,28.72,71.38,62.62,57131.0,0.3591,0.30749,0
461,51,North,SelfEmployed,Construction,2024Q4,68399.0,714.0,24.03,16.05,46.51,42474.0,0.0951,0.14317,0
462,63,East,Salaried,IT,2025Q4,68241.0,768.0,35.39,28.16,53.05,118706.0,0.2609,0.18478,0
463,27,East,Salaried,IT,2025Q3,91265.0,811.0,52.04,22.47,77.02,166867.0,0.4216,0.24773,0
464,69,East,Salaried,Manufacturing,2025Q1,66875.0,685.0,12.59,80.71,85.65,31388.0,0.2635,0.57497,0
465,65,West,Salaried,IT,2025Q1,39460.0,729.0,32.43,66.2,93.87,23155.0,0.3183,0.57473,0
466,24,South,Salaried,Manufacturing,2025Q4,86096.0,602.0,30.77,45.57,47.27,231209.0,0.3012,0.51421,0
467,34,South,SelfEmployed,Retail,2025Q1,73739.0,677.0,24.69,79.35,48.58,85991.0,0.4669,0.53496,0
468,62,West,SelfEmployed,Construction,2024Q4,61786.0,742.0,49.26,69.51,42.33,50275.0,0.3911,0.50429,0
469,62,North,SelfEmployed,Healthcare,2025Q4,82188.0,699.0,27.4,87.22,54.32,221261.0,0.296,0.57978,0
470,30,West,Salaried,Manufacturing,2024Q4,35506.0,735.0,46.4,11.91,85.16,174842.0,0.264,0.30757,0
471,64,North,Salaried,IT,2025Q2,95511.0,761.0,40.26,50.82,50.9,48332.0,0.4539,0.32144,0
472,54,West,Salaried,Manufacturing,2025Q3,75430.0,741.0,23.03,68.61,70.13,134499.0,0.3673,0.40893,0
473,46,North,Salaried,Transport,2025Q1,73317.0,728.0,25.99,23.67,64.55,163834.0,0.4709,0.20011,0
474,43,West,SelfEmployed,Manufacturing,2025Q4,103820.0,720.0,20.24,34.44,57.92,131530.0,0.4241,0.20965,0
475,29,South,Salaried,IT,2024Q4,66604.0,679.0,13.4,42.71,74.01,177671.0,0.05,0.32077,0
476,57,West,Salaried,Transport,2025Q3,86466.0,659.0,47.15,76.49,67.63,37621.0,0.4787,0.76271,0
477,28,North,Salaried,Transport,2025Q3,76762.0,785.0,50.37,49.42,58.41,74479.0,0.365,0.365,1
478,34,East,Salaried,IT,2025Q1,160399.0,754.0,19.96,49.36,77.89,231384.0,0.3795,0.28341,0
479,27,West,SelfEmployed,Transport,2025Q3,92210.0,667.0,46.92,43.78,55.4,55667.0,0.1093,0.52508,0
480,27,South,Salaried,Construction,2025Q1,51464.0,714.0,68.93,25.57,75.38,46556.0,0.2915,0.55713,0
481,29,East,SelfEmployed,Healthcare,2025Q2,123805.0,633.0,14.46,88.08,92.65,79042.0,0.357,0.74231,0
482,23,East,Salaried,Construction,2025Q1,106075.0,684.0,39.42,33.6,80.09,24146.0,0.196,0.46366,0
483,34,South,Salaried,Construction,2024Q4,81124.0,739.0,53.98,56.07,63.01,91900.0,0.5093,0.53761,0
484,37,East,SelfEmployed,IT,2025Q3,69067.0,724.0,12.76,18.39,81.12,22785.0,0.4396,0.16312,0
485,64,East,Salaried,IT,2025Q3,46841.0,716.0,56.7,44.08,84.51,177502.0,0.3018,0.60817,0
486,42,West,Business,Healthcare,2025Q3,90763.0,661.0,68.77,86.34,57.92,23510.0,0.5677,0.86981,0
487,66,North,Salaried,Manufacturing,2025Q1,63121.0,650.0,15.31,94.59,78.78,132516.0,0.3944,0.71174,0
488,46,South,Salaried,Construction,2025Q4,58001.0,762.0,59.33,37.56,63.89,43880.0,0.5147,0.42051,1
489,48,West,Salaried,Transport,2025Q1,99385.0,803.0,32.71,18.86,85.02,34877.0,0.2521,0.1684,0
490,65,West,Business,Healthcare,2024Q4,118623.0,740.0,18.65,33.3,56.25,74486.0,0.4074,0.1699,0
491,34,South,Salaried,Construction,2025Q1,68093.0,701.0,39.59,34.45,91.58,90177.0,0.5111,0.47964,0
492,29,East,SelfEmployed,Manufacturing,2025Q3,100147.0,777.0,14.29,63.01,71.61,77997.0,0.4921,0.26097,0
493,46,South,Salaried,Transport,2025Q2,85305.0,664.0,41.33,49.65,59.43,92777.0,0.4711,0.5407,1
494,22,North,Salaried,Construction,2024Q4,88971.0,768.0,11.16,74.16,63.07,118624.0,0.4993,0.28731,0
495,31,South,Salaried,Retail,2025Q2,59534.0,677.0,53.72,68.12,59.13,17894.0,0.5333,0.70763,1
496,37,South,Salaried,Healthcare,2024Q4,74691.0,680.0,39.28,27.62,48.04,80391.0,0.0731,0.3209,0
497,54,East,Salaried,IT,2024Q4,52584.0,692.0,37.54,75.58,43.77,28148.0,0.2989,0.55937,0
498,39,North,SelfEmployed,Construction,2025Q3,49435.0,704.0,21.77,81.27,57.7,30093.0,0.1409,0.50373,0
499,59,West,Salaried,Transport,2025Q1,92957.0,760.0,31.68,58.86,65.23,33853.0,0.1425,0.35836,0
500,38,West,Salaried,Transport,2025Q3,66893.0,638.0,20.91,88.49,59.9,18384.0,0.2874,0.67525,0
501,33,East,Salaried,Healthcare,2025Q3,57123.0,677.0,54.12,75.47,40.77,72567.0,0.2986,0.69163,0
502,25,South,Salaried,Healthcare,2025Q3,49762.0,722.0,21.94,58.59,71.85,21226.0,0.5133,0.38422,0
503,43,South,Salaried,Transport,2025Q2,42157.0,741.0,47.01,86.55,47.96,97104.0,0.207,0.61492,1
504,44,West,Salaried,Transport,2024Q4,31090.0,616.0,26.78,59.03,51.61,211743.0,0.3715,0.5556,0
505,49,East,Salaried,Transport,2025Q4,82774.0,667.0,49.42,51.91,46.64,218681.0,0.5417,0.5616,0
506,68,North,Salaried,Construction,2025Q1,20000.0,614.0,42.43,37.06,68.62,34074.0,0.3316,0.60305,1
507,67,West,Salaried,Transport,2025Q3,91783.0,672.0,35.41,84.46,45.23,31856.0,0.5842,0.64104,0
508,28,West,Salaried,IT,2024Q4,91607.0,686.0,50.38,16.05,54.1,126362.0,0.125,0.33994,0
509,46,West,Salaried,Transport,2025Q1,77522.0,738.0,34.94,47.62,64.84,76090.0,0.2481,0.35666,0
510,35,East,Salaried,IT,2025Q4,81853.0,584.0,59.28,53.37,49.22,69436.0,0.5352,0.78229,0
511,21,East,Salaried,Construction,2025Q4,72866.0,746.0,53.78,54.93,64.54,29275.0,0.2687,0.52178,0
512,48,South,Business,Healthcare,2025Q3,85630.0,682.0,42.44,63.67,58.85,79562.0,0.3212,0.59671,0
513,69,West,SelfEmployed,IT,2025Q4,85339.0,691.0,62.62,50.52,87.33,133996.0,0.5506,0.73531,0
514,67,West,SelfEmployed,Construction,2025Q4,112538.0,763.0,59.73,28.11,83.72,42583.0,0.4297,0.43615,0
515,66,North,Salaried,Transport,2025Q1,118321.0,784.0,41.91,82.12,94.61,101178.0,0.1527,0.63594,0
516,34,North,SelfEmployed,Construction,2025Q1,117555.0,674.0,14.11,64.18,69.09,81779.0,0.4241,0.44331,0
517,62,South,SelfEmployed,Transport,2025Q3,60057.0,674.0,43.96,82.24,71.65,46308.0,0.2652,0.76145,0
518,54,West,SelfEmployed,Construction,2024Q4,98943.0,691.0,31.32,29.84,92.07,70561.0,0.2908,0.41154,0
519,51,West,Salaried,Healthcare,2025Q3,92652.0,673.0,42.41,62.34,61.98,35150.0,0.3388,0.61624,0
520,26,North,Salaried,IT,2025Q2,63776.0,631.0,48.83,69.28,70.56,133132.0,0.2806,0.78694,0
521,69,East,SelfEmployed,Healthcare,2025Q4,57841.0,708.0,48.69,39.51,60.85,35569.0,0.4088,0.44891,0
522,25,South,Salaried,Retail,2024Q4,70582.0,674.0,50.41,78.1,70.02,48121.0,0.2454,0.77305,0
523,51,West,Salaried,Transport,2025Q1,53478.0,715.0,50.76,5.23,44.44,137558.0,0.3864,0.21364,0
524,57,West,Salaried,IT,2025Q2,45268.0,804.0,16.56,58.54,83.11,50697.0,0.4408,0.2451,0
525,35,West,Salaried,Healthcare,2025Q2,92435.0,704.0,21.5,60.22,94.19,37983.0,0.342,0.50749,0
526,35,South,Salaried,IT,2025Q4,80818.0,668.0,47.83,53.05,43.62,83165.0,0.3583,0.54187,0
527,63,South,Salaried,Retail,2025Q1,80690.0,695.0,34.49,61.7,84.06,256969.0,0.3608,0.59338,0
528,25,South,Salaried,Manufacturing,2024Q4,103167.0,717.0,55.77,20.05,53.3,165192.0,0.3654,0.34011,0
529,48,North,Salaried,Transport,2025Q1,75103.0,701.0,17.49,66.63,50.87,112096.0,0.3376,0.36502,0
530,53,West,Salaried,Transport,2025Q4,100759.0,679.0,21.49,35.22,78.14,146670.0,0.3318,0.34636,0
531,31,West,Salaried,Construction,2025Q2,61526.0,619.0,43.51,45.68,42.43,104974.0,0.3354,0.55792,0
532,63,West,Salaried,Transport,2025Q4,61370.0,745.0,40.04,34.98,65.48,85828.0,0.3723,0.30985,0
533,26,West,Salaried,Transport,2025Q3,80350.0,661.0,25.98,47.65,40.08,138664.0,0.2981,0.35094,0
534,43,East,SelfEmployed,Healthcare,2025Q2,133033.0,790.0,34.5,60.94,70.49,93242.0,0.3324,0.35261,0
535,60,West,Salaried,Transport,2025Q4,112135.0,690.0,12.1,80.45,65.41,70455.0,0.469,0.48445,0
536,22,West,Salaried,Transport,2024Q4,107451.0,682.0,12.22,48.51,90.35,83320.0,0.5908,0.39698,0
537,35,West,Salaried,Retail,2024Q4,45701.0,684.0,15.7,34.09,79.61,92269.0,0.6453,0.29834,0
538,43,North,SelfEmployed,Retail,2024Q4,83628.0,718.0,44.61,48.91,46.93,90621.0,0.3661,0.40588,0
539,42,South,Salaried,IT,2025Q3,100528.0,662.0,61.82,66.99,59.5,94419.0,0.2263,0.77263,0
540,29,North,Salaried,IT,2025Q1,132133.0,673.0,25.61,36.2,91.24,36649.0,0.3208,0.44007,0
541,67,West,Salaried,Transport,2024Q4,37907.0,744.0,12.04,42.29,79.89,63272.0,0.3675,0.22492,0
542,60,East,Salaried,Transport,2025Q3,98274.0,654.0,52.52,55.66,72.69,30128.0,0.4799,0.71606,0
543,50,North,SelfEmployed,Construction,2024Q4,106609.0,740.0,61.32,31.46,70.75,87892.0,0.2639,0.46659,0
544,36,East,SelfEmployed,IT,2025Q3,91294.0,756.0,18.29,23.82,61.9,93052.0,0.3351,0.13337,0
545,66,East,Salaried,Healthcare,2024Q4,46242.0,747.0,33.14,17.64,72.19,183997.0,0.2287,0.20493,1
546,67,South,Salaried,Transport,2025Q1,86331.0,723.0,19.52,36.73,82.44,90240.0,0.55,0.28048,0
547,50,North,Salaried,Healthcare,2025Q4,90721.0,611.0,16.38,9.35,47.01,56432.0,0.4151,0.20494,0
548,65,East,Salaried,Transport,2024Q4,84445.0,643.0,48.89,57.51,93.34,54450.0,0.3074,0.77857,0
549,29,South,Salaried,Healthcare,2025Q4,62876.0,635.0,68.05,20.83,53.17,114921.0,0.3577,0.59296,0
550,21,West,Salaried,Manufacturing,2024Q4,59779.0,689.0,50.69,38.97,64.63,45399.0,0.188,0.51267,0
551,58,South,Salaried,Healthcare,2025Q1,91404.0,712.0,69.09,29.23,41.25,81413.0,0.4046,0.45721,0
552,28,West,Salaried,IT,2025Q4,63091.0,644.0,36.06,61.74,70.27,142566.0,0.3962,0.65099,0
553,38,East,Business,Transport,2025Q3,63661.0,701.0,63.87,81.53,61.0,301757.0,0.1374,0.79665,0
554,47,East,Salaried,IT,2024Q4,76509.0,748.0,22.31,62.0,53.74,164208.0,0.2625,0.29819,0
555,38,West,SelfEmployed,Healthcare,2024Q4,83994.0,655.0,17.07,53.83,94.2,50626.0,0.3141,0.53254,0
556,52,South,SelfEmployed,Retail,2025Q3,105968.0,665.0,52.15,65.22,63.55,43371.0,0.3153,0.71673,0
557,69,North,Salaried,Retail,2025Q1,50099.0,775.0,32.28,7.7,62.79,113679.0,0.2892,0.11954,0
558,52,North,SelfEmployed,Retail,2025Q2,47628.0,659.0,29.06,16.06,65.47,62963.0,0.3653,0.28563,0
559,68,West,Salaried,Transport,2024Q4,70448.0,729.0,50.28,13.54,46.39,25972.0,0.5173,0.23364,0
560,65,East,Salaried,Construction,2025Q3,34995.0,778.0,30.01,13.84,61.62,448933.0,0.4075,0.12404,0
561,56,East,Salaried,Manufacturing,2025Q2,94664.0,645.0,44.35,28.44,58.5,82546.0,0.4914,0.46483,0
562,56,North,Business,Healthcare,2024Q4,30161.0,649.0,27.97,52.88,65.58,175345.0,0.3937,0.51295,0
563,41,North,Salaried,Construction,2025Q4,97684.0,697.0,57.03,15.32,87.11,57906.0,0.3117,0.4806,0
564,66,North,Salaried,Retail,2025Q3,107725.0,714.0,28.74,89.16,50.6,71543.0,0.3287,0.55987,0
565,52,South,Business,Healthcare,2025Q4,86493.0,675.0,42.1,81.88,73.43,81315.0,0.4463,0.75283,0
566,51,East,Salaried,Construction,2025Q1,33567.0,818.0,11.39,92.45,42.07,60416.0,0.4149,0.23805,0
567,57,South,Salaried,IT,2025Q2,82653.0,740.0,57.5,8.83,57.42,42981.0,0.51,0.267,0
568,36,South,SelfEmployed,Retail,2025Q3,60081.0,666.0,47.22,81.63,66.0,340534.0,0.3508,0.77226,0
569,66,West,SelfEmployed,Construction,2024Q4,49950.0,635.0,21.53,77.34,44.09,93758.0,0.1826,0.56507,0
570,66,South,Business,Transport,2024Q4,94486.0,707.0,22.92,86.19,69.92,24232.0,0.3266,0.58392,0
571,34,South,Business,IT,2025Q2,99172.0,734.0,25.75,52.51,57.07,78527.0,0.1709,0.30328,0
572,44,West,Salaried,Retail,2025Q4,112142.0,811.0,44.59,75.91,94.6,26712.0,0.3339,0.56581,0
573,45,South,SelfEmployed,Manufacturing,2025Q4,72880.0,714.0,42.9,9.62,74.7,40459.0,0.2092,0.27579,0
574,66,East,Salaried,Retail,2025Q3,84299.0,697.0,26.43,11.83,53.43,78808.0,0.3388,0.17037,0
575,55,West,Salaried,Transport,2025Q3,121634.0,656.0,51.64,15.67,45.65,106669.0,0.3677,0.37178,0
576,37,West,Salaried,Manufacturing,2025Q4,132382.0,730.0,63.34,87.33,42.24,12504.0,0.3355,0.72595,1
577,66,North,Salaried,Manufacturing,2025Q3,107009.0,766.0,12.61,10.51,44.99,243066.0,0.3169,0.0623,0
578,62,West,Business,Manufacturing,2025Q4,71251.0,612.0,35.03,14.01,77.4,46111.0,0.3039,0.44245,0
579,65,South,Business,Healthcare,2025Q2,80181.0,714.0,45.61,88.74,87.02,62492.0,0.486,0.78232,0
580,24,South,Salaried,Healthcare,2025Q3,75545.0,654.0,45.19,14.67,48.62,213945.0,0.3838,0.33635,0
581,31,South,Salaried,Manufacturing,2025Q4,97641.0,635.0,11.17,83.28,62.12,242327.0,0.1675,0.59054,0
582,67,West,Salaried,IT,2025Q3,59509.0,803.0,22.63,76.03,59.48,47397.0,0.3659,0.29876,1
583,35,South,SelfEmployed,Manufacturing,2024Q4,88033.0,759.0,13.71,8.63,75.45,153928.0,0.5321,0.0987,0
584,50,South,SelfEmployed,Construction,2024Q4,88159.0,677.0,44.14,6.97,50.05,81724.0,0.2946,0.2565,0
585,44,East,Salaried,Manufacturing,2025Q1,89594.0,701.0,48.72,53.09,92.43,468905.0,0.3038,0.66074,0
586,22,North,Salaried,Healthcare,2025Q4,54440.0,693.0,19.58,94.75,80.07,45646.0,0.4258,0.67191,0
587,63,North,Salaried,Healthcare,2025Q1,86180.0,648.0,29.98,84.09,92.53,232068.0,0.2474,0.78667,0
588,54,North,Salaried,Construction,2025Q4,124232.0,680.0,29.79,32.9,55.26,48551.0,0.2083,0.31066,0
589,43,North,Business,Construction,2025Q3,68576.0,753.0,59.19,39.77,72.32,34491.0,0.1622,0.48245,0
590,51,North,Salaried,Retail,2025Q4,86493.0,679.0,21.68,39.91,80.27,59141.0,0.4316,0.38255,0
591,57,North,Salaried,IT,2024Q4,33949.0,736.0,42.9,71.08,79.1,23193.0,0.4543,0.61449,0
592,33,East,Salaried,IT,2025Q3,86322.0,679.0,56.98,35.7,41.17,38113.0,0.2798,0.47128,0
593,53,North,Salaried,IT,2024Q4,85414.0,645.0,59.77,18.3,94.91,58449.0,0.2114,0.64918,0
594,27,South,Business,Transport,2025Q3,82912.0,776.0,49.99,72.24,91.04,61257.0,0.4544,0.63782,0
595,52,West,Salaried,Healthcare,2025Q4,98259.0,593.0,27.97,46.22,46.59,138898.0,0.3349,0.51271,0
596,27,South,Salaried,IT,2025Q4,73024.0,808.0,59.38,11.91,69.9,130001.0,0.1092,0.22483,1
597,62,East,Salaried,Retail,2024Q4,109410.0,765.0,54.53,76.1,57.3,71333.0,0.3946,0.59362,0
598,58,North,Salaried,Retail,2025Q2,57922.0,720.0,52.27,57.68,88.34,21676.0,0.385,0.66255,0
599,64,North,Salaried,IT,2025Q4,116082.0,685.0,14.04,49.04,78.36,16408.0,0.5166,0.3633,0
600,33,North,SelfEmployed,Construction,2025Q2,85316.0,690.0,12.6,65.6,52.29,50466.0,0.4507,0.35074,1
601,44,North,Salaried,Retail,2025Q3,78209.0,721.0,51.72,50.48,41.86,40747.0,0.4575,0.44339,0
602,48,South,Salaried,Construction,2025Q2,44205.0,720.0,66.69,63.36,56.05,48329.0,0.2447,0.68221,0
603,52,North,Salaried,Healthcare,2024Q4,52258.0,657.0,56.42,83.07,42.1,227615.0,0.1877,0.77609,0
604,63,North,Salaried,Transport,2025Q1,88771.0,714.0,59.89,60.22,47.77,47805.0,0.4115,0.60081,1
605,38,North,Salaried,Retail,2025Q1,62080.0,724.0,42.7,64.36,74.99,39903.0,0.3522,0.57958,0
606,54,South,Salaried,Construction,2024Q4,104876.0,693.0,28.28,60.25,80.98,72952.0,0.4276,0.53032,0
607,68,North,SelfEmployed,IT,2025Q1,87186.0,833.0,50.66,52.81,65.74,50822.0,0.3651,0.32321,0
608,54,South,SelfEmployed,Healthcare,2024Q4,44375.0,703.0,52.72,20.48,73.02,111072.0,0.5234,0.41767,0
609,58,South,Salaried,Manufacturing,2025Q4,99027.0,613.0,50.52,35.21,48.57,86846.0,0.2983,0.57942,0
610,21,East,Salaried,Manufacturing,2025Q2,75940.0,654.0,66.8,67.38,57.42,267681.0,0.355,0.80447,0
611,63,North,Salaried,IT,2025Q1,78856.0,749.0,32.03,43.29,79.21,59618.0,0.274,0.34115,0
612,62,West,Salaried,Healthcare,2025Q4,106115.0,670.0,12.38,41.55,60.07,282569.0,0.245,0.2787,0
613,51,East,SelfEmployed,Healthcare,2025Q1,45143.0,655.0,64.51,73.33,59.18,119197.0,0.509,0.81959,0
614,21,North,Salaried,Healthcare,2025Q3,51884.0,787.0,19.63,5.5,50.67,106019.0,0.3364,0.06253,0
615,36,West,Salaried,Healthcare,2024Q4,88139.0,719.0,51.84,66.11,72.72,18181.0,0.6458,0.65564,0
616,59,West,SelfEmployed,Manufacturing,2024Q4,37531.0,677.0,62.39,49.03,84.52,16359.0,0.1888,0.74076,0
617,35,North,SelfEmployed,Construction,2025Q4,64821.0,558.0,28.61,38.91,65.82,23695.0,0.3617,0.61219,0
618,53,South,Salaried,Healthcare,2025Q3,104461.0,744.0,59.82,35.65,46.35,84923.0,0.3693,0.38422,0
619,43,West,Salaried,Construction,2025Q2,77282.0,711.0,29.92,20.56,86.11,123991.0,0.4996,0.29246,0
620,61,East,Salaried,Healthcare,2025Q3,45639.0,782.0,57.66,35.08,43.93,106319.0,0.2442,0.29179,0
621,54,North,Salaried,Retail,2025Q3,84727.0,650.0,14.19,40.23,65.95,75091.0,0.2785,0.33675,0
622,37,North,Business,Transport,2025Q2,69878.0,689.0,49.31,44.37,54.36,137634.0,0.1802,0.49708,0
623,45,South,SelfEmployed,Retail,2025Q2,62443.0,726.0,50.63,65.51,91.5,168739.0,0.5258,0.69373,0
624,62,South,SelfEmployed,Transport,2025Q3,168911.0,779.0,39.49,45.82,80.56,58934.0,0.1434,0.35571,0
625,26,East,Salaried,Retail,2025Q1,94371.0,724.0,51.23,76.67,71.15,108091.0,0.3645,0.69571,1
626,51,South,SelfEmployed,Healthcare,2025Q1,72913.0,671.0,65.39,62.58,76.73,95684.0,0.6497,0.8035,0
627,25,South,Salaried,Construction,2025Q3,102458.0,781.0,54.03,22.06,69.3,128596.0,0.4865,0.28111,0
628,60,East,Salaried,Transport,2025Q1,72725.0,693.0,67.68,29.95,48.12,91979.0,0.4978,0.51453,0
629,60,North,Salaried,Manufacturing,2025Q2,67047.0,720.0,36.92,12.13,79.0,87979.0,0.5556,0.25666,0
630,50,South,Salaried,IT,2025Q2,87486.0,751.0,41.7,90.11,67.1,47903.0,0.3708,0.64565,0
631,25,East,SelfEmployed,Transport,2025Q1,92717.0,796.0,25.82,84.79,74.89,84453.0,0.37,0.43782,0
632,32,West,Salaried,Transport,2025Q2,103144.0,730.0,69.14,12.63,42.49,57653.0,0.3496,0.32846,0
633,27,South,Salaried,Manufacturing,2024Q4,115592.0,850.0,13.31,56.67,47.81,34603.0,0.3407,0.10276,0
634,65,South,Salaried,Healthcare,2025Q2,109688.0,705.0,31.52,91.44,72.42,90219.0,0.2765,0.68504,0
635,33,North,Salaried,Retail,2025Q3,101414.0,726.0,27.86,72.24,65.27,35748.0,0.5159,0.47796,0
636,69,South,Salaried,Retail,2025Q4,103982.0,676.0,33.19,49.26,52.48,70961.0,0.2868,0.42719,0
637,24,South,Salaried,Construction,2025Q1,109618.0,728.0,65.06,26.7,53.24,56590.0,0.3161,0.42459,0
638,62,North,SelfEmployed,Healthcare,2025Q1,97746.0,726.0,32.08,30.11,74.74,49333.0,0.1911,0.29435,0
639,23,South,Salaried,Manufacturing,2025Q2,40365.0,768.0,65.02,71.26,43.24,195581.0,0.4496,0.58434,0
640,32,South,Salaried,Healthcare,2025Q2,92441.0,734.0,35.4,75.25,63.88,230222.0,0.5411,0.53145,0
641,21,North,Salaried,Healthcare,2025Q4,114424.0,681.0,61.29,52.58,68.77,59409.0,0.0823,0.69777,0
642,47,South,SelfEmployed,Retail,2025Q4,59930.0,724.0,41.31,15.89,56.95,146993.0,0.5357,0.23106,0
643,63,North,Salaried,Manufacturing,2025Q3,70199.0,673.0,28.68,89.05,85.13,24173.0,0.4386,0.74639,0
644,33,South,Salaried,IT,2024Q4,78497.0,740.0,36.96,81.03,43.12,31980.0,0.5024,0.4899,0
645,37,North,Salaried,Transport,2025Q3,84753.0,679.0,35.46,17.65,87.62,70069.0,0.3948,0.37412,0
646,28,West,Salaried,Retail,2025Q1,66122.0,633.0,25.59,10.11,79.78,34661.0,0.4221,0.32132,0
647,52,East,Salaried,Manufacturing,2025Q2,81432.0,648.0,27.38,53.23,64.54,95125.0,0.3899,0.50936,0
648,40,East,SelfEmployed,Construction,2025Q3,92831.0,645.0,21.19,30.57,90.85,89436.0,0.2301,0.42547,0
649,37,West,Salaried,Transport,2025Q2,29743.0,681.0,30.16,30.49,78.62,70742.0,0.3355,0.37726,0
650,54,South,Salaried,Transport,2025Q2,81869.0,663.0,47.46,12.85,91.21,383480.0,0.2912,0.47654,1
651,55,North,SelfEmployed,Retail,2025Q3,70436.0,709.0,33.19,90.8,65.99,94619.0,0.4803,0.66497,0
652,55,South,Salaried,Construction,2025Q3,37328.0,688.0,52.74,79.71,64.91,109450.0,0.3177,0.7579,0
653,58,East,Salaried,Retail,2025Q4,94105.0,738.0,69.22,15.25,69.19,102733.0,0.4086,0.42273,0
654,62,East,Salaried,Healthcare,2024Q4,87782.0,731.0,32.63,83.89,43.6,38922.0,0.2194,0.49543,0
655,44,South,Salaried,Manufacturing,2025Q4,84123.0,692.0,37.76,66.47,89.97,286408.0,0.5711,0.66961,1
656,38,North,Salaried,Construction,2024Q4,95262.0,778.0,19.85,34.29,76.72,27372.0,0.3813,0.179,0
657,66,South,Salaried,Transport,2025Q3,88031.0,659.0,33.53,83.41,73.97,89282.0,0.1876,0.73661,0
658,68,South,SelfEmployed,Retail,2024Q4,61553.0,765.0,53.61,58.82,90.96,123135.0,0.4712,0.60357,0
659,59,East,Business,Transport,2025Q1,98075.0,719.0,23.04,81.38,94.65,145590.0,0.3801,0.62173,0
660,53,East,Salaried,Construction,2025Q4,102356.0,688.0,20.92,47.23,48.99,58815.0,0.4449,0.29669,0
661,69,South,Salaried,Transport,2025Q4,52855.0,772.0,32.58,50.06,81.19,123061.0,0.7279,0.34749,0
662,43,West,Salaried,Retail,2025Q4,102013.0,741.0,59.12,31.19,71.9,35108.0,0.4875,0.45181,0
663,45,East,SelfEmployed,Retail,2025Q2,72912.0,651.0,47.42,39.89,65.35,235462.0,0.4813,0.57285,1
664,57,North,Salaried,IT,2025Q2,95321.0,730.0,67.45,56.1,93.77,65247.0,0.3074,0.74885,0
665,47,North,Salaried,Transport,2025Q3,83799.0,730.0,64.27,90.24,86.76,51653.0,0.3629,0.85142,0
666,21,North,SelfEmployed,IT,2025Q3,75699.0,765.0,19.07,59.01,78.32,46795.0,0.3072,0.30979,0
667,41,North,SelfEmployed,IT,2025Q2,93480.0,742.0,12.55,18.26,61.05,90057.0,0.1928,0.1102,0
668,69,North,SelfEmployed,Transport,2025Q4,71672.0,746.0,33.95,5.63,76.63,24196.0,0.2985,0.17358,0
669,30,North,Salaried,Construction,2025Q2,107007.0,686.0,41.32,81.59,69.24,135853.0,0.4862,0.71755,0
670,51,South,SelfEmployed,Healthcare,2024Q4,111118.0,698.0,40.93,37.79,53.72,48148.0,0.3958,0.37537,0
671,64,North,SelfEmployed,Retail,2025Q4,66323.0,696.0,18.05,33.35,64.77,182246.0,0.21,0.24556,1
672,45,West,Salaried,Manufacturing,2025Q2,75819.0,622.0,17.49,77.07,51.67,30647.0,0.3371,0.58657,0
673,40,North,Salaried,IT,2025Q3,70646.0,781.0,12.81,90.08,67.52,80212.0,0.2557,0.37828,0
674,22,South,Salaried,Construction,2025Q2,89381.0,648.0,61.05,72.32,79.61,107766.0,0.4059,0.85148,0
675,68,South,Business,Transport,2025Q1,112751.0,725.0,66.86,20.65,42.02,116256.0,0.2679,0.36681,0
676,35,West,Salaried,Construction,2025Q2,38311.0,692.0,16.94,40.22,82.1,50935.0,0.2834,0.33425,0
677,48,North,Salaried,Construction,2025Q4,44542.0,697.0,22.79,73.35,41.1,30813.0,0.1957,0.41549,0
678,33,South,Salaried,Transport,2025Q2,77912.0,747.0,15.39,86.62,68.45,53111.0,0.5498,0.44423,0
679,34,West,SelfEmployed,Manufacturing,2025Q3,84648.0,667.0,62.65,94.87,71.54,165489.0,0.3437,0.88971,1
680,22,West,Salaried,Transport,2024Q4,56468.0,735.0,67.52,51.04,81.87,316347.0,0.3364,0.67892,0
681,54,West,Salaried,Manufacturing,2025Q1,84519.0,736.0,25.71,79.03,81.86,23482.0,0.39,0.54728,0
682,55,South,Salaried,Transport,2025Q4,61476.0,667.0,28.22,9.2,62.96,43626.0,0.3988,0.22829,0
683,57,North,Business,IT,2025Q3,68831.0,760.0,31.76,30.72,43.65,21749.0,0.2678,0.16725,0
684,45,East,Salaried,Manufacturing,2025Q1,111741.0,785.0,40.15,38.44,78.14,49818.0,0.3784,0.30065,0
685,68,West,Salaried,IT,2025Q2,71422.0,821.0,50.95,92.8,68.1,46792.0,0.3611,0.59846,0
686,35,East,SelfEmployed,Manufacturing,2025Q1,70982.0,696.0,40.26,5.31,58.32,31670.0,0.4726,0.22281,0
687,32,East,Salaried,Manufacturing,2024Q4,83294.0,721.0,67.06,32.72,52.92,234241.0,0.4402,0.48988,0
688,29,South,Business,Transport,2025Q1,107307.0,724.0,15.99,88.74,46.59,163213.0,0.3489,0.42704,0
689,51,West,Salaried,Manufacturing,2025Q1,78924.0,747.0,57.92,32.6,56.23,86714.0,0.3529,0.38298,0
690,34,North,Salaried,IT,2025Q2,66044.0,806.0,30.07,25.26,65.22,67699.0,0.3245,0.13733,0
691,49,South,Salaried,Transport,2025Q2,94478.0,737.0,32.65,70.71,66.27,136592.0,0.3631,0.48678,0
692,68,South,Salaried,Retail,2025Q4,100318.0,738.0,52.53,72.08,72.05,36277.0,0.3461,0.65757,0
693,63,South,Salaried,IT,2025Q2,108617.0,650.0,65.76,47.5,59.94,86410.0,0.3691,0.72332,0
694,58,North,Salaried,Retail,2025Q1,79108.0,823.0,52.97,90.22,90.59,47875.0,0.1738,0.6731,0
695,62,North,SelfEmployed,Construction,2024Q4,91879.0,684.0,56.55,23.24,67.27,377168.0,0.2732,0.47898,0
696,28,East,Salaried,Transport,2025Q2,99760.0,564.0,55.05,87.21,63.3,28262.0,0.5224,0.91462,0
697,68,South,Salaried,Construction,2025Q4,84547.0,585.0,29.26,73.0,42.65,60442.0,0.2709,0.68216,0
698,23,East,Salaried,Transport,2025Q4,112986.0,728.0,55.42,38.14,72.95,29550.0,0.3333,0.49677,0
699,22,North,Business,Transport,2025Q1,96285.0,640.0,57.07,77.62,73.16,123806.0,0.3753,0.84944,1
700,36,South,Salaried,IT,2025Q2,127072.0,713.0,42.0,16.99,72.08,123610.0,0.3294,0.30204,0
701,39,South,Salaried,Retail,2025Q2,102943.0,628.0,42.21,16.79,88.82,44874.0,0.2822,0.52394,0
702,50,North,Salaried,Transport,2025Q4,31832.0,727.0,55.58,88.69,81.96,30651.0,0.4605,0.80219,0
703,61,South,Salaried,Retail,2025Q2,70041.0,741.0,59.02,13.53,87.71,55823.0,0.2256,0.40041,0
704,36,North,Salaried,Transport,2025Q1,39554.0,720.0,30.23,5.37,43.27,44868.0,0.103,0.12269,0
705,51,North,Business,Retail,2024Q4,64029.0,672.0,58.09,40.01,57.5,76487.0,0.5046,0.58224,0
706,48,West,Salaried,Construction,2025Q1,70716.0,758.0,58.85,14.35,57.53,227257.0,0.1952,0.27301,0
707,24,South,SelfEmployed,IT,2025Q2,101718.0,688.0,24.05,82.67,76.14,116186.0,0.4369,0.62856,0
708,30,West,Salaried,Transport,2025Q1,69009.0,700.0,53.02,88.04,64.67,124420.0,0.3035,0.77981,0
709,65,South,Salaried,Healthcare,2025Q3,114855.0,682.0,21.19,48.42,82.76,72914.0,0.5303,0.43337,0
710,38,East,Business,Retail,2025Q3,63287.0,695.0,15.58,43.29,61.14,465326.0,0.3202,0.26989,0
711,67,West,Salaried,Retail,2025Q2,72788.0,813.0,44.47,53.51,52.19,79346.0,0.285,0.27919,0
712,52,East,Business,Healthcare,2025Q2,49007.0,710.0,64.52,25.36,56.0,121531.0,0.4565,0.45803,0
713,50,South,Salaried,IT,2024Q4,116114.0,640.0,12.13,31.82,50.04,157794.0,0.4988,0.24758,0
714,56,South,Business,Retail,2025Q1,119458.0,657.0,59.59,14.09,50.88,70560.0,0.5444,0.43665,0
715,29,South,Salaried,IT,2024Q4,76697.0,695.0,40.39,45.18,51.93,84561.0,0.05,0.41619,0
716,56,West,Salaried,Retail,2025Q2,42983.0,666.0,61.65,60.05,40.89,49075.0,0.1124,0.67565,0
717,49,West,Salaried,Manufacturing,2025Q2,74795.0,762.0,60.61,88.72,79.38,74058.0,0.2193,0.77368,0
718,36,West,Salaried,Retail,2025Q4,85804.0,632.0,62.52,71.52,61.98,203702.0,0.2159,0.83707,0
719,48,North,Salaried,Manufacturing,2024Q4,64128.0,703.0,56.13,70.08,41.25,165172.0,0.2908,0.62877,0
720,41,East,Salaried,Transport,2025Q2,138771.0,766.0,60.58,32.72,60.35,118336.0,0.3561,0.3813,0
721,67,West,Salaried,IT,2025Q3,125634.0,675.0,20.56,84.95,89.8,138304.0,0.373,0.68669,0
722,22,North,Salaried,Retail,2025Q4,36279.0,734.0,28.23,90.23,68.12,71239.0,0.4165,0.5869,0
723,66,North,SelfEmployed,Construction,2025Q1,51155.0,708.0,24.55,88.9,94.27,142019.0,0.2663,0.6923,0
724,55,East,Salaried,Construction,2025Q4,91468.0,708.0,54.55,8.49,69.7,65735.0,0.3392,0.33806,0
725,48,East,Salaried,Healthcare,2025Q1,53203.0,738.0,19.22,59.39,92.95,23309.0,0.3425,0.41348,0
726,56,West,Salaried,Construction,2025Q3,84573.0,608.0,20.93,62.89,51.1,263738.0,0.352,0.55099,0
727,51,North,Salaried,Manufacturing,2025Q1,80268.0,776.0,62.74,31.56,55.95,63387.0,0.2893,0.35452,0
728,53,West,Salaried,Construction,2024Q4,79011.0,606.0,52.35,94.32,78.5,152970.0,0.3755,0.91378,0
729,43,North,Salaried,Construction,2025Q1,105470.0,772.0,62.52,31.21,94.28,56731.0,0.2255,0.49755,0
730,61,North,Business,Construction,2025Q1,125185.0,734.0,18.36,24.5,85.39,11125.0,0.5565,0.20968,0
731,37,North,SelfEmployed,Retail,2025Q4,89902.0,736.0,33.94,48.57,70.45,69496.0,0.2445,0.3778,0
732,66,West,Salaried,Healthcare,2025Q3,49698.0,799.0,26.99,34.08,44.68,20147.0,0.3974,0.12364,0
733,69,East,Salaried,IT,2025Q1,83597.0,775.0,10.58,88.16,60.04,124089.0,0.3111,0.33657,0
734,21,South,Salaried,Healthcare,2024Q4,65396.0,755.0,27.07,44.61,44.75,62290.0,0.291,0.20757,0
735,62,South,Salaried,Manufacturing,2025Q4,129807.0,694.0,32.77,41.91,57.12,171649.0,0.1686,0.36297,0
736,43,West,Salaried,Retail,2025Q3,97329.0,690.0,15.53,61.33,54.23,86106.0,0.285,0.35238,0
737,68,South,Salaried,Transport,2025Q3,90063.0,756.0,43.99,12.3,61.37,35558.0,0.3209,0.19742,0
738,47,West,Salaried,Retail,2025Q2,96240.0,735.0,32.99,73.11,86.05,116875.0,0.2805,0.58148,0
739,45,South,Salaried,Construction,2024Q4,79041.0,727.0,12.79,74.16,48.27,24545.0,0.431,0.32062,0
740,52,South,Salaried,Construction,2025Q4,111301.0,707.0,52.24,47.66,56.83,58985.0,0.5506,0.51407,0
741,39,South,SelfEmployed,Manufacturing,2025Q4,65728.0,688.0,53.76,91.01,54.36,19836.0,0.3415,0.78632,0
742,44,South,Salaried,Transport,2024Q4,104001.0,634.0,60.07,57.14,56.29,93439.0,0.4114,0.75147,0
743,23,East,SelfEmployed,Retail,2025Q3,119800.0,745.0,39.13,67.57,59.83,86952.0,0.4987,0.47442,0
744,32,South,Business,Transport,2025Q1,59651.0,700.0,68.12,88.19,53.44,79881.0,0.2216,0.82489,0
745,55,North,Salaried,IT,2024Q4,88441.0,696.0,64.84,64.97,91.84,37983.0,0.5627,0.81393,0
746,35,West,Salaried,Healthcare,2025Q4,90414.0,610.0,43.08,43.86,63.11,188468.0,0.1917,0.63487,0
747,37,South,Salaried,Retail,2024Q4,53137.0,715.0,36.7,7.23,46.28,138150.0,0.3499,0.16179,0
748,52,South,Business,Transport,2025Q3,45775.0,635.0,10.18,70.55,65.72,86149.0,0.4309,0.5187,1
749,27,West,Business,IT,2025Q2,57100.0,686.0,52.66,91.84,50.14,48699.0,0.5355,0.77541,1
750,39,East,Salaried,IT,2025Q2,78698.0,754.0,43.9,47.32,51.89,57245.0,0.3488,0.34287,0
751,27,North,Salaried,Healthcare,2025Q1,90472.0,713.0,66.25,35.58,55.68,72349.0,0.3624,0.52607,0
752,25,West,SelfEmployed,IT,2025Q1,70759.0,704.0,45.65,51.73,46.86,33838.0,0.5456,0.45816,0
753,60,East,Salaried,Manufacturing,2025Q3,128266.0,670.0,69.57,70.56,79.66,132878.0,0.1696,0.85641,0
754,41,South,SelfEmployed,IT,2025Q1,105654.0,680.0,61.23,5.06,83.56,176581.0,0.2292,0.46946,0
755,68,North,Business,Transport,2025Q2,91317.0,797.0,67.22,84.85,61.69,241918.0,0.203,0.68685,0
756,68,West,Salaried,Manufacturing,2025Q3,69239.0,753.0,29.66,84.77,77.89,57493.0,0.2198,0.56327,0
757,67,East,Salaried,IT,2025Q3,81746.0,685.0,18.96,53.72,61.39,191777.0,0.2391,0.36724,0
758,27,South,Salaried,Construction,2025Q3,107539.0,704.0,57.81,16.01,49.02,200233.0,0.4979,0.33996,0
759,57,West,Salaried,IT,2024Q4,103000.0,724.0,57.17,65.46,61.84,46983.0,0.5324,0.64349,0
760,43,West,Salaried,Manufacturing,2025Q1,102730.0,734.0,22.69,17.41,70.63,36219.0,0.3957,0.16833,0
761,31,North,SelfEmployed,IT,2025Q4,72408.0,709.0,55.88,50.68,42.25,156470.0,0.4677,0.50201,0
762,30,South,Business,IT,2025Q2,66928.0,613.0,44.92,13.43,76.0,49813.0,0.4481,0.50553,0
763,41,North,Business,IT,2025Q1,44316.0,708.0,16.57,58.02,80.84,43751.0,0.3502,0.39988,0
764,61,East,Salaried,Manufacturing,2025Q2,93214.0,705.0,40.11,33.63,87.3,129501.0,0.4612,0.45364,0
765,53,North,SelfEmployed,IT,2025Q1,42037.0,823.0,65.87,79.79,45.65,27719.0,0.4409,0.54249,0
766,40,East,SelfEmployed,Healthcare,2025Q4,79612.0,850.0,40.39,77.0,40.01,53526.0,0.4276,0.27619,0
767,53,West,Salaried,Transport,2025Q2,69493.0,745.0,57.32,94.86,44.03,19834.0,0.3607,0.70871,0
768,60,West,Salaried,Healthcare,2025Q4,85562.0,673.0,11.73,28.18,90.83,40599.0,0.3725,0.29666,0
769,55,South,Salaried,Manufacturing,2025Q2,109139.0,747.0,53.68,10.56,82.11,46156.0,0.3297,0.31592,0
770,54,West,Business,Construction,2024Q4,113841.0,617.0,66.81,44.87,85.95,43254.0,0.1388,0.82958,0
771,56,North,Salaried,Healthcare,2024Q4,97560.0,681.0,39.97,12.51,68.44,54119.0,0.3423,0.30847,0
772,47,West,SelfEmployed,Transport,2025Q2,60894.0,621.0,30.26,21.06,68.97,17361.0,0.3565,0.40243,0
773,39,North,Salaried,Retail,2025Q2,79442.0,740.0,48.8,58.76,56.42,36149.0,0.2427,0.48923,0
774,63,South,SelfEmployed,Transport,2025Q4,58156.0,643.0,64.98,58.29,86.35,187476.0,0.2925,0.8395,0
775,25,West,Salaried,Healthcare,2025Q3,63645.0,694.0,20.61,8.9,85.64,90104.0,0.4341,0.20941,0
776,49,North,Salaried,Retail,2025Q2,92060.0,708.0,34.22,44.86,61.57,51090.0,0.4552,0.38016,0
777,30,North,Salaried,Manufacturing,2025Q1,55645.0,708.0,19.38,52.72,58.11,46223.0,0.1508,0.31082,0
778,60,East,Salaried,Transport,2025Q1,68640.0,684.0,39.8,29.12,80.61,124947.0,0.2665,0.4401,0
779,33,East,SelfEmployed,Construction,2025Q1,53255.0,729.0,42.43,83.48,41.44,77662.0,0.4455,0.56299,0
780,49,East,Salaried,Retail,2024Q4,96457.0,641.0,66.65,19.5,87.3,33341.0,0.1982,0.68317,0
781,25,East,Salaried,Retail,2025Q4,70986.0,806.0,34.75,27.85,64.54,50337.0,0.3344,0.16269,0
782,32,South,Salaried,Transport,2024Q4,24591.0,653.0,44.02,19.13,64.27,30768.0,0.2006,0.41044,0
783,33,South,Salaried,Healthcare,2025Q1,120841.0,712.0,63.12,15.49,76.8,45035.0,0.2433,0.4589,0
784,42,South,Salaried,Retail,2025Q2,105334.0,744.0,29.28,84.11,75.52,118132.0,0.3923,0.56439,0
785,60,North,Salaried,Manufacturing,2025Q1,29617.0,748.0,50.45,30.01,54.63,110122.0,0.4253,0.31061,0
786,35,West,Business,Transport,2025Q2,98371.0,753.0,55.43,70.03,91.88,150302.0,0.4757,0.70487,1
787,33,East,Salaried,Manufacturing,2025Q4,118067.0,622.0,29.83,43.52,94.25,80783.0,0.6856,0.62655,0
788,21,South,SelfEmployed,Transport,2025Q3,75339.0,660.0,19.86,62.23,68.93,25428.0,0.3273,0.50228,0
789,58,South,Business,Manufacturing,2025Q2,83726.0,717.0,40.17,88.54,70.88,30578.0,0.3334,0.69889,0
790,63,West,Salaried,Healthcare,2024Q4,72032.0,736.0,31.41,81.01,70.49,101911.0,0.5037,0.55804,0
791,65,North,Salaried,Transport,2025Q1,92993.0,779.0,25.99,11.21,66.72,78530.0,0.4851,0.1118,0
792,21,East,Salaried,Construction,2025Q1,105829.0,682.0,68.41,81.07,91.99,32486.0,0.4154,0.89137,1
793,31,South,Business,Healthcare,2025Q1,50223.0,660.0,40.13,45.66,53.46,57547.0,0.3038,0.4914,0
794,63,East,Business,Manufacturing,2025Q2,62346.0,680.0,61.39,36.51,45.94,276466.0,0.4389,0.52602,0
795,60,North,Salaried,Transport,2025Q4,82541.0,834.0,21.72,65.51,91.13,140380.0,0.2793,0.2854,0
796,42,West,SelfEmployed,Healthcare,2025Q2,87755.0,793.0,66.37,90.52,51.72,208779.0,0.2709,0.68773,1
797,55,West,Salaried,Manufacturing,2024Q4,90186.0,701.0,57.67,13.47,81.2,32034.0,0.3832,0.44508,0
798,64,East,Business,IT,2025Q1,75187.0,781.0,58.52,74.13,51.21,235455.0,0.5983,0.55767,1
799,26,East,Business,IT,2025Q2,57949.0,679.0,33.39,23.32,92.81,50811.0,0.3159,0.41302,0
800,48,West,Salaried,Retail,2025Q1,104632.0,762.0,39.14,39.21,83.51,219816.0,0.357,0.35598,0
801,51,East,Salaried,Construction,2024Q4,49459.0,634.0,45.6,83.64,90.53,93978.0,0.1609,0.8634,0
802,28,North,Salaried,IT,2025Q3,67693.0,730.0,57.39,54.12,92.3,113544.0,0.2414,0.67312,0
803,25,East,Salaried,Manufacturing,2025Q3,80445.0,766.0,60.94,11.07,44.64,118926.0,0.3936,0.22204,0
804,62,East,SelfEmployed,Healthcare,2025Q3,92128.0,692.0,14.68,50.72,63.84,78367.0,0.4075,0.31645,0
805,68,South,Salaried,Transport,2025Q1,72703.0,744.0,64.24,76.07,75.65,110020.0,0.5828,0.75283,0
806,64,East,Salaried,Healthcare,2025Q2,98827.0,679.0,66.25,52.6,84.14,35840.0,0.2244,0.7741,0
807,37,West,Salaried,Retail,2025Q1,111270.0,727.0,45.57,20.02,53.28,66819.0,0.3665,0.25987,0
808,58,West,Business,Healthcare,2025Q4,64429.0,684.0,21.21,45.05,90.3,126309.0,0.2956,0.43756,0
809,29,South,Salaried,IT,2025Q2,89789.0,755.0,59.1,88.19,52.15,78921.0,0.3841,0.6942,0
810,30,North,Salaried,Healthcare,2024Q4,86154.0,640.0,42.92,64.24,87.64,57209.0,0.2858,0.76573,1
811,40,West,Salaried,IT,2025Q3,71475.0,654.0,59.03,70.69,68.2,86131.0,0.1419,0.80657,1
812,34,West,Business,IT,2025Q2,32344.0,782.0,58.89,75.73,68.35,28147.0,0.427,0.62965,0
813,34,North,SelfEmployed,Construction,2025Q2,88855.0,575.0,15.2,13.16,60.57,152098.0,0.2609,0.30915,1
814,46,West,Salaried,Retail,2025Q3,91602.0,675.0,46.42,57.34,45.69,17064.0,0.3219,0.55318,0
815,49,West,Salaried,Manufacturing,2024Q4,107182.0,702.0,38.99,38.83,59.09,71864.0,0.3581,0.37974,0
816,69,South,Salaried,IT,2025Q1,71624.0,729.0,66.77,17.52,63.47,124510.0,0.3469,0.41529,0
817,47,East,Salaried,Transport,2025Q1,63323.0,684.0,27.8,23.24,66.35,77426.0,0.05,0.27697,0
818,45,South,Salaried,Retail,2025Q2,57136.0,648.0,22.36,75.3,80.65,52662.0,0.1589,0.6634,1
819,36,North,Business,Manufacturing,2025Q3,20000.0,777.0,63.83,19.53,59.36,157903.0,0.3167,0.30449,0
820,56,South,Salaried,Transport,2025Q4,69882.0,768.0,18.92,33.12,62.36,45150.0,0.6264,0.15286,0
821,54,West,SelfEmployed,Healthcare,2024Q4,149162.0,689.0,51.19,30.64,89.84,237826.0,0.238,0.55876,1
822,36,North,Salaried,Retail,2025Q1,111774.0,612.0,28.0,9.38,81.39,63138.0,0.3051,0.3783,0
823,53,South,SelfEmployed,Transport,2024Q4,55195.0,727.0,44.07,46.59,41.26,61593.0,0.5114,0.35231,0
824,23,South,SelfEmployed,Retail,2024Q4,67133.0,720.0,46.97,73.93,84.66,121745.0,0.4345,0.70423,0
825,43,South,Salaried,Retail,2024Q4,66974.0,673.0,35.04,6.99,94.45,58854.0,0.4008,0.34441,0
826,31,West,Salaried,Healthcare,2025Q3,114963.0,602.0,68.5,15.13,91.69,78213.0,0.3646,0.74814,0
827,68,South,Salaried,Healthcare,2025Q3,135613.0,695.0,17.91,69.82,85.98,109088.0,0.1216,0.52794,0
828,38,South,Salaried,Retail,2025Q3,82245.0,752.0,33.48,58.42,74.6,31015.0,0.1604,0.41748,0
829,67,East,Salaried,Transport,2025Q2,86592.0,760.0,35.82,69.37,55.3,112308.0,0.2401,0.41459,0
830,61,South,Salaried,Construction,2025Q3,93010.0,708.0,47.86,25.71,75.99,22351.0,0.3021,0.41532,0
831,64,North,Business,IT,2025Q2,79604.0,676.0,34.44,77.34,78.26,72468.0,0.4948,0.69736,0
832,49,South,Salaried,Healthcare,2025Q1,87050.0,750.0,15.82,48.19,55.49,56978.0,0.3539,0.19917,0
833,25,North,SelfEmployed,Construction,2025Q1,81204.0,647.0,66.85,59.93,54.04,29207.0,0.2736,0.7746,0
834,44,North,Salaried,Healthcare,2025Q1,91949.0,635.0,34.96,13.29,61.83,238950.0,0.3163,0.33735,0
835,49,South,SelfEmployed,Retail,2025Q1,29957.0,705.0,30.56,23.45,75.26,82221.0,0.5149,0.28721,0
836,49,South,Salaried,Construction,2025Q1,68013.0,795.0,36.8,74.6,56.12,46310.0,0.3653,0.38948,0
837,46,West,SelfEmployed,Transport,2025Q3,50415.0,797.0,23.0,25.15,70.56,80772.0,0.4301,0.13013,0
838,60,South,Salaried,Transport,2025Q4,97252.0,638.0,16.01,13.33,89.46,416969.0,0.2919,0.30054,0
839,23,East,Salaried,Manufacturing,2025Q3,60360.0,686.0,18.91,58.75,56.23,36433.0,0.1187,0.37566,0
840,22,East,Salaried,IT,2025Q4,40878.0,844.0,20.0,54.31,93.13,115910.0,0.4285,0.21481,0
841,45,North,Salaried,IT,2025Q3,35290.0,672.0,21.86,59.71,66.03,38554.0,0.3887,0.46555,0
842,39,East,Salaried,Healthcare,2025Q1,91234.0,799.0,35.2,60.65,45.55,102500.0,0.4661,0.26167,0
843,60,North,Salaried,IT,2024Q4,56781.0,764.0,47.43,50.02,43.03,46102.0,0.3601,0.33391,0
844,22,West,Salaried,Manufacturing,2025Q4,76545.0,775.0,47.73,49.44,58.63,65219.0,0.6404,0.36434,0
845,39,North,SelfEmployed,Transport,2024Q4,119572.0,685.0,10.01,88.17,54.23,81692.0,0.237,0.48356,0
846,21,South,Salaried,Construction,2025Q1,89380.0,687.0,65.26,53.05,86.4,184249.0,0.2195,0.76552,0
847,47,North,Salaried,Construction,2025Q4,67247.0,660.0,59.37,60.56,80.57,26063.0,0.328,0.78989,0
848,65,West,SelfEmployed,Transport,2024Q4,50621.0,754.0,67.84,29.03,88.65,240329.0,0.3146,0.53968,0
849,69,South,Salaried,Retail,2025Q3,90874.0,620.0,31.6,83.4,72.41,19096.0,0.3266,0.77888,0
850,55,East,Salaried,Transport,2025Q1,76772.0,701.0,49.89,7.19,63.95,91983.0,0.3382,0.29476,0
851,61,North,Salaried,Construction,2025Q3,94465.0,800.0,20.08,55.15,54.88,76287.0,0.3114,0.18321,0
852,25,East,Business,Healthcare,2025Q3,20409.0,743.0,59.02,39.55,72.07,66707.0,0.2846,0.4997,0
853,58,North,SelfEmployed,Manufacturing,2025Q1,108436.0,765.0,19.68,59.35,73.99,75011.0,0.2311,0.30216,0
854,24,West,SelfEmployed,Transport,2025Q4,37180.0,620.0,29.56,37.42,61.61,105375.0,0.4167,0.47246,0
855,37,North,Salaried,Retail,2025Q2,67896.0,655.0,39.45,69.59,91.51,101033.0,0.493,0.76013,0
856,41,North,SelfEmployed,Healthcare,2025Q2,114750.0,775.0,45.67,6.83,75.2,64494.0,0.7454,0.19276,1
857,68,North,Salaried,Transport,2025Q1,24160.0,717.0,43.58,41.53,86.06,119645.0,0.3943,0.50029,1
858,51,South,Salaried,Healthcare,2025Q2,77830.0,653.0,16.13,79.81,74.12,62273.0,0.4855,0.615,0
859,68,East,Salaried,Transport,2024Q4,73131.0,744.0,35.3,27.52,57.41,78074.0,0.376,0.22313,0
860,42,North,Salaried,Healthcare,2025Q4,79281.0,681.0,65.37,9.75,80.51,164464.0,0.4347,0.51684,0
861,31,West,Salaried,IT,2025Q3,88905.0,850.0,62.34,49.69,52.66,167823.0,0.3413,0.31128,0
862,54,South,Salaried,Healthcare,2025Q3,80377.0,743.0,45.45,92.89,72.81,152275.0,0.3154,0.71793,0
863,69,South,Salaried,IT,2025Q1,46500.0,659.0,44.34,10.77,62.13,35685.0,0.3216,0.34467,0
864,35,South,Salaried,Construction,2025Q3,82433.0,758.0,16.7,11.31,48.24,98559.0,0.5776,0.07868,0
865,30,South,SelfEmployed,IT,2024Q4,79542.0,799.0,22.02,58.56,62.73,101017.0,0.5639,0.22704,0
866,58,East,Salaried,Healthcare,2024Q4,78495.0,710.0,25.16,27.51,57.07,252036.0,0.2495,0.21772,0
867,52,North,SelfEmployed,Manufacturing,2025Q1,132150.0,668.0,39.29,41.92,46.17,127389.0,0.41,0.42,0
868,68,North,Salaried,Manufacturing,2025Q3,113436.0,712.0,53.88,79.75,85.31,47149.0,0.3186,0.78419,0
869,51,West,SelfEmployed,Construction,2025Q2,125679.0,676.0,37.64,22.9,67.42,55981.0,0.5652,0.35496,0
870,57,West,Salaried,Healthcare,2025Q2,88602.0,696.0,17.56,69.74,59.05,12336.0,0.2076,0.42305,0
871,64,South,Salaried,IT,2025Q4,124633.0,634.0,36.36,50.4,67.77,69286.0,0.4866,0.59835,0
872,48,South,Salaried,Manufacturing,2025Q1,58600.0,758.0,19.76,86.45,81.5,56473.0,0.362,0.50283,0
873,51,East,Salaried,Transport,2025Q4,71019.0,647.0,55.07,92.57,41.01,50652.0,0.1274,0.81862,0
874,26,South,SelfEmployed,Retail,2025Q2,65496.0,743.0,19.99,48.65,70.07,42373.0,0.5806,0.27276,0
875,34,North,Salaried,Healthcare,2025Q2,67603.0,693.0,38.95,57.62,66.35,214478.0,0.1423,0.53945,0
876,43,North,Salaried,Transport,2025Q2,81033.0,722.0,51.6,72.13,89.12,11143.0,0.2276,0.73302,0
877,36,East,SelfEmployed,Transport,2025Q4,85099.0,684.0,23.69,33.68,70.58,30085.0,0.2008,0.31872,0
878,45,East,Salaried,Healthcare,2025Q1,90775.0,721.0,14.56,25.41,47.55,388746.0,0.5062,0.13227,0
879,59,North,Salaried,Retail,2024Q4,123616.0,734.0,43.8,91.82,61.38,145635.0,0.2768,0.68131,0
880,22,North,Salaried,Manufacturing,2024Q4,41884.0,691.0,13.25,43.94,74.16,90592.0,0.2104,0.30634,0
881,58,North,Salaried,Retail,2025Q2,49869.0,615.0,45.27,5.14,42.53,72890.0,0.4236,0.33302,0
882,61,East,Salaried,Construction,2025Q1,20000.0,729.0,55.21,80.39,88.66,48551.0,0.217,0.78035,0
883,59,North,Salaried,IT,2025Q1,58951.0,731.0,29.76,58.97,43.73,29926.0,0.4059,0.32541,0
884,54,North,Business,IT,2025Q3,68896.0,631.0,39.3,20.17,41.68,94594.0,0.3938,0.345,0
885,60,West,Salaried,Transport,2025Q3,62539.0,656.0,65.73,7.71,40.11,127999.0,0.3804,0.40563,0
886,63,North,Salaried,Manufacturing,2025Q4,51526.0,691.0,38.27,31.23,77.61,45021.0,0.1163,0.41726,0
887,45,East,Salaried,Retail,2025Q3,82227.0,584.0,69.79,88.51,65.08,20501.0,0.4895,0.93776,1
888,56,North,Business,Transport,2025Q4,70333.0,749.0,19.42,89.01,45.65,116457.0,0.5259,0.40163,0
889,36,North,SelfEmployed,Healthcare,2024Q4,57882.0,683.0,52.54,32.99,87.09,125827.0,0.4639,0.58475,1
890,38,North,Salaried,Transport,2025Q2,83776.0,726.0,49.16,80.23,51.15,130920.0,0.4412,0.63201,0
891,33,East,SelfEmployed,Healthcare,2025Q1,65670.0,652.0,62.34,44.77,57.95,65450.0,0.3294,0.67829,0
892,57,West,Salaried,Healthcare,2024Q4,108913.0,821.0,15.55,63.89,49.77,16140.0,0.5572,0.16011,0
893,47,West,Salaried,Construction,2024Q4,75909.0,632.0,26.81,35.1,90.97,31020.0,0.1838,0.52286,0
894,54,South,Salaried,Construction,2025Q4,71251.0,683.0,17.93,51.44,81.69,179891.0,0.0778,0.42277,0
895,31,East,Salaried,Healthcare,2025Q2,86539.0,776.0,65.99,31.44,79.82,28413.0,0.4997,0.46387,0
896,21,North,Salaried,Manufacturing,2025Q4,29855.0,647.0,35.6,10.5,42.42,119368.0,0.1396,0.24834,0
897,33,South,Business,Construction,2024Q4,110339.0,715.0,64.6,17.54,68.75,35779.0,0.4819,0.44717,0
898,50,West,Salaried,Construction,2025Q1,99622.0,744.0,27.66,31.16,71.65,33346.0,0.1797,0.23647,0
899,25,North,Business,IT,2025Q3,60173.0,627.0,17.58,92.86,61.04,262529.0,0.4269,0.70003,1
900,38,North,Salaried,Transport,2025Q4,51734.0,673.0,27.79,91.91,57.7,269414.0,0.2612,0.67066,0
901,34,North,Salaried,IT,2024Q4,54750.0,720.0,45.83,79.49,86.86,81983.0,0.3972,0.73132,0
902,33,North,Salaried,Manufacturing,2025Q3,44751.0,735.0,60.71,25.93,41.27,52092.0,0.5194,0.33383,0
903,52,North,Salaried,Construction,2025Q3,37582.0,665.0,33.12,44.74,74.39,150608.0,0.2495,0.50251,0
904,27,East,Salaried,Construction,2024Q4,43940.0,811.0,64.89,44.58,61.68,24204.0,0.5488,0.40049,0
905,28,South,Salaried,Retail,2025Q2,20000.0,736.0,24.65,39.83,76.63,170777.0,0.3521,0.28763,0
906,27,West,Salaried,Manufacturing,2024Q4,70910.0,753.0,51.61,9.04,50.89,300845.0,0.364,0.20035,0
907,69,West,Salaried,Transport,2025Q1,76586.0,749.0,54.14,53.11,53.13,109806.0,0.4923,0.4633,0
908,36,South,SelfEmployed,Transport,2025Q3,112027.0,624.0,26.44,11.55,72.28,32404.0,0.5076,0.32607,0
909,63,South,Salaried,Transport,2025Q1,104677.0,704.0,11.62,77.17,93.9,212611.0,0.3421,0.53912,1
910,51,South,Salaried,Manufacturing,2025Q4,61650.0,709.0,31.91,67.22,93.61,91028.0,0.166,0.61518,0
911,47,East,Salaried,Retail,2025Q3,73809.0,696.0,12.71,36.75,53.69,66288.0,0.356,0.20381,0
912,53,South,Business,Retail,2025Q2,107577.0,721.0,64.05,63.24,45.63,37112.0,0.1695,0.62611,0
913,49,East,SelfEmployed,IT,2024Q4,68787.0,594.0,67.21,25.97,72.47,32930.0,0.3394,0.75025,0
914,28,South,Salaried,Manufacturing,2025Q4,84265.0,717.0,54.12,28.87,63.1,163959.0,0.3078,0.41475,0
915,53,East,Salaried,Manufacturing,2025Q1,64851.0,693.0,53.6,33.27,81.89,69333.0,0.1769,0.55519,0
916,61,South,Salaried,Retail,2025Q4,80981.0,594.0,24.45,76.73,69.04,68827.0,0.2439,0.73857,1
917,39,South,Business,Healthcare,2025Q2,82092.0,733.0,14.44,23.96,68.08,79878.0,0.5033,0.15284,0
918,41,West,Salaried,Healthcare,2024Q4,71277.0,645.0,58.13,55.65,75.56,18645.0,0.3112,0.76996,1
919,61,West,Salaried,IT,2025Q4,106648.0,689.0,43.55,23.04,46.95,72011.0,0.295,0.30455,1
920,41,North,Salaried,Healthcare,2025Q1,58392.0,696.0,50.9,30.65,77.24,72799.0,0.4145,0.49596,0
921,45,West,Salaried,Healthcare,2025Q4,82883.0,608.0,56.78,26.19,66.87,208273.0,0.5467,0.64418,0
922,62,South,Business,Healthcare,2024Q4,124588.0,615.0,34.57,63.05,85.11,130527.0,0.28,0.74516,0
923,43,West,Salaried,Construction,2025Q4,87782.0,740.0,18.67,52.41,47.63,31258.0,0.4904,0.22527,0
924,31,West,Salaried,IT,2025Q1,60087.0,677.0,57.7,69.92,56.54,55526.0,0.3498,0.73356,0
925,53,South,Salaried,Retail,2024Q4,88688.0,688.0,37.23,24.79,92.26,152116.0,0.5818,0.42886,1
926,40,North,SelfEmployed,Healthcare,2025Q2,140801.0,714.0,59.62,5.82,70.42,29381.0,0.478,0.34939,0
927,45,South,SelfEmployed,Transport,2025Q2,80981.0,613.0,36.26,66.25,91.11,239714.0,0.3062,0.78656,0
928,46,South,Salaried,Construction,2025Q3,99841.0,688.0,23.02,15.34,77.9,71085.0,0.3833,0.23901,0
929,60,East,Salaried,Healthcare,2025Q4,80130.0,704.0,20.26,27.17,90.95,106441.0,0.2538,0.29317,0
930,32,South,SelfEmployed,Construction,2025Q1,86886.0,807.0,54.64,32.51,57.48,53673.0,0.3695,0.2607,1
931,52,North,Salaried,IT,2025Q4,78044.0,659.0,44.49,72.21,44.98,53160.0,0.2507,0.65469,0
932,53,West,Salaried,Transport,2024Q4,54549.0,753.0,34.28,61.33,84.12,38358.0,0.2673,0.47409,0
933,30,West,Salaried,Transport,2025Q3,89349.0,710.0,39.53,21.58,84.25,214436.0,0.4905,0.35661,0
934,24,South,Business,Transport,2025Q1,49425.0,648.0,42.98,58.81,74.04,110662.0,0.3774,0.68779,0
935,35,North,Salaried,Healthcare,2025Q4,72189.0,675.0,24.36,68.73,71.88,37179.0,0.3936,0.55624,0
936,26,South,SelfEmployed,Construction,2025Q1,127792.0,758.0,32.69,40.0,90.32,119836.0,0.2904,0.3485,0
937,47,North,Salaried,Transport,2024Q4,78201.0,753.0,27.54,27.14,49.71,141257.0,0.3129,0.15822,0
938,25,West,Salaried,Manufacturing,2025Q3,56919.0,681.0,33.31,66.11,73.91,155909.0,0.3073,0.60095,1
939,25,North,Salaried,Manufacturing,2025Q1,86022.0,729.0,40.03,59.98,42.74,89054.0,0.2793,0.4038,0
940,38,East,Salaried,Construction,2024Q4,66160.0,653.0,20.4,12.01,47.75,82429.0,0.2747,0.18315,0
941,48,South,Salaried,Healthcare,2025Q2,82715.0,700.0,33.61,65.0,64.05,38101.0,0.2462,0.52293,0
942,55,East,Salaried,Healthcare,2025Q1,50586.0,686.0,33.13,48.97,85.17,185749.0,0.1842,0.52612,0
943,42,East,Salaried,IT,2025Q3,99492.0,761.0,27.16,72.8,80.32,116622.0,0.3409,0.46251,0
944,54,West,SelfEmployed,IT,2025Q1,83116.0,735.0,69.91,22.16,93.57,146127.0,0.2358,0.56743,1
945,24,North,Business,Transport,2025Q1,54953.0,673.0,14.42,28.24,42.47,19575.0,0.5493,0.18138,0
946,38,North,Salaried,Retail,2024Q4,88993.0,678.0,48.58,53.9,60.97,142858.0,0.1895,0.59701,0
947,61,North,Salaried,IT,2025Q4,128379.0,708.0,20.47,48.36,48.73,74425.0,0.3015,0.26633,0
948,46,West,Salaried,Healthcare,2025Q4,60103.0,701.0,60.37,39.77,42.03,130528.0,0.4381,0.48174,0
949,62,West,Salaried,Retail,2025Q1,98941.0,695.0,64.85,72.14,54.54,31617.0,0.093,0.75218,0
950,42,East,SelfEmployed,IT,2025Q3,90448.0,691.0,34.09,55.83,53.45,260203.0,0.4429,0.4489,0
951,67,East,Salaried,Construction,2025Q3,90082.0,786.0,59.41,68.92,63.1,46333.0,0.2511,0.56588,0
952,53,East,Salaried,Manufacturing,2024Q4,102506.0,685.0,24.99,18.79,47.7,163776.0,0.2203,0.19063,0
953,63,North,SelfEmployed,IT,2025Q1,73075.0,726.0,18.4,70.61,66.87,63368.0,0.4202,0.40334,0
954,34,West,Salaried,IT,2025Q1,83808.0,843.0,28.95,46.54,90.61,267054.0,0.4339,0.22186,0
955,51,South,Salaried,Construction,2025Q4,82456.0,663.0,30.5,8.04,81.15,90075.0,0.2173,0.29436,0
956,30,South,Salaried,Healthcare,2024Q4,58607.0,721.0,33.84,26.1,86.32,273571.0,0.3098,0.33134,0
957,44,South,Salaried,Transport,2025Q2,91470.0,723.0,32.38,7.32,84.26,69633.0,0.495,0.21936,0
958,41,North,Salaried,Construction,2025Q3,70939.0,709.0,34.67,46.12,61.43,33557.0,0.2967,0.38683,0
959,68,North,SelfEmployed,Transport,2025Q3,125755.0,712.0,52.6,34.33,78.99,89975.0,0.2295,0.50577,0
960,28,East,SelfEmployed,IT,2025Q1,67304.0,662.0,24.73,93.87,81.48,66619.0,0.3351,0.75358,0
961,52,North,Salaried,Healthcare,2024Q4,46992.0,730.0,11.11,83.17,51.31,47912.0,0.3388,0.36455,0
962,51,East,Business,Retail,2025Q2,108010.0,609.0,39.38,79.31,87.31,174592.0,0.3189,0.84583,0
963,54,North,Salaried,IT,2025Q3,61394.0,809.0,36.9,50.1,65.18,28363.0,0.4039,0.26232,0
964,43,South,SelfEmployed,Construction,2024Q4,49668.0,804.0,13.6,77.64,40.9,278758.0,0.2727,0.20243,0
965,45,South,Salaried,Retail,2025Q2,89688.0,692.0,18.03,29.02,75.39,64247.0,0.4257,0.26153,1
966,27,South,SelfEmployed,Manufacturing,2025Q1,113312.0,768.0,40.6,55.46,77.22,28185.0,0.3057,0.43042,1
967,39,East,Business,Retail,2025Q4,98434.0,694.0,24.09,40.36,70.35,96074.0,0.1772,0.33982,1
968,27,South,Salaried,Construction,2025Q3,65706.0,711.0,62.66,20.42,51.68,83111.0,0.5407,0.39679,0
969,67,East,Business,Retail,2025Q3,83214.0,673.0,20.4,11.54,66.53,65667.0,0.165,0.20066,0
970,28,South,SelfEmployed,Construction,2025Q2,72816.0,755.0,11.21,55.24,62.01,47056.0,0.4494,0.21528,1
971,34,East,SelfEmployed,IT,2025Q4,121521.0,678.0,36.85,13.79,93.61,183479.0,0.3306,0.38466,0
972,21,West,Salaried,Healthcare,2024Q4,69067.0,753.0,69.17,69.62,85.36,106678.0,0.3525,0.76323,0
973,33,East,SelfEmployed,Manufacturing,2025Q1,82475.0,708.0,48.03,87.93,81.9,52053.0,0.2454,0.7869,0
974,23,North,SelfEmployed,Healthcare,2024Q4,84231.0,709.0,31.24,19.59,49.96,96641.0,0.2917,0.19845,1
975,48,North,Salaried,Healthcare,2025Q2,50995.0,628.0,11.01,47.38,58.21,42362.0,0.4455,0.36918,0
976,58,South,Business,Healthcare,2025Q3,75177.0,713.0,39.1,71.49,60.88,145071.0,0.2169,0.56638,0
977,35,East,Salaried,Construction,2025Q3,75585.0,647.0,22.39,30.82,67.09,317339.0,0.2897,0.3481,0
978,56,North,Salaried,Construction,2024Q4,114421.0,713.0,48.87,87.87,41.66,158731.0,0.4768,0.66385,0
979,23,South,Salaried,Manufacturing,2025Q1,84879.0,817.0,44.98,84.96,72.62,46056.0,0.2797,0.53225,0
980,24,East,Salaried,Construction,2025Q2,70542.0,634.0,25.91,14.34,59.68,37288.0,0.3534,0.2814,0
981,25,South,Salaried,Transport,2025Q1,76372.0,702.0,14.13,7.47,70.89,78370.0,0.3633,0.13689,0
982,46,West,Salaried,Construction,2025Q2,78326.0,675.0,55.3,92.88,40.49,23704.0,0.2456,0.78382,0
983,45,North,Business,Construction,2025Q1,79027.0,653.0,45.13,91.08,57.68,138755.0,0.4008,0.798,1
984,30,North,Salaried,Construction,2024Q4,103186.0,666.0,60.53,43.01,82.28,116542.0,0.3412,0.70956,0
985,28,East,Salaried,IT,2025Q4,104468.0,791.0,25.59,9.55,67.56,65683.0,0.2539,0.09909,0
986,32,South,Salaried,Manufacturing,2025Q2,55232.0,806.0,49.17,60.7,83.39,59693.0,0.4259,0.47487,0
987,23,East,Salaried,Transport,2024Q4,106699.0,652.0,17.12,31.41,78.44,67684.0,0.3674,0.3443,0
988,47,South,Business,Construction,2025Q3,98784.0,732.0,27.51,89.31,87.02,218219.0,0.3416,0.64721,0
989,43,North,Salaried,Manufacturing,2025Q3,78682.0,659.0,49.39,76.52,40.41,55054.0,0.3127,0.69535,0
990,60,West,SelfEmployed,Retail,2025Q1,43151.0,673.0,59.53,63.46,54.37,31661.0,0.1741,0.71232,0
991,53,West,Salaried,IT,2025Q3,85316.0,597.0,29.26,30.61,70.18,42309.0,0.3316,0.50431,0
992,34,East,Salaried,Construction,2025Q4,71151.0,827.0,57.93,68.11,91.76,146178.0,0.0834,0.57423,0
993,43,South,Salaried,Transport,2025Q2,93872.0,770.0,50.67,31.03,77.39,37327.0,0.4386,0.35278,0
994,51,East,Salaried,IT,2025Q1,96165.0,674.0,30.92,8.39,65.11,169229.0,0.2114,0.23518,0
995,33,South,Salaried,Transport,2025Q2,112977.0,726.0,62.58,50.76,47.16,63509.0,0.4147,0.53706,0
996,32,North,Salaried,IT,2025Q2,53470.0,688.0,40.55,48.98,67.13,20838.0,0.1817,0.51101,0
997,55,West,Salaried,Retail,2024Q4,133459.0,762.0,48.89,73.67,64.26,123510.0,0.1945,0.56864,0
998,38,North,SelfEmployed,Manufacturing,2025Q3,102382.0,691.0,39.74,82.91,82.81,60479.0,0.261,0.74598,0
999,41,West,Salaried,IT,2025Q2,97856.0,699.0,37.16,36.9,62.73,94854.0,0.5737,0.37383,0
1000,65,South,Salaried,Healthcare,2025Q4,127910.0,674.0,60.88,45.45,57.54,47275.0,0.2977,0.63112,0
1001,67,North,Salaried,Retail,2025Q4,87946.0,743.0,27.68,47.34,44.93,173105.0,0.5511,0.23906,0
1002,62,South,Salaried,Healthcare,2025Q3,105841.0,832.0,12.2,34.18,42.56,99904.0,0.4056,0.06337,0
1003,21,West,SelfEmployed,Retail,2025Q3,84244.0,694.0,62.79,71.9,64.15,333191.0,0.3189,0.76649,0
1004,58,East,Salaried,Healthcare,2025Q1,101020.0,694.0,59.5,51.99,59.08,120256.0,0.3708,0.62739,1
1005,61,West,Salaried,Healthcare,2025Q1,109040.0,709.0,31.99,87.26,70.54,62135.0,0.3901,0.65258,0
1006,62,East,Business,Transport,2025Q1,106473.0,724.0,21.13,63.53,79.16,39929.0,0.4033,0.42919,0
1007,67,East,Salaried,IT,2025Q3,42200.0,694.0,50.53,24.07,42.2,27117.0,0.509,0.33232,0
1008,29,West,Salaried,IT,2025Q2,69655.0,688.0,14.73,19.83,67.29,66827.0,0.3604,0.1884,0
1009,43,North,Salaried,Retail,2024Q4,109295.0,715.0,35.43,38.51,87.41,68673.0,0.4236,0.43056,0
1010,34,South,Salaried,Manufacturing,2025Q1,92453.0,614.0,15.15,36.22,65.03,222724.0,0.5849,0.3837,0
1011,31,North,SelfEmployed,Transport,2024Q4,78764.0,680.0,45.87,41.64,68.67,54839.0,0.1617,0.52701,0
1012,27,West,SelfEmployed,IT,2025Q4,92691.0,600.0,11.63,21.52,66.77,148790.0,0.3361,0.3077,1
1013,51,West,Business,IT,2025Q3,52408.0,683.0,47.75,93.04,61.44,67865.0,0.4461,0.78868,0
1014,44,North,Salaried,Transport,2025Q4,99662.0,658.0,50.39,18.11,46.06,274935.0,0.1837,0.37583,0
1015,46,East,Salaried,Construction,2025Q1,89286.0,744.0,39.23,63.74,46.95,24436.0,0.2335,0.40581,0
1016,50,West,SelfEmployed,Transport,2025Q2,82131.0,670.0,20.5,6.18,49.85,188421.0,0.2372,0.1494,0
1017,54,North,Salaried,IT,2025Q1,75527.0,690.0,16.08,41.63,83.59,51570.0,0.396,0.34476,0
1018,66,East,Salaried,Manufacturing,2024Q4,85776.0,592.0,28.8,32.83,55.14,136502.0,0.4131,0.46924,0
1019,58,West,Salaried,Construction,2025Q1,73143.0,766.0,37.91,39.38,92.15,219748.0,0.2441,0.37151,0
1020,25,North,Salaried,Healthcare,2025Q2,71903.0,650.0,48.53,49.83,84.56,57191.0,0.4014,0.70434,0
1021,25,East,Salaried,Transport,2025Q2,124722.0,683.0,10.08,59.03,77.65,33949.0,0.2722,0.39537,0
1022,39,South,SelfEmployed,Healthcare,2025Q3,40337.0,753.0,52.66,57.52,79.62,31724.0,0.5007,0.57194,0
1023,58,West,SelfEmployed,Construction,2025Q3,40851.0,753.0,52.76,61.76,42.62,40225.0,0.4114,0.46065,0
1024,48,West,Salaried,Construction,2025Q2,99538.0,649.0,36.67,81.01,71.26,13355.0,0.4382,0.75084,0
1025,46,West,Salaried,Construction,2025Q2,49507.0,739.0,30.6,84.8,91.76,62361.0,0.5407,0.64629,0
1026,62,South,Salaried,Retail,2024Q4,29912.0,647.0,60.54,71.35,42.15,115249.0,0.4331,0.76091,1
1027,43,West,SelfEmployed,Transport,2025Q1,105357.0,723.0,57.08,12.1,56.01,86872.0,0.2816,0.30423,0
1028,66,West,Salaried,Manufacturing,2025Q3,111502.0,667.0,69.0,91.52,42.83,56127.0,0.3649,0.85388,0
1029,69,South,SelfEmployed,Manufacturing,2024Q4,47299.0,654.0,32.32,90.27,71.34,39308.0,0.1926,0.76184,0
1030,50,West,Salaried,Healthcare,2025Q1,35117.0,712.0,64.41,69.05,46.39,49037.0,0.2176,0.68113,0
1031,23,North,Salaried,Healthcare,2025Q3,49531.0,670.0,15.24,51.57,66.36,89197.0,0.4215,0.37292,0
1032,48,East,Salaried,Healthcare,2024Q4,62502.0,821.0,34.69,27.56,79.6,130311.0,0.5508,0.17585,0
1033,53,North,SelfEmployed,Transport,2025Q4,127848.0,676.0,37.92,73.07,49.04,25675.0,0.4788,0.59675,0
1034,62,North,Salaried,IT,2025Q4,69256.0,644.0,36.45,84.01,81.55,81647.0,0.391,0.79599,0
1035,23,North,Salaried,Healthcare,2025Q3,100796.0,661.0,47.51,64.87,43.31,88040.0,0.1696,0.62528,0
1036,25,East,Salaried,Construction,2024Q4,98044.0,709.0,20.21,61.62,48.23,37781.0,0.3662,0.33134,0
1037,39,South,SelfEmployed,Healthcare,2025Q1,113061.0,716.0,61.99,22.37,55.41,107243.0,0.2293,0.40629,1
1038,62,East,SelfEmployed,Construction,2025Q1,64350.0,727.0,43.11,37.2,83.79,140564.0,0.3967,0.44123,0
1039,68,North,Salaried,Retail,2024Q4,79745.0,760.0,64.25,70.08,86.76,49067.0,0.1911,0.73105,0
1040,21,South,SelfEmployed,IT,2025Q4,74520.0,618.0,10.16,6.52,52.12,39870.0,0.3696,0.16865,0
1041,58,South,Salaried,IT,2024Q4,93450.0,763.0,47.8,62.71,45.27,330666.0,0.2879,0.4206,0
1042,29,West,Salaried,Transport,2025Q4,110397.0,660.0,34.75,74.0,86.64,128070.0,0.3602,0.73382,0
1043,25,South,Salaried,Transport,2025Q4,134460.0,732.0,40.31,35.12,75.72,82938.0,0.2863,0.36965,0
1044,66,East,Salaried,Manufacturing,2025Q1,70234.0,805.0,54.63,11.86,48.68,45616.0,0.1622,0.15818,0
1045,62,West,SelfEmployed,Retail,2025Q3,83535.0,666.0,23.63,78.72,70.67,42577.0,0.4729,0.62439,0
1046,54,East,SelfEmployed,Transport,2025Q2,101668.0,664.0,22.29,17.77,87.98,109226.0,0.3144,0.31478,0
1047,57,North,Salaried,Construction,2024Q4,95294.0,654.0,52.18,38.37,43.82,41119.0,0.2981,0.51318,1
1048,53,North,Salaried,Retail,2025Q4,122877.0,691.0,41.28,68.65,44.6,39893.0,0.3333,0.54799,0
1049,45,West,SelfEmployed,IT,2024Q4,77303.0,780.0,24.02,78.53,55.05,66539.0,0.2713,0.34813,0
1050,62,North,Business,Construction,2025Q3,70064.0,649.0,39.04,82.61,75.87,114324.0,0.271,0.7833,0
1051,49,West,Salaried,Retail,2025Q3,114407.0,683.0,37.57,52.74,49.79,251397.0,0.5225,0.45754,0
1052,45,South,Business,IT,2025Q2,87576.0,764.0,51.49,47.83,84.9,86534.0,0.3599,0.50112,0
1053,29,West,Salaried,Transport,2025Q2,93506.0,744.0,10.16,81.35,81.27,41147.0,0.2975,0.42631,1
1054,23,West,Salaried,Construction,2025Q4,78183.0,683.0,45.21,55.68,70.86,60633.0,0.1508,0.61083,0
1055,35,West,SelfEmployed,Construction,2025Q2,103177.0,698.0,46.34,57.08,46.38,182205.0,0.2885,0.50644,0
1056,24,South,Salaried,IT,2025Q4,58373.0,760.0,54.73,44.06,94.35,169771.0,0.2335,0.5438,0
1057,65,West,Salaried,Construction,2025Q1,68543.0,797.0,63.35,38.55,66.95,175072.0,0.2995,0.39957,0
1058,58,South,Salaried,Transport,2025Q4,20000.0,804.0,36.41,48.25,64.86,148683.0,0.5323,0.2579,0
1059,40,South,SelfEmployed,Transport,2025Q2,64311.0,786.0,30.55,37.84,94.76,279252.0,0.5219,0.28837,0
1060,69,East,SelfEmployed,Transport,2024Q4,103289.0,673.0,16.14,35.92,87.51,84558.0,0.3187,0.35656,1
1061,43,West,Salaried,IT,2025Q2,81160.0,810.0,30.21,94.43,65.1,123771.0,0.2675,0.46589,0
1062,57,West,Salaried,Healthcare,2025Q3,56902.0,669.0,14.11,35.26,63.03,41580.0,0.4193,0.26803,0
1063,67,West,Salaried,Healthcare,2025Q2,115737.0,619.0,58.17,28.07,45.28,86084.0,0.4842,0.56772,0
1064,28,South,Salaried,Construction,2025Q1,83463.0,716.0,58.42,36.85,90.96,88507.0,0.3174,0.60082,1
1065,57,South,Salaried,Transport,2025Q4,122344.0,791.0,35.03,58.17,86.41,127015.0,0.5925,0.39457,1
1066,65,East,SelfEmployed,Construction,2025Q3,101417.0,746.0,25.58,86.99,57.05,47215.0,0.2851,0.48147,0
1067,53,North,Salaried,IT,2025Q4,84705.0,706.0,17.08,75.91,81.43,24450.0,0.3071,0.521,0
1068,53,North,Salaried,Construction,2025Q4,125875.0,726.0,61.07,80.8,81.95,48701.0,0.3311,0.79792,0
1069,27,South,Salaried,Manufacturing,2025Q2,70633.0,739.0,62.65,82.31,52.54,153778.0,0.3095,0.71324,0
1070,42,South,Salaried,Healthcare,2024Q4,52628.0,718.0,25.98,87.85,73.75,63034.0,0.212,0.60751,1
1071,25,South,Business,Construction,2025Q3,119984.0,694.0,47.31,26.16,54.03,101578.0,0.4427,0.36203,0
1072,66,North,Salaried,Construction,2025Q1,95113.0,669.0,25.52,46.25,83.44,48099.0,0.3156,0.47988,0
1073,35,North,Salaried,Retail,2025Q1,114845.0,716.0,23.51,39.67,48.46,151521.0,0.6084,0.23048,0
1074,41,North,Salaried,Construction,2024Q4,102034.0,703.0,11.27,39.37,76.79,67911.0,0.4427,0.25887,0
1075,45,West,Salaried,Manufacturing,2024Q4,121087.0,710.0,44.63,63.71,57.93,67247.0,0.3889,0.55451,1
1076,37,South,Salaried,Healthcare,2025Q2,67212.0,768.0,19.0,41.16,41.99,185215.0,0.582,0.14046,0
1077,27,South,Salaried,Retail,2025Q1,75284.0,696.0,10.74,60.47,46.8,220481.0,0.4362,0.28192,0
1078,39,East,Salaried,IT,2025Q3,75021.0,699.0,16.29,39.41,76.02,187798.0,0.4321,0.29437,0
1079,27,North,Salaried,IT,2024Q4,75358.0,720.0,28.83,33.0,53.2,58132.0,0.2699,0.23581,0
1080,60,West,Salaried,Healthcare,2024Q4,40824.0,850.0,50.15,36.78,74.71,48225.0,0.3213,0.23949,0
1081,65,West,Salaried,IT,2024Q4,84086.0,650.0,22.16,77.34,62.82,38630.0,0.4696,0.60846,0
1082,44,North,Business,Manufacturing,2025Q3,99777.0,770.0,63.26,59.09,78.1,25791.0,0.4473,0.61919,0
1083,31,South,Salaried,Construction,2025Q1,62987.0,694.0,27.31,92.66,67.11,38063.0,0.2778,0.66686,0
1084,61,West,Salaried,Healthcare,2025Q3,57158.0,707.0,29.87,79.94,56.97,40373.0,0.6304,0.54886,0
1085,21,West,Salaried,Retail,2025Q3,76601.0,638.0,23.08,48.72,48.02,30234.0,0.3255,0.40806,0
1086,52,South,Salaried,Construction,2025Q2,99614.0,813.0,25.23,26.81,58.76,25285.0,0.4906,0.10921,0
1087,60,East,SelfEmployed,IT,2024Q4,53108.0,722.0,14.45,65.65,74.92,29362.0,0.3814,0.3824,0
1088,64,North,Salaried,IT,2025Q1,138382.0,746.0,27.69,70.4,80.73,70565.0,0.4047,0.48289,0
1089,22,West,SelfEmployed,Retail,2025Q2,47521.0,628.0,61.58,46.78,48.82,99554.0,0.3092,0.69603,0
1090,35,North,Salaried,Manufacturing,2025Q2,65732.0,675.0,51.31,25.69,76.53,93582.0,0.3743,0.50803,0
1091,41,West,Salaried,Retail,2025Q4,108352.0,733.0,62.52,55.15,49.86,50759.0,0.1641,0.55988,0
1092,44,East,SelfEmployed,Healthcare,2024Q4,104188.0,701.0,16.29,27.84,52.2,57290.0,0.4825,0.17635,0
1093,37,East,Salaried,Retail,2025Q1,102000.0,735.0,37.34,89.6,69.22,94570.0,0.4402,0.65065,0
1094,67,South,Salaried,IT,2025Q1,62864.0,826.0,23.76,61.6,55.91,83677.0,0.5736,0.1956,0
1095,29,North,Salaried,Manufacturing,2025Q1,67608.0,738.0,53.27,31.27,76.39,108362.0,0.3592,0.43139,0
1096,55,North,SelfEmployed,Manufacturing,2024Q4,58590.0,685.0,68.21,24.42,92.57,37284.0,0.2307,0.65989,1
1097,40,North,Salaried,Transport,2025Q1,71995.0,674.0,58.92,69.51,48.19,246160.0,0.5296,0.71803,1
1098,39,North,SelfEmployed,Retail,2025Q3,89569.0,668.0,12.12,68.7,71.38,113777.0,0.3183,0.47713,0
1099,38,West,Salaried,Healthcare,2025Q3,58468.0,686.0,29.0,58.74,90.78,123002.0,0.05,0.5765,0
1100,40,South,SelfEmployed,IT,2024Q4,36295.0,689.0,11.71,60.29,49.71,34800.0,0.4102,0.30872,0
1101,50,North,Salaried,Construction,2025Q1,109230.0,717.0,12.41,59.35,60.18,34240.0,0.4624,0.29449,0
1102,60,West,SelfEmployed,Manufacturing,2025Q4,75496.0,739.0,14.77,37.41,46.8,44885.0,0.4964,0.15032,0
1103,21,West,Salaried,Retail,2025Q4,98702.0,734.0,26.58,89.37,75.31,122502.0,0.2418,0.5962,0
1104,44,West,Business,Transport,2025Q4,72271.0,717.0,28.25,48.14,76.8,32533.0,0.4112,0.3929,0
1105,44,West,Salaried,Healthcare,2025Q3,93570.0,721.0,34.03,6.83,76.53,99963.0,0.4196,0.20932,0
1106,67,North,Salaried,Healthcare,2025Q4,138155.0,849.0,34.3,36.35,69.82,203013.0,0.4241,0.15307,0
1107,39,South,Salaried,IT,2025Q1,51418.0,670.0,56.28,16.73,81.04,44582.0,0.2781,0.51505,1
1108,50,West,Salaried,Manufacturing,2025Q1,60552.0,708.0,18.48,37.7,41.97,37967.0,0.3926,0.192,0
1109,46,East,Salaried,IT,2025Q4,57482.0,612.0,19.46,59.74,92.66,43837.0,0.4842,0.66217,1
1110,62,North,Business,Transport,2025Q2,132604.0,689.0,47.6,7.04,52.22,65193.0,0.1244,0.26416,0
1111,64,West,Business,Construction,2025Q4,79548.0,661.0,44.3,83.32,46.69,142222.0,0.3483,0.71664,0
1112,58,North,Salaried,Construction,2025Q2,102187.0,670.0,19.24,59.93,91.76,148465.0,0.4703,0.5481,0
1113,49,North,Business,Construction,2024Q4,20000.0,645.0,61.14,31.58,85.67,127913.0,0.5436,0.70067,0
1114,33,South,Salaried,Healthcare,2024Q4,89361.0,636.0,29.74,33.01,82.07,18758.0,0.5359,0.49087,0
1115,24,East,Salaried,Manufacturing,2025Q1,70980.0,717.0,32.02,46.91,45.76,64139.0,0.4634,0.30702,0
1116,65,East,SelfEmployed,IT,2025Q3,114715.0,749.0,35.23,27.33,84.41,39436.0,0.5741,0.29187,0
1117,37,North,Salaried,IT,2025Q1,96469.0,668.0,29.36,5.39,73.5,97053.0,0.4671,0.24556,0
1118,53,West,Business,Transport,2025Q1,69507.0,598.0,43.45,7.39,80.25,137314.0,0.071,0.50105,0
1119,25,South,Salaried,Construction,2025Q3,119495.0,716.0,33.32,37.2,93.79,51565.0,0.296,0.42739,1
1120,48,North,Salaried,Manufacturing,2025Q1,121791.0,736.0,25.57,16.18,50.69,280663.0,0.5212,0.13533,0
1121,44,West,Salaried,Manufacturing,2025Q3,117642.0,747.0,64.27,7.01,67.74,38782.0,0.2888,0.31931,0
1122,37,West,Salaried,Transport,2025Q1,99062.0,654.0,28.5,82.33,81.43,106127.0,0.506,0.7319,1
1123,59,West,Salaried,Retail,2024Q4,73068.0,677.0,51.91,29.67,63.85,328116.0,0.4429,0.48587,0
1124,68,West,Business,Manufacturing,2025Q2,85802.0,649.0,30.83,50.28,43.01,139059.0,0.576,0.43425,0
1125,60,East,SelfEmployed,Manufacturing,2025Q1,69582.0,669.0,36.11,21.15,46.13,110873.0,0.2981,0.27874,0
1126,64,East,SelfEmployed,IT,2025Q2,85533.0,667.0,24.16,9.21,73.12,64907.0,0.1297,0.23488,0
1127,66,North,Salaried,Transport,2025Q4,65134.0,682.0,55.14,72.04,55.68,112199.0,0.3246,0.718,0
1128,31,South,Salaried,Manufacturing,2025Q1,75758.0,696.0,54.23,16.25,47.58,49689.0,0.1792,0.32684,0
1129,32,South,Salaried,Manufacturing,2024Q4,133589.0,716.0,11.33,7.31,58.69,161069.0,0.2946,0.09734,0
1130,33,South,Salaried,IT,2025Q3,87774.0,663.0,13.61,57.85,51.05,44050.0,0.05,0.3572,0
1131,28,East,Salaried,Manufacturing,2024Q4,69253.0,702.0,65.34,6.21,41.32,61458.0,0.352,0.31363,0
1132,21,South,SelfEmployed,IT,2025Q2,52494.0,660.0,63.33,44.27,48.35,40636.0,0.402,0.63432,0
1133,29,North,Salaried,Retail,2025Q3,77505.0,613.0,40.37,31.0,88.57,57501.0,0.409,0.62403,1
1134,48,North,Salaried,Healthcare,2024Q4,98634.0,740.0,39.6,33.75,40.66,53073.0,0.4687,0.23574,0
1135,22,East,Salaried,IT,2024Q4,83418.0,674.0,58.75,5.35,82.56,17828.0,0.3887,0.46162,0
1136,34,North,Salaried,IT,2024Q4,78651.0,615.0,18.31,91.79,81.44,74859.0,0.2724,0.77698,0
1137,33,West,Salaried,Manufacturing,2025Q3,90639.0,741.0,49.22,51.53,71.03,52111.0,0.5004,0.50092,0
1138,68,South,Business,IT,2024Q4,89857.0,696.0,38.56,56.53,51.46,29242.0,0.4356,0.46811,1
1139,22,South,Salaried,Transport,2024Q4,97632.0,735.0,54.6,64.95,88.29,45290.0,0.3421,0.69146,0
1140,24,East,SelfEmployed,Construction,2025Q2,98298.0,733.0,11.81,76.78,66.13,94196.0,0.3371,0.37789,0
1141,32,West,Salaried,Construction,2024Q4,77786.0,650.0,45.56,59.71,49.53,21126.0,0.2754,0.62343,0
1142,68,South,Salaried,Retail,2024Q4,76535.0,761.0,43.4,73.6,63.6,65351.0,0.5052,0.52662,0
1143,30,East,Salaried,IT,2025Q4,80021.0,609.0,60.45,45.39,50.72,163065.0,0.3546,0.71817,0
1144,23,East,SelfEmployed,Transport,2025Q3,94007.0,688.0,50.61,38.41,60.68,54030.0,0.456,0.49591,0
1145,24,South,SelfEmployed,Manufacturing,2025Q4,108029.0,685.0,62.81,79.08,67.32,203556.0,0.1103,0.81683,0
1146,26,West,Salaried,Manufacturing,2025Q2,71578.0,667.0,63.24,82.88,59.79,155293.0,0.3676,0.83585,1
1147,43,West,Salaried,Healthcare,2025Q4,75907.0,777.0,34.49,17.4,76.14,94355.0,0.3843,0.18129,0
1148,25,East,Salaried,Retail,2025Q1,59664.0,727.0,18.25,53.84,91.48,71905.0,0.2099,0.39006,0
1149,23,West,Salaried,Transport,2025Q3,42619.0,633.0,47.82,66.53,59.15,73476.0,0.2611,0.73585,0
1150,30,West,Business,Transport,2024Q4,49054.0,641.0,62.42,12.52,59.57,103048.0,0.4403,0.51381,1
1151,63,East,Salaried,Manufacturing,2025Q4,54907.0,828.0,14.5,88.66,80.61,296345.0,0.4227,0.33911,0
1152,39,West,Salaried,Healthcare,2025Q4,63356.0,684.0,43.48,51.81,69.18,103840.0,0.386,0.56637,0
1153,34,East,Salaried,Manufacturing,2024Q4,91497.0,666.0,16.9,63.09,63.59,207302.0,0.5063,0.45223,0
1154,41,East,Salaried,Healthcare,2024Q4,53217.0,774.0,11.62,21.04,84.76,32489.0,0.4189,0.12534,0
1155,63,East,Salaried,Construction,2025Q2,80442.0,612.0,50.78,28.8,89.01,50102.0,0.5187,0.68576,0
1156,48,West,Salaried,Transport,2025Q4,100946.0,786.0,50.91,15.89,72.48,73986.0,0.2414,0.23533,0
1157,41,North,SelfEmployed,Construction,2025Q4,59254.0,666.0,46.04,28.76,50.18,187300.0,0.3788,0.40708,0
1158,56,West,SelfEmployed,Manufacturing,2025Q1,67703.0,738.0,61.55,49.32,65.65,20867.0,0.3618,0.56405,0
1159,44,West,Salaried,Retail,2025Q1,46999.0,684.0,14.85,80.03,67.74,604664.0,0.2045,0.52325,0
1160,58,North,SelfEmployed,IT,2025Q4,56187.0,623.0,16.32,53.04,63.77,73115.0,0.5631,0.47119,0
1161,37,West,Salaried,Retail,2025Q1,114248.0,720.0,61.87,27.0,54.43,166808.0,0.2952,0.42292,0
1162,42,North,Salaried,Retail,2025Q4,92625.0,762.0,40.2,9.02,65.98,72314.0,0.3969,0.17135,0
1163,39,South,Salaried,IT,2025Q3,133739.0,581.0,26.38,60.98,64.56,41317.0,0.2914,0.67648,0
1164,65,East,Salaried,Transport,2025Q2,61575.0,646.0,54.29,42.81,51.52,242641.0,0.4867,0.59878,1
1165,30,North,Salaried,Construction,2025Q1,117711.0,778.0,63.66,93.59,89.69,63875.0,0.3194,0.81312,0
1166,31,West,Salaried,Construction,2025Q4,61779.0,732.0,51.38,75.18,88.69,44025.0,0.3186,0.73031,1
1167,58,West,Salaried,Transport,2025Q1,67471.0,736.0,57.52,77.75,81.78,95727.0,0.3526,0.75247,1
1168,22,South,Business,IT,2025Q2,148058.0,761.0,26.95,6.1,62.05,110996.0,0.3601,0.10931,0
1169,53,North,Salaried,Healthcare,2025Q3,59124.0,736.0,27.33,75.0,60.37,92447.0,0.2842,0.45376,1
1170,63,South,Salaried,Retail,2024Q4,119667.0,718.0,61.85,22.52,79.41,97870.0,0.2574,0.49113,0
1171,51,East,Salaried,Manufacturing,2024Q4,79200.0,771.0,46.89,57.72,73.45,95463.0,0.2853,0.47013,0
1172,68,West,Salaried,Construction,2025Q1,53077.0,689.0,24.05,45.27,73.03,173372.0,0.3314,0.38706,0
1173,55,East,Salaried,Transport,2025Q4,44233.0,709.0,41.45,56.44,46.83,76086.0,0.3826,0.44628,0
1174,57,South,SelfEmployed,Manufacturing,2025Q2,82630.0,755.0,51.15,17.01,74.01,46457.0,0.3012,0.29453,0
1175,67,East,Salaried,IT,2025Q3,51912.0,668.0,23.11,46.12,89.6,121262.0,0.2134,0.48675,0
1176,67,South,Salaried,Manufacturing,2025Q3,72611.0,788.0,49.29,8.33,44.72,13028.0,0.205,0.13597,0
1177,56,West,Salaried,Manufacturing,2025Q3,32387.0,726.0,12.53,8.69,58.65,111459.0,0.2404,0.09663,0
1178,43,North,Salaried,Retail,2024Q4,88860.0,647.0,28.22,64.2,68.0,210083.0,0.3897,0.59797,0
1179,56,West,Salaried,IT,2025Q2,41439.0,699.0,50.44,90.65,77.73,124677.0,0.4552,0.81009,1
1180,60,South,Salaried,Manufacturing,2024Q4,78498.0,634.0,18.96,74.97,44.93,24050.0,0.2175,0.5366,0
1181,59,West,Salaried,Construction,2025Q1,45405.0,715.0,23.33,47.22,88.0,200727.0,0.401,0.39719,0
1182,46,South,Salaried,IT,2025Q3,110647.0,689.0,62.75,10.03,42.23,49682.0,0.3945,0.34371,0
1183,45,East,Salaried,Construction,2025Q2,27252.0,662.0,50.46,9.05,87.17,84082.0,0.5702,0.46211,0
1184,37,West,Business,Transport,2025Q3,72926.0,612.0,39.94,19.21,41.52,180478.0,0.6288,0.37857,0
1185,35,North,Salaried,Transport,2024Q4,93985.0,666.0,22.65,92.82,48.44,47453.0,0.4774,0.62134,0
1186,57,West,SelfEmployed,Healthcare,2024Q4,88972.0,700.0,30.48,40.88,84.02,80601.0,0.4345,0.42464,0
1187,65,East,SelfEmployed,Transport,2024Q4,48829.0,690.0,44.46,80.91,87.31,29350.0,0.4139,0.77726,0
1188,24,North,Salaried,Manufacturing,2025Q3,36506.0,632.0,19.32,68.46,94.02,64192.0,0.2622,0.67839,0
1189,42,South,Salaried,IT,2025Q2,99535.0,711.0,38.9,59.49,46.36,32314.0,0.2127,0.44038,0
1190,37,East,Salaried,Transport,2025Q2,76908.0,656.0,34.54,90.3,68.95,102572.0,0.163,0.76526,0
1191,42,North,Salaried,Construction,2025Q1,53207.0,761.0,38.6,25.74,44.24,26497.0,0.3689,0.17939,0
1192,37,East,Salaried,Manufacturing,2025Q3,100445.0,769.0,16.33,45.94,48.6,68681.0,0.2598,0.15672,0
1193,34,South,SelfEmployed,Transport,2025Q1,65932.0,696.0,16.39,82.83,49.6,49170.0,0.4453,0.45993,0
1194,34,East,Business,Retail,2025Q1,63565.0,797.0,67.85,54.66,43.49,44311.0,0.2151,0.44538,0
1195,37,North,Salaried,Construction,2025Q1,58333.0,702.0,68.76,27.18,89.11,158048.0,0.3804,0.63671,0
1196,28,West,Salaried,Construction,2025Q1,61014.0,638.0,35.57,23.8,46.95,34481.0,0.2584,0.34493,0
1197,54,West,Salaried,Healthcare,2024Q4,60113.0,775.0,57.34,72.76,74.61,50013.0,0.1846,0.63573,0
1198,46,West,SelfEmployed,Retail,2025Q1,88208.0,799.0,49.35,6.15,74.42,83651.0,0.2524,0.17657,0
1199,65,East,Salaried,Healthcare,2025Q2,118766.0,765.0,17.02,87.28,50.93,114661.0,0.2723,0.36323,0
1200,50,North,Salaried,Transport,2025Q1,45082.0,668.0,27.8,6.66,94.91,20654.0,0.3475,0.30582,0
1201,42,West,SelfEmployed,Retail,2024Q4,71475.0,642.0,28.82,61.79,59.11,64542.0,0.2775,0.5645,1
1202,36,North,Salaried,Construction,2025Q4,75899.0,691.0,45.75,59.43,89.78,124203.0,0.2388,0.68545,0
1203,50,North,Business,Healthcare,2025Q4,91614.0,846.0,44.8,57.06,92.16,234374.0,0.2538,0.37358,0
1204,36,South,Salaried,Manufacturing,2025Q4,104708.0,645.0,65.41,47.69,92.19,74780.0,0.05,0.81387,0
1205,58,South,Salaried,Retail,2025Q3,76016.0,755.0,57.4,81.72,81.41,27435.0,0.3045,0.73981,0
1206,44,West,Business,Construction,2025Q2,64073.0,705.0,61.41,64.34,53.96,72475.0,0.3541,0.67281,0
1207,56,East,Salaried,IT,2024Q4,94452.0,762.0,63.47,75.37,46.64,52202.0,0.2994,0.6207,0
1208,55,South,Salaried,Retail,2025Q4,38998.0,641.0,58.08,15.4,71.34,92789.0,0.3738,0.54284,0
1209,26,South,Salaried,Retail,2024Q4,26400.0,696.0,29.97,9.49,59.8,265272.0,0.4658,0.19205,0
1210,24,West,Salaried,Transport,2024Q4,144759.0,661.0,22.9,7.57,85.71,32188.0,0.4771,0.26444,0
1211,38,South,Salaried,Manufacturing,2025Q3,59803.0,664.0,44.31,18.25,80.97,157602.0,0.4673,0.44772,0
1212,26,South,Salaried,Transport,2025Q4,69657.0,751.0,51.37,65.03,55.21,137609.0,0.2761,0.52272,0
1213,46,North,Salaried,Retail,2025Q1,93595.0,648.0,33.19,49.46,40.94,115622.0,0.2385,0.43999,0
1214,57,West,Salaried,Retail,2024Q4,88675.0,726.0,60.9,72.7,53.05,87841.0,0.2827,0.67542,0
1215,47,East,SelfEmployed,Manufacturing,2025Q4,102131.0,713.0,67.63,22.26,71.19,312453.0,0.4224,0.51218,1
1216,61,North,SelfEmployed,Manufacturing,2024Q4,103441.0,658.0,44.16,38.03,44.34,180444.0,0.3874,0.44533,1
1217,31,North,Salaried,Healthcare,2025Q3,43939.0,669.0,37.4,84.96,76.2,48594.0,0.2585,0.75651,0
1218,58,East,Salaried,Construction,2025Q3,111732.0,728.0,60.57,89.21,76.94,75690.0,0.4792,0.81378,0
1219,36,East,Salaried,Construction,2025Q1,92768.0,709.0,11.46,87.96,49.32,34213.0,0.217,0.42883,0
1220,39,South,Salaried,Healthcare,2025Q3,89450.0,712.0,17.74,78.65,72.8,193166.0,0.2873,0.49838,0
1221,63,West,SelfEmployed,Construction,2025Q4,90563.0,697.0,60.74,66.94,73.38,75588.0,0.3751,0.75377,0
1222,35,North,SelfEmployed,Retail,2025Q3,24193.0,694.0,53.92,87.23,66.29,19010.0,0.45,0.79308,1
1223,46,South,Salaried,Healthcare,2025Q1,74752.0,709.0,34.97,69.28,92.43,13095.0,0.489,0.64494,0
1224,61,West,Salaried,Healthcare,2025Q2,55836.0,789.0,63.33,90.85,45.95,49479.0,0.3866,0.6564,0
1225,51,South,Salaried,Construction,2024Q4,52235.0,739.0,31.09,7.23,62.36,40551.0,0.2015,0.1463,0
1226,39,East,Salaried,IT,2024Q4,67803.0,703.0,48.03,87.95,88.56,53626.0,0.4771,0.80932,0
1227,44,South,Salaried,Construction,2025Q4,100636.0,650.0,48.06,55.02,61.25,63268.0,0.225,0.65293,1
1228,29,South,Business,Transport,2025Q1,87180.0,687.0,21.06,15.06,63.36,181214.0,0.2925,0.19202,0
1229,43,West,SelfEmployed,IT,2025Q1,90937.0,659.0,27.09,24.34,76.76,198263.0,0.2318,0.35378,0
1230,24,South,Salaried,Healthcare,2025Q1,68842.0,666.0,64.96,81.69,76.61,349069.0,0.3391,0.8711,0
1231,30,West,Salaried,IT,2024Q4,89407.0,607.0,21.0,50.55,41.26,241795.0,0.2275,0.43925,0
1232,29,North,Business,Retail,2025Q3,75024.0,709.0,20.41,93.45,65.06,113630.0,0.4067,0.58654,0
1233,39,North,Salaried,Manufacturing,2024Q4,103728.0,824.0,38.78,15.58,58.34,27414.0,0.3998,0.11286,0
1234,35,North,Salaried,IT,2024Q4,97391.0,721.0,15.53,42.13,74.52,128215.0,0.4405,0.2632,0
1235,54,East,Salaried,Transport,2024Q4,83995.0,750.0,63.68,34.87,70.56,24236.0,0.3842,0.48511,0
1236,62,South,SelfEmployed,Manufacturing,2025Q3,59968.0,763.0,16.01,51.45,75.8,92242.0,0.3768,0.24997,0
1237,39,West,Salaried,Retail,2025Q2,86825.0,694.0,46.99,62.01,75.96,25803.0,0.2323,0.65601,0
1238,69,South,Salaried,Transport,2025Q4,86061.0,698.0,30.39,64.55,54.02,284830.0,0.2686,0.46313,0
1239,41,West,SelfEmployed,Manufacturing,2025Q2,82983.0,633.0,58.26,5.12,53.56,95696.0,0.3378,0.42885,0
1240,54,North,SelfEmployed,Retail,2025Q2,68103.0,721.0,45.39,13.01,60.37,63309.0,0.3479,0.25458,0
1241,37,West,Business,Manufacturing,2024Q4,63636.0,713.0,33.3,8.16,53.31,53324.0,0.3099,0.16768,0
1242,38,West,Salaried,Manufacturing,2025Q2,88059.0,663.0,69.03,82.81,77.55,71346.0,0.4168,0.89104,0
1243,37,West,Salaried,Construction,2024Q4,58558.0,773.0,13.97,33.2,73.16,43959.0,0.628,0.14946,0
1244,22,West,SelfEmployed,Transport,2024Q4,73706.0,667.0,44.67,38.04,51.9,58123.0,0.3986,0.45789,0
1245,21,West,SelfEmployed,Transport,2025Q4,94672.0,850.0,69.37,45.53,88.63,17981.0,0.2695,0.46231,0
1246,63,East,Salaried,IT,2025Q1,91037.0,732.0,51.46,81.44,65.34,38384.0,0.4438,0.69044,1
1247,30,North,Salaried,Transport,2024Q4,51068.0,709.0,54.39,6.27,46.99,32415.0,0.2752,0.25406,0
1248,57,North,SelfEmployed,Transport,2025Q2,87463.0,817.0,11.93,15.68,51.71,105313.0,0.3925,0.05177,0
1249,68,West,SelfEmployed,Manufacturing,2025Q4,130797.0,584.0,11.28,66.66,69.69,74864.0,0.4069,0.61656,0
1250,25,East,Salaried,Healthcare,2025Q2,96890.0,694.0,12.17,91.75,58.61,134138.0,0.3777,0.52096,0
1251,32,West,Salaried,Construction,2025Q1,73135.0,686.0,69.5,62.85,86.82,54469.0,0.2788,0.8277,1
1252,56,South,Salaried,IT,2025Q3,112687.0,700.0,68.77,28.5,67.21,79155.0,0.359,0.57041,0
1253,51,North,Salaried,Construction,2025Q1,134980.0,722.0,30.07,51.79,90.34,17617.0,0.2897,0.46815,0
1254,58,North,Salaried,IT,2025Q4,101584.0,698.0,27.46,92.75,45.6,138364.0,0.2891,0.58398,0
1255,29,East,Salaried,Retail,2025Q1,36711.0,787.0,18.76,52.53,76.77,177483.0,0.152,0.23704,0
1256,64,South,Salaried,Manufacturing,2025Q1,95420.0,734.0,29.75,38.62,88.72,115340.0,0.3352,0.35825,0
1257,46,North,Salaried,Transport,2025Q4,113720.0,737.0,32.21,39.51,56.11,39483.0,0.6098,0.26947,0
1258,35,South,Salaried,Transport,2025Q4,28402.0,735.0,54.9,92.03,47.46,107767.0,0.05,0.70604,0
1259,36,North,SelfEmployed,Healthcare,2025Q2,103428.0,639.0,61.98,69.7,65.12,82689.0,0.0831,0.82714,0
1260,33,East,Salaried,Construction,2024Q4,74922.0,721.0,54.8,66.85,92.87,18542.0,0.3569,0.73875,0
1261,45,South,Salaried,Construction,2025Q3,112886.0,723.0,48.79,25.88,74.84,174352.0,0.4401,0.3892,0
1262,50,West,SelfEmployed,Construction,2025Q3,78221.0,648.0,55.95,55.35,75.42,34641.0,0.1886,0.75184,0
1263,27,South,Salaried,Transport,2025Q3,88581.0,759.0,54.31,37.11,76.93,109378.0,0.3759,0.43564,0
1264,24,South,Business,Construction,2025Q1,89000.0,598.0,38.54,26.62,42.19,74599.0,0.3306,0.44302,0
1265,63,North,SelfEmployed,Manufacturing,2025Q4,97853.0,849.0,30.15,85.6,64.51,187838.0,0.2777,0.33705,0
1266,60,North,Salaried,IT,2025Q4,91178.0,708.0,26.97,39.48,44.27,39952.0,0.3958,0.24911,0
1267,58,South,Business,Transport,2025Q4,57523.0,663.0,50.76,30.45,57.37,51332.0,0.2291,0.48528,0
1268,50,South,Salaried,Manufacturing,2024Q4,73422.0,744.0,67.56,88.85,85.19,118473.0,0.4721,0.84213,0
1269,30,East,Salaried,Retail,2025Q4,79835.0,744.0,44.86,22.76,76.09,48136.0,0.1204,0.31021,0
1270,50,South,Salaried,Manufacturing,2025Q4,110759.0,823.0,64.75,72.1,94.76,198040.0,0.3401,0.66507,0
1271,59,East,Salaried,Manufacturing,2025Q1,92108.0,808.0,10.85,63.75,49.47,43042.0,0.3629,0.1541,0
1272,27,West,Business,Retail,2025Q2,63560.0,637.0,57.67,87.84,61.84,110394.0,0.33,0.86516,0
1273,56,West,Salaried,Manufacturing,2025Q3,57008.0,695.0,61.22,79.88,84.53,72922.0,0.2885,0.83758,0
1274,55,North,Salaried,IT,2025Q1,96369.0,660.0,47.86,68.48,51.86,46163.0,0.4255,0.67828,0
1275,44,South,Salaried,Transport,2025Q1,68129.0,751.0,66.04,33.31,48.45,183916.0,0.301,0.4096,0
1276,59,North,Salaried,Healthcare,2025Q1,98830.0,788.0,45.39,49.6,63.52,34993.0,0.1679,0.34345,0
1277,56,North,Salaried,Retail,2025Q3,78605.0,638.0,24.43,90.0,61.1,106083.0,0.268,0.71073,0
1278,65,West,Salaried,Transport,2025Q1,116503.0,707.0,22.94,7.09,93.91,12736.0,0.3615,0.21789,1
1279,40,North,SelfEmployed,Construction,2025Q2,61575.0,675.0,43.35,76.49,65.09,91673.0,0.2843,0.70831,0
1280,69,South,Salaried,IT,2025Q4,115969.0,756.0,64.39,27.66,87.35,172060.0,0.311,0.49549,0
1281,52,East,SelfEmployed,Healthcare,2025Q2,104587.0,733.0,14.34,21.65,88.84,65896.0,0.4428,0.18907,0
1282,59,East,Salaried,IT,2025Q4,68990.0,775.0,46.26,25.9,48.68,84845.0,0.2784,0.20888,0
1283,69,East,SelfEmployed,IT,2025Q4,58042.0,687.0,56.19,10.38,79.34,241391.0,0.3386,0.43548,0
1284,46,North,SelfEmployed,Construction,2025Q1,128192.0,704.0,16.92,94.28,55.27,153303.0,0.3265,0.54116,0
1285,46,South,Salaried,Healthcare,2025Q1,57434.0,732.0,17.01,83.29,45.21,15396.0,0.4789,0.38158,0
1286,56,South,Salaried,IT,2025Q3,87660.0,695.0,31.97,51.9,88.11,49954.0,0.3558,0.52929,0
1287,63,North,SelfEmployed,Construction,2024Q4,88634.0,726.0,26.43,69.36,56.08,59835.0,0.4461,0.415,0
1288,55,South,Salaried,Retail,2025Q2,80250.0,780.0,21.9,55.09,59.0,91003.0,0.2636,0.228,0
1289,63,North,Business,Construction,2025Q3,99534.0,827.0,21.92,78.04,57.82,69936.0,0.5604,0.26061,0
1290,55,North,Salaried,Manufacturing,2025Q3,56736.0,683.0,17.84,81.03,51.02,50688.0,0.4497,0.49026,0
1291,32,South,Salaried,Transport,2025Q2,128327.0,828.0,46.65,25.95,63.9,48418.0,0.549,0.17974,0
1292,53,North,Salaried,Construction,2025Q2,59387.0,682.0,51.29,46.38,63.56,26704.0,0.3739,0.57259,0
1293,56,East,Business,Construction,2025Q4,76402.0,758.0,52.18,62.14,62.48,36090.0,0.2773,0.52338,0
1294,34,East,Salaried,Construction,2024Q4,44046.0,683.0,41.94,93.06,90.4,131721.0,0.3227,0.82895,0
1295,53,West,SelfEmployed,IT,2025Q1,106153.0,653.0,67.17,66.44,58.69,35110.0,0.3752,0.80684,1
1296,66,North,SelfEmployed,Healthcare,2024Q4,127203.0,777.0,62.83,85.79,41.67,41707.0,0.3736,0.63104,0
1297,65,North,Salaried,Construction,2024Q4,130204.0,707.0,67.46,81.15,49.81,26355.0,0.3009,0.77579,1
1298,65,North,Salaried,Construction,2025Q1,108368.0,781.0,33.33,57.39,79.68,95692.0,0.3483,0.37396,0
1299,44,East,SelfEmployed,Manufacturing,2024Q4,70721.0,751.0,62.67,85.43,72.5,143212.0,0.3806,0.76715,1
1300,35,East,Salaried,Manufacturing,2025Q3,80043.0,733.0,55.77,38.97,92.35,165063.0,0.2523,0.5675,0
1301,51,North,SelfEmployed,Retail,2025Q3,71927.0,740.0,30.4,39.14,78.19,55688.0,0.3058,0.31881,0
1302,37,West,Salaried,Retail,2025Q1,49671.0,770.0,16.4,75.29,50.68,69897.0,0.5105,0.284,0
1303,32,North,Salaried,Manufacturing,2025Q1,72613.0,761.0,50.96,17.11,46.64,74618.0,0.494,0.20888,0
1304,42,South,SelfEmployed,Healthcare,2025Q2,102719.0,688.0,18.19,32.52,68.64,54557.0,0.2547,0.26626,0
1305,43,East,Salaried,Retail,2025Q2,58325.0,733.0,27.63,59.77,76.59,92122.0,0.5773,0.42698,1
1306,46,West,Salaried,Transport,2024Q4,22975.0,793.0,40.02,42.81,49.11,161462.0,0.2544,0.22569,0
1307,34,East,Salaried,Transport,2024Q4,48675.0,712.0,50.79,89.67,73.09,146826.0,0.3988,0.77935,0
1308,32,West,Salaried,Healthcare,2025Q1,100455.0,683.0,65.57,91.27,87.58,65031.0,0.5094,0.90024,0
1309,24,South,Salaried,Manufacturing,2024Q4,37045.0,676.0,45.59,50.23,80.02,50301.0,0.2543,0.62651,0
1310,66,West,SelfEmployed,Retail,2025Q4,68200.0,757.0,50.28,53.52,76.53,32643.0,0.2147,0.51019,0
1311,33,North,Salaried,Construction,2025Q3,70409.0,697.0,28.6,70.22,83.41,21676.0,0.4089,0.59638,0
1312,38,West,Salaried,Manufacturing,2024Q4,86450.0,730.0,51.24,46.15,45.72,107068.0,0.3414,0.41034,0
1313,63,South,Salaried,Retail,2024Q4,85865.0,694.0,36.27,22.11,51.21,73089.0,0.3084,0.26031,0
1314,48,West,Salaried,Healthcare,2025Q2,90005.0,775.0,61.42,72.23,42.1,73564.0,0.1874,0.54564,0
1315,58,South,Salaried,Transport,2025Q4,76283.0,718.0,33.55,71.4,47.97,405266.0,0.5081,0.46629,0
1316,61,East,Business,Healthcare,2024Q4,56387.0,789.0,38.1,27.05,90.23,222146.0,0.3802,0.26194,0
1317,64,South,SelfEmployed,Retail,2025Q3,102535.0,787.0,35.96,79.96,52.22,75370.0,0.4325,0.41793,1
1318,39,East,Salaried,Healthcare,2024Q4,35907.0,705.0,58.67,60.23,76.42,84632.0,0.4898,0.7049,1
1319,66,North,Salaried,Retail,2025Q1,99531.0,783.0,67.22,26.27,78.04,33643.0,0.1415,0.42,0
1320,67,North,Salaried,Retail,2025Q4,108602.0,691.0,29.64,63.68,75.49,114911.0,0.3715,0.54542,0
1321,63,North,Salaried,Healthcare,2024Q4,138419.0,725.0,38.5,26.02,70.47,85847.0,0.1681,0.30271,0
1322,58,North,Salaried,IT,2025Q4,61145.0,667.0,52.36,28.87,66.74,39425.0,0.4401,0.51414,0
1323,66,West,Salaried,Construction,2024Q4,65995.0,743.0,63.72,81.32,63.1,87091.0,0.5116,0.74077,0
1324,23,North,Salaried,Manufacturing,2025Q3,81333.0,727.0,39.62,88.65,90.43,151691.0,0.3393,0.74056,0
1325,39,West,Salaried,Transport,2025Q3,79468.0,738.0,16.53,28.12,40.52,310945.0,0.3417,0.11927,0
1326,40,South,Salaried,Construction,2025Q4,100866.0,635.0,32.12,88.52,42.94,25364.0,0.4189,0.69832,0
1327,45,North,Business,Manufacturing,2025Q2,93062.0,601.0,43.02,26.49,67.09,32822.0,0.4071,0.56331,0
1328,31,West,Salaried,Manufacturing,2025Q2,71203.0,648.0,35.05,15.55,58.18,68196.0,0.3235,0.31679,0
1329,37,East,Salaried,Transport,2025Q1,77548.0,737.0,21.19,10.24,62.45,85922.0,0.4349,0.12228,0
1330,69,South,Salaried,Construction,2025Q2,103333.0,747.0,12.22,26.79,94.88,237220.0,0.3217,0.19517,0
1331,55,East,Salaried,Transport,2025Q4,48345.0,772.0,51.24,39.67,82.63,172799.0,0.3868,0.42353,0
1332,34,East,SelfEmployed,Retail,2025Q2,74158.0,688.0,69.56,88.48,88.26,17127.0,0.1995,0.9021,0
1333,59,North,Salaried,Transport,2025Q1,93868.0,721.0,65.15,26.79,60.27,54395.0,0.4882,0.46424,1
1334,39,West,Salaried,Healthcare,2024Q4,53333.0,671.0,51.0,37.89,53.18,25258.0,0.2453,0.50082,0
1335,23,West,Salaried,IT,2025Q2,20000.0,785.0,60.49,71.07,82.24,29330.0,0.388,0.65555,0
1336,54,East,SelfEmployed,IT,2025Q4,116164.0,671.0,25.34,32.19,84.42,110036.0,0.2148,0.39254,0
1337,69,North,Salaried,IT,2025Q4,79488.0,775.0,47.35,66.59,70.24,80663.0,0.2968,0.51008,0
1338,61,East,Salaried,Construction,2025Q1,48561.0,696.0,13.64,43.89,89.28,233713.0,0.2881,0.34887,0
1339,42,North,Salaried,Construction,2025Q1,103010.0,797.0,52.43,22.68,93.2,27297.0,0.4127,0.32407,0
1340,58,North,Salaried,Retail,2025Q3,74792.0,720.0,68.19,71.07,65.91,71844.0,0.5274,0.7596,1
1341,47,South,Salaried,IT,2025Q3,54130.0,719.0,61.65,7.43,52.25,50083.0,0.2584,0.30324,0
1342,41,South,Salaried,Retail,2025Q3,89243.0,669.0,42.07,31.31,68.44,220045.0,0.2405,0.4559,0
1343,61,West,Salaried,IT,2024Q4,81289.0,829.0,57.32,37.06,94.42,39006.0,0.4748,0.38438,0
1344,51,East,SelfEmployed,Construction,2025Q4,64670.0,764.0,66.63,46.24,56.11,85088.0,0.2644,0.49518,0
1345,47,East,Salaried,Healthcare,2025Q3,60760.0,738.0,22.96,66.19,73.97,27615.0,0.6285,0.41285,0
1346,57,South,Salaried,Healthcare,2025Q4,54347.0,723.0,57.6,46.35,78.17,201476.0,0.2227,0.59234,0
1347,22,South,Salaried,Healthcare,2025Q1,98389.0,674.0,26.19,58.49,51.77,264610.0,0.4371,0.43418,0
1348,67,South,Business,Transport,2024Q4,48791.0,747.0,62.62,58.62,72.37,44888.0,0.1656,0.63489,0
1349,29,West,Salaried,Healthcare,2025Q1,60062.0,706.0,15.9,38.59,57.3,41269.0,0.228,0.22282,1
1350,39,North,SelfEmployed,Manufacturing,2025Q4,82529.0,713.0,20.69,89.06,86.98,87963.0,0.2324,0.63336,0
1351,62,West,Salaried,IT,2025Q3,116472.0,759.0,53.24,91.03,79.31,41256.0,0.2783,0.74846,0
1352,56,East,Salaried,Healthcare,2025Q1,83322.0,726.0,20.49,57.37,85.44,163173.0,0.4494,0.4074,0
1353,30,South,Salaried,Manufacturing,2025Q2,94704.0,711.0,19.48,11.45,50.98,100647.0,0.3453,0.12429,0
1354,60,East,Salaried,Manufacturing,2024Q4,82555.0,789.0,43.33,49.2,41.9,177541.0,0.487,0.2586,0
1355,65,South,Business,Manufacturing,2025Q4,102661.0,665.0,60.1,21.6,86.78,34316.0,0.4468,0.60466,0
1356,59,West,Business,Retail,2025Q3,128439.0,619.0,26.11,48.49,61.27,27917.0,0.231,0.51567,0
1357,27,West,Salaried,Retail,2025Q1,69057.0,666.0,60.47,21.96,49.88,94444.0,0.3372,0.47045,0
1358,24,South,Salaried,Manufacturing,2024Q4,80351.0,718.0,58.48,68.35,45.05,238659.0,0.4968,0.62056,1
1359,35,South,Business,Transport,2025Q3,84338.0,748.0,44.75,12.24,68.41,37986.0,0.2475,0.2295,0
1360,32,East,Salaried,Healthcare,2025Q1,93245.0,669.0,48.79,90.8,48.26,100987.0,0.4189,0.76942,0
1361,68,West,Salaried,IT,2025Q4,83310.0,850.0,12.43,22.58,71.17,45991.0,0.263,0.06326,0
1362,26,North,Salaried,Transport,2025Q2,66406.0,720.0,32.03,64.46,80.0,153439.0,0.2357,0.52802,0
1363,29,East,Salaried,Construction,2025Q2,79823.0,718.0,25.8,87.53,69.43,39383.0,0.3142,0.58829,0
1364,55,East,Salaried,Retail,2025Q4,140792.0,639.0,19.0,27.31,89.7,88657.0,0.2169,0.39789,1
1365,28,East,Salaried,Healthcare,2024Q4,87847.0,631.0,33.38,89.09,48.56,160244.0,0.4991,0.73336,0
1366,27,North,Salaried,Healthcare,2025Q4,32231.0,612.0,31.29,39.98,67.17,28538.0,0.05,0.53753,1
1367,24,East,Salaried,Construction,2025Q1,70128.0,785.0,53.73,91.45,48.98,111478.0,0.4124,0.6105,1
1368,33,West,Salaried,Construction,2024Q4,80335.0,777.0,45.89,92.42,88.17,56937.0,0.4119,0.71019,0
1369,39,North,Salaried,Healthcare,2025Q2,76486.0,710.0,64.79,21.93,91.27,132345.0,0.2952,0.56991,0
1370,27,North,SelfEmployed,Construction,2025Q1,78289.0,643.0,18.72,79.8,62.0,94682.0,0.1099,0.60855,0
1371,30,West,Salaried,Healthcare,2025Q3,87157.0,695.0,13.58,22.41,56.82,54591.0,0.4046,0.16275,0
1372,45,North,Salaried,Transport,2025Q3,92715.0,788.0,42.08,25.38,55.36,68485.0,0.2963,0.1857,0
1373,64,West,Business,Construction,2025Q3,86471.0,682.0,10.06,12.57,87.29,20207.0,0.2752,0.19267,0
1374,55,South,Business,Transport,2025Q2,103766.0,660.0,57.26,19.09,77.53,134457.0,0.4929,0.54364,0
1375,45,North,Salaried,Transport,2025Q4,42616.0,689.0,40.36,61.9,88.43,276473.0,0.5261,0.66203,0
1376,49,West,Salaried,Construction,2024Q4,73684.0,694.0,39.28,45.43,46.46,49989.0,0.2889,0.39178,0
1377,32,South,SelfEmployed,Healthcare,2025Q2,90857.0,751.0,31.75,76.18,66.18,71219.0,0.257,0.48627,0
1378,67,South,SelfEmployed,Manufacturing,2025Q1,86404.0,589.0,32.5,34.88,77.19,219848.0,0.05,0.59772,0
1379,60,South,Business,Healthcare,2025Q1,63693.0,719.0,35.87,92.18,89.34,20825.0,0.1581,0.74384,0
1380,32,East,SelfEmployed,IT,2025Q3,66703.0,672.0,10.96,9.49,61.01,104043.0,0.2559,0.14281,0
1381,26,North,Salaried,Construction,2024Q4,58957.0,681.0,15.01,10.66,57.22,236002.0,0.479,0.14566,0
1382,30,South,Salaried,Retail,2025Q3,104417.0,751.0,40.3,68.12,90.21,47057.0,0.4042,0.58745,0
1383,22,West,Salaried,Construction,2025Q1,33697.0,638.0,19.01,84.88,42.61,50042.0,0.477,0.58035,0
1384,65,South,Salaried,IT,2025Q1,47962.0,720.0,56.73,76.6,66.38,185336.0,0.4333,0.72175,0
1385,45,East,Salaried,Transport,2025Q4,90466.0,736.0,26.47,49.08,65.22,34069.0,0.3501,0.31169,0
1386,27,South,Salaried,Retail,2025Q4,93579.0,742.0,15.87,29.27,48.03,133701.0,0.3614,0.12936,0
1387,60,West,Salaried,Retail,2025Q4,40389.0,749.0,24.11,6.21,61.72,95116.0,0.4146,0.11041,0
1388,43,North,SelfEmployed,Healthcare,2025Q3,95661.0,741.0,31.43,50.85,79.74,161900.0,0.3232,0.39617,0
1389,68,West,Salaried,Manufacturing,2024Q4,84513.0,750.0,12.12,47.81,60.18,66887.0,0.3881,0.19231,0
1390,31,South,Salaried,Healthcare,2025Q4,92892.0,662.0,18.5,35.98,57.03,214283.0,0.3934,0.29268,0
1391,56,North,Salaried,Retail,2025Q2,81811.0,785.0,29.43,57.03,83.0,55856.0,0.3792,0.34814,0
1392,69,North,Salaried,Retail,2025Q4,90637.0,645.0,28.63,70.59,94.38,26069.0,0.2819,0.72723,0
1393,68,North,SelfEmployed,Manufacturing,2025Q3,91501.0,730.0,58.02,68.08,82.86,24869.0,0.5106,0.71965,1
1394,43,South,Salaried,Construction,2024Q4,91798.0,673.0,60.6,28.69,86.55,34058.0,0.509,0.63483,0
1395,63,South,Business,Manufacturing,2025Q4,86102.0,616.0,21.61,57.68,91.67,117408.0,0.1984,0.65498,0
1396,27,West,Salaried,Transport,2024Q4,77861.0,679.0,17.44,18.39,84.1,43228.0,0.1076,0.25259,0
1397,47,South,Salaried,Healthcare,2025Q2,78009.0,703.0,48.05,15.94,93.92,72169.0,0.297,0.4307,0
1398,33,North,Salaried,Construction,2025Q1,85754.0,786.0,58.28,75.73,81.1,77932.0,0.254,0.661,0
1399,37,East,Salaried,Healthcare,2024Q4,100635.0,810.0,67.82,67.44,76.38,42518.0,0.1524,0.6191,1
1400,52,East,SelfEmployed,Manufacturing,2025Q4,129119.0,703.0,10.41,74.11,78.13,81587.0,0.3049,0.45367,0
1401,46,North,Salaried,Construction,2025Q3,93212.0,634.0,34.82,18.72,89.5,141304.0,0.5212,0.47163,1
1402,42,North,SelfEmployed,Manufacturing,2025Q3,89435.0,638.0,54.04,87.32,77.57,74984.0,0.4049,0.87678,0
1403,33,North,Salaried,Transport,2025Q3,110386.0,752.0,59.71,16.98,81.87,139096.0,0.4483,0.38326,1
1404,32,East,SelfEmployed,IT,2025Q3,89911.0,749.0,13.74,83.3,51.88,56161.0,0.5087,0.35008,0
1405,27,East,Salaried,Retail,2024Q4,53492.0,677.0,50.84,36.71,90.2,88071.0,0.4426,0.61849,0
1406,21,South,SelfEmployed,Construction,2025Q3,61667.0,645.0,27.34,14.49,64.6,78276.0,0.3302,0.28658,0
1407,53,West,Salaried,Retail,2025Q1,125723.0,765.0,14.48,30.81,48.86,155073.0,0.4902,0.11113,0
1408,34,West,Salaried,IT,2025Q2,62164.0,642.0,39.35,21.33,83.99,98445.0,0.2541,0.48345,1
1409,67,East,Salaried,Construction,2024Q4,94254.0,686.0,19.49,49.16,59.6,46658.0,0.1677,0.33698,0
1410,63,West,Business,Retail,2024Q4,55282.0,736.0,54.22,90.48,50.13,102899.0,0.5179,0.70101,0
1411,61,North,Salaried,Retail,2025Q3,112107.0,600.0,54.48,34.51,54.09,37444.0,0.5345,0.64766,0
1412,37,North,Salaried,Construction,2025Q3,68496.0,762.0,60.52,60.09,41.92,97025.0,0.301,0.48683,0
1413,24,South,SelfEmployed,Retail,2024Q4,82069.0,841.0,32.65,85.25,44.98,71581.0,0.2859,0.30121,0
1414,59,North,Salaried,Retail,2025Q3,74294.0,716.0,10.8,61.71,72.59,81224.0,0.417,0.33747,0
1415,21,South,Salaried,Construction,2025Q3,92622.0,708.0,25.58,37.6,87.64,71109.0,0.2184,0.36757,0
1416,61,West,Salaried,Retail,2025Q3,84289.0,712.0,38.07,94.18,64.67,47752.0,0.3212,0.70412,0
1417,65,North,Salaried,Retail,2025Q3,102749.0,722.0,51.64,21.87,74.43,43785.0,0.3781,0.38544,0
1418,44,North,Business,Healthcare,2025Q3,96382.0,670.0,32.92,52.09,84.54,155815.0,0.2671,0.57425,0
1419,54,South,SelfEmployed,Transport,2025Q4,87046.0,648.0,42.16,76.7,59.62,273082.0,0.4819,0.72939,1
1420,54,West,Salaried,Healthcare,2025Q4,96285.0,691.0,41.46,5.06,75.99,88394.0,0.3809,0.28604,0
1421,44,South,Business,IT,2025Q4,97509.0,718.0,19.9,68.18,59.27,74775.0,0.3336,0.38772,0
1422,35,South,Salaried,Healthcare,2024Q4,70064.0,655.0,47.38,28.98,75.35,30960.0,0.4679,0.53386,0
1423,37,North,Salaried,Healthcare,2025Q2,68157.0,636.0,36.36,20.28,51.97,21343.0,0.3682,0.35196,0
1424,33,North,Salaried,IT,2024Q4,118802.0,686.0,58.48,29.68,93.78,23730.0,0.2642,0.62637,0
1425,27,West,Salaried,Retail,2025Q4,97657.0,637.0,51.44,92.01,44.19,106027.0,0.5018,0.8195,0
1426,29,West,Salaried,Retail,2024Q4,90110.0,747.0,16.69,85.27,67.79,21104.0,0.3469,0.44367,1
1427,64,North,Business,Healthcare,2025Q2,59958.0,521.0,39.33,24.24,55.75,115944.0,0.05,0.63557,0
1428,55,West,SelfEmployed,IT,2025Q3,35294.0,646.0,52.15,15.53,73.05,33924.0,0.3837,0.49562,0
1429,43,East,Salaried,Retail,2025Q1,72683.0,788.0,15.22,37.77,63.56,81775.0,0.1197,0.13615,0
1430,67,West,Salaried,Manufacturing,2025Q4,68684.0,698.0,57.55,58.31,56.87,54975.0,0.6006,0.63525,0
1431,59,South,SelfEmployed,Construction,2025Q4,72242.0,720.0,23.32,83.04,53.75,34806.0,0.3935,0.48027,0
1432,43,South,Business,Construction,2025Q2,101321.0,703.0,40.19,91.95,50.04,27747.0,0.3935,0.67514,0
1433,46,South,SelfEmployed,Transport,2025Q3,118185.0,675.0,66.43,72.6,83.06,21890.0,0.4403,0.85195,0
1434,21,East,Salaried,Construction,2025Q3,107737.0,770.0,44.28,58.91,52.22,34289.0,0.136,0.38287,0
1435,34,North,SelfEmployed,Healthcare,2025Q1,64857.0,679.0,35.44,17.81,82.54,346886.0,0.3977,0.35855,0
1436,52,North,Salaried,Construction,2025Q3,93454.0,664.0,10.41,11.66,66.68,182196.0,0.2282,0.16638,0
1437,68,South,Salaried,Construction,2025Q2,67817.0,746.0,18.0,58.64,43.97,83059.0,0.3011,0.23091,0
1438,30,East,Salaried,Manufacturing,2025Q3,33972.0,604.0,44.72,53.52,49.1,56586.0,0.4023,0.66496,0
1439,21,North,Salaried,Retail,2025Q2,78089.0,694.0,39.63,81.15,89.11,48502.0,0.2835,0.75023,0
1440,25,East,Salaried,Manufacturing,2025Q4,111518.0,681.0,31.83,34.03,73.15,78969.0,0.1196,0.3897,0
1441,23,West,Salaried,Healthcare,2025Q4,71633.0,693.0,65.39,8.57,50.14,49042.0,0.4075,0.37332,0
1442,69,North,Salaried,Construction,2025Q4,100831.0,683.0,29.95,43.13,78.71,48811.0,0.4358,0.44826,0
1443,47,East,SelfEmployed,Retail,2024Q4,63360.0,731.0,42.23,92.23,85.28,102815.0,0.2174,0.75151,1
1444,42,South,Salaried,Transport,2025Q4,97212.0,770.0,44.12,76.6,58.19,36077.0,0.2555,0.51191,0
1445,38,West,Salaried,Transport,2025Q2,73910.0,735.0,41.65,8.04,70.61,12883.0,0.3263,0.21883,0
1446,36,North,Salaried,Construction,2025Q1,118084.0,691.0,38.66,83.72,56.14,48559.0,0.5806,0.65994,0
1447,22,East,Business,Construction,2025Q3,72167.0,745.0,30.22,47.45,44.4,202072.0,0.5578,0.24997,0
1448,67,West,Salaried,Transport,2025Q4,66440.0,751.0,64.53,37.83,61.97,23393.0,0.4807,0.47545,0
1449,33,West,Salaried,Transport,2024Q4,116787.0,730.0,37.05,36.21,81.33,30734.0,0.5991,0.37701,0
1450,65,East,Salaried,Healthcare,2024Q4,65579.0,768.0,41.71,58.56,65.23,46836.0,0.4793,0.41394,0
1451,36,South,SelfEmployed,Construction,2025Q2,85321.0,581.0,49.39,52.75,62.29,23896.0,0.3827,0.76633,0
1452,28,East,Business,Transport,2025Q1,65759.0,711.0,14.06,64.1,60.13,209503.0,0.2173,0.33948,0
1453,63,West,Salaried,IT,2025Q4,103102.0,727.0,56.88,56.63,65.24,78313.0,0.1424,0.59512,0
1454,28,East,Salaried,Transport,2025Q4,112422.0,629.0,40.75,17.96,57.5,21058.0,0.2913,0.40268,0
1455,30,North,Business,Retail,2024Q4,63137.0,722.0,49.43,28.15,73.67,66863.0,0.3729,0.40483,0
1456,53,West,Salaried,Retail,2025Q2,93658.0,760.0,56.32,80.69,43.5,71151.0,0.6263,0.5931,0
1457,51,East,Salaried,IT,2024Q4,95979.0,698.0,62.45,64.69,84.41,61765.0,0.3229,0.78165,0
1458,32,East,Salaried,Healthcare,2024Q4,83155.0,746.0,33.53,45.36,49.52,65129.0,0.3683,0.27168,0
1459,29,North,Salaried,Construction,2025Q1,118140.0,766.0,58.69,21.43,74.84,66804.0,0.3914,0.35183,1
1460,57,East,Salaried,Construction,2025Q2,117951.0,784.0,25.53,5.69,64.74,90842.0,0.3747,0.09184,0
1461,29,South,Salaried,Transport,2025Q1,58684.0,774.0,49.62,33.07,82.54,94976.0,0.5633,0.36868,0
1462,68,East,Salaried,Retail,2025Q2,110216.0,785.0,16.16,9.94,85.44,25645.0,0.5093,0.10284,0
1463,38,North,Business,Healthcare,2025Q4,92665.0,683.0,11.2,48.41,51.23,76277.0,0.3506,0.26008,0
1464,50,East,Salaried,Healthcare,2025Q3,86100.0,689.0,15.75,78.96,77.24,83033.0,0.2751,0.54903,0
1465,52,West,SelfEmployed,Healthcare,2025Q3,74195.0,574.0,29.16,30.69,50.44,47706.0,0.2825,0.47677,0
1466,60,North,Salaried,Transport,2025Q2,42943.0,651.0,11.87,81.3,46.82,241395.0,0.3539,0.49485,0
1467,43,West,Salaried,Construction,2025Q3,87076.0,777.0,47.83,68.41,91.17,68995.0,0.2647,0.59785,0
1468,31,South,Salaried,Healthcare,2024Q4,87697.0,677.0,28.99,16.27,49.04,104066.0,0.4587,0.21389,0
1469,40,West,Business,Transport,2025Q4,129868.0,732.0,54.18,63.01,52.55,53407.0,0.2689,0.55824,0
1470,39,West,SelfEmployed,Transport,2025Q4,63147.0,723.0,12.75,18.65,47.17,59106.0,0.5367,0.10626,0
1471,56,East,Salaried,IT,2025Q3,39818.0,778.0,23.0,63.93,65.87,92947.0,0.4328,0.29952,0
1472,46,East,SelfEmployed,Manufacturing,2025Q2,50521.0,599.0,34.48,17.84,90.58,27745.0,0.1932,0.53697,0
1473,30,West,Salaried,Healthcare,2024Q4,119781.0,729.0,32.96,40.33,54.52,123192.0,0.5267,0.28488,0
1474,44,South,Business,Manufacturing,2025Q2,68805.0,729.0,17.86,55.99,69.8,30890.0,0.1912,0.32184,0
1475,33,South,SelfEmployed,Construction,2025Q3,114096.0,663.0,69.65,9.53,62.63,135522.0,0.5427,0.51616,1
1476,66,East,Business,Transport,2025Q4,80156.0,763.0,27.07,18.8,58.48,60605.0,0.4393,0.13665,0
1477,54,West,Salaried,Healthcare,2025Q4,55633.0,633.0,53.26,33.84,71.47,309435.0,0.619,0.63446,0
1478,49,West,Salaried,Retail,2025Q2,130033.0,769.0,23.2,46.61,70.74,145514.0,0.05,0.24489,0
1479,56,West,Salaried,Construction,2025Q1,112944.0,591.0,62.67,82.26,59.77,146026.0,0.367,0.9004,0
1480,27,South,Salaried,IT,2025Q2,75512.0,660.0,33.27,21.85,86.78,80938.0,0.3469,0.41683,0
1481,50,West,Salaried,IT,2025Q1,104920.0,702.0,64.05,36.27,42.92,148257.0,0.2757,0.48846,0
1482,37,North,Salaried,Manufacturing,2025Q2,83077.0,722.0,30.51,47.82,44.69,124499.0,0.4687,0.29015,0
1483,68,South,Salaried,Transport,2025Q1,90940.0,607.0,10.52,31.62,94.49,18850.0,0.3115,0.44162,0
1484,33,North,Salaried,Manufacturing,2025Q1,124058.0,767.0,41.02,61.32,81.12,39751.0,0.5229,0.48539,0
1485,44,South,Salaried,Retail,2025Q1,42009.0,751.0,41.49,28.09,84.22,38131.0,0.2384,0.33151,0
1486,51,South,Salaried,Retail,2025Q1,71034.0,815.0,17.19,74.51,73.15,42428.0,0.12,0.28055,0
1487,47,South,Business,IT,2024Q4,80730.0,749.0,24.1,50.46,63.09,61096.0,0.2605,0.27728,0
1488,41,East,Salaried,Healthcare,2025Q1,88362.0,669.0,57.01,12.77,74.61,104985.0,0.4188,0.47318,0
1489,64,South,Salaried,IT,2025Q1,48783.0,651.0,12.21,61.43,45.09,166438.0,0.4702,0.37044,0
1490,21,South,SelfEmployed,IT,2025Q4,102923.0,687.0,39.37,56.23,81.68,111767.0,0.2352,0.6028,0
1491,35,North,Salaried,Retail,2024Q4,51151.0,830.0,41.82,35.47,69.74,174314.0,0.4125,0.20557,0
1492,23,South,Salaried,Manufacturing,2025Q1,48755.0,713.0,51.32,6.0,92.62,34912.0,0.3922,0.37242,0
1493,26,North,Salaried,Retail,2025Q3,73730.0,715.0,12.25,23.06,75.06,51400.0,0.3749,0.17512,0
1494,34,North,Salaried,Transport,2024Q4,127388.0,786.0,45.14,41.51,48.34,60946.0,0.5598,0.25544,0
1495,58,East,Business,Retail,2025Q4,143541.0,646.0,10.19,22.99,66.27,45836.0,0.3156,0.23268,0
1496,53,East,Salaried,Retail,2025Q2,92213.0,740.0,25.91,56.97,43.18,33329.0,0.2375,0.27533,0
1497,58,East,Salaried,IT,2025Q4,74045.0,738.0,39.98,69.11,81.0,96097.0,0.3591,0.58296,1
1498,28,South,Salaried,Healthcare,2025Q4,83908.0,763.0,64.68,82.04,67.6,44701.0,0.3305,0.73187,0
1499,46,South,Salaried,IT,2024Q4,88373.0,757.0,17.6,63.23,60.33,128639.0,0.4585,0.2806,1
1500,35,West,SelfEmployed,Construction,2024Q4,116660.0,707.0,20.16,67.01,93.27,31079.0,0.3509,0.53118,0
1501,34,South,Salaried,Retail,2025Q3,49546.0,634.0,50.16,59.76,91.73,133860.0,0.3804,0.80269,0
1502,68,South,Salaried,Retail,2025Q3,109862.0,679.0,32.49,93.69,92.41,85000.0,0.3156,0.79766,0
1503,40,North,Salaried,Construction,2024Q4,44332.0,756.0,47.41,28.49,52.15,85016.0,0.0757,0.26235,0
1504,68,South,Salaried,Retail,2024Q4,67978.0,812.0,69.85,28.96,80.07,86744.0,0.3719,0.40725,0
1505,39,South,Salaried,Retail,2024Q4,79936.0,643.0,69.21,16.37,92.0,69087.0,0.4917,0.69501,0
1506,53,South,SelfEmployed,Transport,2025Q2,90279.0,639.0,31.22,48.71,71.4,69938.0,0.4201,0.55293,0
1507,56,East,SelfEmployed,Retail,2025Q4,79910.0,623.0,40.24,13.65,51.78,60530.0,0.1682,0.363,0
1508,44,South,Business,Construction,2025Q3,84377.0,668.0,64.28,29.31,84.98,90157.0,0.3094,0.66674,0
1509,30,East,SelfEmployed,IT,2025Q3,81011.0,762.0,15.53,48.44,88.4,107601.0,0.3201,0.27011,0
1510,54,West,Salaried,Retail,2025Q1,41981.0,782.0,37.14,91.18,78.68,53276.0,0.4165,0.60223,0
1511,56,West,Salaried,Healthcare,2025Q2,94378.0,596.0,32.65,91.74,56.15,193255.0,0.3673,0.81,1
1512,67,East,SelfEmployed,Construction,2024Q4,100283.0,644.0,27.69,71.94,50.49,56595.0,0.05,0.58341,0
1513,56,West,SelfEmployed,Manufacturing,2024Q4,113566.0,633.0,69.65,40.03,74.33,44730.0,0.2265,0.77521,1
1514,36,North,SelfEmployed,Transport,2025Q2,126177.0,662.0,54.01,82.86,66.55,65777.0,0.3064,0.81639,0
1515,35,North,Salaried,Construction,2025Q3,90271.0,698.0,33.32,83.79,76.78,42785.0,0.2719,0.68224,0
1516,38,North,Salaried,IT,2024Q4,115288.0,688.0,59.74,86.92,46.14,101357.0,0.3257,0.77768,0
1517,27,East,SelfEmployed,Construction,2025Q1,80452.0,738.0,39.38,62.6,47.48,66243.0,0.293,0.41399,0
1518,67,West,SelfEmployed,Manufacturing,2025Q3,43740.0,604.0,62.37,23.16,59.96,122216.0,0.3214,0.64959,0
1519,42,North,Business,Transport,2025Q4,104027.0,681.0,25.98,13.2,54.23,70083.0,0.4447,0.1934,0
1520,52,West,Salaried,Healthcare,2025Q2,98488.0,785.0,23.42,87.33,74.06,68492.0,0.4897,0.454,1
1521,63,North,Salaried,Manufacturing,2025Q3,80016.0,787.0,24.84,10.0,60.21,54960.0,0.3308,0.09115,0
1522,39,West,Salaried,Construction,2025Q4,78443.0,802.0,42.31,31.63,77.62,130454.0,0.4203,0.25196,0
1523,60,South,SelfEmployed,Manufacturing,2025Q1,91950.0,732.0,27.48,48.83,82.28,61679.0,0.4003,0.38373,0
1524,21,North,Salaried,Construction,2025Q2,71561.0,674.0,18.83,6.98,50.29,88006.0,0.5144,0.14208,0
1525,55,South,Salaried,Healthcare,2024Q4,91056.0,720.0,69.68,86.62,90.59,152096.0,0.4306,0.87629,1
1526,25,South,Business,Healthcare,2024Q4,56945.0,849.0,64.03,30.84,83.29,68767.0,0.598,0.32061,0
1527,32,South,Salaried,IT,2025Q4,59754.0,681.0,48.1,7.57,74.47,68195.0,0.4337,0.35496,0
1528,32,South,SelfEmployed,Healthcare,2025Q3,46985.0,811.0,63.49,94.42,89.99,62241.0,0.1559,0.7736,0
1529,41,West,Salaried,Retail,2025Q1,136101.0,576.0,66.13,33.03,54.62,83536.0,0.5112,0.75417,0
1530,39,South,SelfEmployed,Manufacturing,2025Q4,81827.0,741.0,50.57,83.91,63.19,128652.0,0.4604,0.67501,0
1531,29,South,Salaried,Manufacturing,2025Q1,110206.0,746.0,41.12,45.81,44.72,126009.0,0.4578,0.30681,0
1532,63,East,Business,Construction,2025Q1,52580.0,731.0,62.92,64.68,65.09,103145.0,0.1926,0.67625,0
1533,69,East,Business,Healthcare,2025Q1,75458.0,734.0,44.07,26.7,67.85,170575.0,0.4813,0.31736,1
1534,68,South,Salaried,IT,2025Q2,93787.0,739.0,17.61,50.26,73.88,77487.0,0.4685,0.28552,0
1535,56,South,Salaried,IT,2025Q4,116782.0,741.0,32.01,28.19,43.52,195486.0,0.1821,0.18051,0
1536,62,North,Salaried,IT,2025Q2,64938.0,692.0,36.76,90.6,41.79,152501.0,0.4351,0.63643,0
1537,67,North,Salaried,Transport,2025Q3,69937.0,695.0,66.12,10.49,63.09,46278.0,0.3851,0.43326,1
1538,52,East,SelfEmployed,Retail,2025Q3,60201.0,635.0,49.55,29.72,50.4,126904.0,0.3511,0.50109,0
1539,55,North,Salaried,Healthcare,2024Q4,76985.0,750.0,62.52,85.38,81.73,19939.0,0.3399,0.79145,1
1540,51,South,Salaried,IT,2024Q4,54504.0,782.0,55.46,48.2,76.78,169658.0,0.1215,0.46691,0
1541,52,East,Salaried,Retail,2024Q4,44081.0,806.0,28.59,59.01,57.92,69570.0,0.3418,0.24126,1
1542,57,North,SelfEmployed,Manufacturing,2025Q3,86467.0,665.0,53.12,63.65,42.52,42450.0,0.4431,0.64658,0
1543,52,East,Business,Construction,2025Q1,96765.0,615.0,21.72,11.38,50.03,21520.0,0.2511,0.24328,0
1544,63,South,Salaried,Healthcare,2025Q1,51524.0,731.0,34.49,6.6,78.04,66528.0,0.3432,0.20175,0
1545,57,West,Salaried,Healthcare,2025Q4,63138.0,646.0,58.37,89.41,94.46,171231.0,0.289,0.91145,0
1546,59,South,Salaried,Transport,2025Q3,77501.0,741.0,46.72,29.44,57.96,86675.0,0.2985,0.30473,0
1547,58,West,Salaried,Manufacturing,2024Q4,122669.0,589.0,59.52,39.23,84.11,55422.0,0.1296,0.80509,1
1548,50,East,Salaried,Healthcare,2025Q3,20000.0,770.0,25.28,66.39,87.69,64024.0,0.4293,0.4195,0
1549,52,North,Salaried,Transport,2025Q1,91124.0,718.0,54.98,26.27,42.65,185528.0,0.3523,0.33149,0
1550,65,East,Salaried,Transport,2025Q1,96981.0,604.0,22.14,70.98,90.39,119275.0,0.2519,0.74266,0
1551,22,West,Salaried,Transport,2025Q2,62197.0,727.0,42.72,46.24,65.64,71030.0,0.4937,0.42762,0
1552,31,East,Salaried,Healthcare,2025Q2,71269.0,715.0,36.01,82.09,93.03,140668.0,0.4528,0.71227,0
1553,40,West,Salaried,Healthcare,2025Q4,88325.0,739.0,43.39,30.07,69.62,127441.0,0.342,0.32907,0
1554,57,West,Salaried,Healthcare,2025Q3,79259.0,754.0,18.13,23.34,52.93,39249.0,0.5,0.11802,0
1555,29,North,SelfEmployed,Retail,2025Q2,122477.0,577.0,31.67,79.85,93.61,57393.0,0.54,0.86221,0
1556,58,North,SelfEmployed,Transport,2025Q2,82566.0,684.0,50.01,34.37,53.38,197516.0,0.2371,0.44713,0
1557,69,East,Salaried,Retail,2025Q3,101531.0,705.0,43.51,42.07,88.54,117398.0,0.2162,0.53601,0
1558,39,South,Salaried,Construction,2025Q1,91256.0,694.0,42.94,76.43,49.52,252897.0,0.0821,0.62053,0
1559,60,West,SelfEmployed,Healthcare,2025Q4,97353.0,691.0,40.65,62.2,77.11,111233.0,0.265,0.62379,0
1560,27,West,Business,Manufacturing,2025Q4,60565.0,768.0,66.63,44.76,62.62,44491.0,0.3035,0.50331,0
1561,25,South,Salaried,IT,2025Q4,85030.0,615.0,66.07,27.49,93.46,72068.0,0.1543,0.77784,0
1562,67,North,Salaried,Construction,2025Q2,78361.0,694.0,31.61,73.78,50.16,126900.0,0.2494,0.52333,0
1563,62,West,Salaried,IT,2025Q1,62094.0,698.0,31.11,21.24,62.48,72680.0,0.4387,0.25257,0
1564,44,South,Salaried,IT,2025Q4,103125.0,704.0,43.29,88.55,75.19,76299.0,0.3816,0.75183,0
1565,68,West,Salaried,Healthcare,2025Q3,29615.0,656.0,15.74,18.53,93.77,303921.0,0.2588,0.30829,0
1566,61,South,Salaried,Manufacturing,2025Q4,113674.0,828.0,28.18,77.44,56.71,61945.0,0.4987,0.29108,1
1567,27,East,Salaried,IT,2024Q4,24531.0,764.0,23.85,43.18,61.83,91615.0,0.1883,0.21618,0
1568,31,North,Salaried,Transport,2025Q1,76157.0,832.0,23.4,21.74,65.4,87755.0,0.4101,0.08895,0
1569,29,East,Salaried,IT,2024Q4,103529.0,745.0,48.31,41.21,53.9,138579.0,0.3221,0.36041,0
1570,69,South,Salaried,Construction,2025Q1,50290.0,752.0,33.06,24.94,84.95,87771.0,0.3615,0.26391,0
1571,50,East,Salaried,Manufacturing,2025Q3,90593.0,710.0,20.27,17.24,45.06,80068.0,0.3861,0.13434,0
1572,61,North,Salaried,Manufacturing,2025Q2,87891.0,796.0,63.25,26.52,78.76,299793.0,0.4937,0.37155,1
1573,23,East,Salaried,IT,2025Q2,88166.0,741.0,62.45,83.07,69.37,68074.0,0.4351,0.76165,0
1574,42,West,SelfEmployed,Manufacturing,2025Q1,71282.0,700.0,61.75,14.53,53.31,122179.0,0.4812,0.38208,1
1575,60,North,Salaried,Construction,2025Q4,68368.0,812.0,33.44,92.53,67.11,29705.0,0.2279,0.48267,0
1576,40,North,SelfEmployed,Construction,2024Q4,40747.0,638.0,13.42,5.45,85.65,73244.0,0.3154,0.23447,0
1577,52,North,Business,Construction,2025Q3,77400.0,670.0,16.4,64.24,64.5,68364.0,0.2364,0.4521,0
1578,68,East,Salaried,Transport,2025Q4,102938.0,850.0,26.56,82.09,46.7,69532.0,0.1932,0.24042,0
1579,27,East,Salaried,Healthcare,2025Q2,68597.0,747.0,23.2,89.06,42.24,21928.0,0.4584,0.4209,0
1580,27,South,Salaried,IT,2025Q4,69844.0,565.0,62.44,17.96,82.78,57060.0,0.115,0.75812,0
1581,40,North,SelfEmployed,Manufacturing,2024Q4,119742.0,766.0,69.18,67.84,58.17,39817.0,0.2799,0.64924,0
1582,45,South,Business,Construction,2025Q2,75913.0,654.0,59.0,14.66,91.22,156454.0,0.2842,0.59266,0
1583,65,East,SelfEmployed,IT,2025Q1,88804.0,678.0,53.79,36.74,73.94,39913.0,0.3245,0.57785,0
1584,55,South,Salaried,IT,2025Q3,93393.0,850.0,45.32,70.87,64.0,113515.0,0.2127,0.35235,0
1585,64,West,Salaried,Healthcare,2025Q3,75896.0,801.0,56.19,36.14,71.05,117334.0,0.2615,0.34221,0
1586,44,North,Salaried,Transport,2025Q2,97031.0,820.0,66.82,33.2,65.14,48196.0,0.5738,0.3436,0
1587,60,East,Salaried,Manufacturing,2025Q1,104735.0,677.0,46.08,15.44,89.82,40325.0,0.3186,0.45092,0
1588,33,South,Salaried,Transport,2024Q4,102589.0,694.0,19.28,10.98,65.19,60015.0,0.244,0.16503,0
1589,68,South,Salaried,Manufacturing,2025Q3,105385.0,722.0,19.83,15.38,45.72,55344.0,0.3783,0.11805,0
1590,59,East,SelfEmployed,Construction,2025Q2,27932.0,758.0,45.03,83.79,72.84,36742.0,0.3591,0.64021,0
1591,24,East,Salaried,Construction,2025Q3,50702.0,691.0,30.01,6.01,74.26,59453.0,0.581,0.22009,0
1592,32,West,Salaried,IT,2025Q1,67138.0,813.0,64.61,67.36,82.09,90979.0,0.3172,0.61,0
1593,37,North,Salaried,Manufacturing,2024Q4,60101.0,737.0,46.7,74.18,91.33,31773.0,0.4084,0.69619,0
1594,21,North,SelfEmployed,Manufacturing,2025Q1,61997.0,792.0,50.59,56.11,64.37,63789.0,0.206,0.41337,0
1595,37,East,SelfEmployed,Transport,2025Q4,102239.0,667.0,10.35,70.77,59.36,50638.0,0.2638,0.43374,0
1596,22,East,Salaried,Construction,2025Q1,82673.0,687.0,39.93,63.7,66.99,78069.0,0.2755,0.59862,0
1597,26,South,Salaried,Retail,2025Q1,76579.0,724.0,35.87,46.0,89.51,273546.0,0.1721,0.4702,0
1598,64,North,Salaried,IT,2025Q3,74361.0,685.0,52.35,39.44,93.9,25318.0,0.3557,0.64271,0
1599,31,North,Business,Manufacturing,2025Q1,69997.0,768.0,32.96,89.72,93.42,67895.0,0.3802,0.64383,0
1600,63,West,Salaried,Healthcare,2025Q2,73952.0,769.0,68.59,92.47,52.63,88934.0,0.3653,0.75202,0
1601,38,North,Salaried,Healthcare,2025Q3,114690.0,697.0,50.21,63.61,67.33,51180.0,0.1567,0.65291,0
1602,60,South,Salaried,Retail,2025Q3,35894.0,746.0,49.6,22.76,54.27,94613.0,0.2341,0.2692,0
1603,45,North,Salaried,Construction,2025Q4,111861.0,822.0,65.16,45.31,60.24,26329.0,0.3026,0.38054,0
1604,59,South,SelfEmployed,Construction,2025Q2,137342.0,767.0,69.71,49.69,41.74,57236.0,0.21,0.48003,0
1605,48,North,Salaried,Construction,2025Q1,111671.0,746.0,21.87,73.22,48.83,11297.0,0.1051,0.34347,0
1606,66,South,Salaried,Transport,2025Q4,55252.0,781.0,58.63,65.1,61.84,61700.0,0.465,0.54093,0
1607,36,North,Salaried,Healthcare,2025Q2,67837.0,802.0,19.74,51.33,60.06,30866.0,0.5312,0.17607,0
1608,32,West,Salaried,Construction,2025Q4,105832.0,793.0,37.42,66.23,55.34,91054.0,0.4873,0.34539,0
1609,61,North,Business,Healthcare,2024Q4,73784.0,706.0,16.01,7.17,52.67,196782.0,0.385,0.10921,0
1610,49,South,Salaried,Retail,2025Q1,67350.0,760.0,47.4,74.9,81.19,88701.0,0.2788,0.63074,0
1611,43,West,SelfEmployed,IT,2025Q4,77475.0,694.0,38.11,24.05,56.2,69425.0,0.6101,0.29706,0
1612,41,East,SelfEmployed,Transport,2024Q4,51954.0,707.0,47.72,64.08,78.86,50814.0,0.4786,0.65936,0
1613,36,South,Salaried,Manufacturing,2025Q1,76744.0,736.0,50.68,15.26,60.27,60117.0,0.2514,0.2719,0
1614,68,South,Salaried,Retail,2025Q4,49845.0,630.0,47.17,15.3,84.11,60750.0,0.5312,0.52908,0
1615,61,South,Salaried,Healthcare,2025Q4,98062.0,730.0,27.64,8.21,49.2,73961.0,0.3698,0.12242,0
1616,65,East,SelfEmployed,Retail,2025Q4,58892.0,672.0,60.22,86.92,48.67,102118.0,0.5084,0.80749,0
1617,46,West,Salaried,Manufacturing,2025Q4,81288.0,645.0,43.1,59.41,77.38,42718.0,0.5413,0.70701,0
1618,57,East,Salaried,Transport,2025Q3,68889.0,754.0,39.39,37.58,90.32,163273.0,0.2706,0.38846,0
1619,42,East,Salaried,IT,2025Q4,89551.0,696.0,69.22,75.9,47.86,62921.0,0.3338,0.77328,0
1620,30,East,SelfEmployed,Manufacturing,2025Q3,100558.0,722.0,27.01,61.35,44.05,73867.0,0.3797,0.33805,0
1621,27,South,Salaried,Transport,2025Q3,87162.0,697.0,41.68,60.81,91.41,179912.0,0.3611,0.66054,0
1622,29,North,Salaried,Healthcare,2024Q4,62492.0,676.0,50.94,48.83,46.45,16482.0,0.2266,0.53423,0
1623,45,East,Salaried,Manufacturing,2025Q1,65921.0,716.0,17.51,5.71,53.77,12310.0,0.3635,0.10368,0
1624,66,West,Salaried,Retail,2025Q3,138998.0,635.0,31.25,28.26,91.12,96051.0,0.3149,0.5076,0
1625,35,North,SelfEmployed,Construction,2025Q2,103713.0,705.0,58.1,14.82,84.16,73565.0,0.3168,0.45964,0
1626,33,East,Salaried,Retail,2025Q3,75054.0,819.0,24.21,64.62,58.85,206921.0,0.1611,0.22668,0
1627,62,North,SelfEmployed,Healthcare,2025Q2,65646.0,644.0,39.6,27.38,92.5,33270.0,0.3221,0.55171,0
1628,66,South,Salaried,IT,2024Q4,44026.0,788.0,47.84,45.51,71.24,102737.0,0.6072,0.36219,0
1629,46,North,Salaried,Manufacturing,2025Q2,108206.0,825.0,50.27,36.81,43.97,56850.0,0.4047,0.19619,0
1630,41,South,Salaried,IT,2024Q4,62227.0,667.0,53.7,17.89,78.67,142016.0,0.312,0.50095,0
1631,43,West,Salaried,Healthcare,2024Q4,106343.0,728.0,61.96,91.25,69.55,15839.0,0.4146,0.81141,1
1632,64,South,Salaried,Manufacturing,2024Q4,100687.0,639.0,33.57,89.01,71.49,60766.0,0.519,0.78526,0
1633,48,East,Salaried,Transport,2025Q2,113820.0,630.0,52.4,12.61,94.68,121747.0,0.2637,0.59029,0
1634,58,West,Salaried,Transport,2025Q2,98971.0,719.0,53.93,79.46,48.39,41936.0,0.5523,0.66301,0
1635,32,West,Salaried,Retail,2024Q4,74754.0,733.0,28.02,48.95,76.12,70389.0,0.2218,0.36497,0
1636,44,North,Salaried,Retail,2024Q4,80398.0,679.0,68.09,74.64,65.23,75725.0,0.3032,0.82585,0
1637,33,South,Business,Healthcare,2025Q1,80613.0,648.0,61.91,18.6,54.95,92543.0,0.2928,0.51611,0
1638,60,North,Salaried,Transport,2024Q4,73281.0,667.0,27.39,16.9,78.14,34116.0,0.4961,0.30608,0
1639,68,West,Salaried,Manufacturing,2025Q4,39420.0,759.0,50.5,85.17,76.75,52088.0,0.2172,0.69498,0
1640,22,West,Salaried,Transport,2025Q1,26125.0,759.0,53.07,85.8,87.11,103391.0,0.4776,0.74434,0
1641,59,South,SelfEmployed,Retail,2025Q1,98971.0,745.0,35.89,46.93,88.34,123124.0,0.3279,0.42858,0
1642,32,West,SelfEmployed,Healthcare,2025Q1,75477.0,689.0,61.82,83.31,70.9,82514.0,0.3666,0.83072,0
1643,59,South,Salaried,Transport,2025Q4,104001.0,651.0,51.41,65.07,57.91,57512.0,0.4923,0.71729,0
1644,34,East,SelfEmployed,Healthcare,2025Q1,70512.0,782.0,49.49,21.65,69.13,78098.0,0.4078,0.25072,0
1645,50,North,Salaried,Transport,2025Q1,79971.0,800.0,23.25,34.61,59.76,131911.0,0.5033,0.13669,0
1646,61,West,Salaried,IT,2025Q2,103238.0,681.0,34.47,17.25,55.25,84213.0,0.4752,0.25827,0
1647,63,North,SelfEmployed,Transport,2025Q2,118883.0,701.0,36.04,74.66,70.34,32004.0,0.6643,0.62067,0
1648,68,West,SelfEmployed,Retail,2024Q4,72096.0,629.0,54.02,93.67,76.19,33297.0,0.4884,0.89759,0
1649,39,West,Salaried,Manufacturing,2024Q4,54998.0,739.0,47.1,54.17,72.48,75030.0,0.3648,0.50994,0
1650,51,East,SelfEmployed,Retail,2025Q3,110325.0,824.0,15.15,64.03,92.49,22896.0,0.3574,0.25909,0
1651,63,North,Salaried,Retail,2025Q4,72823.0,762.0,28.46,72.15,56.42,127346.0,0.5583,0.3796,0
1652,63,South,SelfEmployed,Retail,2025Q2,67869.0,832.0,38.38,25.18,60.48,38196.0,0.3886,0.13412,0
1653,45,South,Salaried,Healthcare,2024Q4,70005.0,689.0,54.2,35.24,76.72,32554.0,0.4133,0.5621,0
1654,24,South,Salaried,Construction,2025Q4,62034.0,638.0,54.61,42.11,73.02,238364.0,0.4964,0.68607,0
1655,33,North,Salaried,Construction,2025Q1,99344.0,793.0,39.43,58.51,40.1,51129.0,0.3138,0.27001,0
1656,56,West,Salaried,IT,2025Q4,46544.0,719.0,17.02,81.54,57.18,89177.0,0.2484,0.4381,0
1657,62,East,Salaried,Retail,2025Q2,82551.0,661.0,27.57,27.88,53.96,111201.0,0.4246,0.2987,0
1658,57,South,Salaried,Construction,2025Q3,86243.0,813.0,25.28,47.38,86.2,202039.0,0.2974,0.23723,0
1659,23,South,Salaried,IT,2025Q2,65036.0,677.0,56.86,72.64,87.64,48290.0,0.5384,0.821,0
1660,36,South,Salaried,Healthcare,2024Q4,119678.0,648.0,20.8,12.86,55.61,82786.0,0.0627,0.21291,1
1661,46,East,Salaried,Retail,2024Q4,102458.0,743.0,37.9,51.16,45.61,67270.0,0.2965,0.32199,0
1662,60,South,Salaried,Manufacturing,2025Q4,68637.0,638.0,50.24,17.99,51.29,391924.0,0.3934,0.43026,0
1663,59,West,Salaried,Healthcare,2025Q2,77346.0,766.0,67.89,53.52,49.71,17754.0,0.2817,0.52262,0
1664,39,South,SelfEmployed,IT,2024Q4,102357.0,647.0,69.95,74.1,53.06,65360.0,0.5339,0.84213,0
1665,66,West,SelfEmployed,Healthcare,2025Q1,82001.0,724.0,67.18,26.33,52.91,72244.0,0.3908,0.44431,0
1666,35,West,SelfEmployed,Manufacturing,2025Q1,115039.0,727.0,53.09,81.45,66.39,67667.0,0.2847,0.71212,0
1667,52,North,Salaried,Healthcare,2025Q3,94155.0,725.0,54.79,35.13,57.58,26601.0,0.3952,0.42288,0
1668,69,West,SelfEmployed,IT,2025Q4,86322.0,639.0,55.55,22.17,70.79,19969.0,0.1951,0.56692,0
1669,41,North,Salaried,Manufacturing,2024Q4,86107.0,699.0,61.76,46.88,58.93,24869.0,0.4282,0.60209,0
1670,21,West,Salaried,Manufacturing,2025Q3,158722.0,786.0,67.11,83.85,84.81,133749.0,0.5248,0.76801,0
1671,26,South,Salaried,Healthcare,2025Q1,54538.0,699.0,36.74,11.2,92.29,72269.0,0.348,0.32644,0
1672,47,West,SelfEmployed,Manufacturing,2025Q3,52639.0,647.0,34.99,34.48,62.22,21344.0,0.365,0.44309,0
1673,43,West,Salaried,Healthcare,2025Q3,73964.0,686.0,37.63,63.78,42.72,199242.0,0.2302,0.49502,1
1674,67,West,Salaried,Retail,2024Q4,115117.0,641.0,49.59,37.18,53.18,289027.0,0.2746,0.54699,0
1675,51,West,Salaried,Manufacturing,2024Q4,20000.0,590.0,56.53,11.37,45.6,90295.0,0.4919,0.51104,1
1676,32,South,SelfEmployed,Healthcare,2024Q4,32403.0,700.0,62.23,34.88,58.96,98613.0,0.3515,0.53022,0
1677,41,North,Salaried,Retail,2025Q4,70007.0,716.0,37.37,78.89,75.48,77825.0,0.6332,0.64601,0
1678,22,South,Salaried,Manufacturing,2025Q3,133004.0,748.0,31.8,92.12,68.54,47147.0,0.4344,0.59815,0
1679,25,North,Salaried,Retail,2025Q3,80636.0,736.0,69.0,8.58,53.36,20308.0,0.2283,0.33165,0
1680,29,East,Salaried,Transport,2025Q4,50940.0,744.0,23.91,56.24,82.2,34275.0,0.6416,0.37891,0
1681,40,South,Salaried,Manufacturing,2025Q1,100551.0,708.0,23.32,14.48,47.23,70403.0,0.1929,0.14284,0
1682,66,West,Salaried,Transport,2025Q2,121548.0,827.0,52.92,66.24,52.55,109408.0,0.3183,0.38126,0
1683,38,East,SelfEmployed,IT,2025Q1,64033.0,664.0,20.78,5.71,77.18,62169.0,0.3852,0.21655,0
1684,42,West,Salaried,IT,2025Q4,91360.0,693.0,33.96,6.33,50.85,68430.0,0.402,0.18233,0
1685,28,North,Salaried,Healthcare,2025Q3,83919.0,801.0,27.54,74.92,77.33,75422.0,0.2901,0.38923,0
1686,54,West,Salaried,Construction,2025Q3,94307.0,689.0,20.12,11.7,93.73,78764.0,0.3657,0.24856,0
1687,29,West,Salaried,Transport,2024Q4,68526.0,704.0,44.78,32.47,85.72,48494.0,0.5244,0.47739,1
1688,27,South,Salaried,Transport,2024Q4,95716.0,732.0,32.41,91.22,48.8,97644.0,0.5261,0.55653,0
1689,50,East,Salaried,IT,2025Q3,100962.0,774.0,37.73,93.67,68.63,33571.0,0.5832,0.60098,0
1690,38,West,Salaried,Transport,2025Q3,97857.0,718.0,21.75,19.53,63.23,90632.0,0.2601,0.1746,0
1691,47,North,SelfEmployed,Construction,2024Q4,39441.0,661.0,56.07,55.48,94.54,25265.0,0.3996,0.78519,0
1692,36,South,Salaried,Retail,2024Q4,44153.0,687.0,28.88,55.32,93.04,31705.0,0.4189,0.5611,0
1693,41,South,Salaried,Retail,2025Q1,62769.0,740.0,30.56,45.71,46.99,44257.0,0.1452,0.25865,0
1694,25,North,SelfEmployed,Construction,2025Q3,86687.0,694.0,25.13,88.22,89.98,83799.0,0.3271,0.70245,1
1695,49,South,Salaried,Transport,2025Q3,93980.0,684.0,36.06,72.86,50.64,86257.0,0.4306,0.57167,0
1696,67,North,SelfEmployed,Transport,2025Q4,53648.0,659.0,37.81,73.81,57.57,40317.0,0.346,0.66223,0
1697,57,North,Salaried,Transport,2025Q1,88106.0,776.0,41.78,29.26,59.44,27091.0,0.2817,0.22642,0
1698,63,North,Salaried,Healthcare,2025Q2,103643.0,703.0,68.05,44.09,55.78,170111.0,0.4087,0.61158,0
1699,42,West,SelfEmployed,Manufacturing,2025Q2,96700.0,704.0,64.28,48.87,86.93,76627.0,0.5091,0.71601,0
1700,34,South,Salaried,Construction,2025Q2,68504.0,747.0,46.56,31.9,58.15,66433.0,0.3869,0.30736,0
1701,39,West,Salaried,Construction,2024Q4,70789.0,635.0,12.33,13.53,84.92,94358.0,0.1039,0.26926,0
1702,55,South,SelfEmployed,Construction,2025Q2,47561.0,712.0,46.74,16.37,94.69,37505.0,0.5069,0.40933,0
1703,44,South,Salaried,Construction,2025Q4,123508.0,793.0,15.38,21.26,86.24,154762.0,0.2088,0.12392,0
1704,62,South,Salaried,Construction,2024Q4,91851.0,706.0,52.62,23.33,59.04,109450.0,0.2205,0.37648,0
1705,26,South,Salaried,Transport,2024Q4,39694.0,722.0,33.4,26.8,79.12,59973.0,0.3925,0.30628,0
1706,23,North,SelfEmployed,Healthcare,2025Q2,110666.0,721.0,60.26,27.99,69.37,70015.0,0.3941,0.47038,0
1707,54,East,Business,IT,2024Q4,96464.0,768.0,66.55,46.01,83.26,61832.0,0.2831,0.58633,0
1708,65,North,Salaried,Transport,2025Q1,109857.0,721.0,35.03,50.86,48.42,185955.0,0.4495,0.34981,0
1709,22,East,Salaried,Transport,2025Q1,66035.0,846.0,37.63,32.8,75.1,98903.0,0.3586,0.16928,0
1710,35,East,Business,Manufacturing,2025Q2,69524.0,723.0,45.41,86.66,82.55,106902.0,0.1753,0.74748,0
1711,57,North,Salaried,IT,2025Q4,59684.0,686.0,21.83,54.78,81.87,76759.0,0.2392,0.46609,0
1712,35,North,Salaried,Construction,2024Q4,132930.0,793.0,65.64,75.87,93.0,73118.0,0.3234,0.73414,0
1713,52,West,SelfEmployed,IT,2025Q3,67475.0,698.0,35.98,88.18,43.21,272494.0,0.3637,0.60941,0
1714,41,South,SelfEmployed,Healthcare,2025Q2,56120.0,677.0,20.01,19.68,59.02,56734.0,0.2936,0.20774,0
1715,37,North,SelfEmployed,Retail,2024Q4,63826.0,645.0,55.76,43.51,66.21,85266.0,0.1367,0.66746,0
1716,54,West,Salaried,Transport,2025Q2,71871.0,736.0,23.15,43.99,57.04,309576.0,0.2737,0.24215,0
1717,52,North,Salaried,IT,2025Q2,118899.0,685.0,18.61,36.9,57.04,185148.0,0.437,0.26072,0
1718,67,East,Salaried,Manufacturing,2025Q4,86921.0,667.0,43.77,5.8,49.69,95369.0,0.3655,0.26222,0
1719,43,West,Salaried,Healthcare,2025Q3,110839.0,679.0,50.29,78.44,84.71,25417.0,0.4686,0.80365,0
1720,55,North,Salaried,Retail,2024Q4,87133.0,690.0,44.17,15.04,89.94,333754.0,0.4516,0.4086,0
1721,57,North,SelfEmployed,Healthcare,2025Q2,75494.0,756.0,49.39,94.59,44.53,61801.0,0.1496,0.63832,1
1722,63,North,Salaried,Construction,2025Q2,53937.0,737.0,16.93,74.57,48.52,77554.0,0.2778,0.3334,0
1723,61,South,SelfEmployed,Retail,2024Q4,119851.0,702.0,38.56,57.2,52.56,150583.0,0.44,0.46479,0
1724,57,North,Salaried,Manufacturing,2025Q2,104774.0,741.0,31.42,18.91,67.99,63309.0,0.417,0.19919,0
1725,53,East,Salaried,Retail,2025Q2,107049.0,704.0,68.4,51.39,83.51,84870.0,0.4164,0.74196,0
1726,45,North,Salaried,Manufacturing,2025Q2,103129.0,721.0,12.98,28.5,43.93,76507.0,0.4768,0.12897,0
1727,66,South,Salaried,Construction,2025Q1,62247.0,673.0,27.9,27.71,75.02,56697.0,0.5099,0.34717,0
1728,57,West,Salaried,Manufacturing,2025Q1,86625.0,674.0,66.51,79.66,48.21,93520.0,0.148,0.80524,0
1729,60,West,Business,Healthcare,2025Q3,107172.0,718.0,69.01,39.26,93.43,46918.0,0.3067,0.69138,0
1730,41,East,SelfEmployed,IT,2025Q4,103608.0,718.0,59.49,45.57,89.43,33008.0,0.4348,0.64973,0
1731,66,South,Salaried,Healthcare,2024Q4,83915.0,766.0,14.56,80.87,92.23,106786.0,0.4508,0.45437,1
1732,68,East,Salaried,Transport,2025Q4,129375.0,737.0,43.68,12.9,45.84,175642.0,0.5658,0.18556,0
1733,58,South,Business,Healthcare,2025Q4,93324.0,683.0,34.01,58.52,66.84,43488.0,0.5354,0.53051,0
1734,60,South,Salaried,Retail,2025Q1,113050.0,640.0,58.39,57.04,49.09,50581.0,0.4941,0.71037,0
1735,54,North,Salaried,Construction,2025Q3,85004.0,759.0,13.3,43.27,73.02,73378.0,0.2998,0.19905,0
1736,39,West,Salaried,Transport,2025Q4,70708.0,728.0,21.83,79.68,52.8,73434.0,0.459,0.42871,0
1737,47,South,Business,Transport,2025Q4,104230.0,763.0,39.35,89.86,82.38,18388.0,0.595,0.65844,0
1738,29,North,Salaried,Transport,2025Q2,98338.0,735.0,19.46,46.88,75.42,54351.0,0.5373,0.29012,0
1739,25,South,Salaried,IT,2024Q4,88662.0,809.0,51.56,46.05,71.44,256957.0,0.4026,0.35334,0
1740,25,South,Business,Manufacturing,2025Q3,58847.0,698.0,59.25,50.19,85.39,194504.0,0.5311,0.69594,1
1741,45,West,Salaried,Retail,2024Q4,105274.0,712.0,52.27,70.08,67.52,241110.0,0.3844,0.67583,0
1742,46,East,Salaried,Construction,2025Q1,60163.0,753.0,36.42,65.13,54.84,112682.0,0.3858,0.40503,0
1743,39,West,Salaried,IT,2025Q4,99434.0,757.0,62.7,25.06,74.14,50395.0,0.331,0.41577,0
1744,50,North,SelfEmployed,Healthcare,2025Q4,52575.0,728.0,18.26,10.75,92.64,87508.0,0.1916,0.17979,1
1745,56,South,Salaried,Construction,2024Q4,58824.0,622.0,25.62,90.43,73.06,111178.0,0.4727,0.77651,0
1746,68,South,Business,Transport,2025Q1,87302.0,613.0,39.37,28.5,74.63,58079.0,0.3462,0.55254,0
1747,68,North,Salaried,Construction,2025Q2,94474.0,689.0,13.68,62.47,91.41,21870.0,0.3757,0.48332,0
1748,36,South,Salaried,Construction,2025Q2,85417.0,711.0,15.74,79.56,68.34,137836.0,0.4197,0.4742,1
1749,27,West,Business,Healthcare,2025Q4,66821.0,607.0,33.85,32.02,94.8,53424.0,0.2891,0.61773,0
1750,38,North,Salaried,Manufacturing,2025Q4,107830.0,708.0,66.63,62.19,48.78,113377.0,0.4642,0.67229,0
1751,41,South,Salaried,Retail,2025Q3,83471.0,746.0,64.5,14.71,69.54,24179.0,0.3408,0.37272,0
1752,51,North,Salaried,Transport,2024Q4,84834.0,707.0,37.96,92.29,51.71,46670.0,0.3456,0.66101,1
1753,21,North,Salaried,Manufacturing,2025Q4,76062.0,726.0,18.53,10.23,64.93,95947.0,0.05,0.1274,0
1754,23,North,Salaried,IT,2025Q1,61932.0,742.0,20.69,44.44,49.38,113746.0,0.377,0.2032,0
1755,51,West,Salaried,Transport,2024Q4,108167.0,622.0,32.65,53.31,52.24,123500.0,0.2469,0.55492,0
1756,45,West,Salaried,Retail,2025Q3,63932.0,746.0,22.6,76.14,51.59,69688.0,0.3158,0.37484,1
1757,28,West,SelfEmployed,IT,2025Q2,122435.0,670.0,14.98,15.9,57.6,83700.0,0.2663,0.17562,0
1758,21,South,Salaried,Healthcare,2025Q3,59375.0,697.0,50.43,44.67,47.4,96065.0,0.2739,0.46641,0
1759,27,North,Business,Manufacturing,2024Q4,88073.0,674.0,44.89,31.97,84.51,91471.0,0.3318,0.5311,0
1760,27,South,Salaried,Transport,2025Q2,81739.0,769.0,27.48,33.08,52.14,109079.0,0.4174,0.16533,0
1761,28,South,Salaried,Construction,2025Q1,77184.0,646.0,56.74,75.09,62.91,32668.0,0.5383,0.81137,0
1762,39,West,Salaried,Retail,2025Q2,97048.0,786.0,56.56,5.49,40.88,269486.0,0.3776,0.14924,0
1763,37,North,Salaried,Transport,2025Q2,99745.0,842.0,39.46,72.42,45.77,64283.0,0.3037,0.27856,0
1764,31,South,Salaried,Construction,2025Q1,93399.0,625.0,15.79,77.94,89.29,68430.0,0.3203,0.70351,0
1765,67,North,SelfEmployed,Transport,2025Q4,53403.0,678.0,65.11,86.12,86.04,59651.0,0.4726,0.88843,0
1766,61,South,Business,IT,2025Q4,50717.0,744.0,50.12,61.42,86.25,86011.0,0.4099,0.61854,0
1767,69,East,Business,Construction,2025Q2,49213.0,655.0,24.82,35.01,62.62,26645.0,0.2076,0.35812,0
1768,31,South,Salaried,Construction,2025Q2,73898.0,695.0,46.63,43.45,47.78,51995.0,0.2742,0.43573,0
1769,58,South,SelfEmployed,Transport,2025Q3,132884.0,720.0,34.3,92.28,45.93,19232.0,0.3601,0.59087,1
1770,61,South,Salaried,Healthcare,2025Q4,78771.0,671.0,48.12,84.31,73.31,52703.0,0.3309,0.79972,0
1771,22,South,Salaried,Healthcare,2025Q1,132523.0,715.0,38.43,46.72,85.55,81673.0,0.2857,0.49702,0
1772,24,West,SelfEmployed,Manufacturing,2025Q2,79165.0,762.0,39.13,89.88,89.51,108950.0,0.3292,0.68263,1
1773,48,West,Salaried,IT,2025Q2,84000.0,706.0,54.15,79.07,55.88,70160.0,0.3858,0.70969,0
1774,53,West,Salaried,Healthcare,2025Q3,94894.0,653.0,46.82,86.1,57.66,89339.0,0.3982,0.78567,0
1775,31,West,Salaried,Transport,2025Q3,72725.0,774.0,14.8,66.47,45.55,22468.0,0.3571,0.21354,0
1776,23,South,Salaried,Healthcare,2025Q3,85682.0,786.0,13.92,82.19,82.59,81564.0,0.4626,0.38228,0
1777,60,East,SelfEmployed,Manufacturing,2024Q4,37429.0,730.0,28.3,85.26,55.16,176300.0,0.4061,0.51643,0
1778,25,South,Salaried,Retail,2025Q1,57772.0,656.0,35.81,13.28,66.45,101181.0,0.2298,0.32196,0
1779,41,South,Business,Manufacturing,2024Q4,37955.0,662.0,26.51,91.87,91.09,43369.0,0.3114,0.77983,0
1780,42,West,Salaried,Construction,2025Q2,98131.0,580.0,49.09,35.03,81.37,82317.0,0.3353,0.7371,1
1781,57,North,Salaried,Construction,2025Q3,45916.0,677.0,21.71,44.59,42.9,190118.0,0.3332,0.287,0
1782,31,West,Salaried,Healthcare,2025Q3,115292.0,769.0,52.25,76.27,40.45,108953.0,0.257,0.50803,0
1783,64,South,Salaried,Healthcare,2025Q3,88901.0,672.0,56.39,64.84,83.31,111050.0,0.2862,0.783,1
1784,42,East,Salaried,Manufacturing,2025Q4,103985.0,657.0,17.46,85.38,70.39,42178.0,0.4603,0.6352,1
1785,61,East,SelfEmployed,Manufacturing,2025Q1,63834.0,766.0,49.05,41.05,79.62,56745.0,0.2334,0.41628,1
1786,33,West,SelfEmployed,Transport,2024Q4,51913.0,773.0,67.69,38.6,48.62,69700.0,0.3168,0.41055,0
1787,23,East,Business,IT,2025Q1,71307.0,681.0,21.57,7.85,87.96,259065.0,0.5021,0.23482,0
1788,33,East,SelfEmployed,Transport,2025Q3,106605.0,738.0,64.56,46.65,82.53,38608.0,0.3433,0.63105,0
1789,48,North,SelfEmployed,Construction,2025Q2,132876.0,662.0,46.36,70.17,89.0,87706.0,0.6388,0.78276,1
1790,31,South,Salaried,Transport,2025Q4,92709.0,691.0,45.46,32.11,58.76,117154.0,0.5458,0.40577,0
1791,31,North,SelfEmployed,Manufacturing,2025Q1,47108.0,610.0,13.12,46.65,55.16,122914.0,0.0913,0.40321,0
1792,41,East,Salaried,Transport,2025Q2,55703.0,730.0,54.9,24.75,48.35,61457.0,0.2211,0.32133,0
1793,41,South,Salaried,Retail,2025Q3,42792.0,704.0,38.7,74.55,91.15,58205.0,0.3593,0.70209,0
1794,27,East,Salaried,IT,2025Q3,76771.0,673.0,53.27,10.45,49.73,281902.0,0.3138,0.33644,0
1795,37,North,Salaried,Manufacturing,2025Q3,73069.0,705.0,58.55,68.48,46.56,60616.0,0.4362,0.65194,0
1796,68,North,Salaried,Healthcare,2025Q3,76585.0,698.0,41.43,39.1,50.6,54568.0,0.4292,0.37614,0
1797,34,East,Business,Transport,2025Q4,53164.0,665.0,25.82,8.74,82.43,140142.0,0.1702,0.27161,0
1798,53,North,Salaried,Manufacturing,2025Q4,50660.0,732.0,18.49,81.81,88.92,80007.0,0.4912,0.54454,1
1799,31,North,Salaried,Healthcare,2025Q1,82353.0,694.0,19.63,48.89,84.6,29420.0,0.5823,0.40887,0
1800,33,North,Salaried,Healthcare,2025Q3,92110.0,703.0,62.02,58.94,70.98,145169.0,0.1871,0.70635,0
1801,21,West,Salaried,Construction,2025Q4,50379.0,630.0,17.41,70.88,94.66,55360.0,0.3051,0.68507,0
1802,54,East,Salaried,Construction,2025Q2,91843.0,703.0,33.08,63.96,43.79,54943.0,0.3117,0.4313,0
1803,29,South,Salaried,Manufacturing,2025Q4,103669.0,700.0,30.06,70.78,87.7,470786.0,0.5004,0.61904,0
1804,33,South,Salaried,Manufacturing,2025Q4,21731.0,665.0,61.93,73.61,63.52,62053.0,0.5319,0.80754,0
1805,57,South,Salaried,Retail,2025Q1,119392.0,739.0,38.66,58.02,65.03,76660.0,0.2983,0.44325,0
1806,50,West,SelfEmployed,IT,2025Q4,97555.0,594.0,69.79,37.91,47.02,138585.0,0.2951,0.74913,1
1807,61,East,SelfEmployed,IT,2025Q2,103903.0,683.0,54.22,26.88,41.84,38084.0,0.472,0.39139,0
1808,65,North,Salaried,Manufacturing,2025Q3,54478.0,727.0,61.06,86.26,57.41,108102.0,0.325,0.7564,0
1809,57,North,Salaried,Construction,2024Q4,99679.0,825.0,15.92,92.29,49.62,139640.0,0.3773,0.27405,0
1810,67,North,Salaried,Transport,2025Q1,102552.0,635.0,25.19,37.19,66.58,185083.0,0.4651,0.42677,1
1811,27,East,SelfEmployed,Retail,2025Q2,63711.0,715.0,18.13,15.11,48.1,116029.0,0.4379,0.12175,0
1812,34,West,Salaried,IT,2025Q1,99497.0,740.0,37.82,25.03,47.59,33743.0,0.385,0.20635,0
1813,68,South,Salaried,Manufacturing,2025Q3,76546.0,713.0,53.1,65.36,88.23,99249.0,0.1928,0.71962,0
1814,26,North,SelfEmployed,Construction,2025Q4,64562.0,642.0,20.14,20.56,90.67,28523.0,0.4223,0.36371,0
1815,54,North,Salaried,Construction,2025Q4,75089.0,683.0,17.81,75.21,93.03,172996.0,0.4692,0.60894,0
1816,36,West,Salaried,Construction,2025Q2,84207.0,576.0,46.88,88.07,77.43,155114.0,0.4405,0.90584,0
1817,57,South,Salaried,Transport,2025Q3,72435.0,710.0,23.82,91.73,82.41,85588.0,0.1853,0.65975,0
1818,56,West,Business,Healthcare,2024Q4,60205.0,632.0,38.76,5.84,85.97,83186.0,0.4485,0.41127,0
1819,66,East,SelfEmployed,Transport,2024Q4,89824.0,735.0,13.07,91.23,76.24,72743.0,0.2653,0.50899,0
1820,26,South,SelfEmployed,Construction,2025Q4,93994.0,674.0,50.84,71.62,58.16,71784.0,0.0617,0.71002,0
1821,28,North,Salaried,Manufacturing,2025Q3,83651.0,669.0,42.48,12.56,48.6,143987.0,0.3315,0.2822,0
1822,44,North,Salaried,Retail,2025Q3,39561.0,719.0,48.85,42.37,53.05,58806.0,0.2125,0.41754,0
1823,23,East,Business,Transport,2025Q2,65385.0,724.0,26.52,68.0,86.22,339172.0,0.3498,0.52365,0
1824,24,West,Business,Manufacturing,2024Q4,58898.0,758.0,26.72,91.1,78.29,82549.0,0.2003,0.57198,0
1825,52,East,Salaried,Construction,2025Q2,123277.0,696.0,58.08,19.77,65.07,174393.0,0.3247,0.43728,0
1826,21,South,SelfEmployed,Retail,2025Q1,82947.0,704.0,53.11,16.5,41.62,22961.0,0.1552,0.28836,0
1827,54,North,Salaried,IT,2025Q3,72994.0,634.0,44.78,47.51,54.64,48822.0,0.2689,0.59409,0
1828,65,West,Salaried,IT,2024Q4,66032.0,790.0,47.69,92.13,80.09,138895.0,0.3904,0.67215,0
1829,29,West,Salaried,Manufacturing,2025Q2,76879.0,659.0,15.64,92.42,68.18,91664.0,0.5624,0.65334,1
1830,32,South,Salaried,Retail,2025Q4,98788.0,750.0,61.37,25.51,63.95,74601.0,0.3164,0.38682,0
1831,30,West,Business,Manufacturing,2025Q1,34252.0,750.0,56.19,33.74,57.25,153544.0,0.3484,0.37425,0
1832,30,East,Salaried,Retail,2025Q2,85754.0,732.0,45.43,86.72,73.38,322623.0,0.4458,0.70593,0
1833,64,East,Salaried,Retail,2025Q4,67385.0,697.0,65.12,71.14,93.15,32565.0,0.3986,0.83937,1
1834,68,East,Business,Manufacturing,2024Q4,90767.0,690.0,20.12,92.51,89.56,147359.0,0.4047,0.69832,1
1835,43,West,Business,Retail,2024Q4,99978.0,706.0,51.2,85.38,41.68,53656.0,0.4339,0.67785,0
1836,26,East,Salaried,Transport,2025Q1,62612.0,605.0,67.78,24.36,66.45,133036.0,0.3043,0.7103,0
1837,44,North,Salaried,Construction,2025Q4,45770.0,709.0,28.6,73.38,58.12,53219.0,0.2555,0.49892,0
1838,44,South,Salaried,Retail,2025Q3,72390.0,792.0,10.92,9.37,68.08,105933.0,0.3835,0.06595,0
1839,41,West,Salaried,Transport,2024Q4,112177.0,698.0,54.09,78.6,73.34,112892.0,0.0704,0.76984,0
1840,62,North,Business,Retail,2025Q3,100891.0,708.0,10.42,59.14,51.0,44911.0,0.1036,0.26708,0
1841,51,South,Business,Transport,2025Q3,70559.0,654.0,62.35,91.05,82.99,52437.0,0.5295,0.9057,0
1842,67,South,Salaried,Manufacturing,2025Q2,64129.0,720.0,13.38,91.4,66.13,64069.0,0.4862,0.50416,1
1843,61,South,Salaried,IT,2025Q2,66016.0,667.0,49.17,9.57,94.56,23443.0,0.2684,0.47378,0
1844,50,East,Salaried,Healthcare,2024Q4,47559.0,757.0,32.63,19.45,41.38,100470.0,0.2024,0.13376,0
1845,54,West,Business,Retail,2025Q3,99619.0,773.0,22.2,48.58,50.43,205036.0,0.4151,0.19074,0
1846,38,North,Salaried,Healthcare,2025Q2,104185.0,785.0,63.9,84.15,77.93,30289.0,0.4344,0.7333,1
1847,32,North,Salaried,Retail,2025Q4,70322.0,631.0,54.77,78.3,78.23,115928.0,0.2429,0.86169,0
1848,55,North,Salaried,Manufacturing,2025Q4,67483.0,750.0,30.43,91.79,72.02,92982.0,0.3348,0.59627,0
1849,27,West,Salaried,Manufacturing,2025Q4,62543.0,746.0,27.05,60.63,93.46,45140.0,0.1337,0.46614,1
1850,61,East,Salaried,Transport,2025Q4,68741.0,687.0,54.16,28.09,62.84,305172.0,0.2973,0.46813,0
1851,60,South,Salaried,Retail,2025Q3,61621.0,776.0,60.19,7.26,62.94,163633.0,0.3217,0.23624,0
1852,45,West,Business,Manufacturing,2025Q4,76120.0,733.0,52.95,25.06,90.08,174030.0,0.3695,0.45113,0
1853,26,West,Business,Manufacturing,2025Q3,99660.0,786.0,48.4,65.77,69.61,75234.0,0.6159,0.4891,1
1854,21,West,SelfEmployed,Retail,2024Q4,97084.0,640.0,23.68,88.36,59.46,25369.0,0.2085,0.68761,1
1855,66,West,Salaried,Transport,2024Q4,59033.0,671.0,61.17,33.88,79.54,82443.0,0.5303,0.6478,0
1856,36,South,Salaried,Transport,2025Q4,83795.0,715.0,54.98,83.81,74.08,66995.0,0.2802,0.77464,0
1857,68,West,Salaried,Transport,2025Q4,96154.0,774.0,41.04,40.54,56.85,149537.0,0.268,0.26923,0
1858,24,South,Salaried,Transport,2025Q4,56505.0,735.0,40.7,32.74,56.39,48342.0,0.4753,0.29011,0
1859,49,West,Business,IT,2024Q4,83535.0,658.0,44.15,50.8,61.76,186102.0,0.2662,0.58857,0
1860,58,East,Salaried,Retail,2025Q2,110341.0,808.0,59.7,44.8,43.94,47344.0,0.2431,0.31185,0
1861,67,West,Salaried,IT,2024Q4,73878.0,694.0,54.54,87.24,91.84,119857.0,0.423,0.85125,0
1862,48,East,Business,Manufacturing,2025Q4,29552.0,660.0,61.37,47.14,50.07,43356.0,0.4067,0.64428,0
1863,42,North,Business,IT,2025Q2,20000.0,667.0,40.44,29.96,50.66,71201.0,0.2865,0.37357,0
1864,28,South,Salaried,Transport,2025Q2,87770.0,637.0,47.48,80.83,75.59,28770.0,0.5656,0.82993,0
1865,52,West,Salaried,Manufacturing,2025Q1,82663.0,586.0,61.27,94.89,79.83,76952.0,0.2898,0.94357,0
1866,53,West,Salaried,IT,2025Q3,84693.0,704.0,23.94,63.34,80.53,36119.0,0.1588,0.49519,0
1867,33,North,Salaried,IT,2025Q4,92232.0,624.0,36.64,27.54,60.63,107847.0,0.2092,0.45047,0
1868,47,North,Salaried,Retail,2025Q3,43014.0,727.0,47.24,26.49,88.03,119078.0,0.2055,0.42116,0
1869,38,North,Salaried,IT,2025Q1,59830.0,764.0,64.91,10.19,69.92,72550.0,0.305,0.31817,0
1870,38,East,Business,Manufacturing,2025Q3,90577.0,731.0,10.95,11.96,64.12,46284.0,0.5216,0.10373,0
1871,33,West,Salaried,Transport,2025Q4,98397.0,712.0,22.75,87.35,84.57,97105.0,0.1321,0.63078,0
1872,42,North,Salaried,Retail,2025Q1,73578.0,625.0,24.07,13.68,53.4,142254.0,0.554,0.26173,0
1873,34,South,Salaried,IT,2025Q3,44193.0,757.0,29.6,48.59,87.31,64931.0,0.2646,0.3682,0
1874,31,West,Salaried,Retail,2024Q4,88499.0,817.0,26.91,67.83,69.64,54142.0,0.2793,0.29132,0
1875,59,East,SelfEmployed,Healthcare,2025Q2,81278.0,787.0,45.41,81.53,89.5,30269.0,0.2531,0.63262,0
1876,42,South,Salaried,Retail,2025Q1,53544.0,637.0,63.14,20.41,51.09,85177.0,0.2853,0.54395,0
1877,56,East,Salaried,Transport,2024Q4,30409.0,706.0,48.22,44.4,91.48,153583.0,0.3181,0.59463,0
1878,37,South,Salaried,Healthcare,2025Q4,94281.0,694.0,24.49,27.63,77.83,198986.0,0.3318,0.29681,0
1879,52,South,SelfEmployed,Healthcare,2025Q2,64564.0,688.0,61.83,28.02,74.01,86346.0,0.382,0.56479,0
1880,34,East,Salaried,Retail,2025Q1,84667.0,711.0,47.92,32.35,63.21,27425.0,0.0956,0.40194,0
1881,62,East,SelfEmployed,Manufacturing,2025Q2,83739.0,829.0,23.14,57.84,92.6,52627.0,0.3306,0.26825,0
1882,49,West,Salaried,Transport,2025Q1,51327.0,716.0,31.7,6.49,64.42,165937.0,0.4063,0.17542,0
1883,26,East,Salaried,Manufacturing,2025Q1,90447.0,686.0,57.4,41.79,67.42,130025.0,0.3398,0.59712,0
1884,24,West,Salaried,Transport,2025Q3,58505.0,726.0,54.34,21.81,82.98,35468.0,0.3153,0.42778,0
1885,31,North,Business,Transport,2025Q2,42615.0,638.0,44.59,92.04,55.67,291752.0,0.2869,0.81332,0
1886,65,South,Business,Manufacturing,2025Q2,39413.0,671.0,18.69,57.45,56.03,34281.0,0.4753,0.39467,0
1887,60,North,Salaried,Construction,2024Q4,79919.0,764.0,58.2,83.13,82.64,55684.0,0.4054,0.74074,0
1888,30,North,Salaried,Healthcare,2025Q4,119853.0,720.0,28.45,22.61,47.07,104001.0,0.3225,0.17684,0
1889,48,East,Salaried,Retail,2024Q4,81026.0,826.0,56.3,77.9,85.26,69175.0,0.4108,0.60123,0
1890,31,West,Salaried,Manufacturing,2025Q3,124579.0,725.0,48.85,42.33,74.38,58249.0,0.4598,0.48547,0
1891,55,North,Salaried,Manufacturing,2025Q1,116221.0,641.0,25.85,20.99,69.65,73826.0,0.1844,0.33475,0
1892,35,South,Business,Retail,2025Q3,92907.0,623.0,22.74,73.51,52.6,149910.0,0.4092,0.60504,0
1893,28,West,Business,Healthcare,2025Q3,119362.0,765.0,17.85,73.58,83.25,281006.0,0.2479,0.40208,0
1894,40,North,Salaried,Retail,2024Q4,116534.0,653.0,24.52,94.63,84.27,90441.0,0.5039,0.77619,0
1895,41,East,Salaried,Transport,2025Q1,109467.0,648.0,19.47,75.28,66.56,47096.0,0.2343,0.59443,0
1896,21,East,SelfEmployed,Construction,2025Q4,32892.0,682.0,47.02,18.07,61.4,78716.0,0.3458,0.36128,0
1897,49,East,SelfEmployed,Transport,2025Q3,74081.0,765.0,45.93,34.03,53.54,291303.0,0.382,0.27156,0
1898,44,North,Salaried,Construction,2025Q4,62658.0,690.0,45.17,45.66,81.48,129121.0,0.1262,0.57457,0
1899,50,South,Salaried,Retail,2025Q1,109278.0,664.0,48.51,16.4,75.17,186777.0,0.0988,0.44602,0
1900,60,West,Salaried,Transport,2025Q1,72319.0,777.0,58.89,75.92,51.36,130803.0,0.2987,0.57972,0
1901,55,East,Salaried,Healthcare,2024Q4,123808.0,767.0,64.81,52.4,83.7,141275.0,0.5505,0.61573,0
1902,53,North,Salaried,Transport,2025Q2,82539.0,802.0,23.82,90.0,88.52,75568.0,0.327,0.49475,0
1903,40,West,Salaried,Manufacturing,2024Q4,79301.0,784.0,45.27,58.04,43.26,200499.0,0.4068,0.3281,0
1904,36,North,Salaried,Construction,2025Q4,70534.0,768.0,14.7,52.06,82.48,10077.0,0.05,0.25614,0
1905,29,East,Salaried,Construction,2024Q4,75385.0,669.0,17.21,11.43,86.9,108915.0,0.4496,0.2416,0
1906,51,North,Salaried,Healthcare,2025Q1,86719.0,746.0,49.26,18.44,94.53,102238.0,0.4087,0.37446,0
1907,37,West,Salaried,Construction,2025Q3,78348.0,777.0,39.19,81.46,53.07,39826.0,0.4286,0.47349,0
1908,51,South,SelfEmployed,Construction,2025Q2,68378.0,812.0,55.5,94.16,60.41,93090.0,0.3547,0.62914,0
1909,68,South,SelfEmployed,Healthcare,2025Q1,69859.0,719.0,35.54,42.37,93.14,110887.0,0.1964,0.46685,0
1910,43,North,Salaried,Transport,2025Q3,125525.0,683.0,17.66,77.91,45.17,21760.0,0.259,0.44804,0
1911,26,South,Salaried,Retail,2025Q4,129938.0,661.0,62.32,61.48,68.8,94402.0,0.2406,0.77693,0
1912,50,West,Business,Transport,2025Q4,68230.0,764.0,14.97,91.32,67.87,181657.0,0.4151,0.43517,0
1913,27,West,Salaried,Manufacturing,2025Q4,101224.0,673.0,21.34,26.43,73.36,237527.0,0.3219,0.29208,0
1914,68,South,Salaried,Manufacturing,2024Q4,59305.0,716.0,26.62,54.04,58.19,113539.0,0.4492,0.35324,0
1915,60,South,Salaried,Construction,2025Q4,71829.0,662.0,69.72,41.79,90.93,69075.0,0.4246,0.78709,0
1916,62,East,Salaried,Manufacturing,2025Q4,52812.0,701.0,35.01,53.75,54.85,144942.0,0.5606,0.42725,0
1917,66,West,Salaried,Retail,2024Q4,105496.0,734.0,40.1,29.2,75.73,40712.0,0.3628,0.33089,0
1918,31,East,Business,Construction,2025Q3,92113.0,725.0,56.18,49.8,67.28,127695.0,0.3228,0.55997,1
1919,54,South,Salaried,Manufacturing,2025Q1,96886.0,751.0,48.18,61.23,54.67,71396.0,0.3612,0.47294,0
1920,32,South,Salaried,IT,2025Q2,102206.0,634.0,60.49,12.31,50.39,168446.0,0.05,0.47569,0
1921,65,East,Business,IT,2025Q4,58260.0,704.0,39.19,71.87,92.61,52866.0,0.3051,0.69693,0
1922,67,North,Salaried,IT,2025Q4,71890.0,684.0,68.33,68.59,70.87,245517.0,0.4229,0.8107,0
1923,47,East,Salaried,IT,2025Q4,91131.0,656.0,57.81,84.24,73.23,172463.0,0.314,0.85705,0
1924,32,South,Salaried,Transport,2024Q4,71361.0,669.0,34.08,43.33,83.06,95379.0,0.3195,0.52531,0
1925,33,West,Salaried,IT,2024Q4,81736.0,661.0,32.88,10.55,44.47,90060.0,0.313,0.21933,0
1926,28,North,Salaried,Construction,2024Q4,60007.0,729.0,65.77,46.53,79.26,243257.0,0.5392,0.64365,0
1927,36,East,Salaried,Healthcare,2025Q2,113243.0,732.0,51.06,17.38,49.08,333533.0,0.3817,0.2586,0
1928,49,South,Salaried,Transport,2025Q1,103463.0,758.0,47.29,63.27,80.73,58155.0,0.3301,0.56118,0
1929,55,East,Salaried,Healthcare,2025Q4,110927.0,728.0,55.47,9.24,47.77,59858.0,0.6396,0.24738,0
1930,49,North,Salaried,Construction,2025Q3,96478.0,719.0,43.65,38.66,85.79,184526.0,0.1911,0.47825,1
1931,51,East,Salaried,Construction,2025Q4,52653.0,714.0,19.55,12.46,77.46,14242.0,0.2667,0.17437,0
1932,33,East,Salaried,Retail,2025Q4,68012.0,747.0,29.15,5.3,61.22,12413.0,0.2186,0.12436,0
1933,32,East,Salaried,Transport,2025Q4,62457.0,594.0,43.48,91.45,59.74,44096.0,0.2562,0.86219,0
1934,22,East,Salaried,Healthcare,2025Q4,73568.0,707.0,11.09,94.65,48.19,93296.0,0.4981,0.46702,0
1935,53,East,Business,IT,2025Q1,106444.0,727.0,36.24,55.0,89.72,34713.0,0.2277,0.52208,0
1936,28,West,Salaried,Construction,2025Q3,43181.0,808.0,55.35,26.51,46.52,31416.0,0.3519,0.20643,0
1937,61,South,Salaried,IT,2024Q4,65409.0,649.0,19.85,87.0,65.96,53966.0,0.4051,0.66131,0
1938,60,West,SelfEmployed,Healthcare,2025Q3,70138.0,647.0,13.87,88.07,53.01,196575.0,0.4312,0.58365,0
1939,69,South,Salaried,Transport,2025Q4,47150.0,585.0,60.16,81.91,94.8,57530.0,0.2691,0.93665,0
1940,61,North,Salaried,Manufacturing,2025Q3,85119.0,634.0,47.04,53.99,72.22,164509.0,0.4156,0.70603,0
1941,52,North,SelfEmployed,Manufacturing,2025Q4,71451.0,702.0,20.59,11.72,48.23,81540.0,0.2929,0.13249,0
1942,58,South,SelfEmployed,Construction,2025Q3,107795.0,670.0,58.38,12.96,76.72,224307.0,0.3494,0.49116,0
1943,48,West,Salaried,Retail,2025Q2,73122.0,669.0,49.49,85.7,94.54,64156.0,0.2192,0.8573,1
1944,35,East,Salaried,IT,2025Q3,91474.0,711.0,30.05,83.82,73.28,101782.0,0.1909,0.62389,0
1945,43,West,Salaried,Construction,2024Q4,82875.0,742.0,32.57,44.1,65.16,88833.0,0.3905,0.31446,0
1946,44,South,SelfEmployed,Retail,2024Q4,20000.0,711.0,19.35,34.53,56.13,69091.0,0.6347,0.21423,0
1947,33,South,Salaried,IT,2025Q3,44121.0,711.0,60.12,62.97,45.07,133386.0,0.309,0.61349,0
1948,41,North,Salaried,Healthcare,2025Q3,89589.0,732.0,40.54,77.63,52.55,123468.0,0.3449,0.54678,0
1949,32,South,SelfEmployed,Manufacturing,2025Q1,88449.0,609.0,43.42,70.85,70.45,89703.0,0.4224,0.79528,0
1950,33,South,Salaried,Retail,2025Q3,78283.0,717.0,63.01,60.4,81.46,19920.0,0.4765,0.7282,0
1951,59,North,SelfEmployed,IT,2024Q4,113253.0,706.0,10.95,25.84,88.29,33525.0,0.4826,0.22299,0
1952,43,North,Salaried,Construction,2025Q2,92749.0,710.0,14.02,28.63,83.65,39910.0,0.414,0.23398,0
1953,66,East,Salaried,IT,2024Q4,119257.0,678.0,19.69,70.17,46.9,90036.0,0.329,0.4318,0
1954,63,East,Salaried,Construction,2025Q1,20000.0,699.0,11.8,77.24,82.54,74238.0,0.4315,0.50837,0
1955,48,West,SelfEmployed,Manufacturing,2025Q3,123354.0,732.0,49.49,15.45,71.99,45208.0,0.3969,0.30867,0
1956,34,West,Salaried,Manufacturing,2025Q2,64821.0,798.0,48.03,21.86,65.8,42912.0,0.3427,0.21189,0
1957,37,East,Salaried,IT,2024Q4,80622.0,617.0,22.65,66.24,71.5,123907.0,0.4595,0.63928,1
1958,44,South,Salaried,IT,2025Q2,109669.0,741.0,18.96,40.01,40.44,45967.0,0.4012,0.16033,0
1959,54,East,SelfEmployed,Construction,2025Q4,27131.0,777.0,18.74,55.7,43.73,13538.0,0.266,0.18163,0
1960,68,West,Business,Construction,2024Q4,73667.0,640.0,67.19,60.33,68.92,85257.0,0.2222,0.82303,1
1961,42,North,Salaried,Retail,2025Q4,105220.0,700.0,51.61,74.86,49.55,52181.0,0.1591,0.6597,0
1962,30,South,Salaried,Retail,2025Q2,64574.0,725.0,45.13,77.51,70.0,129704.0,0.237,0.65484,0
1963,28,West,Business,Retail,2025Q3,102844.0,820.0,29.35,30.21,59.48,44973.0,0.3537,0.12609,0
1964,41,South,Salaried,IT,2025Q3,96910.0,830.0,35.98,53.72,89.91,64673.0,0.473,0.31751,0
1965,57,East,Salaried,Transport,2025Q3,84229.0,640.0,15.36,16.12,92.23,92561.0,0.336,0.31571,0
1966,27,East,Salaried,Transport,2025Q4,94972.0,693.0,69.89,80.78,93.89,16366.0,0.3854,0.8887,1
1967,46,North,SelfEmployed,Transport,2025Q3,112366.0,721.0,55.31,81.09,89.44,49845.0,0.4222,0.7958,0
1968,33,South,Salaried,Transport,2025Q1,95063.0,741.0,47.29,31.96,94.22,44175.0,0.2041,0.45166,0
1969,36,South,Salaried,Retail,2024Q4,103228.0,721.0,45.27,19.46,78.84,54211.0,0.2981,0.34493,0
1970,50,North,Salaried,IT,2024Q4,57968.0,658.0,40.26,11.31,92.83,52687.0,0.2104,0.43048,0
1971,51,North,Salaried,Transport,2025Q2,94550.0,655.0,25.45,56.75,75.3,75492.0,0.3096,0.54194,1
1972,25,West,Salaried,Manufacturing,2025Q4,92234.0,625.0,23.58,13.23,84.51,86022.0,0.3818,0.35525,0
1973,52,South,Salaried,Healthcare,2024Q4,108097.0,599.0,42.97,66.25,47.26,117149.0,0.3594,0.7238,0
1974,36,South,Salaried,Manufacturing,2025Q4,51050.0,624.0,14.21,66.03,77.54,107754.0,0.2512,0.58625,1
1975,67,South,Salaried,IT,2025Q2,106840.0,774.0,14.47,60.26,91.21,173532.0,0.4155,0.3138,1
1976,29,West,Salaried,IT,2025Q3,58021.0,749.0,43.65,83.89,69.7,148746.0,0.3816,0.63639,0
1977,42,South,SelfEmployed,Healthcare,2025Q2,138516.0,740.0,65.19,39.05,50.28,199697.0,0.4014,0.46567,0
1978,64,South,SelfEmployed,Construction,2025Q1,57788.0,698.0,64.86,86.2,68.98,178015.0,0.3687,0.83936,0
1979,60,West,SelfEmployed,Construction,2025Q3,50831.0,708.0,10.65,8.32,78.88,52568.0,0.2598,0.13576,0
1980,65,West,Salaried,Construction,2025Q3,72737.0,695.0,16.44,15.15,82.34,60910.0,0.2044,0.20511,0
1981,57,North,Salaried,Retail,2025Q3,106209.0,623.0,44.98,42.1,68.8,64216.0,0.3966,0.63467,0
1982,34,West,Salaried,Construction,2025Q2,88876.0,746.0,60.91,58.46,51.96,172068.0,0.4009,0.5506,0
1983,36,South,Business,Retail,2025Q1,121988.0,757.0,67.27,7.91,90.97,64420.0,0.3592,0.40738,0
1984,63,South,SelfEmployed,Retail,2025Q4,72488.0,647.0,61.63,56.07,82.55,131209.0,0.6025,0.80458,0
1985,40,North,SelfEmployed,Construction,2025Q2,67751.0,647.0,50.66,32.67,54.89,20332.0,0.295,0.52154,0
1986,64,North,Salaried,Construction,2024Q4,61639.0,729.0,22.03,84.84,84.65,17635.0,0.3912,0.57859,0
1987,35,East,Salaried,Healthcare,2024Q4,66842.0,729.0,14.36,53.0,59.13,190039.0,0.3634,0.25194,0
1988,64,South,Salaried,Transport,2025Q2,45070.0,750.0,12.85,57.91,57.18,109500.0,0.346,0.22947,0
1989,46,South,Salaried,Healthcare,2025Q4,63779.0,788.0,46.72,90.11,87.47,177794.0,0.2222,0.68232,0
1990,29,East,Salaried,Retail,2024Q4,49738.0,652.0,12.17,73.78,88.03,26504.0,0.3176,0.60239,0
1991,21,West,Business,Healthcare,2025Q4,97974.0,705.0,54.35,44.44,61.92,87480.0,0.4656,0.5316,0
1992,55,North,Salaried,Retail,2025Q3,117005.0,655.0,52.75,47.92,40.49,27409.0,0.4208,0.56169,0
1993,64,East,Salaried,IT,2025Q2,85541.0,659.0,14.78,63.31,50.26,145440.0,0.4523,0.40338,0
1994,40,North,Salaried,Retail,2025Q3,63153.0,686.0,64.4,23.02,90.01,79411.0,0.277,0.61459,0
1995,65,West,Business,Retail,2024Q4,98607.0,789.0,41.32,12.98,89.43,71552.0,0.461,0.21276,0
1996,26,East,Salaried,Healthcare,2025Q4,79019.0,771.0,64.27,33.01,64.93,143705.0,0.2186,0.41609,1
1997,62,West,Salaried,Transport,2025Q3,105371.0,706.0,64.1,75.05,56.73,73054.0,0.3265,0.75084,0
1998,30,North,Business,IT,2024Q4,56364.0,591.0,21.82,28.16,56.65,71385.0,0.2278,0.39582,0
1999,68,North,Salaried,Manufacturing,2025Q1,58100.0,732.0,32.83,16.77,89.35,28293.0,0.5629,0.2673,0
2000,53,South,Salaried,Manufacturing,2025Q3,98154.0,730.0,18.08,24.71,57.86,200459.0,0.3694,0.15257,0
2001,36,South,Salaried,Transport,2025Q1,79493.0,659.0,56.5,66.11,68.14,84377.0,0.4636,0.76861,0
2002,56,North,Salaried,Manufacturing,2025Q1,103172.0,756.0,40.25,60.26,80.21,112853.0,0.3982,0.49285,0
2003,26,West,SelfEmployed,IT,2024Q4,58537.0,658.0,65.73,66.95,51.52,30052.0,0.414,0.77862,0
2004,39,North,SelfEmployed,Construction,2025Q2,90841.0,756.0,22.49,33.98,53.96,206328.0,0.2247,0.16651,0
2005,51,South,Salaried,IT,2025Q4,93662.0,723.0,51.3,86.08,59.69,87189.0,0.3424,0.71102,0
2006,22,West,Salaried,Healthcare,2024Q4,41572.0,630.0,69.35,45.66,75.98,258380.0,0.2202,0.80599,0
2007,38,South,Salaried,Retail,2025Q3,79914.0,690.0,49.92,51.23,84.96,156023.0,0.2939,0.65295,0
2008,62,West,Salaried,Retail,2025Q4,29595.0,718.0,14.13,90.39,70.07,13962.0,0.3529,0.52273,0
2009,48,North,Salaried,Healthcare,2025Q2,116746.0,727.0,45.31,93.13,47.31,133001.0,0.2374,0.66488,1
2010,24,South,Salaried,Healthcare,2024Q4,47060.0,767.0,20.79,64.54,64.54,146352.0,0.194,0.3038,0
2011,21,North,Salaried,Retail,2025Q2,75278.0,774.0,11.83,90.03,47.02,119606.0,0.203,0.31468,0
2012,67,North,SelfEmployed,Transport,2025Q3,79877.0,697.0,30.1,53.74,44.86,88667.0,0.4239,0.36451,0
2013,62,West,Salaried,Construction,2024Q4,55947.0,741.0,25.97,32.66,72.43,66752.0,0.3099,0.24153,0
2014,36,North,Salaried,Construction,2025Q3,126230.0,798.0,57.33,33.36,92.59,74657.0,0.193,0.41463,0
2015,65,South,Salaried,Construction,2025Q4,62708.0,654.0,32.42,55.3,86.07,203296.0,0.3403,0.62586,1
2016,67,South,SelfEmployed,Healthcare,2025Q4,73255.0,677.0,53.98,59.45,82.6,213719.0,0.4328,0.73732,0
2017,22,South,Salaried,Retail,2025Q2,62763.0,619.0,10.97,44.57,79.99,67136.0,0.3323,0.44805,0
2018,56,West,Salaried,Transport,2025Q2,62550.0,675.0,10.89,84.54,89.34,43945.0,0.175,0.6173,0
2019,21,North,Salaried,Retail,2025Q4,77275.0,721.0,11.76,43.4,81.41,184599.0,0.324,0.26666,0
2020,59,East,SelfEmployed,Retail,2025Q1,97576.0,594.0,23.16,29.61,74.48,144949.0,0.2483,0.47585,0
2021,43,West,Salaried,Transport,2025Q4,84003.0,734.0,32.44,5.72,60.06,87722.0,0.3744,0.14738,0
2022,46,East,SelfEmployed,IT,2024Q4,61037.0,684.0,46.47,92.35,45.55,38512.0,0.2996,0.7338,1
2023,31,West,Business,Transport,2025Q3,79843.0,707.0,69.15,79.19,65.36,23329.0,0.3697,0.81492,0
2024,62,North,SelfEmployed,IT,2025Q4,45825.0,646.0,31.26,60.4,90.86,128244.0,0.1366,0.67813,0
2025,21,South,Salaried,Manufacturing,2025Q4,109582.0,704.0,13.34,79.75,72.07,51167.0,0.352,0.48499,0
2026,31,South,Salaried,IT,2025Q3,67351.0,802.0,21.69,77.93,50.15,50239.0,0.3112,0.27535,0
2027,44,East,Salaried,Construction,2025Q3,68688.0,688.0,63.87,88.87,75.7,101725.0,0.2366,0.86636,0
2028,30,West,Business,Construction,2024Q4,31346.0,588.0,51.96,39.75,65.6,51665.0,0.3503,0.71712,0
2029,34,South,Salaried,Transport,2025Q3,67333.0,777.0,57.41,54.94,91.23,53202.0,0.3054,0.58664,0
2030,34,East,Salaried,Construction,2025Q2,122058.0,740.0,17.45,13.88,48.85,45489.0,0.3344,0.09837,0
2031,27,North,Salaried,Construction,2025Q4,95288.0,715.0,18.1,91.88,79.16,120143.0,0.224,0.60012,1
2032,43,East,Salaried,Manufacturing,2025Q3,107725.0,741.0,16.73,93.66,77.49,37866.0,0.3603,0.54388,0
2033,63,South,Salaried,Construction,2024Q4,82915.0,715.0,61.43,76.02,94.09,26084.0,0.1201,0.82324,0
2034,42,West,Salaried,Healthcare,2025Q3,20000.0,800.0,22.6,45.87,71.07,37600.0,0.3182,0.19588,0
2035,56,East,Salaried,Healthcare,2025Q4,81740.0,751.0,48.59,49.69,87.94,200409.0,0.3369,0.527,0
2036,47,South,SelfEmployed,Healthcare,2025Q1,85030.0,685.0,40.97,44.18,41.36,48713.0,0.5424,0.39529,0
2037,22,North,Salaried,IT,2025Q3,102391.0,792.0,42.66,31.4,46.76,103192.0,0.3081,0.18691,0
2038,59,North,Salaried,Transport,2025Q2,79081.0,810.0,21.73,52.5,59.03,58912.0,0.531,0.17784,0
2039,66,North,Salaried,Transport,2025Q4,60705.0,760.0,48.11,9.81,74.06,63702.0,0.4759,0.23489,0
2040,39,South,Salaried,Retail,2024Q4,77520.0,732.0,12.59,94.27,64.7,191368.0,0.3248,0.48645,0
2041,27,West,SelfEmployed,Manufacturing,2025Q4,71443.0,663.0,69.61,43.16,51.15,79905.0,0.3412,0.67489,1
2042,32,East,Salaried,Healthcare,2025Q1,93091.0,748.0,11.61,88.46,72.41,234923.0,0.2098,0.44131,0
2043,23,South,Salaried,Healthcare,2024Q4,77576.0,731.0,13.01,70.18,71.17,284156.0,0.2689,0.36858,0
2044,67,North,Salaried,Construction,2025Q1,55247.0,709.0,29.48,31.09,68.84,221666.0,0.3674,0.29446,0
2045,25,West,Business,Healthcare,2025Q1,94172.0,748.0,59.9,24.98,44.98,50823.0,0.3012,0.31186,0
2046,28,East,Salaried,Construction,2025Q2,61529.0,715.0,25.43,94.61,90.99,82719.0,0.4458,0.70572,0
2047,34,North,SelfEmployed,Construction,2025Q3,72100.0,740.0,38.32,74.49,72.57,206494.0,0.4185,0.56928,0
2048,56,East,Salaried,Retail,2025Q2,68402.0,767.0,11.08,27.47,54.52,127696.0,0.3751,0.09985,0
2049,27,South,Salaried,IT,2025Q2,85931.0,637.0,14.73,11.07,77.81,165184.0,0.4218,0.24816,0
2050,27,North,Salaried,Construction,2025Q2,45718.0,654.0,46.48,67.72,57.48,175430.0,0.3909,0.69435,1
2051,66,South,SelfEmployed,Construction,2024Q4,80803.0,660.0,21.66,32.27,67.82,182126.0,0.3484,0.33078,0
2052,52,South,Salaried,Transport,2025Q3,107011.0,817.0,51.66,24.92,58.76,36801.0,0.2572,0.20109,0
2053,28,North,Business,Retail,2025Q3,82394.0,745.0,57.12,71.14,88.42,70548.0,0.5674,0.7231,0
2054,32,West,Salaried,Construction,2024Q4,63314.0,750.0,61.02,66.13,94.67,46678.0,0.4246,0.7319,0
2055,30,West,Salaried,Manufacturing,2025Q2,70859.0,772.0,18.03,48.33,48.87,67627.0,0.3895,0.16869,0
2056,34,East,Salaried,IT,2025Q2,87394.0,652.0,37.33,89.84,41.3,85102.0,0.2535,0.70389,0
2057,29,South,SelfEmployed,Manufacturing,2025Q1,94007.0,598.0,66.82,66.17,52.06,78868.0,0.6368,0.8528,1
2058,58,South,Salaried,Healthcare,2025Q1,117598.0,707.0,56.33,85.41,72.45,48543.0,0.2623,0.79565,0
2059,50,East,SelfEmployed,IT,2025Q4,39356.0,759.0,17.02,22.15,49.57,30221.0,0.3535,0.10274,0
2060,25,South,Business,Healthcare,2025Q1,86586.0,699.0,40.15,31.7,84.63,25228.0,0.3581,0.44358,0
2061,21,North,Business,Transport,2025Q3,84635.0,635.0,65.34,14.41,62.48,263633.0,0.1865,0.56964,1
2062,21,South,Salaried,Construction,2024Q4,78331.0,660.0,36.4,32.41,73.58,174489.0,0.4024,0.4562,0
2063,40,West,Salaried,Retail,2025Q2,88886.0,645.0,60.25,92.46,65.06,93044.0,0.3898,0.88428,0
2064,69,South,SelfEmployed,Manufacturing,2025Q4,74262.0,676.0,39.75,91.66,89.68,9902.0,0.2208,0.82034,0
2065,31,North,Salaried,Healthcare,2025Q1,55030.0,646.0,16.41,73.43,41.93,41211.0,0.4372,0.47184,0
2066,46,West,Salaried,Construction,2025Q4,85338.0,718.0,18.87,51.89,80.11,103906.0,0.2331,0.35907,0
2067,64,North,Salaried,Manufacturing,2024Q4,96231.0,680.0,12.8,75.27,75.87,132370.0,0.3109,0.51618,1
2068,23,South,Salaried,Manufacturing,2024Q4,78817.0,745.0,21.72,54.81,75.72,58871.0,0.2559,0.3316,0
2069,26,North,Salaried,Transport,2025Q4,106484.0,656.0,63.62,5.32,62.77,107965.0,0.4224,0.45825,0
2070,63,South,Salaried,Transport,2025Q4,74065.0,724.0,49.01,50.14,40.86,68501.0,0.4097,0.41203,0
2071,65,West,Salaried,Healthcare,2025Q4,91514.0,708.0,54.33,58.9,77.91,161999.0,0.214,0.66989,0
2072,31,South,Salaried,Construction,2025Q2,40456.0,732.0,47.3,28.92,85.62,71274.0,0.2782,0.41872,0
2073,28,North,Salaried,Retail,2025Q3,136061.0,740.0,33.19,23.3,44.69,69600.0,0.28,0.17255,0
2074,49,West,Salaried,Healthcare,2025Q1,74311.0,745.0,23.01,29.64,64.29,51578.0,0.4275,0.18733,0
2075,30,West,Salaried,Manufacturing,2025Q1,67795.0,756.0,65.54,61.13,48.94,124130.0,0.2642,0.57025,1
2076,54,West,Salaried,Manufacturing,2025Q1,73356.0,740.0,40.89,18.15,73.6,97874.0,0.335,0.26226,0
2077,44,North,Salaried,IT,2025Q4,56280.0,726.0,38.87,69.83,83.21,32544.0,0.3218,0.61035,0
2078,66,South,Salaried,Construction,2025Q4,50787.0,673.0,69.77,43.04,76.67,95958.0,0.3106,0.73738,0
2079,68,West,Salaried,IT,2025Q4,81026.0,757.0,33.04,36.8,57.49,83350.0,0.5565,0.23491,0
2080,37,West,SelfEmployed,Transport,2025Q2,82853.0,672.0,61.25,77.65,47.69,143559.0,0.2687,0.77217,0
2081,52,North,Salaried,Retail,2025Q2,85597.0,694.0,61.74,50.55,83.68,68674.0,0.3227,0.71496,1
2082,31,North,SelfEmployed,Healthcare,2025Q2,79151.0,663.0,23.96,39.06,57.82,36984.0,0.3936,0.3456,1
2083,54,South,Salaried,Manufacturing,2025Q2,77923.0,661.0,15.69,84.03,41.22,53308.0,0.299,0.49953,0
2084,44,West,Salaried,Construction,2024Q4,49923.0,693.0,68.54,38.14,71.43,264080.0,0.2794,0.65489,0
2085,25,South,Salaried,Manufacturing,2025Q2,67816.0,697.0,35.55,82.31,53.57,63016.0,0.3907,0.61074,0
2086,49,South,Salaried,Transport,2025Q2,84032.0,665.0,10.13,50.38,86.27,150740.0,0.444,0.40985,0
2087,68,North,Salaried,IT,2025Q2,66531.0,711.0,39.94,23.72,47.88,28022.0,0.5063,0.25346,0
2088,68,East,Salaried,IT,2025Q1,87304.0,719.0,47.16,60.15,63.91,96487.0,0.3262,0.55683,0
2089,54,West,Salaried,Healthcare,2025Q1,76620.0,680.0,56.57,30.68,53.92,25000.0,0.2576,0.48314,0
2090,36,South,Salaried,Construction,2025Q1,76427.0,836.0,66.58,18.24,77.93,76813.0,0.2567,0.27585,0
2091,45,West,Salaried,Transport,2025Q3,85182.0,728.0,64.91,12.79,70.17,43552.0,0.5183,0.39967,0
2092,57,West,Business,Construction,2024Q4,92129.0,717.0,66.41,26.75,83.5,38287.0,0.389,0.56994,1
2093,28,North,Salaried,Healthcare,2025Q4,97701.0,673.0,11.93,71.29,65.22,35239.0,0.2517,0.45905,1
2094,49,South,Salaried,Transport,2025Q2,129576.0,718.0,52.71,80.42,40.26,62964.0,0.2685,0.6353,0
2095,66,South,Salaried,Transport,2025Q1,101595.0,723.0,23.55,82.55,51.84,19335.0,0.2167,0.46555,0
2096,45,West,Salaried,IT,2024Q4,42989.0,710.0,21.25,29.31,94.95,26703.0,0.3405,0.31351,0
2097,62,East,SelfEmployed,IT,2025Q2,52903.0,788.0,58.02,64.49,62.29,78084.0,0.4079,0.52073,0
2098,43,East,Salaried,IT,2025Q3,73134.0,616.0,35.03,25.73,74.11,21526.0,0.5355,0.49362,0
2099,54,West,Salaried,Manufacturing,2025Q4,60927.0,689.0,65.0,61.05,89.77,25207.0,0.4802,0.80377,1
2100,23,South,SelfEmployed,Retail,2025Q2,89762.0,749.0,12.55,84.85,41.13,255420.0,0.3544,0.31442,0
2101,50,West,Salaried,IT,2025Q4,92415.0,661.0,58.13,8.68,76.28,219666.0,0.267,0.47992,0
2102,54,South,Salaried,Retail,2025Q2,67912.0,625.0,18.21,93.67,55.86,40834.0,0.4051,0.69562,0
2103,52,North,Business,Retail,2025Q3,109742.0,681.0,20.59,79.44,55.36,92075.0,0.1376,0.52061,0
2104,49,East,Salaried,Construction,2024Q4,116355.0,767.0,38.64,73.55,52.37,41077.0,0.2554,0.43638,0
2105,29,West,Salaried,Healthcare,2025Q4,34704.0,662.0,33.74,67.22,85.25,42310.0,0.4262,0.68471,0
2106,22,South,Salaried,Manufacturing,2025Q4,44278.0,690.0,39.17,74.32,60.51,8144.0,0.4551,0.62662,0
2107,59,West,Salaried,Retail,2024Q4,107431.0,733.0,66.4,94.51,43.69,213229.0,0.507,0.7764,0
2108,27,West,Salaried,Manufacturing,2025Q4,101746.0,678.0,49.44,74.32,45.33,107818.0,0.3364,0.66731,0
2109,66,South,SelfEmployed,Construction,2025Q1,92566.0,686.0,27.42,36.64,48.17,122969.0,0.5056,0.28391,0
2110,25,West,Salaried,IT,2024Q4,80273.0,674.0,20.37,60.25,89.44,106154.0,0.3039,0.54142,0
2111,28,North,SelfEmployed,Transport,2025Q3,77422.0,679.0,35.2,35.32,63.51,63615.0,0.2944,0.39213,0
2112,52,North,Business,Retail,2025Q2,93415.0,646.0,37.1,92.31,90.38,52053.0,0.3869,0.84658,0
2113,38,North,Salaried,Healthcare,2025Q2,84412.0,696.0,46.08,86.01,84.96,71381.0,0.4871,0.79253,0
2114,58,West,Salaried,Transport,2024Q4,112693.0,769.0,25.96,56.09,86.08,204021.0,0.4627,0.35984,0
2115,66,East,Salaried,Construction,2025Q1,62969.0,797.0,56.05,75.31,55.78,74321.0,0.474,0.53111,0
2116,38,North,Business,Manufacturing,2025Q3,80450.0,779.0,15.91,86.87,54.92,284579.0,0.4132,0.3414,0
2117,69,South,SelfEmployed,IT,2025Q2,102258.0,718.0,43.63,26.92,70.8,42453.0,0.4651,0.35512,1
2118,61,East,Salaried,Manufacturing,2025Q2,84110.0,801.0,47.41,57.15,62.99,25770.0,0.3534,0.37428,0
2119,65,North,Salaried,Healthcare,2025Q1,96829.0,837.0,22.41,48.35,68.0,38355.0,0.3879,0.1555,0
2120,36,West,Salaried,Retail,2025Q4,96466.0,720.0,59.56,74.44,42.93,65386.0,0.6845,0.65295,1
2121,41,West,Business,Healthcare,2024Q4,69379.0,656.0,46.93,39.12,93.44,193330.0,0.4554,0.65546,0
2122,30,South,Salaried,Manufacturing,2025Q1,54483.0,782.0,48.74,68.81,43.2,52089.0,0.3524,0.41903,0
2123,62,West,Salaried,Manufacturing,2025Q1,61305.0,644.0,39.86,41.27,49.84,26353.0,0.4464,0.48119,0
2124,24,South,SelfEmployed,Transport,2025Q1,52906.0,661.0,64.58,15.0,77.3,73801.0,0.2233,0.56998,0
2125,64,West,Salaried,Healthcare,2025Q1,33600.0,595.0,51.64,14.64,48.55,172002.0,0.3114,0.49492,0
2126,28,East,Salaried,Healthcare,2025Q4,107294.0,750.0,32.91,15.72,45.88,72903.0,0.3256,0.13803,0
2127,67,East,Salaried,Healthcare,2025Q3,32849.0,583.0,24.32,7.93,48.45,84222.0,0.2639,0.28765,0
2128,39,North,Salaried,IT,2025Q1,126537.0,765.0,14.26,52.97,43.41,71759.0,0.5624,0.16608,0
2129,67,West,Salaried,Manufacturing,2025Q1,66805.0,810.0,19.92,65.47,53.82,63108.0,0.4069,0.20843,0
2130,60,South,Business,Construction,2024Q4,73041.0,805.0,69.56,16.41,54.91,392438.0,0.4202,0.26511,0
2131,60,North,Salaried,IT,2025Q2,42128.0,640.0,34.41,60.07,67.42,183421.0,0.3375,0.62766,1
2132,29,North,Salaried,IT,2025Q4,89614.0,607.0,63.92,58.8,64.13,271505.0,0.2117,0.83055,0
2133,50,East,Salaried,IT,2025Q1,73478.0,675.0,20.23,18.24,66.05,550898.0,0.3424,0.22383,0
2134,37,South,Salaried,Transport,2025Q3,81527.0,758.0,35.52,41.37,73.88,179964.0,0.2993,0.31891,0
2135,60,East,Salaried,Construction,2025Q3,60322.0,776.0,67.63,72.96,52.7,52602.0,0.2281,0.63038,1
2136,64,West,SelfEmployed,Healthcare,2025Q3,92020.0,747.0,15.47,6.51,47.41,135682.0,0.4411,0.07347,0
2137,35,North,SelfEmployed,Transport,2024Q4,59402.0,739.0,45.64,18.23,88.34,278686.0,0.3181,0.34019,1
2138,24,East,Salaried,Manufacturing,2025Q3,81969.0,840.0,65.15,94.62,74.87,106257.0,0.1364,0.69514,0
2139,26,North,Salaried,Retail,2024Q4,91550.0,684.0,66.98,71.02,43.34,57436.0,0.3501,0.7437,0
2140,36,West,Salaried,Transport,2025Q4,116283.0,667.0,60.76,46.77,92.86,191301.0,0.3523,0.75901,0
2141,46,West,Business,Retail,2025Q3,100148.0,645.0,61.36,61.68,78.12,29984.0,0.4405,0.81724,0
2142,57,South,Salaried,Manufacturing,2025Q2,82247.0,734.0,49.13,81.16,48.34,80742.0,0.3644,0.61244,1
2143,43,East,SelfEmployed,Construction,2025Q1,79801.0,700.0,23.23,80.81,93.3,124392.0,0.2765,0.64919,0
2144,33,South,Salaried,Retail,2025Q4,87835.0,755.0,53.84,34.22,60.1,67821.0,0.4097,0.36107,0
2145,67,South,Business,IT,2025Q2,99168.0,685.0,68.7,49.22,94.15,113306.0,0.2721,0.78951,0
2146,37,West,SelfEmployed,Transport,2025Q4,61392.0,745.0,41.56,62.42,45.68,115469.0,0.4346,0.40995,0
2147,47,South,SelfEmployed,Retail,2025Q3,102580.0,689.0,25.64,11.47,48.8,108233.0,0.4887,0.16478,0
2148,42,South,Salaried,Manufacturing,2025Q4,56575.0,701.0,44.41,90.12,76.16,64091.0,0.0524,0.77193,0
2149,57,South,Salaried,IT,2025Q4,91408.0,706.0,51.44,43.95,41.22,55158.0,0.2601,0.42799,0
2150,39,West,Salaried,Retail,2025Q4,93536.0,616.0,22.5,38.38,41.03,67456.0,0.4058,0.35845,0
2151,59,South,SelfEmployed,Manufacturing,2024Q4,63211.0,702.0,53.15,86.64,83.56,27996.0,0.3611,0.8169,0
2152,55,North,Salaried,Construction,2025Q2,41440.0,741.0,45.25,15.65,49.23,191630.0,0.5057,0.20744,0
2153,33,East,Business,Manufacturing,2025Q3,73386.0,656.0,46.74,8.53,90.53,106810.0,0.5001,0.45719,0
2154,34,West,SelfEmployed,Construction,2025Q1,20000.0,815.0,28.36,66.65,63.42,82290.0,0.4611,0.27847,0
2155,68,North,Salaried,IT,2025Q3,75541.0,710.0,19.32,39.65,88.05,45516.0,0.1476,0.33389,0
2156,51,North,SelfEmployed,Manufacturing,2025Q3,48794.0,676.0,47.41,73.8,62.98,80035.0,0.3304,0.71254,0
2157,65,North,Salaried,Healthcare,2024Q4,157831.0,674.0,45.17,11.17,69.16,78915.0,0.4269,0.35003,0
2158,22,South,Salaried,Transport,2024Q4,106467.0,785.0,30.28,39.54,57.41,53913.0,0.3468,0.19387,0
2159,66,South,Salaried,Healthcare,2025Q4,81805.0,665.0,27.75,26.18,76.19,152522.0,0.3349,0.3573,0
2160,59,East,Salaried,Healthcare,2025Q3,113310.0,726.0,30.83,71.56,57.5,33146.0,0.4985,0.46643,0
2161,57,East,SelfEmployed,Healthcare,2025Q2,97626.0,759.0,39.39,25.45,52.27,38662.0,0.393,0.20319,0
2162,34,East,Salaried,Transport,2024Q4,50912.0,740.0,68.49,46.22,44.46,159227.0,0.3197,0.51326,0
2163,29,South,Salaried,Healthcare,2024Q4,64364.0,679.0,55.81,78.7,43.17,209585.0,0.2077,0.72253,1
2164,30,West,Salaried,Construction,2025Q2,105737.0,756.0,61.1,87.39,56.83,88903.0,0.5565,0.71523,0
2165,27,South,SelfEmployed,Manufacturing,2024Q4,55987.0,719.0,40.34,70.03,80.51,36642.0,0.3863,0.62717,0
2166,48,West,Salaried,IT,2025Q2,89883.0,615.0,41.57,43.63,51.31,184535.0,0.294,0.57057,1
2167,66,East,SelfEmployed,Healthcare,2025Q1,96869.0,777.0,22.26,56.48,56.46,84802.0,0.4618,0.23297,0
2168,45,North,Salaried,Healthcare,2025Q2,73484.0,676.0,53.26,67.07,89.78,79714.0,0.1576,0.78775,0
2169,66,East,Salaried,IT,2025Q1,83808.0,700.0,35.3,83.74,75.15,215635.0,0.5603,0.68504,0
2170,48,South,Salaried,IT,2025Q4,100795.0,727.0,54.55,84.97,90.58,131184.0,0.4233,0.80271,1
2171,22,East,Salaried,Healthcare,2025Q4,99602.0,681.0,34.54,88.79,90.12,56512.0,0.6133,0.77933,0
2172,37,North,SelfEmployed,Construction,2024Q4,91204.0,752.0,16.51,77.96,43.49,24359.0,0.426,0.30655,0
2173,24,North,Salaried,IT,2025Q2,79676.0,649.0,20.38,18.21,92.53,58628.0,0.3786,0.34533,0
2174,33,West,SelfEmployed,Manufacturing,2024Q4,94684.0,678.0,58.69,72.29,42.81,101895.0,0.2775,0.70744,1
2175,38,North,Salaried,Manufacturing,2025Q2,29462.0,777.0,25.52,78.31,90.91,114263.0,0.2974,0.49192,0
2176,23,West,Salaried,Construction,2024Q4,116889.0,711.0,25.86,84.01,70.07,31001.0,0.2011,0.58321,0
2177,57,South,Business,Transport,2025Q4,76686.0,652.0,65.76,88.23,69.33,46418.0,0.5873,0.89125,1
2178,53,East,SelfEmployed,Retail,2025Q4,61626.0,714.0,49.46,50.82,79.23,9244.0,0.3659,0.58131,0
2179,61,East,Salaried,Construction,2024Q4,94987.0,732.0,16.86,63.96,88.36,93198.0,0.4544,0.41905,0
2180,44,South,Salaried,Healthcare,2025Q2,94286.0,623.0,18.62,5.86,73.94,22029.0,0.4735,0.25575,0
2181,28,South,Salaried,Retail,2025Q3,55589.0,801.0,26.34,56.55,63.4,53057.0,0.3231,0.23996,0
2182,55,North,Salaried,Healthcare,2025Q2,81688.0,808.0,45.64,47.59,46.15,39013.0,0.2537,0.24673,0
2183,22,North,SelfEmployed,Manufacturing,2024Q4,80933.0,717.0,55.17,91.61,83.41,117130.0,0.264,0.82687,0
2184,53,South,SelfEmployed,IT,2025Q2,79302.0,699.0,26.47,86.15,47.06,95676.0,0.1643,0.54037,0
2185,32,East,Salaried,Healthcare,2025Q1,120600.0,711.0,62.24,76.78,79.95,43757.0,0.2157,0.80154,0
2186,42,West,Business,Manufacturing,2025Q2,79496.0,759.0,16.55,10.13,69.04,81468.0,0.4142,0.10087,0
2187,33,West,Salaried,Construction,2025Q4,76752.0,735.0,22.46,41.18,61.22,117342.0,0.4728,0.23911,0
2188,30,West,Salaried,Healthcare,2025Q4,62991.0,723.0,68.23,67.64,73.71,90452.0,0.3507,0.76104,0
2189,37,West,Salaried,Manufacturing,2025Q1,59379.0,786.0,18.08,7.67,82.48,6885.0,0.4608,0.09826,0
2190,63,East,Salaried,IT,2025Q2,89801.0,772.0,63.29,26.22,91.76,368050.0,0.4637,0.46332,0
2191,25,South,Salaried,Healthcare,2025Q3,68254.0,657.0,52.24,84.88,54.56,106555.0,0.3123,0.79408,0
2192,29,West,Salaried,Transport,2025Q2,75302.0,759.0,14.39,16.68,92.09,160547.0,0.4805,0.14925,0
2193,33,East,Salaried,Manufacturing,2025Q4,84954.0,773.0,39.02,9.62,92.85,44101.0,0.3305,0.2171,0
2194,43,East,Salaried,Healthcare,2025Q4,81592.0,725.0,41.14,57.25,84.75,38036.0,0.2985,0.55831,0
2195,50,North,SelfEmployed,IT,2024Q4,83374.0,743.0,65.93,90.18,88.48,50455.0,0.3603,0.84761,0
2196,63,South,Salaried,Healthcare,2025Q4,83283.0,693.0,35.27,80.12,78.08,296589.0,0.1809,0.68728,0
2197,24,South,Salaried,Healthcare,2024Q4,95615.0,644.0,36.81,92.73,42.15,58541.0,0.3456,0.73196,0
2198,41,West,SelfEmployed,Transport,2025Q4,146026.0,814.0,16.75,72.82,71.63,69943.0,0.073,0.26638,0
2199,63,South,Business,Manufacturing,2025Q4,110733.0,636.0,48.35,44.36,81.1,268183.0,0.431,0.68684,0
2200,29,South,Business,Retail,2025Q3,70943.0,802.0,22.65,90.2,91.79,56804.0,0.1947,0.49791,0
2201,27,West,Salaried,Healthcare,2024Q4,110388.0,706.0,14.65,43.4,71.37,73938.0,0.3492,0.27764,0
2202,36,North,Salaried,Retail,2024Q4,53655.0,779.0,69.82,36.51,83.68,28912.0,0.5281,0.53333,0
2203,43,South,Salaried,Construction,2025Q4,65844.0,711.0,26.18,45.34,78.78,285367.0,0.3586,0.37998,0
2204,43,North,Salaried,Healthcare,2024Q4,97672.0,762.0,18.46,78.26,55.44,42981.0,0.1228,0.34289,1
2205,51,East,Business,Retail,2025Q4,96897.0,735.0,51.97,87.59,48.51,64816.0,0.3655,0.66798,0
2206,25,West,Salaried,Construction,2025Q4,95038.0,673.0,59.3,37.19,81.3,7047.0,0.3193,0.65539,1
2207,26,South,Salaried,Transport,2025Q2,65243.0,717.0,13.84,46.6,52.86,64898.0,0.4618,0.21998,0
2208,21,West,Salaried,Manufacturing,2024Q4,65414.0,702.0,16.32,85.85,53.46,69284.0,0.3364,0.48019,0
2209,68,South,Salaried,Healthcare,2025Q1,83279.0,745.0,15.41,9.23,75.42,54635.0,0.4838,0.11522,0
2210,48,West,SelfEmployed,Manufacturing,2024Q4,73693.0,718.0,12.82,75.55,83.4,21654.0,0.4023,0.47052,1
2211,38,West,Salaried,Construction,2024Q4,102204.0,726.0,49.57,45.88,72.03,107123.0,0.455,0.50213,0
2212,44,West,Salaried,Manufacturing,2025Q3,73067.0,654.0,45.3,38.89,88.67,19338.0,0.3388,0.6301,1
2213,33,North,Salaried,Manufacturing,2025Q1,72330.0,640.0,49.77,45.22,51.63,22932.0,0.504,0.59398,0
2214,53,West,Salaried,IT,2025Q1,39354.0,714.0,40.34,42.68,53.88,60958.0,0.2886,0.37155,0
2215,30,East,Salaried,Construction,2025Q3,101883.0,720.0,59.05,73.1,75.03,170774.0,0.1301,0.74355,0
2216,27,South,Salaried,Manufacturing,2025Q3,88059.0,652.0,42.8,88.52,85.62,70719.0,0.2186,0.84075,0
2217,57,West,Salaried,Retail,2024Q4,22850.0,741.0,65.12,49.23,69.66,90088.0,0.3645,0.59821,1
2218,52,South,SelfEmployed,Construction,2025Q2,91125.0,744.0,39.14,79.95,40.57,45708.0,0.3825,0.4827,0
2219,65,West,Business,IT,2025Q3,69971.0,719.0,57.44,70.88,77.23,45641.0,0.3686,0.73201,0
2220,42,North,Business,Healthcare,2025Q1,99399.0,711.0,34.44,34.76,84.75,135520.0,0.4962,0.39809,0
2221,36,East,Business,Transport,2025Q1,77372.0,640.0,36.11,57.86,55.21,173265.0,0.3727,0.58315,0
2222,44,South,Salaried,Manufacturing,2024Q4,59891.0,639.0,60.94,65.01,42.98,159128.0,0.3895,0.74712,0
2223,34,North,Salaried,Retail,2025Q2,123226.0,732.0,16.46,7.11,68.49,112599.0,0.4676,0.11358,0
2224,31,North,Salaried,IT,2025Q4,119299.0,664.0,43.9,40.64,42.32,91994.0,0.1488,0.43828,0
2225,39,North,SelfEmployed,Construction,2025Q3,75358.0,668.0,53.58,94.34,62.88,26784.0,0.4368,0.84057,0
2226,43,South,Business,Transport,2025Q3,89316.0,725.0,55.03,62.35,40.98,49136.0,0.508,0.53037,0
2227,54,South,SelfEmployed,Transport,2024Q4,68519.0,822.0,45.49,35.08,52.37,44372.0,0.4361,0.19012,0
2228,60,East,Salaried,Manufacturing,2025Q2,37338.0,688.0,36.88,27.5,61.39,76886.0,0.3878,0.33397,0
2229,33,South,Business,IT,2025Q1,112942.0,823.0,25.65,23.85,46.14,126107.0,0.4463,0.08133,1
2230,59,South,Salaried,IT,2025Q1,60056.0,706.0,64.57,41.15,46.28,57749.0,0.0925,0.52832,0
2231,64,East,Salaried,Retail,2025Q4,111839.0,741.0,32.19,22.39,85.49,12769.0,0.3344,0.26497,0
2232,48,North,Salaried,Healthcare,2025Q1,97431.0,763.0,57.94,17.17,42.28,176930.0,0.1942,0.23134,0
2233,60,West,Salaried,Healthcare,2025Q3,87179.0,767.0,11.9,37.77,77.89,39020.0,0.396,0.17296,1
2234,36,West,Salaried,Healthcare,2025Q4,78977.0,729.0,23.93,59.63,84.8,40552.0,0.2295,0.43817,0
2235,48,East,Salaried,Transport,2025Q2,97536.0,697.0,30.74,18.18,47.19,114851.0,0.452,0.19867,0
2236,24,East,Salaried,Transport,2025Q4,56740.0,756.0,50.29,8.99,50.75,50964.0,0.3001,0.19007,0
2237,48,West,Salaried,Construction,2025Q2,113360.0,733.0,29.16,8.12,75.28,74363.0,0.1956,0.1737,0
2238,32,North,SelfEmployed,Transport,2025Q1,83580.0,686.0,12.48,29.06,57.36,92322.0,0.2367,0.19361,0
2239,36,North,Salaried,Transport,2024Q4,117376.0,787.0,20.43,22.11,66.2,81216.0,0.1924,0.11495,0
2240,69,North,Salaried,IT,2025Q4,76942.0,735.0,25.55,53.53,85.98,61358.0,0.3458,0.4045,0
2241,56,West,SelfEmployed,Construction,2025Q4,83563.0,669.0,20.56,46.01,47.59,79774.0,0.424,0.31664,0
2242,40,North,Business,IT,2025Q3,86597.0,662.0,22.22,34.23,74.08,372283.0,0.2726,0.36233,0
2243,46,East,Salaried,Retail,2025Q3,94400.0,818.0,56.14,80.02,91.83,181110.0,0.1749,0.65025,1
2244,46,West,Salaried,Retail,2025Q2,125272.0,683.0,34.72,50.45,43.16,143242.0,0.3483,0.39818,0
2245,42,West,Salaried,Construction,2024Q4,69048.0,751.0,34.31,13.24,43.3,102370.0,0.3457,0.12994,0
2246,29,South,Salaried,Construction,2025Q3,76802.0,731.0,68.0,31.62,70.51,238956.0,0.2901,0.53549,0
2247,25,North,Salaried,Transport,2025Q3,79519.0,750.0,36.8,92.6,92.8,143928.0,0.2558,0.71398,0
2248,37,West,SelfEmployed,Retail,2025Q1,22114.0,815.0,65.66,92.93,52.13,193996.0,0.5036,0.65784,0
2249,69,East,Salaried,Manufacturing,2025Q1,66127.0,765.0,27.94,27.92,58.19,198856.0,0.2789,0.16665,0
2250,54,North,SelfEmployed,Healthcare,2025Q3,67754.0,756.0,34.04,20.05,45.43,125360.0,0.1771,0.14881,0
2251,22,North,SelfEmployed,Transport,2025Q2,145953.0,699.0,33.78,49.61,59.92,113063.0,0.3394,0.41559,0
2252,27,West,Business,Healthcare,2024Q4,86462.0,673.0,42.76,48.33,42.44,62113.0,0.4133,0.46014,0
2253,56,East,Salaried,Retail,2025Q3,92337.0,843.0,45.05,41.91,61.4,302150.0,0.4053,0.21014,0
2254,33,West,Business,Healthcare,2025Q2,43283.0,708.0,24.89,52.64,70.55,74662.0,0.1581,0.39159,0
2255,40,West,Salaried,Manufacturing,2025Q2,78432.0,704.0,57.62,25.9,93.63,35492.0,0.4961,0.56149,0
2256,50,East,Salaried,Manufacturing,2025Q3,103402.0,726.0,39.79,15.34,85.01,100025.0,0.3752,0.29848,0
2257,50,South,Salaried,IT,2025Q2,142916.0,721.0,10.42,56.34,85.21,67348.0,0.4185,0.33966,1
2258,31,South,Salaried,Construction,2025Q4,62893.0,798.0,45.48,88.93,52.55,37900.0,0.6682,0.52377,1
2259,51,South,SelfEmployed,Healthcare,2025Q2,34611.0,740.0,57.88,17.4,44.8,39480.0,0.4411,0.27408,0
2260,23,South,Salaried,Manufacturing,2025Q3,60616.0,638.0,25.03,68.43,73.17,78663.0,0.4186,0.63543,0
2261,22,West,Salaried,Construction,2025Q2,60717.0,674.0,12.27,44.41,68.66,82103.0,0.3229,0.31402,0
2262,68,East,Salaried,Construction,2025Q3,60951.0,711.0,58.43,31.46,68.41,28213.0,0.3494,0.49519,0
2263,23,West,Salaried,IT,2025Q1,102688.0,766.0,68.58,81.78,46.0,57493.0,0.2055,0.68145,0
2264,35,South,Salaried,Construction,2025Q3,88570.0,626.0,14.59,46.08,67.16,147530.0,0.3601,0.42223,1
2265,37,East,SelfEmployed,Construction,2025Q2,51790.0,737.0,66.28,57.5,48.27,12263.0,0.5451,0.58726,0
2266,68,East,Salaried,Transport,2025Q3,115405.0,750.0,31.56,44.88,63.22,61700.0,0.4012,0.29215,0
2267,27,East,Salaried,Retail,2024Q4,127326.0,759.0,66.49,12.31,43.42,74763.0,0.6176,0.26609,0
2268,68,East,Salaried,IT,2025Q3,37375.0,706.0,48.93,58.54,87.13,116188.0,0.4136,0.66677,0
2269,25,North,Salaried,IT,2025Q3,109441.0,768.0,63.41,42.7,40.72,63191.0,0.3836,0.38676,0
2270,54,South,Salaried,Healthcare,2024Q4,75747.0,665.0,57.15,12.81,91.66,55762.0,0.3334,0.54692,0
2271,53,North,Salaried,Construction,2024Q4,56450.0,762.0,11.68,58.62,87.46,112166.0,0.5866,0.29564,0
2272,65,South,Business,Healthcare,2024Q4,43620.0,707.0,13.93,5.89,81.39,70558.0,0.2943,0.14592,0
2273,36,South,Salaried,Transport,2025Q4,68680.0,712.0,41.54,23.77,94.04,252057.0,0.2628,0.41393,0
2274,57,East,Salaried,Manufacturing,2025Q3,66954.0,712.0,17.78,75.3,42.96,113001.0,0.2442,0.36962,0
2275,23,West,Salaried,Construction,2024Q4,83687.0,746.0,37.66,8.41,75.29,129308.0,0.6214,0.19837,0
2276,67,East,SelfEmployed,Manufacturing,2024Q4,133651.0,649.0,67.28,63.2,86.71,77095.0,0.3677,0.85878,0
2277,68,East,Salaried,Retail,2025Q1,67302.0,759.0,27.69,90.47,46.96,272705.0,0.3601,0.45694,0
2278,63,South,Salaried,Transport,2025Q4,44836.0,758.0,39.33,20.41,72.16,49417.0,0.4125,0.23317,0
2279,41,East,SelfEmployed,Construction,2025Q3,71746.0,693.0,33.06,42.54,61.67,32716.0,0.3198,0.38528,0
2280,61,North,Salaried,Healthcare,2025Q2,106050.0,710.0,47.79,56.79,63.97,68485.0,0.2584,0.55775,0
2281,28,South,Salaried,Healthcare,2025Q4,73808.0,663.0,21.63,45.54,90.19,60851.0,0.2526,0.48459,0
2282,42,South,Salaried,Construction,2025Q4,96287.0,646.0,25.6,60.83,69.63,66381.0,0.2485,0.56554,0
2283,25,South,Salaried,Healthcare,2025Q1,84250.0,721.0,61.53,41.37,45.13,291949.0,0.1098,0.47255,0
2284,37,North,Salaried,Construction,2025Q3,81529.0,721.0,58.68,18.37,91.55,42037.0,0.3571,0.48077,0
2285,57,North,Salaried,IT,2025Q3,119681.0,691.0,57.35,13.01,50.19,70062.0,0.163,0.34683,0
2286,34,South,Salaried,Healthcare,2024Q4,55797.0,641.0,56.26,72.0,89.1,23316.0,0.4159,0.85741,0
2287,59,West,Salaried,Construction,2024Q4,53984.0,735.0,37.57,26.48,93.4,275157.0,0.4503,0.35636,0
2288,61,South,Salaried,Construction,2025Q4,57280.0,690.0,53.73,81.27,88.28,14376.0,0.2777,0.82447,1
2289,48,South,Business,Healthcare,2025Q1,88633.0,669.0,33.23,71.87,77.24,80915.0,0.3904,0.66866,0
2290,51,North,SelfEmployed,IT,2025Q3,81336.0,780.0,16.04,9.45,80.9,28599.0,0.4372,0.09882,0
2291,37,East,SelfEmployed,Healthcare,2025Q1,97753.0,656.0,33.6,23.11,78.49,27600.0,0.5306,0.40426,0
2292,55,South,Salaried,Construction,2025Q2,78099.0,741.0,19.52,31.28,65.33,39401.0,0.3032,0.18547,0
2293,60,North,Salaried,IT,2025Q3,75110.0,628.0,33.45,58.5,55.09,33798.0,0.1805,0.59202,0
2294,42,South,Salaried,Manufacturing,2024Q4,88229.0,631.0,27.85,77.88,55.68,88306.0,0.2413,0.6614,0
2295,65,North,Salaried,Retail,2025Q4,122411.0,737.0,45.95,10.43,80.21,29954.0,0.1506,0.2789,0
2296,68,North,Business,Healthcare,2025Q1,50943.0,692.0,31.69,27.46,74.43,151488.0,0.4072,0.33666,0
2297,49,North,Salaried,Transport,2024Q4,56996.0,646.0,52.34,38.86,72.17,185896.0,0.05,0.63607,0
2298,30,North,Salaried,Construction,2025Q4,81027.0,762.0,40.73,21.5,75.89,232797.0,0.2297,0.24972,0
2299,38,North,Salaried,IT,2024Q4,130812.0,730.0,65.17,54.08,82.61,25054.0,0.3514,0.69058,0
2300,55,South,Salaried,IT,2025Q3,53209.0,593.0,15.46,48.02,81.16,42296.0,0.2206,0.55922,1
2301,64,West,Salaried,Manufacturing,2025Q1,79750.0,763.0,51.26,33.48,45.8,52204.0,0.2468,0.28086,1
2302,36,East,Salaried,Healthcare,2025Q2,58065.0,651.0,50.34,51.52,59.97,49245.0,0.4495,0.64243,0
2303,69,South,Salaried,Transport,2024Q4,89954.0,616.0,67.04,37.02,54.52,128193.0,0.2156,0.71626,0
2304,27,South,SelfEmployed,IT,2025Q1,28393.0,665.0,32.29,35.89,69.6,91362.0,0.2951,0.42338,0
2305,50,West,Salaried,Manufacturing,2025Q3,54096.0,708.0,28.33,28.89,43.38,38195.0,0.4615,0.20767,0
2306,39,South,Business,Construction,2024Q4,111959.0,714.0,20.34,53.64,81.94,60016.0,0.3053,0.39324,1
2307,43,North,SelfEmployed,Manufacturing,2025Q3,80233.0,620.0,25.92,44.97,45.86,71454.0,0.6385,0.43266,0
2308,28,East,Salaried,Healthcare,2025Q2,61366.0,632.0,40.11,22.67,54.93,64854.0,0.4814,0.40994,0
2309,37,North,SelfEmployed,Manufacturing,2025Q2,78855.0,668.0,60.26,6.17,83.05,43679.0,0.4878,0.49066,1
2310,41,South,Salaried,IT,2025Q4,78418.0,672.0,27.06,18.58,42.84,33633.0,0.1834,0.20514,0
2311,46,South,Business,IT,2025Q4,94020.0,752.0,19.46,8.86,76.31,123749.0,0.3382,0.1229,0
2312,48,West,Salaried,Retail,2025Q4,28105.0,687.0,26.33,43.84,90.85,31958.0,0.3159,0.46269,0
2313,59,South,Salaried,Manufacturing,2025Q3,54083.0,751.0,16.06,25.26,73.97,120025.0,0.3011,0.15656,0
2314,53,East,Salaried,Construction,2025Q4,56128.0,770.0,65.6,42.84,79.2,86375.0,0.2857,0.54112,0
2315,60,West,Salaried,Transport,2025Q1,95736.0,741.0,62.36,34.65,83.57,40168.0,0.3338,0.54143,0
2316,39,North,Business,Transport,2025Q3,79842.0,541.0,28.51,53.42,52.22,104526.0,0.0618,0.67848,1
2317,49,South,Salaried,Healthcare,2025Q3,116015.0,693.0,24.82,70.15,71.95,44299.0,0.2388,0.53279,0
2318,40,South,Salaried,Retail,2025Q4,100729.0,701.0,64.32,48.14,57.0,108629.0,0.5519,0.61806,0
2319,40,South,Salaried,Manufacturing,2025Q4,71352.0,707.0,10.11,10.58,53.72,42148.0,0.2857,0.10132,0
2320,30,South,Business,Construction,2025Q3,78761.0,595.0,46.03,6.58,50.59,78933.0,0.2715,0.41105,0
2321,32,West,Salaried,Retail,2025Q2,112347.0,668.0,64.96,24.19,72.2,70670.0,0.3422,0.59695,0
2322,53,East,Salaried,IT,2025Q2,115830.0,635.0,40.51,43.25,83.7,47422.0,0.3538,0.6391,0
2323,45,East,Salaried,Healthcare,2025Q4,77608.0,659.0,10.18,9.04,88.17,58662.0,0.0797,0.2111,0
2324,45,South,SelfEmployed,Manufacturing,2025Q2,55374.0,696.0,23.13,34.5,63.57,46610.0,0.3669,0.27763,0
2325,24,West,Salaried,Transport,2025Q1,27478.0,669.0,65.35,84.83,60.51,165977.0,0.4158,0.85007,0
2326,24,West,Salaried,Construction,2025Q1,27472.0,663.0,11.02,13.1,77.8,44789.0,0.4206,0.2011,0
2327,29,West,Salaried,IT,2025Q1,91802.0,699.0,33.69,90.37,82.92,69574.0,0.2374,0.7351,0
2328,35,North,SelfEmployed,Retail,2025Q3,91300.0,683.0,57.38,82.1,53.93,16923.0,0.5349,0.772,0
2329,46,East,Salaried,Healthcare,2025Q3,63115.0,721.0,60.29,79.86,56.35,45203.0,0.5213,0.7276,0
2330,35,North,Salaried,Retail,2025Q3,112537.0,687.0,38.66,82.73,69.34,114047.0,0.5108,0.70531,1
2331,46,South,Salaried,Transport,2025Q3,74826.0,624.0,23.95,12.2,64.44,101971.0,0.4445,0.28904,0
2332,48,North,SelfEmployed,Retail,2025Q3,65290.0,653.0,45.98,18.61,78.82,99260.0,0.3083,0.47516,0
2333,27,East,Business,Construction,2025Q4,109279.0,692.0,25.83,17.09,67.75,71670.0,0.3505,0.22841,0
2334,52,East,Salaried,IT,2025Q2,105964.0,685.0,25.32,15.01,46.14,87223.0,0.5208,0.17421,1
2335,32,North,Salaried,Manufacturing,2025Q4,78710.0,632.0,58.46,34.49,49.13,200877.0,0.0763,0.59746,0
2336,55,South,Salaried,Construction,2025Q2,92938.0,747.0,19.26,79.72,89.6,38291.0,0.2623,0.50926,0
2337,52,South,Salaried,Transport,2025Q4,96093.0,727.0,10.33,27.68,52.51,172549.0,0.4051,0.12698,0
2338,29,South,Salaried,Healthcare,2025Q1,134382.0,677.0,30.21,26.98,42.75,39452.0,0.3227,0.25093,0
2339,34,North,Salaried,Transport,2024Q4,76724.0,701.0,39.46,65.83,80.23,90390.0,0.302,0.62831,0
2340,33,South,Salaried,Transport,2025Q3,50503.0,651.0,52.3,13.72,77.62,40153.0,0.5451,0.49204,0
2341,64,West,Business,Retail,2024Q4,95637.0,757.0,56.87,37.43,73.0,132372.0,0.4503,0.44555,0
2342,53,North,Salaried,Healthcare,2024Q4,81555.0,824.0,49.81,31.59,67.62,29681.0,0.4654,0.23291,1
2343,52,North,Salaried,Construction,2025Q1,82808.0,675.0,47.59,81.26,93.33,36194.0,0.2573,0.82674,0
2344,39,South,Salaried,Transport,2024Q4,79219.0,777.0,49.94,51.31,46.59,67600.0,0.2834,0.34554,0
2345,50,West,Salaried,Construction,2024Q4,40217.0,663.0,26.29,63.18,68.06,42130.0,0.3981,0.54685,0
2346,36,East,Salaried,Manufacturing,2025Q1,86534.0,681.0,32.94,16.61,71.02,44478.0,0.4019,0.2938,0
2347,32,East,Salaried,Retail,2025Q2,71021.0,789.0,46.99,88.6,41.24,67329.0,0.572,0.5081,0
2348,30,South,Salaried,Construction,2025Q4,72273.0,703.0,13.93,34.02,62.66,30462.0,0.3945,0.21101,0
2349,22,East,SelfEmployed,Healthcare,2024Q4,70046.0,748.0,27.72,68.62,83.05,79986.0,0.5491,0.47764,0
2350,38,North,Business,Transport,2025Q3,79020.0,695.0,34.39,90.92,65.91,94628.0,0.4281,0.69671,0
2351,33,East,Salaried,Manufacturing,2025Q1,86511.0,611.0,42.01,50.78,88.14,24291.0,0.3225,0.74364,0
2352,49,West,Salaried,Healthcare,2024Q4,79267.0,839.0,39.19,50.68,75.46,86762.0,0.2567,0.26233,0
2353,44,East,Salaried,Retail,2025Q2,108870.0,698.0,53.09,15.55,82.13,84305.0,0.4465,0.43262,0
2354,58,West,Salaried,Manufacturing,2025Q2,98904.0,719.0,38.41,40.12,84.25,99283.0,0.3059,0.44282,0
2355,32,East,Salaried,Manufacturing,2025Q3,78172.0,670.0,64.25,81.72,77.92,79302.0,0.3364,0.8678,1
2356,49,North,SelfEmployed,Manufacturing,2024Q4,54116.0,753.0,32.82,17.16,81.22,93544.0,0.251,0.21561,0
2357,42,West,Business,Transport,2025Q3,94513.0,749.0,41.52,87.58,78.24,93328.0,0.3505,0.67212,0
2358,56,North,Business,IT,2025Q2,72127.0,624.0,10.19,65.06,70.28,86836.0,0.4212,0.52287,0
2359,21,South,Salaried,Manufacturing,2025Q2,75731.0,719.0,28.63,42.89,71.16,94910.0,0.3014,0.34144,0
2360,63,North,SelfEmployed,Healthcare,2025Q4,47033.0,758.0,61.99,54.18,50.44,215086.0,0.2645,0.5013,0
2361,60,North,SelfEmployed,Healthcare,2025Q2,90339.0,776.0,30.01,18.54,85.51,182912.0,0.358,0.18824,0
2362,54,South,Salaried,Retail,2025Q1,144835.0,746.0,25.19,24.57,57.17,67535.0,0.4061,0.16289,1
2363,54,South,Salaried,Construction,2025Q4,67343.0,750.0,42.61,30.78,69.47,47253.0,0.3488,0.30718,0
2364,68,South,SelfEmployed,Construction,2025Q3,95565.0,680.0,14.72,39.64,53.73,177961.0,0.5771,0.24902,1
2365,53,East,Salaried,IT,2025Q2,111146.0,642.0,41.9,87.4,78.27,362884.0,0.3621,0.82873,0
2366,24,North,Salaried,Transport,2025Q1,66926.0,693.0,28.22,38.08,93.63,71697.0,0.412,0.44027,0
2367,58,North,Salaried,Transport,2025Q4,20000.0,641.0,32.99,52.15,84.11,103755.0,0.456,0.62845,0
2368,50,East,Salaried,Manufacturing,2025Q1,97388.0,669.0,57.48,19.58,74.05,58222.0,0.3976,0.51748,0
2369,66,South,Salaried,IT,2025Q4,81983.0,669.0,49.72,71.24,71.21,106058.0,0.2339,0.74884,0
2370,40,East,Business,Retail,2025Q4,87783.0,658.0,36.77,55.43,66.94,18258.0,0.2509,0.58093,0
2371,46,East,Salaried,Retail,2025Q4,81372.0,739.0,44.65,44.59,51.27,50661.0,0.2175,0.35646,0
2372,35,West,Salaried,Construction,2025Q3,108995.0,654.0,56.01,90.25,59.14,121361.0,0.1916,0.84412,0
2373,27,East,Salaried,Retail,2025Q4,77562.0,811.0,54.75,85.16,62.35,39637.0,0.3828,0.57908,0
2374,27,South,Salaried,Manufacturing,2025Q4,134272.0,764.0,21.12,64.36,91.95,107817.0,0.4988,0.40288,0
2375,49,East,Salaried,Healthcare,2025Q1,97451.0,775.0,28.06,87.96,63.41,105248.0,0.4362,0.47214,1
2376,43,South,Salaried,Retail,2025Q4,105287.0,672.0,30.89,55.83,72.24,109688.0,0.4345,0.53231,1
2377,54,South,Salaried,IT,2025Q3,80164.0,721.0,21.25,79.42,90.73,51270.0,0.2269,0.57836,0
2378,40,West,Salaried,Manufacturing,2025Q1,87771.0,653.0,10.73,41.85,68.51,124950.0,0.4092,0.32624,0
2379,35,South,Salaried,Retail,2025Q4,37759.0,722.0,20.44,12.81,53.83,266704.0,0.4135,0.12621,0
2380,53,West,Salaried,Transport,2025Q1,65575.0,613.0,58.49,94.47,60.96,51869.0,0.5511,0.90281,0
2381,37,West,Salaried,Retail,2025Q3,106941.0,768.0,42.76,19.91,60.65,45756.0,0.3905,0.20469,0
2382,40,West,Salaried,Transport,2025Q1,78328.0,675.0,30.5,27.64,79.31,64911.0,0.5586,0.37737,0
2383,33,West,Business,Manufacturing,2025Q3,51878.0,727.0,46.5,19.68,56.29,88665.0,0.365,0.27251,0
2384,64,South,Salaried,Retail,2025Q2,62895.0,737.0,54.39,35.37,80.17,35557.0,0.4038,0.48091,0
2385,44,South,Salaried,Transport,2025Q4,62693.0,680.0,31.27,31.04,88.91,53206.0,0.4898,0.4283,1
2386,67,East,Salaried,Healthcare,2025Q3,79027.0,666.0,37.96,59.1,58.48,202607.0,0.38,0.56584,1
2387,57,South,Salaried,Construction,2025Q4,59145.0,703.0,13.85,94.68,47.44,161972.0,0.1683,0.49179,0
2388,27,East,Business,Manufacturing,2025Q3,115577.0,754.0,45.83,9.73,75.12,36551.0,0.2309,0.23351,0
2389,28,East,Salaried,Transport,2024Q4,85205.0,702.0,31.38,75.06,59.85,269989.0,0.6698,0.54994,0
2390,43,East,Salaried,IT,2024Q4,45112.0,743.0,36.01,16.52,69.37,54125.0,0.362,0.21225,0
2391,34,South,Salaried,Retail,2024Q4,118404.0,754.0,35.36,6.79,74.88,92487.0,0.4334,0.17138,0
2392,24,North,Salaried,Transport,2025Q3,78855.0,699.0,47.94,62.47,62.43,75295.0,0.2222,0.60855,0
2393,41,South,SelfEmployed,Transport,2025Q4,92650.0,704.0,44.35,83.6,90.86,139113.0,0.3908,0.77779,1
2394,66,North,Salaried,Transport,2024Q4,87669.0,718.0,35.33,20.87,61.98,32847.0,0.5096,0.24417,0
2395,30,West,Salaried,Construction,2025Q4,90436.0,773.0,11.02,35.75,56.91,50565.0,0.1258,0.11869,0
2396,42,South,Salaried,IT,2025Q3,71412.0,691.0,47.26,20.19,88.71,38495.0,0.3751,0.45615,0
2397,50,North,Salaried,IT,2025Q4,88269.0,773.0,62.77,86.59,47.5,34910.0,0.3741,0.66368,0
2398,50,North,SelfEmployed,Healthcare,2025Q4,76269.0,724.0,56.17,29.33,46.83,43475.0,0.3888,0.36094,0
2399,36,East,Salaried,Construction,2024Q4,89053.0,669.0,68.9,45.02,91.46,40736.0,0.604,0.78727,0
2400,31,East,Salaried,Transport,2025Q1,75357.0,708.0,18.34,85.53,51.49,114570.0,0.3185,0.47487,0
2401,42,South,Salaried,Manufacturing,2025Q2,72749.0,648.0,23.35,54.76,48.16,55761.0,0.2935,0.42679,1
2402,49,North,Salaried,Construction,2025Q3,43449.0,636.0,42.36,88.96,69.43,61226.0,0.3291,0.82468,0
2403,45,South,Salaried,Construction,2025Q3,79870.0,743.0,24.15,88.38,42.57,20240.0,0.6341,0.43185,0
2404,34,South,Salaried,IT,2025Q3,85615.0,754.0,12.07,46.54,74.1,146060.0,0.369,0.21522,0
2405,34,East,Salaried,Healthcare,2025Q2,126222.0,708.0,34.14,57.41,64.91,22054.0,0.4194,0.46697,0
2406,22,East,Salaried,Healthcare,2025Q1,91984.0,713.0,27.26,25.73,75.22,78185.0,0.0747,0.26665,0
2407,33,South,Salaried,Construction,2025Q4,61883.0,678.0,25.83,94.15,55.62,185362.0,0.3635,0.65396,0
2408,23,North,Business,Construction,2025Q3,54633.0,719.0,67.19,30.05,89.8,214513.0,0.3293,0.61282,1
2409,50,West,Salaried,Retail,2025Q4,86686.0,819.0,24.31,75.5,54.88,27767.0,0.3611,0.2666,0
2410,38,South,Salaried,Transport,2024Q4,61376.0,766.0,17.77,33.17,75.07,64512.0,0.3114,0.1771,0
2411,56,East,Salaried,IT,2024Q4,65788.0,706.0,17.52,33.17,91.98,125372.0,0.1948,0.30748,0
2412,41,North,Salaried,Transport,2024Q4,61297.0,701.0,58.38,14.35,62.04,55077.0,0.3173,0.38522,0
2413,39,South,Salaried,Manufacturing,2025Q3,71785.0,689.0,52.89,55.39,48.88,155838.0,0.5311,0.57206,0
2414,36,North,SelfEmployed,Manufacturing,2025Q2,98403.0,632.0,17.77,27.03,43.76,17565.0,0.3649,0.25091,0
2415,48,South,Salaried,Healthcare,2025Q3,30254.0,683.0,23.19,18.36,92.97,81347.0,0.1344,0.30606,0
2416,24,West,Salaried,IT,2024Q4,112366.0,747.0,54.84,25.4,82.0,100127.0,0.2091,0.40941,0
2417,35,South,Salaried,Transport,2024Q4,74897.0,659.0,26.48,27.6,90.54,32790.0,0.3837,0.41885,0
2418,21,North,Salaried,Healthcare,2025Q3,64148.0,695.0,68.89,50.37,78.44,128100.0,0.2226,0.73995,1
2419,68,North,Salaried,Manufacturing,2025Q2,102194.0,649.0,42.43,39.73,58.83,35699.0,0.3781,0.51521,0
2420,67,South,SelfEmployed,Construction,2025Q2,74844.0,753.0,21.52,11.79,46.77,227850.0,0.5,0.09249,0
2421,36,North,Salaried,IT,2025Q4,53829.0,640.0,61.53,53.24,91.11,58337.0,0.4067,0.8211,0
2422,40,North,Salaried,IT,2025Q1,41954.0,743.0,29.17,75.9,66.93,65406.0,0.2322,0.48392,0
2423,53,West,Salaried,Transport,2024Q4,97386.0,767.0,27.33,56.68,61.81,35471.0,0.3705,0.29555,0
2424,37,South,Salaried,Retail,2025Q2,98993.0,692.0,29.65,92.71,71.78,57236.0,0.4391,0.69974,0
2425,25,South,Salaried,Transport,2024Q4,69674.0,672.0,56.09,13.92,45.86,44585.0,0.2628,0.36378,0
2426,25,West,Salaried,Construction,2025Q1,113033.0,736.0,20.39,78.9,57.01,90342.0,0.2204,0.41348,0
2427,59,North,Salaried,Construction,2024Q4,80896.0,798.0,32.91,50.51,75.08,87649.0,0.3393,0.28725,0
2428,33,West,Salaried,Healthcare,2025Q2,113200.0,784.0,11.85,51.94,45.51,68752.0,0.536,0.1378,0
2429,64,South,Salaried,IT,2025Q4,56066.0,706.0,59.6,51.72,47.44,82366.0,0.2318,0.56093,0
2430,56,West,Salaried,Healthcare,2025Q3,53005.0,661.0,30.44,34.28,68.08,34006.0,0.2976,0.40134,0
2431,50,East,Salaried,Construction,2025Q3,67159.0,697.0,24.89,34.21,74.29,35485.0,0.2071,0.31831,0
2432,24,West,Salaried,Retail,2025Q2,70011.0,617.0,44.79,61.87,50.29,170051.0,0.2596,0.69175,0
2433,43,West,Salaried,IT,2025Q2,108777.0,679.0,52.3,9.03,41.82,43390.0,0.3343,0.28629,0
2434,41,South,Salaried,Construction,2025Q1,87334.0,735.0,58.77,57.99,92.71,90045.0,0.3323,0.69538,1
2435,41,West,Salaried,Retail,2024Q4,61019.0,690.0,30.87,70.21,41.51,14586.0,0.05,0.47148,0
2436,26,South,SelfEmployed,Transport,2025Q1,80279.0,677.0,58.74,37.07,40.11,98519.0,0.3223,0.49369,0
2437,44,South,Salaried,Manufacturing,2025Q3,69299.0,707.0,37.89,24.56,57.78,164991.0,0.5618,0.28131,0
2438,67,South,Salaried,Construction,2024Q4,59906.0,695.0,16.07,24.2,52.23,79589.0,0.3671,0.16927,0
2439,51,South,Salaried,Manufacturing,2025Q1,78006.0,752.0,60.78,12.37,71.55,82374.0,0.3206,0.33032,0
2440,39,North,Salaried,Healthcare,2025Q3,75229.0,637.0,42.86,13.07,89.18,219201.0,0.2818,0.48853,0
2441,58,East,Salaried,Manufacturing,2024Q4,60858.0,739.0,46.15,20.0,66.46,89212.0,0.2391,0.28288,1
2442,32,South,Salaried,Construction,2025Q4,60591.0,707.0,66.25,6.73,82.53,45296.0,0.3628,0.45857,0
2443,34,West,Salaried,Manufacturing,2025Q4,100365.0,734.0,43.55,28.96,90.01,53786.0,0.4042,0.4036,1
2444,32,West,Salaried,IT,2025Q1,90585.0,634.0,10.34,32.58,50.42,47787.0,0.5587,0.25198,0
2445,35,South,Salaried,Construction,2025Q2,103592.0,759.0,62.24,94.57,66.86,144693.0,0.261,0.78,0
2446,39,South,SelfEmployed,Retail,2024Q4,72906.0,740.0,27.09,94.25,75.31,180279.0,0.5056,0.61766,1
2447,48,South,Salaried,Manufacturing,2025Q1,52807.0,802.0,40.11,21.83,58.25,154369.0,0.501,0.15533,0
2448,60,North,Salaried,IT,2025Q2,65652.0,664.0,22.29,24.17,80.69,43919.0,0.3014,0.32515,0
2449,61,North,Salaried,Healthcare,2025Q2,105683.0,678.0,27.82,49.27,78.79,76922.0,0.2623,0.48142,0
2450,25,South,Salaried,Healthcare,2024Q4,39990.0,612.0,51.2,18.39,63.16,119445.0,0.1778,0.53698,0
2451,25,South,Salaried,Manufacturing,2024Q4,116118.0,665.0,35.77,50.36,44.84,32297.0,0.3539,0.44702,0
2452,26,West,Salaried,Healthcare,2025Q2,52246.0,789.0,47.63,40.95,40.64,138180.0,0.3155,0.24066,0
2453,43,East,Salaried,Retail,2025Q3,99492.0,726.0,59.41,34.22,60.31,132716.0,0.4786,0.45828,0
2454,23,South,Salaried,Construction,2025Q1,54489.0,670.0,30.45,79.03,44.51,111311.0,0.3924,0.57362,0
2455,57,East,SelfEmployed,IT,2024Q4,65121.0,717.0,44.1,79.53,82.99,129968.0,0.1122,0.71454,0
2456,53,North,Business,Transport,2025Q2,28563.0,707.0,56.66,93.91,58.39,69026.0,0.3423,0.79743,1
2457,63,South,Salaried,Manufacturing,2025Q3,126345.0,605.0,52.91,25.08,76.64,40743.0,0.3868,0.65106,0
2458,41,East,Salaried,Healthcare,2025Q4,94371.0,615.0,42.39,84.94,59.05,165916.0,0.3223,0.81176,0
2459,40,South,Salaried,Construction,2025Q2,95842.0,771.0,33.0,53.41,83.78,75511.0,0.4569,0.38105,0
2460,21,South,Salaried,Transport,2025Q3,67678.0,751.0,34.45,58.23,88.86,50750.0,0.2823,0.47954,0
2461,59,West,Salaried,Retail,2025Q4,56731.0,628.0,35.99,85.67,86.06,80014.0,0.4745,0.82997,0
2462,67,West,Salaried,Healthcare,2025Q3,99413.0,703.0,30.93,89.84,66.65,79616.0,0.2834,0.65686,0
2463,37,East,Business,Healthcare,2024Q4,49922.0,671.0,51.94,70.41,44.62,52881.0,0.3104,0.67323,0
2464,49,East,Salaried,IT,2025Q2,75822.0,770.0,17.52,36.31,60.44,107032.0,0.5838,0.152,0
2465,28,East,Salaried,Retail,2025Q4,48732.0,735.0,68.05,49.07,63.35,279648.0,0.1918,0.6086,0
2466,46,North,Salaried,Retail,2025Q3,83099.0,649.0,56.74,60.35,92.81,30631.0,0.3613,0.81895,0
2467,48,South,SelfEmployed,Manufacturing,2025Q4,32077.0,717.0,27.89,79.58,71.1,31146.0,0.3918,0.56458,0
2468,54,North,Salaried,Transport,2025Q1,42986.0,708.0,12.55,64.22,75.25,173615.0,0.276,0.38906,0
2469,46,South,Salaried,IT,2025Q2,58505.0,708.0,52.68,37.89,83.01,126988.0,0.4063,0.55222,0
2470,33,South,Salaried,Manufacturing,2024Q4,95369.0,682.0,54.06,42.61,71.25,235522.0,0.4384,0.59876,0
2471,64,North,SelfEmployed,IT,2025Q4,66717.0,711.0,67.82,9.54,72.92,274633.0,0.3835,0.44419,0
2472,57,West,Salaried,Retail,2025Q3,104590.0,663.0,25.22,88.18,53.49,125742.0,0.3734,0.63599,0
2473,33,West,SelfEmployed,IT,2025Q4,117517.0,645.0,14.96,12.93,43.24,32781.0,0.4128,0.16292,0
2474,58,East,Salaried,IT,2025Q3,72284.0,641.0,64.91,57.19,79.68,93806.0,0.2597,0.82357,0
2475,45,South,Salaried,IT,2025Q4,43039.0,652.0,25.52,83.45,86.68,57331.0,0.2743,0.7376,0
2476,67,West,Salaried,Construction,2024Q4,104142.0,733.0,53.29,42.88,62.66,103910.0,0.4055,0.46128,0
2477,43,North,Salaried,Construction,2024Q4,41461.0,735.0,13.64,77.01,70.19,43865.0,0.3057,0.40361,0
2478,42,West,Salaried,Transport,2025Q2,57418.0,790.0,55.64,77.34,56.9,107608.0,0.344,0.55812,0
2479,41,North,SelfEmployed,Transport,2024Q4,37473.0,697.0,17.62,10.39,64.76,122336.0,0.05,0.1519,0
2480,50,West,Salaried,Retail,2025Q4,104079.0,749.0,51.74,42.09,51.49,90157.0,0.4305,0.37475,0
2481,31,South,Salaried,IT,2025Q4,94302.0,713.0,41.94,67.19,81.79,99367.0,0.509,0.63743,0
2482,24,West,Salaried,Retail,2024Q4,120457.0,726.0,67.33,43.01,67.06,123654.0,0.4235,0.59608,0
2483,53,West,Salaried,Construction,2025Q1,68969.0,754.0,12.22,54.07,70.09,43686.0,0.4419,0.23754,0
2484,67,North,Salaried,IT,2025Q4,59401.0,742.0,27.52,58.5,42.04,91835.0,0.4611,0.28551,0
2485,32,South,Salaried,Manufacturing,2025Q2,66880.0,716.0,14.17,18.61,74.23,70105.0,0.3278,0.16467,0
2486,29,West,Salaried,Construction,2025Q1,46681.0,676.0,62.75,42.08,51.15,162381.0,0.2431,0.59669,0
2487,52,South,Salaried,Construction,2024Q4,115716.0,725.0,45.63,7.56,61.09,128770.0,0.4125,0.22671,1
2488,31,West,Business,Construction,2025Q3,164416.0,785.0,42.1,18.47,62.7,49702.0,0.478,0.18017,0
2489,57,East,Salaried,IT,2025Q4,61905.0,720.0,17.89,51.1,64.68,121357.0,0.2199,0.29468,0
2490,44,South,SelfEmployed,Transport,2025Q3,94817.0,688.0,39.34,56.62,52.51,195152.0,0.4362,0.49435,0
2491,27,South,Salaried,Healthcare,2025Q2,76113.0,755.0,33.92,18.16,86.76,98409.0,0.3846,0.23715,0
2492,28,North,Salaried,Manufacturing,2025Q1,91044.0,634.0,28.95,73.01,63.53,59030.0,0.3367,0.66283,0
2493,53,West,Salaried,Manufacturing,2025Q3,106492.0,690.0,56.33,38.57,73.67,34701.0,0.3184,0.5836,0
2494,45,South,Salaried,Retail,2025Q2,51423.0,656.0,13.68,87.86,73.77,18466.0,0.3828,0.63756,0
2495,21,South,SelfEmployed,IT,2025Q3,68035.0,703.0,48.8,39.89,73.38,160030.0,0.2729,0.50887,0
2496,23,South,Salaried,Transport,2025Q3,110079.0,779.0,59.38,18.48,70.76,28423.0,0.7131,0.30501,0
2497,60,East,Salaried,Construction,2025Q2,92721.0,745.0,64.44,73.22,85.24,35934.0,0.1906,0.765,0
2498,48,West,SelfEmployed,Healthcare,2025Q4,88183.0,607.0,54.75,56.1,84.69,78659.0,0.05,0.826,0
2499,63,West,Salaried,IT,2025Q3,92742.0,676.0,26.95,39.8,62.94,91071.0,0.385,0.36351,1
2500,53,South,Salaried,IT,2025Q2,95197.0,628.0,46.03,37.04,74.97,204845.0,0.3607,0.62504,0
2501,66,West,Salaried,Transport,2025Q3,108944.0,768.0,18.48,18.57,45.66,94674.0,0.4141,0.0877,0
2502,21,West,SelfEmployed,Healthcare,2025Q4,98844.0,678.0,17.02,35.68,44.99,60612.0,0.05,0.22335,0
2503,58,East,Salaried,Construction,2025Q2,78732.0,714.0,48.32,7.64,66.4,60664.0,0.13,0.2735,0
2504,47,West,Salaried,IT,2025Q3,88826.0,717.0,61.07,50.22,89.51,25304.0,0.2966,0.68901,1
2505,58,North,Salaried,Manufacturing,2024Q4,78314.0,721.0,14.03,85.71,75.75,200540.0,0.4554,0.50734,0
2506,55,North,Business,Manufacturing,2025Q4,61346.0,551.0,16.36,76.58,76.81,136044.0,0.132,0.77734,0
2507,30,West,Salaried,Healthcare,2025Q3,78709.0,730.0,43.94,7.57,48.67,88757.0,0.4038,0.18219,0
2508,32,South,Salaried,Construction,2025Q1,77155.0,680.0,23.09,84.31,64.93,199385.0,0.3205,0.60729,0
2509,30,West,Salaried,Healthcare,2025Q2,37548.0,757.0,46.71,45.71,62.04,155218.0,0.3691,0.38284,0
2510,54,West,Business,IT,2025Q3,99373.0,721.0,22.87,22.18,83.06,106687.0,0.3468,0.23459,0
2511,44,North,SelfEmployed,Manufacturing,2025Q4,103612.0,745.0,16.99,72.72,47.58,71440.0,0.3479,0.30648,0
2512,48,West,Business,Retail,2025Q4,93595.0,670.0,42.73,34.06,69.66,75094.0,0.3473,0.47969,0
2513,42,South,Salaried,Healthcare,2025Q1,102118.0,648.0,61.73,27.8,90.12,25982.0,0.4825,0.69328,0
2514,65,South,Salaried,Retail,2025Q1,75602.0,759.0,51.11,19.52,89.09,155008.0,0.3542,0.35108,1
2515,36,East,Salaried,Retail,2025Q3,67148.0,741.0,59.12,48.8,86.88,63735.0,0.4721,0.61512,0
2516,33,West,SelfEmployed,Transport,2024Q4,103723.0,722.0,25.98,13.41,60.62,154223.0,0.2972,0.16059,0
2517,56,North,Salaried,Manufacturing,2025Q4,53530.0,722.0,63.16,75.71,91.76,122195.0,0.4841,0.81558,0
2518,56,South,Salaried,Healthcare,2024Q4,52664.0,733.0,32.62,47.36,84.29,78523.0,0.3217,0.41629,0
2519,63,East,SelfEmployed,Retail,2024Q4,91203.0,639.0,61.15,45.23,86.81,131767.0,0.3231,0.77832,0
2520,43,East,Salaried,IT,2025Q3,90519.0,769.0,38.27,5.17,91.28,42372.0,0.1368,0.19674,0
2521,34,East,Salaried,Transport,2025Q2,103252.0,702.0,26.07,78.61,91.54,26059.0,0.2417,0.64752,0
2522,52,North,Salaried,Construction,2025Q2,37239.0,703.0,25.62,49.36,53.2,65769.0,0.2658,0.32643,0
2523,23,South,Salaried,Transport,2025Q2,77556.0,687.0,44.06,44.59,47.02,99383.0,0.1329,0.43681,1
2524,47,South,SelfEmployed,Construction,2025Q1,51741.0,574.0,14.74,73.52,78.0,133475.0,0.2464,0.7225,0
2525,39,West,Salaried,Manufacturing,2025Q4,101382.0,742.0,65.8,10.66,70.98,78045.0,0.4324,0.37103,0
2526,42,South,Salaried,Healthcare,2025Q1,113344.0,655.0,26.29,38.0,58.01,38913.0,0.4456,0.37007,0
2527,21,North,Salaried,Healthcare,2025Q4,92612.0,716.0,30.14,56.82,77.64,182230.0,0.1478,0.46547,0
2528,25,West,Salaried,Construction,2025Q4,66054.0,665.0,24.0,46.45,43.41,56928.0,0.5495,0.33476,0
2529,69,North,Salaried,IT,2025Q4,61285.0,691.0,10.18,21.35,42.6,95912.0,0.4507,0.12447,0
2530,53,West,Salaried,Construction,2025Q3,69704.0,688.0,51.55,31.93,59.49,104081.0,0.5996,0.45832,0
2531,39,East,Salaried,Construction,2025Q2,58972.0,664.0,45.43,32.02,50.66,76765.0,0.4828,0.42909,0
2532,56,West,Salaried,Healthcare,2025Q1,76019.0,698.0,58.58,94.28,79.52,18773.0,0.577,0.86134,1
2533,26,South,Salaried,Retail,2025Q1,61228.0,684.0,12.46,34.36,92.14,45692.0,0.4002,0.32006,0
2534,35,North,Salaried,IT,2025Q3,45459.0,653.0,65.72,23.47,76.39,101380.0,0.2568,0.6415,0
2535,56,East,SelfEmployed,Healthcare,2025Q4,89516.0,775.0,29.85,79.04,76.01,220026.0,0.3814,0.47893,0
2536,53,West,SelfEmployed,Transport,2025Q2,91446.0,666.0,64.78,42.91,40.36,117575.0,0.0814,0.5973,0
2537,44,East,SelfEmployed,Construction,2024Q4,122485.0,741.0,16.43,44.95,68.18,102790.0,0.3307,0.23359,0
2538,47,North,Salaried,Retail,2024Q4,69170.0,747.0,54.64,54.4,84.94,18177.0,0.3446,0.59848,0
2539,69,West,Salaried,IT,2025Q3,32745.0,761.0,44.76,58.61,75.98,153252.0,0.4659,0.49032,1
2540,31,West,Salaried,Manufacturing,2025Q2,100383.0,680.0,31.49,58.15,52.53,139614.0,0.3748,0.46168,0
2541,69,East,Salaried,IT,2024Q4,103194.0,699.0,14.75,8.1,86.67,108966.0,0.297,0.17545,0
2542,43,West,Salaried,IT,2024Q4,108550.0,701.0,46.28,78.7,93.04,88338.0,0.1823,0.7765,0
2543,53,West,Salaried,Construction,2025Q1,116783.0,739.0,11.59,22.54,55.34,104176.0,0.2597,0.11197,0
2544,61,East,Business,Construction,2025Q2,117138.0,697.0,40.08,31.31,51.39,172750.0,0.3231,0.32796,0
2545,66,North,Salaried,Manufacturing,2024Q4,55581.0,735.0,46.25,20.61,58.62,70479.0,0.2656,0.26901,0
2546,67,South,Salaried,Manufacturing,2025Q1,118702.0,696.0,53.95,74.04,43.47,95200.0,0.05,0.65794,0
2547,49,North,SelfEmployed,Manufacturing,2025Q2,71799.0,771.0,69.48,57.53,88.04,59005.0,0.3486,0.68388,1
2548,51,South,Salaried,Healthcare,2025Q4,99961.0,709.0,25.61,72.98,91.11,73941.0,0.2941,0.59494,0
2549,21,South,SelfEmployed,Healthcare,2025Q2,86487.0,703.0,29.34,63.81,74.83,79237.0,0.2918,0.519,0
2550,54,North,SelfEmployed,Construction,2025Q3,55681.0,729.0,30.47,14.37,82.04,112321.0,0.3697,0.22699,0
2551,38,South,Business,Construction,2025Q1,109009.0,800.0,53.89,32.13,76.78,51628.0,0.2953,0.32569,0
2552,38,North,Salaried,Manufacturing,2025Q4,68597.0,677.0,65.91,50.65,60.75,67273.0,0.4793,0.69872,0
2553,26,West,Salaried,Healthcare,2025Q1,126469.0,767.0,68.46,32.45,74.76,92234.0,0.2615,0.48725,0
2554,60,West,Salaried,Retail,2025Q1,60919.0,665.0,66.75,23.66,86.0,66816.0,0.2513,0.66007,0
2555,21,North,Salaried,Healthcare,2024Q4,54889.0,712.0,62.76,83.28,84.54,81589.0,0.259,0.8367,0
2556,67,West,Salaried,Construction,2025Q2,63428.0,666.0,69.46,72.3,44.46,31784.0,0.3712,0.79048,0
2557,62,South,Salaried,Healthcare,2025Q1,117380.0,690.0,32.56,36.07,65.44,107509.0,0.3694,0.36435,0
2558,50,South,Salaried,Construction,2025Q1,40820.0,673.0,66.9,73.85,61.85,47757.0,0.2828,0.81752,0
2559,24,North,Salaried,Manufacturing,2025Q3,102827.0,748.0,55.66,61.48,81.36,27839.0,0.3484,0.63181,1
2560,52,South,SelfEmployed,Manufacturing,2025Q3,125809.0,683.0,20.11,5.34,67.58,89536.0,0.3957,0.16647,0
2561,30,West,SelfEmployed,Manufacturing,2025Q3,75765.0,739.0,12.73,39.22,59.23,92626.0,0.4219,0.17331,0
2562,63,East,Salaried,Retail,2025Q1,70173.0,681.0,22.87,31.14,78.85,99184.0,0.3361,0.33164,0
2563,25,North,Salaried,Retail,2025Q4,81997.0,710.0,56.73,24.61,66.05,100220.0,0.2554,0.43295,0
2564,29,North,SelfEmployed,Construction,2025Q2,51940.0,790.0,47.9,27.64,54.11,98322.0,0.2555,0.2173,0
2565,25,South,Salaried,IT,2025Q1,146207.0,669.0,23.46,89.81,88.97,204411.0,0.3815,0.73726,0
2566,31,South,SelfEmployed,Transport,2024Q4,96745.0,670.0,54.52,48.77,46.22,131247.0,0.437,0.57141,0
2567,55,North,Business,Retail,2025Q4,49487.0,696.0,18.48,81.29,40.99,141066.0,0.3681,0.4329,0
2568,47,South,Salaried,Construction,2025Q4,59820.0,709.0,59.31,24.28,47.92,109222.0,0.3036,0.38527,0
2569,24,West,SelfEmployed,Healthcare,2025Q2,84478.0,744.0,57.65,20.7,49.0,134061.0,0.2816,0.29499,0
2570,30,West,Salaried,Manufacturing,2025Q4,47639.0,712.0,68.35,84.99,69.59,54133.0,0.4468,0.83485,0
2571,59,South,Salaried,Manufacturing,2025Q2,42392.0,723.0,19.02,49.61,74.37,115156.0,0.2027,0.31831,0
2572,53,West,Salaried,Manufacturing,2025Q4,87344.0,647.0,64.4,85.56,64.67,165012.0,0.2929,0.8775,0
2573,58,South,Salaried,Construction,2025Q2,105150.0,727.0,30.47,10.67,51.23,63127.0,0.5228,0.14636,0
2574,28,South,SelfEmployed,Manufacturing,2025Q3,102881.0,728.0,34.96,87.48,47.27,191466.0,0.4903,0.5549,0
2575,69,North,Salaried,Retail,2025Q3,78507.0,747.0,38.11,42.39,67.07,57802.0,0.374,0.33928,0
2576,44,East,Salaried,Healthcare,2025Q4,73137.0,692.0,47.61,18.98,71.1,101901.0,0.2917,0.38557,0
2577,59,West,Salaried,Manufacturing,2025Q4,81292.0,710.0,69.69,66.5,56.72,35998.0,0.3196,0.73632,0
2578,53,East,SelfEmployed,Construction,2025Q2,104803.0,749.0,46.0,76.72,52.12,128216.0,0.3604,0.54712,0
2579,61,South,Business,Healthcare,2025Q2,48581.0,652.0,65.6,9.26,44.43,172403.0,0.6029,0.43831,0
2580,63,East,SelfEmployed,Manufacturing,2025Q1,60565.0,611.0,25.3,93.85,41.44,71847.0,0.4729,0.71843,0
2581,39,North,Salaried,IT,2025Q3,70556.0,649.0,33.9,67.73,45.82,28804.0,0.457,0.57582,1
2582,22,West,Salaried,Manufacturing,2025Q1,73944.0,675.0,40.27,33.93,80.81,75036.0,0.3314,0.49244,0
2583,31,South,Salaried,Transport,2025Q1,78638.0,769.0,29.37,18.62,58.92,39363.0,0.2904,0.13926,0
2584,55,South,Salaried,Retail,2024Q4,79377.0,822.0,68.61,40.33,41.51,77997.0,0.3264,0.31352,0
2585,37,East,Salaried,Healthcare,2025Q2,96851.0,660.0,53.54,24.85,67.95,131263.0,0.4695,0.51672,0
2586,62,East,Salaried,Retail,2024Q4,35930.0,705.0,38.73,49.47,69.48,101788.0,0.5451,0.47455,0
2587,23,North,Salaried,IT,2024Q4,39964.0,681.0,55.08,75.37,63.58,24674.0,0.2476,0.75806,0
2588,42,East,SelfEmployed,IT,2025Q1,63370.0,736.0,38.05,64.41,46.09,58236.0,0.0744,0.41369,0
2589,55,North,Salaried,Transport,2024Q4,101590.0,725.0,11.03,44.23,81.52,84488.0,0.3199,0.26049,0
2590,41,East,Salaried,Retail,2025Q2,63701.0,662.0,42.59,15.7,77.9,192878.0,0.4773,0.41206,0
2591,45,West,Salaried,Healthcare,2025Q1,78973.0,676.0,47.51,91.14,61.71,65947.0,0.2815,0.78966,1
2592,59,West,SelfEmployed,IT,2025Q2,83204.0,702.0,68.87,29.33,60.94,103619.0,0.4043,0.54899,0
2593,22,East,SelfEmployed,IT,2025Q4,87902.0,778.0,12.45,30.01,48.58,82723.0,0.215,0.09371,0
2594,21,South,SelfEmployed,Manufacturing,2024Q4,119114.0,674.0,40.73,63.1,81.45,48490.0,0.3147,0.67448,1
2595,27,North,Salaried,Transport,2025Q1,97366.0,625.0,15.89,74.35,72.98,53229.0,0.2554,0.63008,0
2596,40,West,Business,Construction,2025Q3,104937.0,782.0,18.94,93.57,44.72,63967.0,0.3317,0.36008,0
2597,63,South,Salaried,IT,2025Q2,76830.0,737.0,46.63,92.22,60.79,178162.0,0.3744,0.69372,1
2598,26,South,Salaried,Healthcare,2024Q4,116838.0,646.0,23.89,87.24,89.7,42435.0,0.4329,0.76403,0
2599,56,South,Business,Healthcare,2025Q2,81790.0,727.0,54.95,44.18,64.88,64478.0,0.2997,0.50285,0
2600,41,North,Salaried,Manufacturing,2025Q2,31117.0,755.0,40.85,20.0,57.87,48068.0,0.2136,0.20693,0
2601,66,East,Salaried,Healthcare,2025Q4,141460.0,715.0,23.09,57.6,75.41,182331.0,0.1675,0.41162,1
2602,55,North,Salaried,Manufacturing,2025Q2,81155.0,785.0,39.63,6.55,51.16,95662.0,0.4799,0.1131,0
2603,56,East,Salaried,IT,2025Q4,93244.0,741.0,10.05,22.66,68.81,190891.0,0.2522,0.12741,0
2604,28,South,Business,IT,2025Q4,53285.0,727.0,61.76,5.23,76.82,11314.0,0.4119,0.35929,0
2605,24,North,Salaried,IT,2025Q4,134928.0,721.0,10.76,21.25,87.02,140006.0,0.159,0.18088,1
2606,63,South,Salaried,IT,2024Q4,60169.0,717.0,10.42,47.73,78.09,38953.0,0.5384,0.27635,0
2607,36,North,Salaried,Construction,2025Q2,70369.0,758.0,46.69,40.4,61.14,48396.0,0.684,0.34558,0
2608,23,South,Salaried,Transport,2025Q2,41773.0,702.0,68.41,38.24,82.23,64048.0,0.3895,0.67426,0
2609,27,East,Salaried,Transport,2025Q4,89114.0,762.0,61.36,79.79,89.41,72178.0,0.3153,0.76472,0
2610,22,North,Salaried,Construction,2025Q2,72962.0,727.0,25.12,65.75,66.28,72273.0,0.5227,0.41928,0
2611,21,West,Salaried,IT,2025Q2,41410.0,716.0,21.8,89.28,40.25,44470.0,0.2905,0.46586,0
2612,21,North,Salaried,Healthcare,2025Q4,78311.0,693.0,47.57,45.08,88.45,67958.0,0.356,0.60738,0
2613,58,North,Business,Manufacturing,2025Q3,82370.0,694.0,59.36,29.5,49.1,68417.0,0.05,0.4517,0
2614,27,East,Salaried,Transport,2025Q3,73813.0,728.0,31.72,16.04,46.95,22997.0,0.3408,0.15931,0
2615,44,South,Salaried,Retail,2025Q4,34478.0,766.0,35.94,65.48,56.92,93062.0,0.4888,0.38779,0
2616,25,North,Salaried,Manufacturing,2024Q4,87270.0,738.0,16.93,80.76,60.9,73827.0,0.2948,0.41056,0
2617,41,South,Salaried,Retail,2025Q2,48309.0,671.0,19.17,21.54,83.97,83663.0,0.2967,0.29056,1
2618,48,South,SelfEmployed,Retail,2025Q2,102230.0,622.0,44.1,84.09,61.41,51629.0,0.2976,0.81303,1
2619,38,West,Business,IT,2025Q3,66115.0,751.0,16.16,52.36,42.69,74442.0,0.5855,0.18674,0
2620,44,South,Salaried,Retail,2025Q4,103190.0,850.0,22.12,17.97,74.98,16024.0,0.3773,0.07853,0
2621,52,West,SelfEmployed,IT,2024Q4,80352.0,695.0,24.08,62.86,76.92,50152.0,0.3547,0.49725,0
2622,65,West,Salaried,Construction,2025Q4,81635.0,685.0,36.64,51.8,84.78,53416.0,0.3014,0.57197,0
2623,53,South,Salaried,Healthcare,2025Q3,111907.0,755.0,12.74,7.54,61.94,70612.0,0.4734,0.08007,0
2624,30,West,Salaried,Retail,2025Q3,59618.0,663.0,39.99,40.93,44.73,71614.0,0.2533,0.42377,0
2625,29,South,Salaried,Healthcare,2025Q2,52606.0,792.0,65.72,75.63,70.42,142587.0,0.5009,0.66381,0
2626,69,West,Salaried,IT,2025Q1,93893.0,733.0,11.47,54.99,46.65,33577.0,0.3359,0.20704,0
2627,53,North,SelfEmployed,Retail,2024Q4,47149.0,709.0,47.86,30.38,40.94,121118.0,0.4906,0.3189,0
2628,53,East,Salaried,Manufacturing,2024Q4,60031.0,667.0,60.15,88.58,82.82,297269.0,0.3057,0.88308,1
2629,27,South,Business,Construction,2025Q1,40521.0,759.0,28.75,26.4,62.19,51971.0,0.4482,0.18051,0
2630,24,South,SelfEmployed,Transport,2025Q3,108796.0,686.0,17.89,27.75,68.88,122157.0,0.4148,0.24582,0
2631,48,East,Salaried,Construction,2025Q4,54933.0,749.0,12.6,36.92,76.46,199417.0,0.3428,0.19089,0
2632,43,East,Salaried,Retail,2024Q4,63643.0,732.0,48.63,85.51,62.06,195687.0,0.5143,0.68395,0
2633,52,North,Salaried,Construction,2025Q1,47749.0,781.0,43.13,50.69,42.81,59638.0,0.5055,0.27992,0
2634,64,North,Business,Transport,2025Q2,70364.0,719.0,23.76,66.4,53.9,155999.0,0.2726,0.3849,0
2635,36,East,Salaried,Manufacturing,2025Q2,76426.0,850.0,59.9,92.86,50.69,133506.0,0.264,0.54459,0
2636,66,East,Salaried,Healthcare,2025Q3,100649.0,741.0,54.13,75.5,93.76,170089.0,0.321,0.74904,0
2637,30,West,Salaried,Manufacturing,2024Q4,46951.0,718.0,26.59,20.53,80.67,118557.0,0.3143,0.24539,0
2638,34,West,Salaried,Construction,2025Q4,64977.0,689.0,55.2,75.95,64.84,165863.0,0.4747,0.75372,0
2639,59,West,Salaried,Transport,2024Q4,115568.0,758.0,24.7,72.35,43.49,62409.0,0.393,0.31784,1
2640,56,East,Salaried,Healthcare,2025Q2,106026.0,690.0,50.52,25.94,46.37,53040.0,0.2421,0.36372,0
2641,54,South,Salaried,Transport,2024Q4,63055.0,667.0,17.11,34.28,84.71,15898.0,0.2476,0.35473,0
2642,44,North,Salaried,Manufacturing,2025Q2,78763.0,684.0,51.53,68.91,92.0,54400.0,0.3635,0.7816,0
2643,38,West,Salaried,IT,2025Q1,129201.0,699.0,24.33,26.46,41.72,58861.0,0.4539,0.18567,0
2644,36,East,Salaried,IT,2025Q1,50150.0,834.0,44.35,23.74,90.07,20693.0,0.5378,0.21501,0
2645,61,North,Salaried,Healthcare,2025Q2,31968.0,726.0,20.35,68.31,60.93,75456.0,0.3706,0.38308,0
2646,57,South,Salaried,Healthcare,2025Q4,66598.0,674.0,53.56,84.25,51.75,154937.0,0.3351,0.76855,0
2647,61,West,Salaried,Healthcare,2025Q4,77916.0,770.0,13.65,11.75,45.62,38604.0,0.3231,0.06468,0
2648,45,South,Salaried,IT,2024Q4,59945.0,720.0,19.93,45.13,82.45,271226.0,0.2626,0.33177,0
2649,28,South,Salaried,Manufacturing,2025Q2,104423.0,781.0,21.05,59.65,65.79,94820.0,0.3407,0.2611,0
2650,44,South,Salaried,Healthcare,2025Q3,85266.0,815.0,12.48,65.86,85.78,132065.0,0.2916,0.24724,0
2651,40,North,Salaried,IT,2025Q4,64889.0,628.0,54.7,94.66,52.44,70670.0,0.301,0.86651,0
2652,68,South,Salaried,Healthcare,2025Q4,66525.0,579.0,68.86,66.44,77.32,39231.0,0.4214,0.91306,1
2653,50,South,Salaried,Healthcare,2025Q1,61341.0,820.0,56.7,60.81,46.5,106915.0,0.1772,0.36881,0
2654,40,North,SelfEmployed,Transport,2025Q4,100743.0,672.0,61.64,94.08,44.94,124479.0,0.12,0.83167,0
2655,38,West,SelfEmployed,Healthcare,2025Q4,68187.0,617.0,10.36,10.46,47.34,64853.0,0.2358,0.17505,0
2656,24,South,SelfEmployed,IT,2025Q4,50177.0,681.0,17.07,11.7,84.49,87446.0,0.445,0.21805,0
2657,68,West,SelfEmployed,Manufacturing,2025Q2,104048.0,657.0,43.54,55.46,76.06,72811.0,0.392,0.66361,0
2658,56,West,Salaried,IT,2025Q2,73090.0,668.0,68.67,37.28,49.13,46390.0,0.4629,0.61987,0
2659,26,North,Salaried,IT,2025Q1,46003.0,757.0,49.64,13.7,61.16,92020.0,0.152,0.23019,0
2660,23,East,Salaried,Healthcare,2024Q4,122821.0,690.0,32.45,32.58,82.0,44632.0,0.4115,0.40038,0
2661,38,South,Salaried,Transport,2025Q4,95264.0,621.0,18.77,65.69,55.71,124833.0,0.1774,0.54312,1
2662,67,West,Salaried,Retail,2024Q4,81156.0,712.0,19.17,84.26,90.67,370662.0,0.2202,0.60998,0
2663,60,North,SelfEmployed,Retail,2025Q2,74704.0,663.0,31.77,13.49,90.3,157879.0,0.1943,0.36337,0
2664,38,East,Salaried,Retail,2025Q4,72992.0,696.0,52.83,53.61,70.41,64245.0,0.2145,0.62505,1
2665,43,East,Salaried,IT,2024Q4,72482.0,699.0,11.91,31.65,74.76,93403.0,0.6671,0.22696,0
2666,55,South,Salaried,Healthcare,2024Q4,73161.0,757.0,61.13,65.06,75.93,161675.0,0.4137,0.6564,0
2667,26,North,Salaried,Retail,2025Q3,65257.0,682.0,66.49,54.45,54.22,68352.0,0.1282,0.69246,0
2668,46,East,Salaried,Construction,2025Q2,77416.0,748.0,63.33,88.4,60.09,108108.0,0.1614,0.75479,1
2669,41,East,SelfEmployed,Construction,2025Q1,64763.0,622.0,64.78,8.39,47.48,120882.0,0.3597,0.49681,0
2670,44,South,Salaried,Construction,2025Q1,85586.0,759.0,10.92,47.3,90.87,87857.0,0.3702,0.24932,1
2671,35,East,SelfEmployed,Manufacturing,2025Q3,79413.0,781.0,68.67,22.35,79.81,83541.0,0.2737,0.41687,0
2672,47,South,Salaried,Healthcare,2024Q4,62488.0,697.0,31.98,53.31,42.55,152641.0,0.5527,0.36627,1
2673,52,East,SelfEmployed,IT,2025Q3,77829.0,665.0,62.16,81.82,70.22,245962.0,0.2432,0.85115,1
2674,32,North,Salaried,IT,2025Q3,93573.0,651.0,21.21,87.02,58.87,68709.0,0.4615,0.64311,0
2675,25,West,Salaried,Healthcare,2025Q2,23590.0,709.0,36.79,40.84,84.84,174250.0,0.4475,0.45725,0
2676,27,South,Salaried,Transport,2025Q4,94455.0,777.0,12.65,78.06,58.91,25820.0,0.6384,0.28896,0
2677,42,South,SelfEmployed,Transport,2024Q4,49340.0,687.0,12.4,30.25,75.43,102637.0,0.6435,0.24362,0
2678,47,North,Business,Manufacturing,2025Q1,68528.0,771.0,66.6,5.57,49.12,15884.0,0.4333,0.23233,0
2679,35,North,Salaried,Healthcare,2025Q1,20000.0,647.0,58.64,81.97,70.73,42552.0,0.3543,0.85766,0
2680,59,South,Salaried,Transport,2025Q3,94142.0,691.0,41.79,15.75,56.16,35417.0,0.3929,0.28181,0
2681,65,South,Business,Manufacturing,2025Q3,61494.0,708.0,41.53,6.59,49.07,230073.0,0.4238,0.19555,0
2682,55,West,Salaried,Retail,2025Q3,67505.0,722.0,54.93,36.84,74.06,60002.0,0.1268,0.50112,0
2683,46,North,Salaried,Retail,2024Q4,82267.0,692.0,30.5,39.14,75.13,70688.0,0.1702,0.39817,0
2684,43,South,Salaried,Manufacturing,2025Q3,30730.0,779.0,55.71,11.95,94.08,62681.0,0.467,0.32144,0
2685,33,South,Salaried,Healthcare,2025Q3,81551.0,779.0,39.1,78.28,76.8,26573.0,0.514,0.53656,1
2686,46,North,SelfEmployed,Retail,2025Q4,96206.0,700.0,48.28,41.5,68.36,89394.0,0.5285,0.50205,0
2687,23,North,SelfEmployed,Healthcare,2024Q4,84355.0,681.0,67.89,49.09,90.19,77140.0,0.3244,0.78005,0
2688,49,South,Salaried,Transport,2025Q2,70154.0,677.0,38.28,28.82,85.56,41419.0,0.3893,0.45916,0
2689,22,South,Salaried,Retail,2025Q2,81029.0,767.0,35.1,51.04,70.18,192113.0,0.295,0.34222,0
2690,48,South,SelfEmployed,Transport,2025Q4,78113.0,673.0,64.34,74.01,68.12,187958.0,0.5707,0.8198,0
2691,43,South,Salaried,Healthcare,2025Q1,98963.0,630.0,64.15,86.56,91.81,30322.0,0.3034,0.92613,1
2692,56,East,SelfEmployed,Healthcare,2025Q2,111375.0,638.0,69.55,92.35,73.94,45219.0,0.2562,0.92425,1
2693,69,North,Salaried,Construction,2024Q4,69729.0,747.0,43.05,43.41,79.26,101609.0,0.3308,0.42362,0
2694,26,South,Salaried,Manufacturing,2025Q1,85788.0,635.0,30.66,94.1,44.77,52813.0,0.303,0.72402,0
2695,31,West,Business,IT,2025Q3,63310.0,688.0,24.42,31.55,79.51,62798.0,0.3414,0.33392,0
2696,58,South,Salaried,Manufacturing,2024Q4,90418.0,716.0,12.05,5.63,54.56,35870.0,0.4583,0.09075,0
2697,54,East,Salaried,Healthcare,2025Q1,91503.0,617.0,53.6,74.09,46.35,36120.0,0.3652,0.78846,0
2698,37,South,Salaried,Healthcare,2025Q2,75830.0,720.0,24.01,21.06,86.73,50816.0,0.279,0.24741,0
2699,23,West,Salaried,Manufacturing,2025Q3,92975.0,692.0,46.4,9.72,78.02,80148.0,0.2716,0.34706,0
2700,64,West,Salaried,Healthcare,2025Q3,80080.0,605.0,65.0,88.16,62.42,84002.0,0.2857,0.91288,0
2701,66,South,Business,Transport,2024Q4,78798.0,721.0,67.01,76.26,63.73,41286.0,0.1167,0.76976,0
2702,54,West,SelfEmployed,Retail,2025Q3,57991.0,732.0,10.26,14.24,50.84,32723.0,0.4585,0.08886,0
2703,42,North,Salaried,Healthcare,2025Q1,84299.0,720.0,29.02,74.92,40.53,30656.0,0.4241,0.42321,0
2704,49,North,Salaried,Manufacturing,2025Q4,65552.0,738.0,60.24,80.96,59.21,146125.0,0.537,0.71455,0
2705,49,West,Salaried,Manufacturing,2025Q2,101742.0,724.0,42.19,86.48,48.16,323720.0,0.3957,0.61216,0
2706,25,West,Salaried,Manufacturing,2024Q4,58920.0,750.0,58.45,53.93,63.19,98827.0,0.1692,0.53705,0
2707,30,North,Salaried,Construction,2025Q4,86721.0,658.0,61.2,68.31,85.86,12126.0,0.3682,0.84127,1
2708,30,South,SelfEmployed,Transport,2025Q4,73484.0,633.0,36.56,73.6,46.31,108856.0,0.3721,0.66062,0
2709,29,North,Salaried,Transport,2024Q4,86658.0,646.0,31.54,66.98,45.05,167689.0,0.439,0.55658,0
2710,41,South,SelfEmployed,Construction,2025Q1,78542.0,665.0,37.33,63.22,89.62,46422.0,0.5657,0.69461,1
2711,33,West,Salaried,Transport,2025Q2,59550.0,821.0,49.17,54.28,80.98,135377.0,0.2018,0.39583,0
2712,30,South,Salaried,Construction,2024Q4,107345.0,666.0,32.03,48.13,42.92,154824.0,0.418,0.39683,0
2713,58,South,Salaried,Transport,2025Q4,57821.0,681.0,56.5,94.65,44.38,180300.0,0.3298,0.79843,1
2714,31,South,Salaried,Construction,2025Q4,96064.0,697.0,64.24,35.38,77.67,48527.0,0.6582,0.62243,0
2715,24,North,Salaried,Construction,2024Q4,37541.0,690.0,26.94,12.94,60.37,77078.0,0.4558,0.20009,0
2716,66,South,Business,Transport,2025Q4,72777.0,810.0,67.9,73.85,79.83,83061.0,0.3185,0.66865,0
2717,51,East,Salaried,Construction,2024Q4,118230.0,615.0,47.36,24.24,62.24,184050.0,0.5131,0.53493,0
2718,69,West,Business,Transport,2024Q4,73114.0,830.0,62.69,52.94,93.23,54901.0,0.3205,0.51528,0
2719,54,West,Salaried,Construction,2025Q2,82412.0,718.0,16.23,13.62,78.19,141394.0,0.4316,0.16203,0
2720,62,North,Business,Manufacturing,2024Q4,120065.0,763.0,25.09,60.74,42.56,88504.0,0.3037,0.25096,0
2721,55,West,Salaried,IT,2025Q4,76429.0,711.0,29.26,89.96,58.18,143198.0,0.359,0.60122,0
2722,59,West,Business,Transport,2025Q3,86475.0,755.0,28.17,70.04,71.0,124335.0,0.5028,0.43105,0
2723,59,West,Salaried,Construction,2025Q2,95116.0,658.0,20.31,24.31,47.8,46215.0,0.306,0.22611,0
2724,53,South,SelfEmployed,Manufacturing,2025Q4,45508.0,635.0,62.09,92.4,40.14,88287.0,0.05,0.85706,1
2725,28,South,Business,IT,2025Q4,67862.0,850.0,35.12,32.64,44.36,45101.0,0.2593,0.10293,0
2726,52,South,Salaried,Construction,2025Q2,83247.0,815.0,67.79,44.3,68.83,71954.0,0.528,0.43822,1
2727,53,North,Salaried,IT,2025Q2,40104.0,652.0,45.01,49.83,74.77,248614.0,0.5402,0.64595,0
2728,28,North,Salaried,Transport,2025Q4,114245.0,749.0,18.3,94.16,45.11,54363.0,0.2641,0.4218,0
2729,66,North,Business,IT,2025Q3,98910.0,774.0,42.75,11.2,76.58,47681.0,0.1588,0.20132,0
2730,34,South,Salaried,Retail,2025Q1,95187.0,746.0,69.61,67.71,73.94,64258.0,0.2939,0.73491,1
2731,54,East,Salaried,Healthcare,2025Q4,113000.0,699.0,43.91,37.57,91.69,117326.0,0.4659,0.53587,1
2732,28,South,Salaried,Retail,2025Q2,98081.0,821.0,10.11,12.05,86.24,116711.0,0.3237,0.07092,0
2733,62,North,Salaried,Transport,2024Q4,74253.0,748.0,65.98,89.15,91.88,94104.0,0.1112,0.84605,1
2734,27,West,SelfEmployed,Transport,2024Q4,39194.0,659.0,24.09,58.09,93.14,41861.0,0.4181,0.59876,0
2735,33,West,Salaried,IT,2025Q2,62970.0,689.0,51.31,72.82,64.24,61459.0,0.4739,0.71375,0
2736,41,West,Salaried,Manufacturing,2025Q2,63694.0,651.0,40.9,26.63,66.84,195893.0,0.5399,0.44678,0
2737,67,West,Business,Construction,2025Q1,95470.0,704.0,29.53,73.54,55.49,25285.0,0.1026,0.50596,0
2738,52,South,Salaried,Healthcare,2025Q2,82022.0,702.0,26.96,79.56,67.96,87644.0,0.4874,0.57414,0
2739,31,West,Salaried,Construction,2024Q4,40863.0,752.0,65.73,43.77,48.29,62731.0,0.3724,0.46957,1
2740,34,North,Salaried,Manufacturing,2025Q3,101628.0,751.0,64.72,56.48,76.93,101501.0,0.2708,0.64598,0
2741,31,South,Salaried,Transport,2025Q2,113234.0,731.0,40.79,92.47,41.37,80387.0,0.1523,0.5999,0
2742,22,North,Salaried,Healthcare,2025Q1,116888.0,730.0,25.51,81.21,52.96,25569.0,0.1274,0.46277,1
2743,54,North,SelfEmployed,Retail,2025Q3,51752.0,767.0,16.14,45.04,51.44,110410.0,0.2578,0.16013,0
2744,64,North,Salaried,Transport,2025Q1,88039.0,698.0,19.39,64.81,91.58,36942.0,0.2522,0.5238,0
2745,67,East,Salaried,Transport,2025Q3,54841.0,578.0,41.34,75.58,47.97,31987.0,0.3372,0.78953,0
2746,37,West,Salaried,IT,2025Q2,128480.0,826.0,28.47,7.19,88.99,75772.0,0.5277,0.10526,0
2747,34,East,Salaried,Manufacturing,2024Q4,80764.0,660.0,12.52,57.95,46.84,54843.0,0.3416,0.34251,0
2748,45,North,SelfEmployed,IT,2025Q3,70745.0,748.0,37.31,93.61,75.79,41825.0,0.1649,0.67047,1
2749,68,West,Salaried,IT,2025Q4,66145.0,691.0,54.77,90.25,57.59,55713.0,0.2278,0.79135,1
2750,47,East,Salaried,Construction,2025Q1,88351.0,787.0,63.5,79.92,57.38,43770.0,0.3902,0.63844,0
2751,28,South,Salaried,Transport,2025Q3,92890.0,657.0,45.12,14.56,94.9,215934.0,0.2597,0.49605,0
2752,37,East,Salaried,Manufacturing,2025Q1,38799.0,671.0,53.4,94.46,52.43,91095.0,0.336,0.81499,0
2753,25,South,Salaried,IT,2024Q4,114922.0,683.0,31.84,59.86,51.14,65457.0,0.4884,0.46454,0
2754,32,South,Salaried,Retail,2025Q1,91773.0,740.0,39.77,25.06,72.41,124384.0,0.428,0.28538,0
2755,58,West,Salaried,Healthcare,2025Q1,114721.0,722.0,53.78,65.68,80.74,64078.0,0.2841,0.68749,0
2756,38,South,SelfEmployed,Manufacturing,2025Q4,122768.0,741.0,53.66,82.09,94.04,60973.0,0.2322,0.77623,0
2757,46,South,Salaried,Construction,2025Q1,77515.0,717.0,35.47,15.11,78.58,140549.0,0.5863,0.26596,0
2758,51,West,SelfEmployed,Manufacturing,2025Q3,101423.0,761.0,42.62,87.48,70.9,44989.0,0.2659,0.63159,1
2759,57,East,SelfEmployed,Transport,2025Q1,65605.0,762.0,65.43,87.82,62.5,35744.0,0.637,0.74997,0
2760,26,North,Salaried,Construction,2025Q2,68307.0,793.0,47.92,6.21,72.73,115746.0,0.5443,0.17329,0
2761,61,North,Salaried,Healthcare,2025Q1,119309.0,729.0,48.55,86.03,73.05,82016.0,0.3392,0.72547,0
2762,35,North,Salaried,Retail,2025Q2,61522.0,729.0,57.08,90.21,51.97,81483.0,0.2036,0.7346,0
2763,62,East,Salaried,IT,2025Q1,84912.0,807.0,16.91,8.39,76.92,57221.0,0.3546,0.07681,1
2764,69,South,SelfEmployed,Manufacturing,2025Q1,57306.0,776.0,41.37,31.47,51.24,110968.0,0.5081,0.21246,0
2765,46,North,Salaried,Construction,2025Q3,63610.0,739.0,67.57,38.58,66.95,28024.0,0.3044,0.54672,0
2766,32,West,Salaried,Healthcare,2025Q2,67372.0,633.0,31.7,36.4,54.29,18846.0,0.1919,0.42775,0
2767,61,South,Salaried,IT,2025Q2,116179.0,617.0,27.7,73.31,57.2,55384.0,0.2829,0.6643,0
2768,67,North,Salaried,Healthcare,2025Q4,92844.0,744.0,46.07,37.23,73.76,113627.0,0.3968,0.39407,0
2769,34,South,Salaried,Retail,2025Q1,101046.0,746.0,23.27,91.09,43.55,174769.0,0.4065,0.44048,0
2770,21,East,SelfEmployed,IT,2025Q1,34829.0,670.0,43.36,94.55,40.66,107320.0,0.3598,0.73349,0
2771,37,North,Salaried,IT,2025Q3,80866.0,729.0,19.34,33.51,47.18,38338.0,0.2941,0.1666,0
2772,53,South,SelfEmployed,IT,2025Q4,70438.0,660.0,44.79,50.79,49.28,38552.0,0.3353,0.54349,0
2773,49,West,Salaried,Construction,2025Q4,92308.0,741.0,46.14,55.19,50.88,170643.0,0.2948,0.42448,0
2774,65,South,Salaried,IT,2025Q3,140163.0,743.0,35.1,57.15,82.57,137836.0,0.3662,0.4693,0
2775,51,South,Salaried,Healthcare,2025Q2,20236.0,743.0,32.96,38.68,64.58,107452.0,0.3815,0.28582,0
2776,28,South,Salaried,Construction,2024Q4,89986.0,728.0,24.73,19.94,65.85,139302.0,0.3207,0.18248,0
2777,50,North,Salaried,IT,2025Q3,135120.0,694.0,29.86,9.91,75.44,82300.0,0.2489,0.23585,0
2778,33,North,SelfEmployed,Healthcare,2025Q2,67255.0,698.0,39.9,14.57,80.1,63214.0,0.5001,0.32651,0
2779,36,South,SelfEmployed,Healthcare,2025Q4,83746.0,774.0,24.86,86.12,40.19,65381.0,0.3858,0.357,0
2780,22,North,Salaried,Manufacturing,2025Q3,96914.0,733.0,56.97,30.23,87.12,114253.0,0.436,0.5023,1
2781,65,North,Salaried,Healthcare,2024Q4,26103.0,737.0,52.54,11.91,94.36,86335.0,0.261,0.37632,0
2782,38,West,Salaried,Transport,2025Q1,86655.0,715.0,26.16,61.12,46.7,18475.0,0.3392,0.35323,0
2783,55,West,SelfEmployed,Retail,2025Q3,60148.0,746.0,15.85,11.78,75.81,135646.0,0.2584,0.1235,0
2784,65,West,Salaried,IT,2024Q4,131194.0,763.0,10.01,11.3,40.13,110206.0,0.5197,0.05641,0
2785,39,West,Business,IT,2024Q4,74816.0,675.0,45.8,60.94,42.7,91869.0,0.2201,0.55833,0
2786,33,North,Salaried,IT,2025Q3,62241.0,743.0,22.68,58.23,55.68,196110.0,0.229,0.29534,0
2787,24,West,Salaried,Healthcare,2025Q2,101166.0,698.0,10.75,8.73,86.55,41552.0,0.3582,0.16229,0
2788,39,North,Business,Healthcare,2025Q3,92200.0,727.0,31.55,46.44,75.89,34673.0,0.21,0.38406,0
2789,45,West,Salaried,IT,2025Q4,102398.0,756.0,67.72,44.22,64.52,103846.0,0.5195,0.53926,0
2790,58,West,Salaried,Transport,2024Q4,127761.0,630.0,51.4,54.2,64.12,43056.0,0.1808,0.71454,0
2791,51,East,Salaried,Construction,2024Q4,65370.0,650.0,61.47,71.41,65.63,234816.0,0.3215,0.81914,0
2792,56,West,Salaried,Construction,2025Q1,122976.0,674.0,18.68,30.45,57.11,45015.0,0.2999,0.2476,0
2793,24,East,Salaried,Retail,2024Q4,126936.0,670.0,14.4,43.95,88.27,44223.0,0.3861,0.40039,0
2794,59,South,Salaried,Manufacturing,2025Q1,60787.0,701.0,10.69,76.35,71.23,55161.0,0.2537,0.44753,0
2795,27,South,SelfEmployed,Retail,2024Q4,63209.0,803.0,67.34,88.03,66.62,59393.0,0.3809,0.71004,0
2796,36,East,Salaried,IT,2024Q4,81181.0,775.0,28.01,85.22,65.58,56498.0,0.2467,0.46407,0
2797,68,North,Business,IT,2025Q3,75008.0,678.0,37.57,47.99,91.47,60828.0,0.2289,0.5925,0
2798,25,East,Salaried,IT,2025Q3,122726.0,758.0,33.67,51.88,79.8,56749.0,0.3229,0.38741,0
2799,67,West,Salaried,Manufacturing,2025Q4,58402.0,708.0,53.83,52.62,47.96,24611.0,0.3375,0.52219,0
2800,43,North,Salaried,Healthcare,2025Q2,86116.0,729.0,28.6,83.18,64.03,104115.0,0.3163,0.5416,0
2801,56,West,Salaried,Manufacturing,2025Q4,60863.0,656.0,42.13,80.59,55.86,53905.0,0.3035,0.72475,0
2802,52,West,Salaried,Retail,2024Q4,82712.0,637.0,69.73,33.04,94.28,65703.0,0.5137,0.79138,1
2803,44,West,Business,Healthcare,2025Q4,133542.0,750.0,36.64,19.66,62.85,31261.0,0.3862,0.20281,0
2804,45,West,Salaried,Healthcare,2025Q3,125576.0,712.0,43.08,39.11,43.73,25156.0,0.3793,0.33884,0
2805,65,South,Salaried,Retail,2024Q4,89463.0,739.0,40.15,30.96,62.62,68472.0,0.4789,0.29065,0
2806,48,West,Salaried,Healthcare,2024Q4,95744.0,798.0,58.19,90.57,57.67,217145.0,0.1868,0.64425,0
2807,39,West,SelfEmployed,Construction,2025Q4,91787.0,697.0,26.01,28.93,72.98,212019.0,0.5994,0.29387,0
2808,27,North,SelfEmployed,Retail,2025Q1,72400.0,697.0,20.23,21.31,52.43,38714.0,0.1485,0.17466,0
2809,64,South,Salaried,Retail,2025Q2,127914.0,807.0,55.25,85.95,41.98,43563.0,0.4978,0.51941,0
2810,61,East,Salaried,Construction,2025Q4,112989.0,711.0,34.94,12.78,45.27,82383.0,0.1484,0.17644,0
2811,37,North,Salaried,Manufacturing,2025Q4,85859.0,666.0,64.82,28.42,55.57,11314.0,0.3423,0.56522,0
2812,22,East,Salaried,Manufacturing,2025Q2,74579.0,750.0,48.65,44.52,59.16,48521.0,0.2758,0.39082,0
2813,36,East,Salaried,Manufacturing,2024Q4,76201.0,697.0,43.86,58.56,85.89,85462.0,0.5333,0.64401,0
2814,59,North,Salaried,Healthcare,2024Q4,88469.0,665.0,14.23,34.49,54.85,62263.0,0.4425,0.24859,0
2815,38,East,Salaried,Construction,2025Q1,79124.0,715.0,53.82,49.66,41.73,19351.0,0.3155,0.46575,0
2816,59,West,Salaried,Retail,2025Q4,108488.0,755.0,51.16,22.89,82.94,20331.0,0.4138,0.35609,0
2817,21,South,Salaried,Retail,2025Q2,91976.0,646.0,48.4,56.68,87.79,26855.0,0.3838,0.75327,0
2818,23,North,Business,Retail,2025Q4,56156.0,645.0,26.07,41.7,67.08,69270.0,0.4342,0.44306,0
2819,41,North,Business,Healthcare,2025Q3,51335.0,706.0,66.8,81.43,55.67,40735.0,0.3264,0.79088,0
2820,50,South,Salaried,Healthcare,2025Q4,104770.0,649.0,29.3,42.42,82.47,217514.0,0.2667,0.52009,0
2821,31,West,Salaried,Transport,2025Q4,51092.0,640.0,19.13,44.94,40.49,28694.0,0.0894,0.32881,0
2822,42,North,Salaried,Manufacturing,2025Q3,71285.0,710.0,69.23,58.3,90.82,172746.0,0.3087,0.78818,1
2823,67,East,Salaried,Transport,2025Q3,69009.0,771.0,54.77,16.09,87.6,31505.0,0.3661,0.33021,0
2824,45,North,SelfEmployed,Transport,2025Q2,49038.0,753.0,34.89,19.11,69.97,425555.0,0.2299,0.20541,0
2825,23,South,Salaried,Healthcare,2024Q4,87755.0,704.0,66.15,76.12,55.27,116255.0,0.3409,0.76562,0
2826,50,West,SelfEmployed,Manufacturing,2025Q1,76905.0,781.0,15.47,29.61,41.81,15491.0,0.4837,0.09005,0
2827,44,East,Business,Manufacturing,2025Q3,64055.0,805.0,15.26,66.62,94.99,171417.0,0.3607,0.31106,0
2828,65,North,Salaried,Retail,2024Q4,132130.0,737.0,50.95,13.77,81.91,52920.0,0.2614,0.33297,0
2829,56,South,Salaried,Healthcare,2025Q2,20000.0,690.0,20.68,78.97,58.63,140020.0,0.4608,0.51376,0
2830,43,North,Salaried,Manufacturing,2025Q4,58416.0,796.0,65.03,93.94,41.06,72571.0,0.3763,0.65649,0
2831,28,South,Salaried,Transport,2025Q2,65581.0,794.0,60.42,38.63,75.16,57035.0,0.3729,0.41525,0
2832,24,East,Salaried,Construction,2025Q2,46041.0,724.0,28.38,50.5,94.28,61228.0,0.2985,0.45924,0
2833,59,North,Salaried,Construction,2025Q3,136448.0,777.0,63.33,44.84,78.89,32211.0,0.1988,0.52156,0
2834,63,South,SelfEmployed,Healthcare,2025Q1,136184.0,667.0,12.57,85.48,44.6,53716.0,0.3792,0.48674,0
2835,51,South,Salaried,Retail,2025Q3,62889.0,596.0,42.92,5.89,62.13,29596.0,0.3941,0.42467,0
2836,49,West,Salaried,Retail,2025Q4,111718.0,657.0,66.13,63.81,46.01,52552.0,0.264,0.75338,0
2837,56,West,Salaried,Manufacturing,2025Q3,94914.0,721.0,61.32,63.71,90.17,83830.0,0.3687,0.7529,1
2838,33,North,Salaried,Healthcare,2025Q4,121403.0,706.0,31.36,39.41,58.17,153341.0,0.4622,0.32115,0
2839,61,West,Salaried,Construction,2025Q3,77320.0,763.0,20.97,24.74,80.34,207023.0,0.228,0.17501,0
2840,29,South,SelfEmployed,Transport,2025Q1,90790.0,628.0,22.63,26.57,44.66,72496.0,0.4007,0.28635,0
2841,41,South,Salaried,Manufacturing,2024Q4,115064.0,629.0,40.87,77.04,47.06,33252.0,0.338,0.71569,0
2842,23,West,Salaried,Transport,2025Q1,111240.0,752.0,45.81,10.95,77.37,70531.0,0.4652,0.24845,0
2843,45,West,Salaried,Manufacturing,2025Q3,83791.0,631.0,11.97,55.74,86.39,65299.0,0.4793,0.52507,0
2844,45,West,Salaried,IT,2025Q2,56436.0,695.0,34.81,32.62,51.08,183947.0,0.3574,0.30261,0
2845,32,East,SelfEmployed,Transport,2024Q4,60916.0,711.0,59.82,28.87,63.01,134970.0,0.3497,0.46775,0
2846,49,South,Salaried,Healthcare,2025Q2,33770.0,674.0,36.66,50.52,74.07,86065.0,0.3232,0.54486,0
2847,31,West,SelfEmployed,Transport,2025Q1,99682.0,742.0,20.15,85.81,83.8,212032.0,0.223,0.54299,1
2848,31,South,Salaried,Transport,2024Q4,85304.0,597.0,67.29,60.63,74.55,51312.0,0.3973,0.87867,1
2849,69,East,Salaried,Manufacturing,2025Q3,87232.0,811.0,25.98,75.97,45.25,113416.0,0.3573,0.26335,0
2850,46,South,Salaried,Construction,2025Q2,79371.0,692.0,57.91,59.06,69.86,51358.0,0.2593,0.69568,0
2851,34,East,Salaried,IT,2025Q3,51416.0,701.0,21.63,67.79,88.65,52571.0,0.114,0.542,0
2852,36,North,Salaried,Transport,2025Q4,87815.0,850.0,35.39,43.92,87.74,17193.0,0.4161,0.22719,0
2853,30,North,SelfEmployed,Construction,2024Q4,95131.0,635.0,39.43,88.34,72.18,78482.0,0.3073,0.81641,0
2854,51,West,Salaried,Retail,2025Q2,58296.0,653.0,40.04,50.17,94.76,80051.0,0.4321,0.68066,1
2855,51,North,Salaried,IT,2025Q1,79291.0,787.0,40.99,54.66,45.78,66443.0,0.1864,0.28596,0
2856,56,South,Salaried,IT,2025Q1,63791.0,624.0,23.5,52.25,66.32,100493.0,0.3586,0.52766,0
2857,30,North,Salaried,Manufacturing,2025Q1,74611.0,737.0,40.95,33.46,82.63,147219.0,0.3462,0.37911,0
2858,46,North,Salaried,Transport,2025Q1,51615.0,677.0,38.9,25.81,47.76,72236.0,0.3248,0.31335,0
2859,40,North,Salaried,Retail,2025Q2,73295.0,621.0,22.52,11.65,93.5,111570.0,0.5397,0.37765,0
2860,64,North,Salaried,Manufacturing,2025Q4,120685.0,739.0,69.29,69.64,59.47,94992.0,0.3693,0.71093,0
2861,29,West,Salaried,Healthcare,2025Q1,67452.0,741.0,61.93,31.03,59.26,155355.0,0.1423,0.42507,0
2862,35,South,Salaried,Construction,2025Q1,62977.0,710.0,63.25,40.03,51.73,106213.0,0.3019,0.52339,0
2863,29,West,Salaried,Construction,2025Q1,64547.0,824.0,51.13,87.79,55.84,261919.0,0.1564,0.51901,0
2864,27,East,Salaried,Manufacturing,2025Q4,75245.0,668.0,19.59,55.98,71.77,88033.0,0.5198,0.45594,1
2865,46,South,Salaried,Construction,2024Q4,124808.0,758.0,44.09,13.74,63.61,37944.0,0.3796,0.20733,0
2866,44,East,Business,Transport,2025Q1,115142.0,728.0,59.29,76.97,50.64,176885.0,0.3308,0.67661,0
2867,32,South,Salaried,Construction,2025Q1,76414.0,763.0,12.32,28.05,84.5,114578.0,0.1807,0.15857,0
2868,40,West,Salaried,Transport,2025Q1,63930.0,682.0,39.75,54.74,43.42,101998.0,0.3707,0.46363,0
2869,34,South,Salaried,Healthcare,2024Q4,35975.0,634.0,33.77,50.9,85.91,24834.0,0.4759,0.64642,0
2870,42,South,Salaried,Retail,2025Q1,57217.0,672.0,22.73,26.43,55.12,207353.0,0.421,0.24776,0
2871,36,West,SelfEmployed,IT,2024Q4,30636.0,706.0,32.7,15.42,67.27,147429.0,0.4163,0.23569,0
2872,49,West,Salaried,Manufacturing,2024Q4,98503.0,747.0,69.01,24.01,60.96,91110.0,0.5221,0.42688,0
2873,52,West,Business,Manufacturing,2025Q3,113389.0,711.0,53.39,13.76,71.38,9968.0,0.5334,0.361,0
2874,39,South,SelfEmployed,Transport,2025Q3,70619.0,722.0,27.97,29.81,83.78,57712.0,0.363,0.30288,0
2875,55,West,Salaried,Healthcare,2025Q1,89597.0,805.0,46.32,94.76,94.41,278965.0,0.4206,0.69752,0
2876,63,South,Salaried,Healthcare,2025Q2,52775.0,709.0,24.8,41.19,56.83,102120.0,0.5556,0.28026,0
2877,52,South,Salaried,IT,2025Q3,31503.0,681.0,46.65,82.75,70.46,31351.0,0.2295,0.76484,0
2878,40,North,Salaried,Retail,2025Q3,81392.0,734.0,63.77,54.43,65.63,49509.0,0.4074,0.6188,0
2879,60,East,Salaried,Manufacturing,2025Q2,89584.0,616.0,43.41,64.99,94.94,55327.0,0.2273,0.82146,0
2880,40,North,Salaried,Transport,2025Q4,122599.0,616.0,54.0,19.07,84.49,161209.0,0.3052,0.63182,0
2881,28,South,Salaried,Healthcare,2025Q1,131580.0,703.0,37.2,29.73,61.84,25431.0,0.5106,0.3243,0
2882,55,West,Salaried,Manufacturing,2025Q4,73036.0,659.0,41.45,50.94,66.23,153272.0,0.2487,0.58439,0
2883,62,North,Salaried,Transport,2025Q4,102803.0,677.0,51.7,84.3,53.53,127107.0,0.4809,0.75937,0
2884,33,North,SelfEmployed,Construction,2024Q4,87877.0,761.0,58.74,8.86,81.54,351367.0,0.2771,0.31337,0
2885,61,North,Salaried,Manufacturing,2024Q4,80057.0,739.0,49.57,50.62,86.49,106195.0,0.4819,0.5593,0
2886,26,West,SelfEmployed,Retail,2025Q1,79063.0,706.0,68.65,9.59,93.07,30715.0,0.5256,0.53724,1
2887,67,South,Salaried,Transport,2025Q2,76376.0,715.0,59.19,46.11,71.12,70712.0,0.2412,0.59359,0
2888,36,South,Salaried,Retail,2024Q4,77452.0,687.0,56.63,61.6,76.89,36533.0,0.4266,0.73085,0
2889,25,West,Salaried,Manufacturing,2025Q3,121415.0,757.0,60.71,72.03,64.53,96012.0,0.4831,0.65387,0
2890,65,West,Salaried,Construction,2025Q1,85364.0,754.0,26.87,17.47,73.5,247715.0,0.2981,0.17033,0
2891,54,South,Salaried,Retail,2025Q4,123547.0,765.0,35.92,19.99,59.18,40109.0,0.4182,0.17497,1
2892,26,East,Salaried,Healthcare,2025Q1,57542.0,762.0,43.87,47.31,80.57,140378.0,0.2066,0.42837,0
2893,53,West,SelfEmployed,Transport,2024Q4,20000.0,713.0,37.74,94.82,41.25,47411.0,0.613,0.62664,0
2894,35,East,Salaried,Manufacturing,2025Q2,68428.0,672.0,60.85,37.04,41.57,24697.0,0.2606,0.52553,0
2895,35,North,Salaried,Construction,2025Q4,59099.0,701.0,11.62,43.48,79.39,223927.0,0.3154,0.29319,0
2896,34,West,SelfEmployed,Healthcare,2025Q2,42661.0,716.0,22.55,43.92,91.19,86068.0,0.334,0.38013,0
2897,59,South,SelfEmployed,Manufacturing,2025Q1,112516.0,673.0,62.9,12.26,74.77,103157.0,0.3598,0.50796,0
2898,25,South,Salaried,Construction,2025Q2,46590.0,800.0,13.55,74.68,79.96,133679.0,0.4038,0.30481,0
2899,46,South,Salaried,Healthcare,2025Q2,94570.0,800.0,23.62,27.78,85.32,22236.0,0.4018,0.16568,0
2900,68,North,SelfEmployed,Retail,2025Q1,130355.0,703.0,31.08,68.33,59.89,60719.0,0.2168,0.50293,0
2901,37,North,Salaried,Manufacturing,2025Q4,51252.0,767.0,55.04,47.76,45.95,23159.0,0.2001,0.37775,0
2902,63,West,Salaried,Manufacturing,2025Q2,74227.0,741.0,43.61,60.06,91.32,50698.0,0.5538,0.5874,0
2903,67,North,Salaried,Retail,2025Q2,113818.0,683.0,67.28,9.86,91.62,163488.0,0.4889,0.56895,0
2904,36,South,SelfEmployed,IT,2025Q1,69615.0,733.0,23.67,85.1,64.3,100174.0,0.1937,0.51021,0
2905,55,South,Salaried,Healthcare,2025Q3,88310.0,667.0,62.33,26.95,51.94,47478.0,0.3975,0.52082,0
2906,58,North,Business,Retail,2025Q2,95982.0,662.0,26.97,65.31,89.08,74407.0,0.4475,0.6423,0
2907,43,West,Salaried,Manufacturing,2024Q4,84340.0,736.0,24.73,76.82,78.96,66051.0,0.5976,0.51426,1
2908,33,North,SelfEmployed,Healthcare,2025Q4,68792.0,737.0,39.9,53.6,40.45,90911.0,0.293,0.34274,0
2909,53,South,Salaried,Healthcare,2025Q2,60478.0,850.0,14.27,35.36,45.92,47204.0,0.4726,0.06303,0
2910,49,South,Salaried,IT,2025Q1,52630.0,701.0,33.06,93.01,94.08,67118.0,0.4372,0.77146,0
2911,66,North,SelfEmployed,Manufacturing,2024Q4,94913.0,681.0,31.34,30.06,42.1,81299.0,0.2674,0.26423,0
2912,54,North,Salaried,Construction,2025Q1,63553.0,761.0,19.61,90.38,55.54,98524.0,0.3087,0.42428,0
2913,54,East,Salaried,IT,2025Q2,109899.0,709.0,61.65,19.06,70.17,85272.0,0.2598,0.45251,1
2914,47,West,Salaried,IT,2024Q4,119729.0,674.0,33.15,40.03,50.14,23233.0,0.3933,0.36642,0
2915,35,North,Salaried,Construction,2025Q4,51080.0,678.0,68.92,17.46,52.76,30274.0,0.1646,0.49332,0
2916,29,East,Salaried,Construction,2025Q4,98455.0,700.0,63.98,5.2,59.41,113186.0,0.3238,0.36348,1
2917,46,East,Salaried,IT,2025Q4,131475.0,768.0,21.69,28.42,54.83,61206.0,0.3071,0.13466,0
2918,23,West,Salaried,Healthcare,2025Q3,58617.0,734.0,40.31,12.85,84.18,53577.0,0.1048,0.27355,1
2919,56,South,Salaried,Retail,2025Q1,110016.0,664.0,46.11,93.77,67.52,61334.0,0.387,0.82156,0
2920,67,South,Salaried,Retail,2025Q2,94048.0,811.0,59.14,73.55,55.32,61276.0,0.4313,0.51386,0
2921,25,South,Salaried,IT,2024Q4,104012.0,660.0,63.14,5.33,57.22,21221.0,0.1761,0.42679,1
2922,40,East,SelfEmployed,Healthcare,2025Q1,61090.0,669.0,47.44,25.13,42.19,245367.0,0.3503,0.36095,0
2923,40,West,Salaried,Construction,2025Q2,127630.0,774.0,12.11,65.31,42.72,67584.0,0.1849,0.18897,0
2924,25,North,Salaried,Transport,2025Q3,63258.0,792.0,38.88,40.87,79.48,73879.0,0.3647,0.29763,0
2925,30,South,Business,IT,2025Q2,96016.0,729.0,63.09,79.87,46.21,77276.0,0.4903,0.69991,0
2926,36,West,Salaried,Manufacturing,2025Q1,78419.0,639.0,52.85,50.44,66.17,143424.0,0.2891,0.69566,0
2927,45,West,SelfEmployed,Healthcare,2025Q2,93416.0,715.0,62.21,63.83,86.33,118013.0,0.3147,0.75663,0
2928,64,West,SelfEmployed,Manufacturing,2024Q4,55415.0,635.0,50.44,58.73,60.26,69397.0,0.6036,0.71242,0
2929,45,West,SelfEmployed,Manufacturing,2025Q3,49316.0,847.0,12.64,62.44,59.02,39702.0,0.2606,0.13612,0
2930,50,South,Salaried,IT,2024Q4,87176.0,726.0,68.08,25.71,88.02,173805.0,0.2377,0.57421,0
2931,34,East,SelfEmployed,Healthcare,2025Q3,70819.0,754.0,65.08,38.6,87.57,76056.0,0.3494,0.574,0
2932,42,East,SelfEmployed,Manufacturing,2025Q3,69968.0,690.0,17.59,9.56,88.41,110907.0,0.64,0.21012,0
2933,63,North,Salaried,Healthcare,2025Q2,93620.0,809.0,16.76,57.89,71.46,34228.0,0.3804,0.20544,0
2934,48,South,Salaried,Retail,2024Q4,42633.0,682.0,42.34,46.33,92.38,115193.0,0.2711,0.61193,0
2935,50,East,Salaried,Transport,2025Q3,110172.0,663.0,55.42,73.46,85.04,26968.0,0.4215,0.82819,0
2936,39,North,Salaried,Manufacturing,2025Q3,82988.0,727.0,32.93,23.57,62.86,55374.0,0.4394,0.23255,0
2937,58,West,Salaried,Manufacturing,2025Q2,99071.0,758.0,18.18,44.31,74.63,80261.0,0.4228,0.23245,0
2938,62,East,Salaried,Healthcare,2025Q1,93184.0,827.0,40.63,21.27,46.7,246746.0,0.4439,0.1125,0
2939,40,West,Salaried,Transport,2025Q1,94562.0,799.0,30.25,60.26,70.32,115943.0,0.4623,0.30547,0
2940,55,North,Salaried,Retail,2025Q4,50039.0,776.0,31.11,81.32,54.47,200023.0,0.3346,0.42007,0
2941,42,South,Salaried,Manufacturing,2025Q4,109117.0,672.0,48.7,73.89,55.6,100912.0,0.3346,0.70342,0
2942,35,East,Salaried,IT,2025Q3,86823.0,671.0,63.14,89.98,46.91,33625.0,0.4509,0.82893,1
2943,31,South,Business,Healthcare,2025Q1,68125.0,662.0,43.52,92.46,59.7,33759.0,0.0567,0.78895,0
2944,54,East,Salaried,Healthcare,2025Q3,76868.0,702.0,51.26,74.48,66.48,124613.0,0.05,0.70748,0
2945,44,West,Salaried,Manufacturing,2024Q4,89053.0,605.0,49.6,30.81,73.02,36271.0,0.2783,0.64916,0
2946,26,North,Salaried,Retail,2025Q1,84506.0,785.0,43.07,24.73,56.77,24817.0,0.3088,0.19484,0
2947,37,South,Salaried,Manufacturing,2025Q1,94931.0,654.0,28.65,45.28,83.57,36931.0,0.4333,0.52891,0
2948,48,South,SelfEmployed,Construction,2025Q1,121335.0,647.0,32.67,94.45,68.65,88232.0,0.2924,0.7852,1
2949,51,South,Business,Manufacturing,2025Q4,54084.0,688.0,28.94,42.14,75.09,41956.0,0.4906,0.41259,0
2950,56,West,Salaried,Transport,2025Q2,98757.0,636.0,65.05,22.92,55.3,176065.0,0.3673,0.59013,0
2951,29,West,Business,Transport,2025Q2,77318.0,745.0,59.6,89.99,84.78,98608.0,0.2564,0.80936,1
2952,30,East,Salaried,Construction,2025Q4,108564.0,657.0,44.76,39.73,74.34,83485.0,0.5016,0.57352,0
2953,41,East,Salaried,Transport,2025Q4,120641.0,738.0,64.73,67.18,87.43,95939.0,0.3833,0.75627,0
2954,54,South,Salaried,Transport,2025Q4,84903.0,761.0,63.18,75.93,48.8,111595.0,0.1942,0.63155,0
2955,51,West,SelfEmployed,IT,2025Q2,95520.0,680.0,65.66,80.88,60.94,112734.0,0.4418,0.82746,0
2956,49,East,Salaried,Healthcare,2025Q3,110402.0,671.0,23.31,78.92,46.22,41278.0,0.4417,0.52523,0
2957,63,East,Salaried,Transport,2025Q4,104956.0,666.0,53.05,80.26,51.85,176744.0,0.1968,0.7593,0
2958,63,West,SelfEmployed,Healthcare,2025Q3,111419.0,650.0,46.55,65.09,61.7,113512.0,0.3629,0.69962,0
2959,31,South,Salaried,Retail,2025Q3,72548.0,687.0,54.03,41.34,89.2,55466.0,0.4226,0.64508,1
2960,53,West,Salaried,Manufacturing,2024Q4,67078.0,714.0,25.8,65.06,70.64,125601.0,0.1502,0.46267,0
2961,66,North,SelfEmployed,IT,2025Q2,51596.0,634.0,51.69,80.31,58.17,28775.0,0.4767,0.81144,0
2962,21,South,Salaried,Construction,2025Q3,75116.0,675.0,34.59,36.56,81.08,133063.0,0.2674,0.46762,0
2963,41,South,Salaried,Retail,2025Q2,77896.0,719.0,60.05,31.69,41.08,89467.0,0.2462,0.39182,0
2964,43,West,Salaried,IT,2025Q2,76410.0,712.0,57.72,35.93,60.36,16298.0,0.3159,0.48502,0
2965,29,West,Salaried,IT,2024Q4,92306.0,563.0,22.68,54.62,73.05,296119.0,0.4339,0.67592,0
2966,21,East,Salaried,Construction,2025Q2,92956.0,745.0,21.03,9.72,72.08,29291.0,0.4697,0.12969,0
2967,41,East,Salaried,Construction,2025Q3,78364.0,778.0,53.06,75.11,73.42,109296.0,0.5498,0.60967,0
2968,42,East,Salaried,Healthcare,2025Q1,88669.0,679.0,43.03,17.5,51.63,196818.0,0.2428,0.30464,0
2969,24,West,Salaried,Manufacturing,2025Q3,100669.0,615.0,43.43,16.96,58.54,11731.0,0.394,0.44727,0
2970,21,South,SelfEmployed,Retail,2025Q3,60030.0,668.0,55.15,22.79,91.24,86063.0,0.4318,0.58641,0
2971,30,South,Business,Manufacturing,2025Q2,103331.0,666.0,61.3,56.92,93.57,135993.0,0.4082,0.80766,0
2972,35,North,Salaried,Retail,2025Q3,64716.0,776.0,24.34,30.7,57.16,159735.0,0.2325,0.14769,0
2973,56,West,Salaried,IT,2025Q1,115977.0,650.0,43.33,38.13,75.45,171403.0,0.3808,0.57104,0
2974,49,East,Business,Transport,2025Q2,84156.0,690.0,59.74,88.85,53.27,139825.0,0.3886,0.80058,0
2975,66,South,Salaried,Transport,2025Q4,81603.0,802.0,62.37,81.25,60.27,57804.0,0.2746,0.6196,0
2976,25,North,Salaried,Construction,2025Q3,35257.0,719.0,27.24,81.7,83.58,100863.0,0.408,0.61363,0
2977,49,West,Business,Construction,2025Q3,96447.0,721.0,16.25,56.99,67.56,298942.0,0.375,0.32291,0
2978,67,North,SelfEmployed,IT,2024Q4,82376.0,704.0,23.97,82.98,86.73,177109.0,0.1877,0.63624,0
2979,67,East,SelfEmployed,IT,2025Q4,84354.0,764.0,66.73,75.07,74.58,45853.0,0.426,0.72853,0
2980,47,West,SelfEmployed,Retail,2025Q4,77673.0,732.0,37.75,90.79,74.59,154161.0,0.3637,0.68207,0
2981,45,South,Salaried,IT,2025Q1,95630.0,812.0,35.11,10.79,41.86,188981.0,0.1231,0.07985,0
2982,36,North,Salaried,Retail,2025Q4,100637.0,818.0,10.79,7.59,81.23,39506.0,0.314,0.06227,0
2983,36,East,Salaried,Manufacturing,2024Q4,92101.0,727.0,13.06,20.75,93.78,72061.0,0.3648,0.19771,0
2984,56,West,Salaried,Construction,2025Q1,112927.0,708.0,50.12,88.62,66.02,59864.0,0.2637,0.75873,0
2985,45,South,Salaried,Construction,2025Q4,62018.0,719.0,45.39,59.5,48.72,139685.0,0.3875,0.48202,0
2986,61,West,SelfEmployed,Transport,2025Q1,65179.0,679.0,44.53,43.35,93.73,54896.0,0.3155,0.62127,0
2987,21,North,SelfEmployed,Transport,2025Q4,90168.0,717.0,16.62,51.14,55.96,47079.0,0.473,0.26458,0
2988,25,South,Salaried,Construction,2025Q4,96544.0,631.0,31.12,79.66,62.51,157014.0,0.3825,0.71452,0
2989,61,East,SelfEmployed,Manufacturing,2025Q4,92917.0,671.0,58.74,88.62,44.26,31457.0,0.5785,0.79817,0
2990,40,West,SelfEmployed,Manufacturing,2025Q3,47812.0,753.0,20.49,70.67,46.1,83272.0,0.177,0.29881,0
2991,25,North,Salaried,Healthcare,2025Q4,49937.0,740.0,62.96,73.39,51.91,43901.0,0.3884,0.66495,0
2992,56,West,Salaried,Retail,2025Q3,75380.0,703.0,17.29,33.83,70.17,156938.0,0.352,0.24843,0
2993,49,East,Salaried,Transport,2025Q2,35268.0,733.0,20.15,47.03,70.68,47666.0,0.4005,0.28418,0
2994,68,South,Salaried,Retail,2024Q4,86522.0,793.0,38.66,84.67,73.34,75034.0,0.507,0.53348,0
2995,54,North,Salaried,Transport,2025Q1,78129.0,689.0,66.72,75.73,72.11,13715.0,0.1781,0.82724,0
2996,68,West,Salaried,Healthcare,2025Q1,57138.0,631.0,29.77,66.58,67.24,73223.0,0.423,0.64973,0
2997,38,North,Salaried,Construction,2025Q2,66206.0,744.0,49.49,10.87,84.12,64624.0,0.3904,0.30203,0
2998,22,South,Salaried,Retail,2025Q4,82743.0,739.0,45.32,8.56,91.36,76888.0,0.2408,0.29484,0
2999,36,South,Business,Transport,2024Q4,42662.0,752.0,18.98,16.74,54.84,181927.0,0.4926,0.10871,0
3000,49,West,Salaried,Retail,2025Q2,64915.0,644.0,24.89,57.33,47.16,111158.0,0.3573,0.4586,0
3001,53,East,SelfEmployed,Construction,2025Q2,73415.0,627.0,65.81,53.27,63.38,96466.0,0.2609,0.79199,1
3002,36,West,Salaried,IT,2025Q1,72505.0,725.0,21.09,89.84,41.45,43604.0,0.4014,0.45115,0
3003,55,South,Salaried,Transport,2025Q3,73223.0,721.0,51.7,67.53,88.58,326418.0,0.4647,0.7114,0
3004,67,East,Business,IT,2025Q3,113976.0,690.0,67.88,31.46,53.18,20195.0,0.3881,0.54929,0
3005,63,East,Salaried,Healthcare,2025Q4,103714.0,790.0,17.17,19.53,70.21,31651.0,0.2987,0.10341,0
3006,62,West,Salaried,Manufacturing,2025Q4,63922.0,709.0,33.95,81.46,46.33,42823.0,0.2547,0.54346,0
3007,37,West,SelfEmployed,Retail,2025Q2,54070.0,778.0,23.44,46.37,70.43,83541.0,0.2524,0.23095,0
3008,24,North,Salaried,Transport,2025Q4,69666.0,758.0,23.29,63.81,42.14,75391.0,0.4454,0.26113,1
3009,69,East,Salaried,Retail,2025Q3,110679.0,650.0,17.14,55.86,82.28,43126.0,0.4632,0.51114,0
3010,24,North,Salaried,Healthcare,2024Q4,26817.0,661.0,48.97,14.67,92.55,82728.0,0.3198,0.50861,0
3011,45,South,SelfEmployed,Healthcare,2025Q1,82090.0,639.0,54.78,10.14,56.88,164511.0,0.6302,0.43395,0
3012,53,South,Salaried,Retail,2025Q3,72299.0,734.0,50.61,38.93,54.2,76035.0,0.3214,0.38575,0
3013,34,South,Salaried,Transport,2025Q4,109959.0,715.0,65.48,37.54,64.64,30290.0,0.341,0.562,1
3014,44,South,Salaried,Construction,2025Q1,104529.0,784.0,18.74,65.64,74.1,68000.0,0.3025,0.29749,0
3015,31,East,Salaried,Construction,2025Q1,43297.0,743.0,29.19,61.9,50.39,41259.0,0.3359,0.34012,0
3016,45,South,SelfEmployed,Manufacturing,2025Q2,109916.0,639.0,30.67,92.2,84.18,27487.0,0.3454,0.81445,0
3017,48,East,Salaried,Retail,2025Q4,21656.0,685.0,23.92,82.23,50.92,75139.0,0.4197,0.54006,0
3018,27,South,Salaried,Retail,2025Q2,95307.0,594.0,18.53,49.69,40.3,38823.0,0.3267,0.43817,0
3019,69,North,Salaried,Transport,2025Q1,97551.0,726.0,39.2,50.0,68.83,58014.0,0.4228,0.43771,0
3020,56,West,SelfEmployed,Retail,2025Q2,122129.0,850.0,60.07,65.67,46.33,98282.0,0.1584,0.36327,0
3021,30,South,Salaried,Transport,2025Q4,85684.0,717.0,67.27,15.27,78.4,91538.0,0.2751,0.4846,0
3022,69,South,SelfEmployed,Retail,2025Q3,63389.0,721.0,17.76,94.99,49.21,169989.0,0.3116,0.4943,0
3023,56,East,SelfEmployed,Healthcare,2024Q4,54791.0,709.0,59.39,51.69,84.96,21928.0,0.3194,0.68481,0
3024,51,South,Salaried,IT,2025Q3,116506.0,730.0,59.47,86.89,65.87,63379.0,0.13,0.76995,0
3025,39,North,Salaried,Retail,2025Q1,122428.0,701.0,33.34,92.06,71.15,148500.0,0.4574,0.70217,1
3026,38,South,Salaried,IT,2025Q3,68788.0,744.0,16.6,57.35,50.26,22570.0,0.1737,0.23755,0
3027,69,West,SelfEmployed,Construction,2025Q2,80555.0,668.0,69.4,14.3,48.07,64895.0,0.2742,0.48012,0
3028,26,East,Salaried,Manufacturing,2025Q4,114083.0,670.0,49.34,56.6,74.72,84161.0,0.3466,0.68082,0
3029,48,East,Salaried,Construction,2025Q3,99227.0,639.0,68.93,58.79,54.05,33940.0,0.595,0.79201,0
3030,27,East,SelfEmployed,Retail,2025Q3,75331.0,708.0,39.02,76.03,61.23,45560.0,0.3436,0.60443,0
3031,58,North,Salaried,Transport,2025Q4,61009.0,649.0,33.71,9.34,66.37,31809.0,0.4038,0.2988,0
3032,32,South,Salaried,Construction,2025Q2,58968.0,790.0,24.83,46.97,52.63,88901.0,0.1719,0.18086,0
3033,61,West,Salaried,Healthcare,2024Q4,103834.0,686.0,69.01,88.05,83.75,12711.0,0.2498,0.8945,1
3034,54,North,Salaried,IT,2025Q3,70825.0,602.0,25.2,94.22,91.67,42798.0,0.2665,0.85479,0
3035,45,South,SelfEmployed,Transport,2025Q1,69835.0,648.0,11.43,22.22,63.75,44186.0,0.286,0.22693,1
3036,37,South,Salaried,Transport,2025Q2,95298.0,717.0,40.75,83.35,90.47,138044.0,0.472,0.73572,0
3037,53,South,Salaried,Retail,2025Q2,82015.0,746.0,32.62,18.16,88.55,24506.0,0.2842,0.2486,0
3038,43,West,SelfEmployed,Healthcare,2025Q3,89736.0,729.0,25.68,80.71,49.13,181237.0,0.423,0.44754,0
3039,29,North,Salaried,IT,2025Q4,71899.0,665.0,48.08,29.95,49.54,123380.0,0.2575,0.42948,1
3040,26,South,Business,Healthcare,2025Q3,70860.0,679.0,31.86,91.37,66.26,151987.0,0.3165,0.71198,0
3041,22,North,Business,Construction,2025Q3,61639.0,672.0,34.14,67.59,68.92,54241.0,0.0621,0.61553,0
3042,58,West,Salaried,Retail,2025Q4,97724.0,741.0,11.38,40.92,58.76,54506.0,0.3415,0.17031,0
3043,29,North,Salaried,Transport,2025Q1,82126.0,716.0,45.34,30.29,57.21,42157.0,0.3483,0.34175,0
3044,23,South,SelfEmployed,Transport,2025Q4,87329.0,685.0,17.32,26.17,63.73,109810.0,0.3267,0.22214,0
3045,36,East,Salaried,Construction,2025Q3,54507.0,674.0,22.83,66.27,77.98,57174.0,0.5858,0.55513,0
3046,45,East,Salaried,Transport,2024Q4,97393.0,681.0,53.03,85.62,44.64,41552.0,0.3422,0.74098,0
3047,44,South,SelfEmployed,Manufacturing,2025Q4,87802.0,710.0,28.79,72.94,79.08,57074.0,0.05,0.57198,0
3048,67,South,Salaried,Retail,2025Q1,98258.0,784.0,19.79,80.13,90.94,94826.0,0.2037,0.448,0
3049,49,South,SelfEmployed,Construction,2025Q4,88628.0,720.0,44.65,75.32,81.99,30200.0,0.3448,0.68789,0
3050,64,South,Salaried,Retail,2025Q4,87150.0,691.0,22.89,93.12,50.54,37577.0,0.3405,0.58447,0
3051,60,North,Salaried,IT,2025Q2,34496.0,687.0,26.26,73.2,44.81,188140.0,0.2524,0.47312,0
3052,46,South,Salaried,Retail,2025Q2,108444.0,804.0,47.28,23.92,66.97,38763.0,0.2274,0.21285,0
3053,58,South,Business,Retail,2025Q3,46989.0,755.0,54.39,76.24,92.6,201440.0,0.5163,0.7279,0
3054,55,South,Salaried,IT,2025Q3,105927.0,764.0,54.38,33.99,85.05,50564.0,0.4688,0.43687,0
3055,43,East,SelfEmployed,Construction,2025Q4,78180.0,751.0,38.93,94.62,70.95,28312.0,0.485,0.66574,0
3056,24,West,Salaried,Retail,2024Q4,39832.0,707.0,37.26,38.9,47.86,190843.0,0.2746,0.32086,1
3057,62,East,Salaried,Healthcare,2025Q3,77847.0,776.0,57.26,31.35,79.26,248128.0,0.434,0.39734,1
3058,34,North,Salaried,Retail,2025Q4,42494.0,629.0,21.58,26.53,84.71,48701.0,0.05,0.41272,0
3059,67,North,Salaried,Construction,2025Q4,107700.0,795.0,19.13,64.27,91.43,157142.0,0.3001,0.32952,0
3060,59,West,Salaried,Transport,2025Q4,67107.0,751.0,49.88,14.83,73.67,78604.0,0.2838,0.28204,0
3061,27,South,Salaried,IT,2025Q4,53970.0,737.0,34.57,90.82,68.3,81667.0,0.3198,0.63141,0
3062,28,North,Salaried,Transport,2025Q4,96521.0,668.0,52.6,31.49,74.06,91098.0,0.3638,0.55703,0
3063,62,East,Business,Construction,2025Q2,78941.0,761.0,25.4,31.59,91.88,74172.0,0.3295,0.25733,0
3064,39,East,Salaried,Manufacturing,2025Q1,93004.0,773.0,29.49,9.15,74.55,78563.0,0.2147,0.13562,0
3065,22,East,Business,Transport,2025Q1,77153.0,671.0,63.8,27.14,54.17,73442.0,0.2607,0.5337,0
3066,67,South,Salaried,Retail,2025Q4,108916.0,673.0,35.3,42.71,74.99,48864.0,0.4122,0.49202,0
3067,21,North,Salaried,Retail,2025Q3,69962.0,653.0,45.46,38.26,88.39,44558.0,0.3925,0.62736,0
3068,62,West,Salaried,IT,2024Q4,40603.0,740.0,16.4,29.57,71.19,32714.0,0.5411,0.17916,0
3069,58,South,Salaried,Retail,2025Q4,52642.0,705.0,20.73,8.67,67.65,19541.0,0.3875,0.15663,0
3070,33,East,Salaried,Healthcare,2024Q4,90880.0,827.0,12.15,32.05,80.34,68601.0,0.5286,0.10499,0
3071,62,East,Salaried,Healthcare,2025Q2,63555.0,626.0,35.46,75.05,76.35,40538.0,0.1763,0.76502,0
3072,64,East,Salaried,Transport,2025Q1,112085.0,662.0,69.34,44.49,43.12,23240.0,0.4209,0.65525,0
3073,44,South,SelfEmployed,Construction,2025Q2,50733.0,711.0,62.43,31.17,79.89,41128.0,0.4409,0.56594,0
3074,52,South,Salaried,IT,2025Q3,105456.0,747.0,47.97,32.43,62.42,50419.0,0.4082,0.33484,0
3075,50,East,SelfEmployed,Manufacturing,2025Q3,69174.0,744.0,61.67,54.9,91.75,49777.0,0.2059,0.67831,0
3076,26,West,Salaried,Transport,2025Q4,112688.0,715.0,45.65,32.21,93.39,193861.0,0.3881,0.4896,0
3077,58,West,Salaried,Construction,2025Q3,92641.0,729.0,32.13,61.77,64.68,48212.0,0.3067,0.43616,0
3078,53,North,Salaried,IT,2025Q3,84813.0,717.0,20.41,94.05,93.28,201174.0,0.4194,0.67498,0
3079,64,North,Salaried,IT,2025Q2,96610.0,768.0,49.18,8.71,57.1,43226.0,0.3396,0.1836,0
3080,43,West,Salaried,Transport,2024Q4,110666.0,679.0,21.58,20.19,77.55,102490.0,0.2817,0.26504,0
3081,30,East,Salaried,Construction,2025Q1,78730.0,686.0,35.05,21.12,44.13,36301.0,0.6238,0.24162,0
3082,66,West,Salaried,Construction,2025Q3,33075.0,748.0,59.55,45.24,47.97,243021.0,0.2608,0.43871,0
3083,35,North,Salaried,Retail,2025Q3,110001.0,796.0,17.75,8.73,87.55,172453.0,0.3835,0.09905,1
3084,43,East,Salaried,Manufacturing,2025Q2,73219.0,675.0,17.74,47.98,89.16,123507.0,0.4162,0.44228,0
3085,56,East,Salaried,Healthcare,2025Q1,143997.0,723.0,23.46,88.6,69.29,291936.0,0.3148,0.56765,0
3086,21,East,Salaried,Retail,2025Q2,64933.0,689.0,43.12,6.04,58.69,134464.0,0.4867,0.25186,1
3087,28,South,Business,IT,2024Q4,70480.0,741.0,25.1,37.84,64.81,99405.0,0.4536,0.23998,0
3088,23,North,SelfEmployed,Manufacturing,2025Q2,98611.0,620.0,40.19,73.48,87.83,28322.0,0.1476,0.81793,0
3089,34,East,Salaried,Manufacturing,2025Q1,99040.0,691.0,28.12,18.9,51.6,14054.0,0.4243,0.2079,0
3090,37,South,SelfEmployed,Construction,2025Q1,90566.0,678.0,40.37,11.98,56.22,29552.0,0.5627,0.27422,0
3091,54,South,SelfEmployed,Manufacturing,2025Q3,66002.0,691.0,26.66,61.77,83.2,22460.0,0.2586,0.54056,0
3092,67,West,Salaried,Transport,2024Q4,50995.0,570.0,68.8,5.9,91.44,41775.0,0.1847,0.75401,0
3093,26,South,Salaried,Manufacturing,2025Q4,63073.0,821.0,39.56,77.16,45.11,157314.0,0.3137,0.33666,0
3094,25,West,Business,IT,2025Q3,42084.0,573.0,54.62,11.02,84.21,34660.0,0.3461,0.66698,1
3095,66,North,Salaried,Transport,2025Q2,131586.0,736.0,52.03,52.19,75.48,52907.0,0.3538,0.55192,0
3096,61,East,Business,Transport,2025Q2,54384.0,639.0,39.43,71.61,52.69,76100.0,0.4757,0.67983,0
3097,60,West,Salaried,Retail,2025Q1,72649.0,642.0,24.33,26.78,81.57,78004.0,0.2667,0.39908,0
3098,49,North,Salaried,Manufacturing,2025Q1,97311.0,718.0,40.64,14.32,80.04,48271.0,0.4137,0.29673,0
3099,55,North,Salaried,Construction,2025Q1,80131.0,748.0,50.86,20.81,47.81,168028.0,0.4425,0.24581,1
3100,38,South,Salaried,Retail,2025Q4,65217.0,651.0,37.6,81.92,67.62,74390.0,0.3623,0.74715,0
3101,60,North,SelfEmployed,Construction,2025Q4,76285.0,649.0,14.92,68.52,81.71,82418.0,0.2751,0.57288,0
3102,68,East,Business,Manufacturing,2025Q3,64785.0,639.0,11.08,22.83,50.53,413709.0,0.2112,0.20601,0
3103,50,West,Salaried,Retail,2025Q4,73639.0,722.0,29.67,69.45,65.45,246698.0,0.1657,0.48345,0
3104,35,South,Salaried,Manufacturing,2025Q1,89764.0,652.0,19.01,68.78,46.64,74115.0,0.1736,0.46759,0
3105,35,South,SelfEmployed,IT,2025Q3,54083.0,781.0,64.37,94.8,56.88,107209.0,0.1569,0.73246,0
3106,36,South,Salaried,Retail,2025Q3,107011.0,647.0,20.55,40.24,51.99,38356.0,0.533,0.33849,0
3107,53,East,Salaried,Construction,2024Q4,81817.0,740.0,33.66,82.84,67.78,16945.0,0.3283,0.56928,0
3108,30,North,Salaried,IT,2025Q4,65413.0,795.0,52.72,45.18,47.77,117846.0,0.5951,0.30324,0
3109,39,East,SelfEmployed,Healthcare,2025Q2,72109.0,714.0,58.93,85.8,61.07,34889.0,0.3942,0.77181,0
3110,57,East,SelfEmployed,Construction,2025Q2,109186.0,612.0,38.66,13.24,55.13,108561.0,0.1656,0.38361,0
3111,23,East,Salaried,Manufacturing,2024Q4,100460.0,732.0,20.87,20.78,81.03,328863.0,0.3262,0.1986,0
3112,56,North,Salaried,Construction,2025Q1,85999.0,696.0,26.25,81.5,78.48,19668.0,0.4251,0.62963,1
3113,24,East,Business,Healthcare,2024Q4,64988.0,708.0,35.14,78.74,45.22,14833.0,0.3873,0.53475,0
3114,31,North,Salaried,Construction,2025Q1,94206.0,797.0,31.88,32.49,92.44,38449.0,0.2976,0.2455,0
3115,61,North,Salaried,IT,2025Q4,80354.0,713.0,30.92,58.71,80.96,128939.0,0.4566,0.50177,0
3116,53,West,Salaried,Transport,2025Q4,123642.0,738.0,17.91,39.44,73.88,175468.0,0.2236,0.23607,0
3117,48,East,SelfEmployed,Construction,2025Q3,79061.0,674.0,64.8,5.93,66.27,128808.0,0.3706,0.44957,1
3118,52,North,Salaried,Retail,2025Q3,122095.0,695.0,11.79,7.35,49.79,89456.0,0.4447,0.10225,0
3119,36,North,Salaried,Healthcare,2025Q3,84871.0,772.0,36.4,9.88,92.91,73998.0,0.3049,0.20727,0
3120,29,North,Salaried,Construction,2025Q3,54079.0,717.0,68.82,58.47,40.43,79745.0,0.4092,0.62075,0
3121,31,South,Salaried,Healthcare,2025Q2,162418.0,726.0,49.58,30.13,78.09,167507.0,0.3344,0.42714,0
3122,26,North,Salaried,Transport,2025Q3,43826.0,765.0,31.32,17.96,67.91,46587.0,0.3735,0.16614,0
3123,69,North,Salaried,IT,2025Q3,30582.0,800.0,18.77,89.7,89.64,75294.0,0.3996,0.46328,0
3124,47,South,Salaried,Retail,2025Q3,28132.0,646.0,67.83,15.92,60.94,32591.0,0.3142,0.56846,0
3125,32,East,Salaried,Manufacturing,2025Q1,148492.0,683.0,10.84,65.66,68.53,94037.0,0.5163,0.40873,0
3126,42,East,Salaried,Construction,2025Q3,133100.0,790.0,50.88,85.47,80.83,74069.0,0.3805,0.65796,0
3127,60,East,Salaried,IT,2024Q4,83600.0,820.0,62.81,19.74,42.62,447080.0,0.416,0.19161,0
3128,68,North,Business,Healthcare,2025Q3,90854.0,696.0,11.51,24.33,43.0,25991.0,0.4859,0.13396,0
3129,57,West,SelfEmployed,Transport,2025Q3,86273.0,725.0,53.51,56.64,51.64,140958.0,0.4206,0.52414,0
3130,41,West,Salaried,Healthcare,2025Q2,35734.0,729.0,69.93,50.76,48.05,51092.0,0.2357,0.58739,0
3131,53,West,SelfEmployed,Transport,2025Q3,116471.0,723.0,48.38,51.89,40.35,130234.0,0.4365,0.41846,0
3132,37,West,Salaried,Transport,2025Q1,113196.0,724.0,34.88,54.92,74.26,123524.0,0.3803,0.4612,0
3133,49,West,Business,IT,2025Q4,49223.0,785.0,62.46,90.49,83.78,59720.0,0.2656,0.77071,0
3134,60,South,Salaried,Construction,2025Q3,88142.0,611.0,43.25,9.85,92.64,35523.0,0.4869,0.53634,0
3135,30,North,Salaried,Manufacturing,2025Q3,78165.0,674.0,54.97,73.44,64.25,34906.0,0.2264,0.7608,0
3136,38,East,Salaried,Construction,2025Q3,74721.0,745.0,45.27,25.93,55.38,78716.0,0.2837,0.26422,0
3137,67,East,Salaried,Retail,2025Q2,63023.0,683.0,12.3,38.63,87.51,44087.0,0.2996,0.32866,0
3138,33,East,Business,Construction,2025Q4,77192.0,726.0,22.79,13.04,86.44,62246.0,0.1969,0.19784,0
3139,47,South,Salaried,Transport,2025Q2,66829.0,770.0,14.73,45.11,74.37,30669.0,0.3478,0.20211,0
3140,30,North,Salaried,Transport,2025Q2,106606.0,798.0,16.4,77.38,55.02,104351.0,0.2704,0.26266,0
3141,52,South,Salaried,Retail,2025Q2,79309.0,725.0,10.92,13.89,89.97,39150.0,0.3772,0.15741,0
3142,61,West,SelfEmployed,Healthcare,2025Q1,62686.0,792.0,35.27,29.8,49.81,54637.0,0.5572,0.15644,0
3143,65,East,Salaried,Transport,2025Q4,79370.0,718.0,20.72,38.58,42.4,183707.0,0.3453,0.19459,0
3144,23,South,Salaried,Retail,2025Q1,76468.0,693.0,61.34,14.35,83.81,81129.0,0.4078,0.50245,1
3145,42,South,Business,Transport,2025Q1,75415.0,625.0,55.0,73.61,71.0,124106.0,0.3477,0.83947,1
3146,47,South,Salaried,Manufacturing,2025Q4,96927.0,655.0,44.39,75.83,53.56,37471.0,0.3121,0.70933,0
3147,23,West,Salaried,Transport,2025Q1,73084.0,710.0,39.34,80.23,76.9,88774.0,0.4377,0.68079,0
3148,53,East,Business,IT,2025Q4,65723.0,711.0,25.35,57.55,82.17,98898.0,0.2373,0.46023,0
3149,22,West,Salaried,Retail,2025Q3,45997.0,723.0,38.5,50.65,86.45,37201.0,0.4696,0.50925,0
3150,31,South,Salaried,Construction,2025Q2,79785.0,811.0,48.47,28.63,55.52,76321.0,0.2571,0.20015,0
3151,66,East,Salaried,Retail,2025Q1,111134.0,751.0,56.93,63.96,41.41,54470.0,0.5118,0.50443,0
3152,30,North,SelfEmployed,Healthcare,2025Q4,76905.0,754.0,14.9,45.01,68.05,88470.0,0.3059,0.20736,0
3153,59,East,Salaried,Transport,2024Q4,67455.0,811.0,52.51,92.37,87.08,28965.0,0.251,0.69135,1
3154,53,South,Business,Retail,2025Q1,61069.0,690.0,54.56,92.14,51.43,35078.0,0.3622,0.78391,0
3155,27,South,SelfEmployed,Manufacturing,2025Q1,36904.0,682.0,43.54,86.47,63.16,27579.0,0.1613,0.74254,0
3156,35,East,Salaried,Retail,2025Q4,109411.0,777.0,22.86,37.41,54.1,32686.0,0.2211,0.15639,0
3157,46,West,SelfEmployed,Manufacturing,2024Q4,92118.0,737.0,42.35,38.12,40.73,47197.0,0.4069,0.27702,0
3158,31,North,Salaried,Transport,2024Q4,99241.0,708.0,40.16,81.74,89.42,104724.0,0.4913,0.73676,0
3159,58,West,Salaried,Construction,2025Q3,86277.0,707.0,38.54,70.62,47.43,78001.0,0.2795,0.51996,0
3160,47,South,SelfEmployed,Transport,2025Q1,59866.0,701.0,37.64,68.39,82.17,77826.0,0.503,0.63812,0
3161,59,South,Business,Healthcare,2025Q2,72079.0,704.0,16.65,30.16,59.06,36926.0,0.3004,0.19845,0
3162,27,North,Salaried,IT,2025Q1,67487.0,710.0,20.97,80.0,55.27,71988.0,0.3719,0.46993,0
3163,21,South,Salaried,Construction,2025Q2,69578.0,694.0,15.84,57.15,91.76,176235.0,0.3729,0.45788,0
3164,30,South,Salaried,Construction,2025Q2,69732.0,741.0,24.55,45.22,76.15,89919.0,0.5337,0.30677,0
3165,41,North,Salaried,IT,2025Q4,107619.0,751.0,25.81,82.89,77.78,128996.0,0.4561,0.52615,0
3166,35,South,Salaried,Retail,2025Q1,130543.0,679.0,24.7,40.48,81.78,51341.0,0.3256,0.41297,0
3167,50,West,Salaried,Transport,2025Q4,58193.0,760.0,22.66,63.85,58.75,52285.0,0.6422,0.30579,0
3168,50,North,Salaried,Retail,2025Q3,75770.0,640.0,54.13,46.93,71.0,105345.0,0.3432,0.69878,0
3169,28,West,Salaried,Retail,2025Q2,85420.0,738.0,59.11,58.35,54.86,37918.0,0.3518,0.563,0
3170,44,South,Salaried,Transport,2024Q4,55489.0,740.0,29.63,8.65,85.9,67206.0,0.3899,0.19308,0
3171,39,East,SelfEmployed,Healthcare,2025Q2,81320.0,705.0,28.31,46.5,72.96,83355.0,0.2995,0.39246,0
3172,23,South,SelfEmployed,Construction,2025Q3,88791.0,713.0,60.64,55.08,53.39,55643.0,0.5161,0.59675,1
3173,35,North,Salaried,Manufacturing,2025Q2,78050.0,697.0,47.44,49.34,89.49,40482.0,0.3385,0.62755,0
3174,56,North,Salaried,IT,2025Q4,95676.0,682.0,27.61,81.27,71.95,46390.0,0.4277,0.64162,0
3175,26,North,Salaried,Construction,2025Q1,80008.0,710.0,52.82,33.0,67.23,27876.0,0.05,0.45952,0
3176,62,North,Salaried,Retail,2024Q4,20000.0,680.0,30.68,84.57,41.9,88802.0,0.3658,0.58012,0
3177,68,East,Salaried,IT,2025Q4,55987.0,773.0,45.19,41.31,90.04,131148.0,0.3097,0.41527,0
3178,38,West,SelfEmployed,Manufacturing,2025Q1,115810.0,594.0,69.56,67.51,92.38,51355.0,0.3586,0.9245,1
3179,58,West,Salaried,Construction,2024Q4,93007.0,703.0,28.1,12.81,70.94,496976.0,0.211,0.21524,0
3180,39,East,Salaried,Construction,2025Q3,20000.0,605.0,65.83,23.01,64.34,43004.0,0.3281,0.68389,0
3181,69,North,Salaried,Healthcare,2025Q2,42246.0,651.0,29.24,73.5,59.78,43513.0,0.372,0.62235,0
3182,50,South,Salaried,Construction,2024Q4,98046.0,678.0,42.42,6.11,54.74,125342.0,0.3072,0.25354,0
3183,33,South,Salaried,Construction,2025Q3,65596.0,784.0,37.6,92.17,71.6,112946.0,0.4216,0.5834,0
3184,59,North,Business,Manufacturing,2025Q1,20000.0,773.0,56.99,22.16,47.05,116883.0,0.3577,0.24632,0
3185,32,South,Salaried,Manufacturing,2024Q4,106485.0,714.0,13.67,86.12,90.55,154810.0,0.4264,0.5767,0
3186,54,South,Salaried,IT,2025Q3,98097.0,714.0,47.63,51.44,49.68,38092.0,0.4672,0.46301,0
3187,32,South,Salaried,Retail,2025Q1,59267.0,767.0,55.64,55.81,81.0,94947.0,0.4768,0.56046,0
3188,64,South,Business,Manufacturing,2025Q4,111126.0,772.0,38.33,12.57,56.88,27460.0,0.3041,0.14673,0
3189,44,West,Salaried,IT,2025Q2,60215.0,678.0,16.32,37.87,52.43,154184.0,0.3024,0.24893,0
3190,24,West,Salaried,Construction,2025Q3,64427.0,747.0,24.69,19.06,70.68,146807.0,0.5425,0.16817,0
3191,56,South,SelfEmployed,IT,2025Q4,67858.0,657.0,50.78,52.33,82.08,151814.0,0.2398,0.71173,1
3192,68,West,Salaried,IT,2025Q1,32613.0,689.0,63.73,54.57,79.97,70481.0,0.2996,0.744,1
3193,34,West,Salaried,IT,2024Q4,90318.0,743.0,35.3,68.87,52.86,150093.0,0.3307,0.43341,0
3194,37,South,Salaried,Transport,2025Q2,93003.0,674.0,43.62,84.05,58.18,82249.0,0.2472,0.72947,0
3195,69,South,Salaried,IT,2025Q1,68537.0,690.0,23.7,47.14,87.79,192569.0,0.3635,0.44583,1
3196,23,South,Salaried,Manufacturing,2025Q3,97656.0,619.0,34.73,26.0,79.78,58914.0,0.4958,0.50964,0
3197,58,West,Salaried,Transport,2025Q2,40222.0,735.0,30.21,35.02,79.2,58334.0,0.1205,0.30818,0
3198,43,West,Salaried,Retail,2025Q4,97152.0,661.0,49.33,81.24,54.79,98652.0,0.288,0.75788,0
3199,33,North,Salaried,IT,2025Q2,88135.0,665.0,69.08,18.13,83.56,30229.0,0.3643,0.63653,1
3200,29,South,Salaried,Healthcare,2025Q4,62733.0,785.0,58.8,61.45,59.71,61967.0,0.5378,0.50492,0
3201,41,East,Salaried,Construction,2025Q1,90353.0,672.0,21.53,6.18,62.08,70569.0,0.1708,0.17565,0
3202,61,South,Salaried,Construction,2024Q4,57960.0,751.0,44.66,27.11,55.82,28693.0,0.4543,0.25802,0
3203,28,North,Business,Transport,2025Q2,107628.0,770.0,13.98,58.23,46.68,78369.0,0.3304,0.18418,0
3204,37,West,Salaried,Construction,2024Q4,93176.0,760.0,24.81,46.08,63.12,103393.0,0.3695,0.24224,0
3205,36,East,Salaried,Construction,2024Q4,89091.0,696.0,20.33,49.42,40.93,131327.0,0.4973,0.2668,0
3206,36,West,Salaried,Transport,2025Q2,68441.0,687.0,30.13,64.45,65.08,25627.0,0.3342,0.52481,0
3207,48,West,Salaried,Construction,2025Q2,99380.0,660.0,50.73,26.11,79.88,148637.0,0.3461,0.54852,0
3208,36,East,Salaried,IT,2024Q4,110093.0,613.0,39.96,30.27,92.84,17093.0,0.3662,0.6326,1
3209,66,South,Salaried,Retail,2025Q3,120172.0,752.0,65.97,66.6,44.32,38764.0,0.3742,0.59612,0
3210,66,East,Salaried,Transport,2025Q3,66368.0,747.0,22.76,53.45,55.47,305329.0,0.2194,0.26371,0
3211,34,North,Salaried,Healthcare,2025Q2,100463.0,736.0,31.85,6.31,67.18,81451.0,0.3694,0.15858,0
3212,66,East,SelfEmployed,Transport,2024Q4,114886.0,554.0,29.79,65.33,49.37,35183.0,0.4021,0.71836,0
3213,64,North,Salaried,Manufacturing,2024Q4,73924.0,700.0,24.16,60.81,46.43,28179.0,0.1564,0.36339,0
3214,58,East,Salaried,Healthcare,2025Q1,115136.0,745.0,69.59,12.07,64.88,30139.0,0.4537,0.37889,0
3215,40,North,Salaried,Manufacturing,2024Q4,83972.0,781.0,33.23,72.28,71.94,37684.0,0.4598,0.43461,0
3216,65,North,Salaried,Transport,2025Q3,54534.0,726.0,66.43,51.99,85.11,144642.0,0.3804,0.7022,0
3217,68,North,Salaried,Manufacturing,2025Q1,62251.0,721.0,33.43,23.43,94.88,107316.0,0.1887,0.34218,0
3218,61,North,Salaried,Healthcare,2025Q3,43915.0,673.0,22.25,55.34,82.58,154383.0,0.2721,0.5021,0
3219,54,East,Salaried,IT,2025Q4,79027.0,731.0,17.15,58.59,52.17,34859.0,0.0709,0.27198,1
3220,49,East,SelfEmployed,Transport,2025Q2,75995.0,697.0,61.33,87.81,81.14,18122.0,0.3071,0.85527,0
3221,23,South,SelfEmployed,Transport,2025Q4,84710.0,670.0,11.93,71.79,69.54,114384.0,0.2404,0.48417,0
3222,30,North,Salaried,Construction,2025Q2,114043.0,646.0,67.86,32.17,64.79,69923.0,0.3418,0.67731,1
3223,40,North,Salaried,Transport,2025Q3,79589.0,658.0,35.09,15.63,91.47,41887.0,0.4702,0.41378,0
3224,22,North,SelfEmployed,Transport,2025Q3,73322.0,728.0,24.84,81.79,78.62,146823.0,0.2897,0.56124,1
3225,47,North,Salaried,IT,2025Q4,75012.0,634.0,47.05,81.15,77.49,181503.0,0.3993,0.8366,1
3226,52,West,Salaried,Construction,2025Q2,33666.0,694.0,17.97,20.78,40.65,244413.0,0.3395,0.14403,0
3227,30,North,Salaried,Retail,2025Q2,97087.0,782.0,14.33,10.59,87.58,35533.0,0.2415,0.1046,0
3228,60,South,Salaried,Manufacturing,2025Q1,76230.0,631.0,59.67,69.07,83.63,172903.0,0.5191,0.86083,0
3229,37,North,Salaried,Healthcare,2024Q4,82008.0,735.0,35.48,70.03,56.44,96062.0,0.4493,0.47107,0
3230,53,North,Salaried,Retail,2025Q1,74981.0,740.0,41.1,20.94,56.07,47294.0,0.217,0.22735,0
3231,26,South,Salaried,Construction,2025Q3,83185.0,694.0,20.6,65.14,42.94,170552.0,0.4038,0.36327,0
3232,59,East,Salaried,IT,2025Q4,47206.0,744.0,13.69,30.1,42.8,39360.0,0.3251,0.11419,0
3233,67,North,SelfEmployed,Healthcare,2025Q2,79973.0,700.0,32.07,28.46,76.77,47126.0,0.4115,0.33798,0
3234,38,North,Salaried,Manufacturing,2025Q1,64899.0,754.0,40.37,34.21,50.24,137631.0,0.1891,0.24786,0
3235,29,South,Salaried,Transport,2025Q4,80873.0,651.0,55.93,51.84,90.8,47539.0,0.3082,0.77304,0
3236,28,North,Salaried,Transport,2025Q4,54626.0,814.0,40.06,77.4,86.33,97192.0,0.3924,0.50518,0
3237,45,North,SelfEmployed,Retail,2024Q4,91964.0,789.0,56.95,49.88,59.19,51582.0,0.2195,0.40876,0
3238,51,West,SelfEmployed,Manufacturing,2025Q2,80535.0,587.0,16.93,31.82,60.9,82589.0,0.3811,0.40565,0
3239,62,East,Salaried,Construction,2025Q4,47613.0,774.0,13.84,84.56,58.0,86894.0,0.3098,0.33252,0
3240,24,East,Salaried,Manufacturing,2025Q2,103658.0,678.0,19.53,9.96,45.08,37384.0,0.3553,0.14004,0
3241,40,South,SelfEmployed,IT,2025Q1,67141.0,789.0,56.32,76.74,41.73,84561.0,0.4723,0.50593,0
3242,48,South,Salaried,Retail,2025Q4,71035.0,765.0,55.56,75.59,64.87,50608.0,0.6748,0.62381,0
3243,60,South,Salaried,Retail,2025Q4,99955.0,650.0,18.48,27.82,91.87,37443.0,0.3594,0.38374,0
3244,21,East,Salaried,IT,2025Q1,106835.0,742.0,11.86,22.85,90.45,33533.0,0.3274,0.17518,0
3245,60,East,Salaried,Manufacturing,2025Q2,68353.0,671.0,51.12,83.72,84.54,33797.0,0.5817,0.83522,0
3246,64,North,Salaried,IT,2025Q2,82787.0,740.0,61.32,55.3,74.57,47828.0,0.486,0.62804,0
3247,43,South,Salaried,Healthcare,2025Q4,97049.0,713.0,55.25,9.14,87.09,109310.0,0.5632,0.3994,0
3248,67,South,Salaried,IT,2025Q1,111582.0,670.0,22.17,85.17,68.33,28151.0,0.3786,0.63653,0
3249,33,West,Business,Manufacturing,2025Q3,82217.0,636.0,45.03,36.41,49.91,77533.0,0.448,0.50449,0
3250,36,East,SelfEmployed,IT,2025Q2,91793.0,723.0,55.44,35.79,77.63,95066.0,0.3558,0.51033,0
3251,46,South,Business,Construction,2025Q3,57151.0,736.0,25.35,62.9,90.64,147319.0,0.3568,0.47707,0
3252,51,North,Business,Transport,2025Q4,42192.0,701.0,41.66,64.52,41.08,49936.0,0.3633,0.49212,0
3253,21,East,Salaried,IT,2025Q3,93872.0,667.0,28.87,36.8,53.83,81951.0,0.4,0.3439,0
3254,37,North,Salaried,Transport,2025Q3,59827.0,683.0,23.53,17.9,54.6,32575.0,0.3589,0.19861,0
3255,36,South,Salaried,IT,2025Q2,56891.0,650.0,68.18,54.7,45.45,29393.0,0.5166,0.73045,0
3256,57,North,SelfEmployed,Manufacturing,2025Q4,96035.0,750.0,64.75,61.27,52.4,94250.0,0.4191,0.58818,0
3257,30,East,Salaried,Healthcare,2025Q3,76314.0,591.0,36.74,82.42,61.12,311151.0,0.3742,0.80994,0
3258,58,North,Business,Healthcare,2025Q2,85689.0,762.0,18.21,48.6,91.69,116104.0,0.3694,0.29688,0
3259,64,South,Salaried,Transport,2025Q3,47919.0,706.0,53.67,63.11,87.31,31231.0,0.299,0.72135,0
3260,51,West,SelfEmployed,Manufacturing,2025Q2,57223.0,739.0,25.34,9.9,92.03,33206.0,0.2198,0.19444,0
3261,30,North,Salaried,Manufacturing,2025Q4,120765.0,744.0,20.11,85.51,46.63,112549.0,0.4701,0.39838,0
3262,69,South,Salaried,Manufacturing,2025Q1,63550.0,716.0,32.89,34.45,41.54,121121.0,0.4695,0.23858,0
3263,54,South,SelfEmployed,Construction,2025Q2,74918.0,689.0,41.79,61.9,46.04,75988.0,0.2172,0.52086,0
3264,26,North,Salaried,Retail,2025Q2,85934.0,771.0,15.85,87.44,90.29,63104.0,0.2198,0.48728,0
3265,48,West,SelfEmployed,IT,2025Q3,53251.0,616.0,44.3,77.95,48.66,105406.0,0.434,0.7654,1
3266,48,North,Salaried,Manufacturing,2025Q4,113820.0,782.0,10.92,62.39,71.5,35526.0,0.3116,0.23274,0
3267,33,South,Salaried,Manufacturing,2024Q4,80188.0,648.0,63.51,68.32,52.52,150123.0,0.2312,0.78843,1
3268,61,East,Salaried,Manufacturing,2024Q4,74090.0,692.0,65.24,87.88,41.13,93676.0,0.1575,0.79161,1
3269,32,East,Salaried,Healthcare,2025Q1,106703.0,789.0,53.98,78.09,44.65,41585.0,0.2945,0.50794,0
3270,60,East,Salaried,Manufacturing,2025Q4,102795.0,833.0,37.99,59.89,79.04,68936.0,0.3657,0.32335,0
3271,22,South,Salaried,IT,2025Q2,129175.0,720.0,25.29,64.28,50.03,830063.0,0.3161,0.36732,0
3272,28,North,Salaried,Manufacturing,2024Q4,69074.0,635.0,54.65,18.25,52.6,59548.0,0.1908,0.47523,0
3273,62,East,Salaried,IT,2025Q1,134832.0,757.0,65.91,47.32,60.75,108458.0,0.2794,0.52887,0
3274,29,South,Salaried,Construction,2025Q4,96154.0,708.0,19.51,32.09,76.15,131143.0,0.4166,0.2625,0
3275,28,West,Salaried,Retail,2025Q1,122260.0,652.0,37.95,43.88,65.82,83668.0,0.54,0.52746,0
3276,23,West,SelfEmployed,Healthcare,2024Q4,104645.0,722.0,28.92,64.6,91.95,55195.0,0.3556,0.54622,0
3277,29,West,Salaried,IT,2025Q3,63950.0,638.0,31.4,18.42,63.88,43933.0,0.4739,0.34462,0
3278,33,South,Salaried,Transport,2025Q3,59157.0,721.0,34.35,6.56,50.95,64715.0,0.4365,0.15354,0
3279,29,South,Salaried,Construction,2025Q4,34897.0,659.0,67.11,40.72,69.49,66175.0,0.2803,0.71065,0
3280,51,West,Salaried,Retail,2025Q1,29736.0,602.0,25.52,34.0,64.8,178528.0,0.4625,0.46838,0
3281,45,South,Salaried,Retail,2025Q2,64693.0,619.0,39.56,42.84,83.29,224154.0,0.4849,0.65889,0
3282,64,North,Business,Retail,2024Q4,111675.0,677.0,67.09,88.81,91.43,259844.0,0.2919,0.90819,0
3283,65,West,SelfEmployed,IT,2025Q3,67547.0,738.0,38.56,68.64,86.0,57203.0,0.3521,0.58952,0
3284,28,West,Salaried,Construction,2025Q3,63089.0,779.0,61.82,34.47,61.4,152466.0,0.2822,0.37882,0
3285,67,South,Salaried,Manufacturing,2025Q1,97491.0,789.0,13.53,21.14,51.89,88916.0,0.1992,0.07616,0
3286,51,North,SelfEmployed,Transport,2025Q3,58462.0,627.0,67.18,60.66,90.3,34371.0,0.4728,0.8778,0
3287,65,South,Salaried,Construction,2025Q1,126014.0,698.0,21.25,64.18,61.23,25878.0,0.5423,0.4205,0
3288,65,West,Salaried,Construction,2024Q4,73458.0,676.0,68.8,48.53,82.36,58343.0,0.3426,0.7687,0
3289,51,West,Salaried,Construction,2025Q1,103267.0,704.0,20.53,24.15,94.42,66209.0,0.2859,0.28965,0
3290,37,North,Salaried,IT,2025Q3,74998.0,788.0,36.66,7.57,71.76,39108.0,0.4782,0.13763,1
3291,67,North,Business,Transport,2025Q1,80614.0,719.0,28.52,28.91,66.39,173784.0,0.4911,0.25412,0
3292,39,West,Salaried,IT,2025Q3,108177.0,758.0,35.99,46.15,78.49,207200.0,0.2461,0.36564,0
3293,23,South,Salaried,Transport,2025Q4,85734.0,832.0,25.03,75.91,50.67,64163.0,0.3668,0.24154,0
3294,66,South,Salaried,Transport,2025Q3,117345.0,624.0,67.92,81.84,66.85,213497.0,0.5875,0.89979,1
3295,50,West,SelfEmployed,IT,2025Q3,60418.0,684.0,28.34,42.16,57.18,98520.0,0.5686,0.3523,1
3296,30,North,SelfEmployed,Transport,2025Q3,47524.0,741.0,49.2,76.65,49.03,18518.0,0.2391,0.57354,0
3297,69,East,Salaried,Construction,2025Q4,36267.0,725.0,18.25,94.4,73.56,17643.0,0.183,0.57775,0
3298,49,North,Salaried,IT,2025Q2,111374.0,768.0,59.46,69.49,71.66,92849.0,0.3921,0.63525,0
3299,60,South,Salaried,Transport,2025Q3,102540.0,689.0,42.55,70.57,81.87,65644.0,0.4356,0.70219,0
3300,38,West,SelfEmployed,Retail,2025Q2,73359.0,721.0,68.77,86.86,88.01,38087.0,0.4363,0.86807,0
3301,32,South,SelfEmployed,IT,2024Q4,87469.0,668.0,35.4,35.43,52.12,99278.0,0.4154,0.37344,1
3302,69,West,Salaried,Healthcare,2025Q1,106736.0,769.0,21.73,6.01,82.88,338413.0,0.384,0.11891,0
3303,43,East,SelfEmployed,IT,2025Q2,75244.0,712.0,30.76,93.83,60.21,76870.0,0.2991,0.63948,1
3304,31,South,Salaried,IT,2024Q4,35999.0,787.0,54.22,49.14,74.58,54352.0,0.274,0.44428,0
3305,29,North,Salaried,IT,2025Q1,36317.0,788.0,49.55,75.71,86.76,44778.0,0.4465,0.61769,0
3306,44,South,Salaried,Transport,2025Q3,52633.0,640.0,56.7,78.12,54.09,31912.0,0.2654,0.80991,0
3307,45,South,Salaried,IT,2025Q3,82555.0,796.0,14.41,40.78,73.05,129342.0,0.1499,0.15173,0
3308,45,North,Salaried,Healthcare,2025Q3,56459.0,761.0,44.82,53.71,66.42,54247.0,0.3673,0.42412,0
3309,67,South,Salaried,Manufacturing,2025Q4,105837.0,701.0,65.93,53.59,83.48,66426.0,0.3843,0.74247,0
3310,29,South,Salaried,IT,2025Q4,48160.0,756.0,16.47,24.82,78.35,54929.0,0.5808,0.15973,0
3311,32,East,Salaried,Retail,2025Q4,62663.0,682.0,15.66,15.59,82.33,224815.0,0.354,0.22061,0
3312,31,East,Salaried,Healthcare,2025Q4,34466.0,785.0,53.0,53.92,55.84,27064.0,0.1908,0.4005,0
3313,69,East,Salaried,Manufacturing,2024Q4,68870.0,715.0,28.91,15.81,78.74,118179.0,0.4963,0.23507,0
3314,58,North,Salaried,Transport,2024Q4,80178.0,759.0,49.51,36.15,73.32,134481.0,0.3441,0.38183,0
3315,48,North,Salaried,IT,2025Q3,106944.0,675.0,42.72,21.75,65.12,43624.0,0.3308,0.37747,0
3316,28,East,Salaried,Manufacturing,2025Q1,83000.0,725.0,69.16,68.62,60.81,111780.0,0.2104,0.7308,0
3317,30,South,SelfEmployed,Retail,2025Q4,98523.0,759.0,63.34,83.48,58.24,64936.0,0.4112,0.70911,1
3318,45,North,SelfEmployed,Healthcare,2025Q1,105128.0,727.0,50.68,57.01,40.53,129308.0,0.3688,0.45969,0
3319,67,West,SelfEmployed,Healthcare,2024Q4,89807.0,741.0,25.7,41.91,49.33,37106.0,0.3595,0.21955,0
3320,56,West,Salaried,Transport,2025Q4,57585.0,668.0,25.71,94.7,43.24,88313.0,0.4625,0.63224,1
3321,63,South,Salaried,Transport,2024Q4,90115.0,727.0,62.93,6.91,86.66,76942.0,0.4771,0.41257,0
3322,29,North,Salaried,Transport,2024Q4,117195.0,668.0,45.12,32.39,87.3,106882.0,0.3885,0.55601,0
3323,61,West,Salaried,Manufacturing,2025Q2,72126.0,709.0,57.36,30.08,86.54,13805.0,0.4146,0.54956,0
3324,28,East,Salaried,IT,2024Q4,93866.0,683.0,36.99,37.06,84.99,44223.0,0.3916,0.48697,0
3325,23,West,Salaried,Construction,2025Q3,93221.0,699.0,16.18,25.75,52.17,110190.0,0.5506,0.17108,0
3326,38,West,SelfEmployed,Healthcare,2024Q4,70776.0,614.0,29.96,28.78,67.05,249182.0,0.2412,0.45385,0
3327,66,West,Salaried,Construction,2025Q4,103433.0,711.0,19.67,28.19,89.93,152267.0,0.2197,0.27932,0
3328,55,South,Business,Healthcare,2025Q3,70383.0,704.0,56.91,50.52,81.79,97018.0,0.2074,0.66024,0
3329,37,North,SelfEmployed,Transport,2024Q4,91326.0,627.0,52.03,40.19,40.1,40405.0,0.4121,0.56318,0
3330,56,East,Salaried,IT,2025Q3,74016.0,729.0,15.3,62.54,65.27,90122.0,0.3364,0.3255,0
3331,48,East,SelfEmployed,IT,2024Q4,81091.0,755.0,47.28,51.3,40.59,110181.0,0.2172,0.34666,0
3332,35,East,Salaried,Healthcare,2025Q3,103339.0,727.0,62.45,21.51,55.44,254385.0,0.3268,0.38319,1
3333,39,North,SelfEmployed,Manufacturing,2025Q1,31326.0,753.0,51.84,77.9,63.97,39355.0,0.6089,0.63104,0
3334,42,North,Salaried,Transport,2025Q2,95425.0,681.0,40.67,47.5,89.11,56100.0,0.4013,0.59772,0
3335,26,West,SelfEmployed,IT,2025Q3,97679.0,698.0,28.71,18.79,75.99,298746.0,0.527,0.26593,0
3336,67,East,Salaried,IT,2025Q4,65627.0,714.0,63.23,20.02,59.94,63638.0,0.1936,0.42157,0
3337,27,West,Business,Retail,2025Q2,79216.0,718.0,35.37,76.73,66.99,103091.0,0.385,0.58414,0
3338,64,West,Salaried,IT,2025Q2,55595.0,581.0,61.32,68.27,84.96,34839.0,0.4115,0.90676,1
3339,68,East,Salaried,Retail,2024Q4,60025.0,659.0,56.98,50.59,56.48,57546.0,0.433,0.65622,0
3340,29,East,SelfEmployed,IT,2025Q3,86774.0,765.0,58.97,32.55,73.83,91815.0,0.3196,0.41806,0
3341,40,West,SelfEmployed,IT,2025Q2,145628.0,667.0,69.39,46.45,54.42,56031.0,0.4684,0.69496,0
3342,57,East,Salaried,Manufacturing,2025Q4,96599.0,696.0,54.93,62.28,66.4,83030.0,0.409,0.67469,0
3343,31,East,Salaried,Manufacturing,2025Q4,58792.0,707.0,12.04,84.14,41.36,87450.0,0.3606,0.38413,0
3344,22,North,Salaried,Transport,2025Q4,99395.0,636.0,22.33,55.03,86.88,76855.0,0.2986,0.58864,0
3345,42,South,Business,IT,2024Q4,94522.0,797.0,12.11,29.91,42.66,43274.0,0.1718,0.07417,0
3346,68,East,SelfEmployed,Transport,2025Q1,36828.0,708.0,21.39,8.85,52.34,130585.0,0.12,0.12807,0
3347,56,South,SelfEmployed,Transport,2025Q3,72103.0,663.0,13.69,20.79,58.34,83025.0,0.2692,0.19819,0
3348,25,North,Salaried,Transport,2025Q2,76436.0,746.0,40.1,63.52,74.38,45893.0,0.3315,0.51031,0
3349,27,South,Salaried,Transport,2025Q3,82952.0,694.0,11.69,19.44,79.6,41616.0,0.2689,0.19487,0
3350,26,North,Salaried,Healthcare,2025Q2,79212.0,713.0,38.35,48.34,44.42,35551.0,0.3913,0.35884,0
3351,42,North,SelfEmployed,Healthcare,2024Q4,83694.0,787.0,63.93,67.91,42.39,169978.0,0.4488,0.51288,1
3352,30,South,Salaried,IT,2025Q3,56621.0,680.0,54.91,32.74,83.94,44387.0,0.1999,0.59465,0
3353,66,West,SelfEmployed,Healthcare,2024Q4,71872.0,773.0,66.64,65.22,79.17,38678.0,0.4159,0.67575,0
3354,60,South,Salaried,IT,2024Q4,73355.0,691.0,23.6,57.3,85.74,36596.0,0.3468,0.49924,0
3355,66,North,Salaried,Manufacturing,2025Q3,108999.0,714.0,41.87,44.5,77.21,18172.0,0.1432,0.47918,0
3356,66,North,Salaried,Construction,2025Q3,62563.0,727.0,29.11,85.75,81.31,342021.0,0.459,0.62795,1
3357,40,East,Salaried,Retail,2025Q2,73888.0,691.0,39.63,67.29,60.85,77828.0,0.2377,0.58791,1
3358,48,South,Salaried,Healthcare,2025Q4,71100.0,654.0,43.42,37.45,72.46,39343.0,0.6584,0.54819,0
3359,43,West,Salaried,Healthcare,2024Q4,119684.0,735.0,12.17,77.38,84.3,57479.0,0.4901,0.4464,0
3360,55,East,Salaried,Manufacturing,2025Q1,96629.0,772.0,24.0,71.43,49.47,30344.0,0.3329,0.30452,0
3361,21,West,SelfEmployed,Healthcare,2025Q2,56658.0,744.0,52.29,76.25,63.26,83207.0,0.3498,0.63828,0
3362,49,South,Salaried,IT,2025Q2,89936.0,743.0,56.38,62.69,80.73,65776.0,0.183,0.65164,0
3363,29,East,Salaried,IT,2025Q4,54709.0,685.0,44.17,39.14,69.3,159455.0,0.5608,0.49109,0
3364,29,South,Salaried,Construction,2025Q4,86514.0,748.0,26.25,36.37,77.49,44831.0,0.2481,0.2643,0
3365,42,West,Salaried,Construction,2024Q4,114151.0,730.0,34.31,63.87,56.11,94185.0,0.355,0.43291,0
3366,22,East,SelfEmployed,Construction,2025Q2,31092.0,757.0,15.76,16.78,41.78,74086.0,0.2729,0.08013,0
3367,36,South,Salaried,IT,2025Q2,54795.0,715.0,67.19,78.79,41.6,40143.0,0.4053,0.72833,0
3368,60,South,SelfEmployed,Transport,2025Q1,83896.0,743.0,62.12,38.33,91.85,94067.0,0.3475,0.58834,0
3369,26,North,Salaried,Transport,2024Q4,70100.0,683.0,13.94,61.73,91.95,69135.0,0.2749,0.49332,0
3370,33,East,Salaried,Construction,2024Q4,85349.0,748.0,19.99,49.92,51.62,146809.0,0.4057,0.22027,0
3371,53,North,Salaried,Construction,2025Q4,77917.0,641.0,44.87,51.74,48.11,96912.0,0.5305,0.58306,0
3372,39,East,Salaried,IT,2024Q4,37980.0,692.0,23.95,71.42,41.0,52284.0,0.3559,0.42216,1
3373,35,South,Salaried,Manufacturing,2025Q1,95550.0,672.0,66.06,61.4,52.72,136253.0,0.0871,0.7378,0
3374,53,East,SelfEmployed,Healthcare,2024Q4,46629.0,850.0,55.34,27.53,58.39,89553.0,0.3951,0.18605,0
3375,30,West,Salaried,Retail,2025Q3,85138.0,746.0,26.4,11.68,53.27,50809.0,0.1728,0.1209,0
3376,21,West,Salaried,Transport,2025Q3,68637.0,650.0,10.37,80.62,83.86,141867.0,0.1857,0.61804,0
3377,32,West,Salaried,Transport,2025Q1,140027.0,635.0,57.97,84.64,81.22,134212.0,0.1732,0.89043,0
3378,63,North,Salaried,IT,2025Q4,76978.0,614.0,35.45,19.8,44.46,38841.0,0.4347,0.35742,0
3379,49,North,Salaried,IT,2025Q2,88775.0,647.0,48.54,32.85,78.35,43943.0,0.1757,0.59252,0
3380,37,East,Salaried,Retail,2024Q4,93849.0,663.0,27.22,30.41,68.63,79763.0,0.4685,0.35429,0
3381,24,South,Salaried,Retail,2025Q4,88441.0,656.0,18.57,89.37,47.27,57092.0,0.4473,0.58653,1
3382,49,South,Salaried,Construction,2025Q4,79333.0,684.0,50.52,23.43,80.67,58333.0,0.2464,0.48425,0
3383,27,North,Salaried,Retail,2024Q4,55236.0,756.0,37.02,19.99,44.73,41935.0,0.4075,0.15897,0
3384,64,South,SelfEmployed,Healthcare,2025Q2,77205.0,699.0,24.11,21.37,49.74,82500.0,0.4914,0.1841,0
3385,33,North,Salaried,Healthcare,2024Q4,33353.0,749.0,18.26,70.69,48.21,85443.0,0.2801,0.29825,0
3386,25,West,Salaried,Transport,2025Q2,92189.0,651.0,44.83,84.92,91.65,26841.0,0.4979,0.84957,0
3387,26,North,Business,Healthcare,2025Q1,153012.0,689.0,53.53,40.4,78.4,55805.0,0.3703,0.59396,0
3388,54,East,Salaried,Healthcare,2025Q2,84417.0,658.0,27.03,17.25,62.62,49309.0,0.2673,0.27174,0
3389,27,North,Salaried,Healthcare,2025Q4,88488.0,734.0,54.11,57.71,85.22,88776.0,0.4491,0.63868,1
3390,66,East,Salaried,Construction,2025Q1,41202.0,700.0,20.99,23.89,51.88,109109.0,0.2628,0.18315,0
3391,48,South,Salaried,Transport,2025Q3,59601.0,808.0,30.3,10.77,91.21,121347.0,0.5163,0.14021,0
3392,66,West,Salaried,IT,2025Q1,102371.0,673.0,54.69,84.76,78.33,56435.0,0.2117,0.83887,0
3393,30,West,Business,Transport,2025Q2,43818.0,653.0,49.61,83.38,70.78,106368.0,0.5071,0.81932,0
3394,24,South,SelfEmployed,Transport,2025Q1,61800.0,726.0,26.23,92.83,83.71,25585.0,0.3762,0.65763,0
3395,23,West,SelfEmployed,Transport,2025Q1,94197.0,700.0,17.33,47.66,75.46,185808.0,0.4355,0.34093,0
3396,45,West,SelfEmployed,Retail,2025Q3,100228.0,738.0,12.55,31.46,88.79,44967.0,0.3028,0.21311,0
3397,43,West,Salaried,IT,2025Q2,77273.0,707.0,60.27,74.28,85.6,28478.0,0.397,0.80162,1
3398,47,West,Salaried,Retail,2025Q4,83067.0,702.0,14.51,21.24,50.88,45151.0,0.05,0.14325,0
3399,34,North,SelfEmployed,Construction,2025Q1,83009.0,673.0,16.89,26.9,53.18,201290.0,0.3762,0.21261,0
3400,58,East,Business,Construction,2024Q4,49166.0,695.0,24.26,28.01,43.58,114061.0,0.1924,0.20109,0
3401,52,North,Salaried,Manufacturing,2025Q4,78167.0,626.0,36.74,90.65,52.11,256094.0,0.4398,0.7761,0
3402,43,North,Business,Manufacturing,2025Q1,86047.0,776.0,57.39,70.68,58.89,90284.0,0.2858,0.5659,0
3403,67,West,Salaried,Construction,2025Q4,77790.0,780.0,24.85,17.03,41.59,189077.0,0.2847,0.08758,0
3404,60,South,Salaried,Construction,2024Q4,31861.0,762.0,42.61,13.36,57.32,56912.0,0.2103,0.1794,0
3405,57,East,Salaried,Retail,2025Q4,118391.0,685.0,15.42,80.85,82.44,29288.0,0.3721,0.58467,0
3406,23,West,Salaried,Construction,2025Q4,52666.0,675.0,37.87,77.2,86.22,94480.0,0.2484,0.74191,0
3407,55,West,Salaried,IT,2024Q4,81803.0,737.0,20.66,65.39,40.49,77041.0,0.3437,0.28135,0
3408,33,West,Salaried,Retail,2024Q4,88045.0,658.0,22.67,22.65,40.39,103802.0,0.3108,0.21265,0
3409,54,North,Salaried,Construction,2024Q4,68629.0,773.0,32.01,48.23,48.05,130952.0,0.227,0.23263,0
3410,44,North,Salaried,Retail,2025Q3,86113.0,579.0,55.68,59.25,87.99,96916.0,0.3034,0.87426,0
3411,21,South,Salaried,Retail,2024Q4,60618.0,685.0,54.64,88.89,65.81,68428.0,0.2791,0.81268,0
3412,32,North,Business,Healthcare,2025Q4,133677.0,651.0,34.9,20.25,94.06,70662.0,0.4664,0.46318,0
3413,28,North,Salaried,Manufacturing,2024Q4,73487.0,779.0,17.12,51.39,88.8,102451.0,0.4864,0.26929,0
3414,39,South,Salaried,Retail,2025Q1,102475.0,769.0,26.84,19.2,88.96,26256.0,0.1917,0.19266,0
3415,29,West,Salaried,Transport,2024Q4,52684.0,741.0,40.32,44.95,47.07,44739.0,0.3732,0.31238,0
3416,48,East,Salaried,Retail,2024Q4,98032.0,815.0,62.16,23.01,66.14,317808.0,0.3164,0.2708,0
3417,34,South,SelfEmployed,Transport,2025Q2,62070.0,711.0,68.1,80.26,94.65,52367.0,0.2445,0.86814,0
3418,47,East,Salaried,Healthcare,2025Q4,45171.0,745.0,48.25,27.93,48.2,117512.0,0.3675,0.27107,0
3419,38,North,SelfEmployed,Construction,2025Q4,53373.0,622.0,31.04,42.54,71.58,55508.0,0.4063,0.54771,0
3420,62,North,Salaried,Retail,2025Q1,58802.0,692.0,51.61,41.7,58.94,63379.0,0.05,0.50891,0
3421,61,West,Salaried,Healthcare,2025Q3,82786.0,716.0,30.17,82.97,61.33,15990.0,0.4706,0.56732,0
3422,26,East,Salaried,IT,2025Q2,151895.0,660.0,47.53,73.2,88.99,113166.0,0.4353,0.80442,0
3423,53,West,Salaried,Healthcare,2025Q1,148392.0,724.0,24.63,10.18,72.33,50218.0,0.3468,0.16602,0
3424,57,North,Salaried,Manufacturing,2025Q1,71954.0,602.0,26.02,11.04,81.73,17640.0,0.2447,0.39383,1
3425,62,West,Salaried,Manufacturing,2025Q4,103985.0,738.0,14.51,54.61,77.03,27364.0,0.4087,0.30068,0
3426,45,East,Salaried,Construction,2025Q2,48656.0,686.0,35.21,43.49,69.1,78937.0,0.2714,0.44801,0
3427,33,East,Salaried,Transport,2025Q4,27398.0,667.0,47.09,29.8,83.54,45201.0,0.5024,0.54423,0
3428,43,East,Business,Construction,2025Q3,80765.0,751.0,57.33,76.34,93.39,41406.0,0.4577,0.75436,0
3429,56,West,Salaried,Transport,2025Q4,93657.0,791.0,58.62,16.58,93.18,54038.0,0.3523,0.34222,0
3430,53,East,Salaried,Transport,2024Q4,99581.0,759.0,69.55,92.67,83.42,8156.0,0.2534,0.84316,0
3431,41,East,Salaried,Transport,2025Q4,106992.0,665.0,15.27,7.17,66.8,23615.0,0.4095,0.17027,0
3432,54,West,Salaried,Transport,2024Q4,71739.0,747.0,39.59,15.64,48.97,114479.0,0.4451,0.17354,1
3433,56,West,Salaried,Manufacturing,2025Q1,81801.0,696.0,41.28,33.02,42.45,104873.0,0.3099,0.31718,0
3434,37,South,SelfEmployed,Manufacturing,2025Q3,100531.0,772.0,58.27,50.82,52.73,108224.0,0.3994,0.43358,0
3435,30,East,Business,Retail,2024Q4,109837.0,722.0,25.98,24.45,58.71,111917.0,0.2924,0.19689,0
3436,43,South,Salaried,Manufacturing,2025Q3,57322.0,629.0,14.16,71.26,47.14,99335.0,0.141,0.49557,0
3437,64,North,Salaried,Construction,2025Q4,85267.0,697.0,28.83,37.18,52.36,200162.0,0.1504,0.29032,0
3438,22,East,Salaried,Manufacturing,2025Q4,96239.0,665.0,69.04,8.47,44.6,111405.0,0.3687,0.43409,0
3439,55,West,Salaried,Construction,2025Q1,83689.0,667.0,63.97,83.99,68.8,75034.0,0.5328,0.85971,0
3440,34,West,Salaried,IT,2025Q4,64449.0,692.0,33.71,89.95,46.95,214929.0,0.2339,0.62886,0
3441,67,South,Salaried,Manufacturing,2024Q4,80077.0,725.0,62.58,60.67,80.85,106337.0,0.2534,0.71222,0
3442,65,South,Salaried,Construction,2025Q1,93243.0,760.0,11.97,77.59,58.3,109282.0,0.386,0.30865,0
3443,61,North,Salaried,Transport,2025Q3,60984.0,681.0,28.85,15.9,76.96,51491.0,0.3544,0.28266,0
3444,22,West,Salaried,Healthcare,2025Q1,50069.0,777.0,53.61,29.19,88.54,74776.0,0.3843,0.38998,0
3445,39,West,Salaried,Transport,2025Q3,131489.0,616.0,23.29,34.27,44.73,32917.0,0.4121,0.35329,0
3446,36,East,Salaried,Retail,2025Q2,84688.0,664.0,21.9,91.47,94.4,25334.0,0.3478,0.75922,0
3447,63,West,Salaried,Construction,2024Q4,103459.0,823.0,61.71,51.1,75.49,21966.0,0.3664,0.44518,0
3448,64,East,SelfEmployed,Transport,2024Q4,85237.0,647.0,46.96,5.67,42.94,62659.0,0.2148,0.29259,0
3449,45,East,Salaried,Manufacturing,2025Q3,106258.0,779.0,69.34,39.22,57.27,190592.0,0.2998,0.44748,0
3450,21,North,SelfEmployed,Manufacturing,2025Q4,81979.0,709.0,18.08,5.7,88.74,99140.0,0.5015,0.17472,0
3451,22,South,Salaried,IT,2025Q4,94678.0,706.0,31.37,26.4,72.79,134211.0,0.4066,0.29821,0
3452,68,East,Salaried,Healthcare,2025Q2,52262.0,761.0,28.67,45.92,55.8,39888.0,0.3835,0.24117,0
3453,47,East,Salaried,Construction,2025Q3,35872.0,754.0,62.81,34.11,91.73,90368.0,0.2453,0.5456,0
3454,22,South,Salaried,Transport,2025Q2,68088.0,783.0,25.32,7.95,83.3,303476.0,0.2535,0.12356,0
3455,50,West,Business,Healthcare,2025Q3,44355.0,696.0,31.21,15.47,80.45,127921.0,0.2211,0.2806,0
3456,30,North,Salaried,IT,2025Q2,27075.0,718.0,18.57,54.58,88.86,56284.0,0.1298,0.40411,0
3457,39,South,Salaried,Retail,2025Q3,87544.0,696.0,56.52,67.6,82.34,22350.0,0.3177,0.75969,0
3458,62,East,Salaried,Healthcare,2024Q4,35766.0,649.0,24.26,41.41,55.77,29163.0,0.3033,0.37963,1
3459,36,East,Business,IT,2025Q2,103737.0,719.0,14.1,70.83,72.11,115802.0,0.3722,0.40623,0
3460,33,East,Salaried,Construction,2025Q2,116030.0,701.0,36.11,19.7,86.33,85356.0,0.4743,0.34595,0
3461,68,South,Business,Retail,2025Q3,43925.0,607.0,33.49,15.99,49.95,257240.0,0.2748,0.35363,0
3462,28,North,Business,Manufacturing,2025Q1,87217.0,771.0,20.66,80.55,48.97,76518.0,0.4999,0.33177,0
3463,51,East,Salaried,IT,2025Q1,126448.0,718.0,18.02,35.53,48.74,25869.0,0.4117,0.18463,0
3464,65,East,SelfEmployed,Manufacturing,2024Q4,68201.0,671.0,63.79,43.9,50.68,62358.0,0.5206,0.62239,0
3465,45,North,Business,Retail,2025Q4,95271.0,728.0,14.07,90.28,45.68,75342.0,0.2133,0.41049,0
3466,59,East,Salaried,IT,2025Q4,139823.0,681.0,15.96,43.17,86.07,55852.0,0.4907,0.37746,0
3467,41,South,Salaried,IT,2024Q4,38071.0,721.0,24.7,5.31,85.01,72967.0,0.269,0.17952,0
3468,58,East,Salaried,Retail,2025Q4,54518.0,786.0,67.17,89.42,48.33,94943.0,0.2546,0.68677,0
3469,61,West,Salaried,Construction,2025Q3,94102.0,732.0,15.12,6.27,78.8,17704.0,0.3429,0.12315,0
3470,49,North,Salaried,IT,2025Q1,134311.0,683.0,58.96,64.61,74.48,45713.0,0.2482,0.75686,0
3471,26,North,Salaried,Retail,2024Q4,62220.0,653.0,63.52,34.06,55.19,176917.0,0.4015,0.6127,1
3472,38,West,Salaried,Healthcare,2025Q3,140893.0,671.0,32.67,47.34,52.51,226108.0,0.4509,0.422,0
3473,69,East,Salaried,Manufacturing,2024Q4,83299.0,755.0,27.63,54.26,53.78,29926.0,0.4093,0.27986,1
3474,64,East,Salaried,IT,2025Q1,30819.0,707.0,50.64,41.76,80.18,29963.0,0.3432,0.55255,0
3475,55,West,SelfEmployed,Healthcare,2025Q4,119762.0,741.0,52.16,74.69,57.56,124801.0,0.4915,0.6152,0
3476,47,West,SelfEmployed,IT,2025Q3,68409.0,695.0,56.8,88.76,55.29,302207.0,0.4014,0.78506,0
3477,25,West,Salaried,Construction,2025Q1,91213.0,659.0,59.83,12.78,41.24,85293.0,0.3326,0.39262,1
3478,27,South,Salaried,Retail,2024Q4,38521.0,743.0,26.1,77.02,89.95,78919.0,0.3347,0.5534,0
3479,30,South,Salaried,IT,2025Q2,61169.0,666.0,51.22,16.58,81.4,44529.0,0.2439,0.48699,0
3480,30,South,Business,Retail,2025Q3,42578.0,688.0,18.09,12.22,66.0,148588.0,0.2343,0.17336,0
3481,48,North,Salaried,Transport,2024Q4,39925.0,643.0,40.64,91.02,91.86,59163.0,0.2954,0.86193,1
3482,56,East,Salaried,IT,2024Q4,82451.0,659.0,46.77,49.04,56.14,219458.0,0.2237,0.57512,1
3483,30,South,Business,Construction,2025Q1,94169.0,759.0,19.7,18.73,77.11,94132.0,0.212,0.14704,0
3484,55,West,Business,Construction,2024Q4,66331.0,768.0,14.59,56.3,56.78,87669.0,0.24,0.20682,0
3485,55,East,SelfEmployed,Healthcare,2025Q3,44071.0,770.0,21.68,28.69,57.3,41127.0,0.479,0.13789,0
3486,57,East,SelfEmployed,Construction,2025Q3,48097.0,770.0,35.24,46.79,86.46,42163.0,0.253,0.36862,0
3487,68,South,Salaried,Retail,2024Q4,89291.0,691.0,63.27,61.22,83.29,47451.0,0.449,0.77793,0
3488,40,North,Salaried,Transport,2025Q1,82767.0,747.0,41.91,83.23,56.18,68529.0,0.2732,0.57644,0
3489,33,North,Salaried,Construction,2025Q3,89702.0,768.0,54.91,5.28,44.48,158523.0,0.3727,0.16841,0
3490,31,South,Salaried,IT,2025Q2,118960.0,662.0,20.45,24.27,59.67,130004.0,0.2523,0.25336,0
3491,65,North,SelfEmployed,Construction,2025Q4,94384.0,721.0,16.36,13.66,81.8,52633.0,0.3735,0.16717,0
3492,39,East,Salaried,Transport,2025Q1,90226.0,703.0,24.38,13.74,45.53,16908.0,0.6233,0.14602,0
3493,48,West,Salaried,Retail,2025Q1,139218.0,607.0,28.83,90.12,76.97,44028.0,0.2663,0.81993,0
3494,58,West,Business,IT,2025Q4,73130.0,728.0,42.89,89.25,88.94,81432.0,0.3148,0.75557,1
3495,65,East,Salaried,Healthcare,2025Q4,139592.0,671.0,62.87,72.44,49.86,86004.0,0.2075,0.76485,0
3496,24,North,Business,Healthcare,2025Q3,115597.0,768.0,35.57,62.88,87.42,263847.0,0.4819,0.47693,0
3497,57,West,Business,Healthcare,2024Q4,72552.0,668.0,41.13,81.32,42.83,199078.0,0.5011,0.66029,0
3498,39,West,Salaried,IT,2024Q4,100121.0,728.0,10.28,10.26,76.68,127512.0,0.2382,0.11817,0
3499,57,North,Salaried,Healthcare,2025Q2,74620.0,716.0,12.0,15.75,83.51,46415.0,0.3311,0.1648,0
3500,34,East,Salaried,Construction,2024Q4,44090.0,615.0,15.03,33.54,64.46,89074.0,0.4005,0.36224,0
3501,51,South,Salaried,IT,2025Q2,79799.0,692.0,51.94,79.92,51.21,104739.0,0.3581,0.70792,0
3502,48,West,Salaried,IT,2025Q2,43322.0,730.0,39.17,47.5,90.86,183961.0,0.239,0.49709,1
3503,56,West,Salaried,IT,2025Q1,85824.0,766.0,21.58,50.32,41.1,36594.0,0.234,0.18116,0
3504,64,North,Business,Manufacturing,2025Q1,100012.0,711.0,45.56,25.63,70.53,136461.0,0.2022,0.37222,1
3505,58,West,Salaried,Retail,2025Q3,74577.0,760.0,42.68,63.35,60.51,110963.0,0.4729,0.44846,0
3506,39,East,SelfEmployed,Manufacturing,2025Q4,85774.0,740.0,15.33,84.91,65.36,51216.0,0.4296,0.43694,0
3507,62,West,Salaried,Manufacturing,2025Q4,85360.0,741.0,48.42,34.66,69.51,182153.0,0.5502,0.38477,0
3508,21,South,Salaried,Manufacturing,2025Q2,101109.0,744.0,56.03,60.73,69.41,19388.0,0.229,0.59613,0
3509,43,West,Business,Retail,2025Q4,82237.0,695.0,27.19,34.88,51.2,334728.0,0.386,0.26825,0
3510,48,North,Salaried,Manufacturing,2025Q2,72132.0,656.0,51.25,76.34,77.38,183780.0,0.3663,0.81185,1
3511,68,South,Salaried,Healthcare,2025Q4,99974.0,796.0,21.98,47.75,41.05,63841.0,0.3946,0.14164,0
3512,24,North,Salaried,IT,2025Q3,83964.0,752.0,55.4,35.55,41.17,54389.0,0.4232,0.32089,0
3513,61,West,SelfEmployed,IT,2025Q1,26611.0,706.0,64.71,42.8,66.32,71390.0,0.7337,0.61211,0
3514,38,West,Salaried,Construction,2025Q1,71243.0,744.0,36.51,13.21,69.8,43204.0,0.729,0.20119,0
3515,69,West,Salaried,Transport,2025Q2,67071.0,732.0,24.68,82.95,55.12,62418.0,0.3931,0.47153,0
3516,67,West,Salaried,Healthcare,2025Q4,83686.0,663.0,33.95,91.23,70.34,129922.0,0.5438,0.75953,0
3517,59,North,Business,Retail,2024Q4,81000.0,691.0,25.0,47.97,68.39,44544.0,0.2466,0.38788,0
3518,45,South,Business,Transport,2025Q3,31241.0,783.0,10.07,24.92,59.21,141233.0,0.3381,0.08704,0
3519,38,North,Salaried,IT,2025Q4,42707.0,710.0,49.03,64.82,75.85,61519.0,0.2543,0.65731,0
3520,26,North,SelfEmployed,Manufacturing,2024Q4,56178.0,731.0,12.55,45.71,92.69,157197.0,0.3803,0.30251,0
3521,39,North,Salaried,Construction,2025Q3,81611.0,779.0,22.62,27.71,66.99,189846.0,0.4131,0.14705,0
3522,32,South,Salaried,Construction,2025Q3,106846.0,710.0,53.35,8.46,83.23,36337.0,0.6259,0.3738,1
3523,45,South,Salaried,IT,2025Q1,39909.0,659.0,49.94,85.07,53.62,16698.0,0.2382,0.77889,0
3524,55,North,Salaried,Healthcare,2025Q2,63197.0,716.0,14.4,76.71,81.91,82110.0,0.5091,0.4871,0
3525,21,North,Salaried,Transport,2025Q4,78788.0,679.0,49.6,79.61,75.69,87513.0,0.3004,0.78234,0
3526,25,North,Salaried,Construction,2025Q3,56715.0,633.0,65.83,44.59,75.18,31063.0,0.283,0.77725,0
3527,21,West,Salaried,IT,2025Q4,82185.0,754.0,14.47,72.79,89.12,235046.0,0.3217,0.41516,0
3528,28,West,SelfEmployed,Healthcare,2025Q3,96007.0,696.0,34.94,57.31,52.83,56756.0,0.5877,0.45172,0
3529,59,West,Salaried,IT,2025Q1,61080.0,546.0,53.77,38.73,60.26,114430.0,0.1147,0.77184,0
3530,67,South,Salaried,IT,2025Q2,88190.0,724.0,50.06,80.85,44.57,43784.0,0.4043,0.62247,0
3531,63,South,Business,Healthcare,2024Q4,77137.0,725.0,23.59,94.89,79.94,25717.0,0.4851,0.64153,0
3532,38,West,Salaried,Healthcare,2024Q4,51272.0,817.0,19.78,85.94,86.41,165610.0,0.2339,0.40125,0
3533,66,South,Salaried,Healthcare,2025Q1,76478.0,710.0,57.05,74.86,62.32,38248.0,0.414,0.71904,0
3534,29,South,SelfEmployed,IT,2025Q3,91417.0,769.0,67.37,72.28,59.63,126756.0,0.2632,0.66212,0
3535,25,North,Salaried,Construction,2025Q1,115344.0,746.0,56.06,63.52,76.23,40975.0,0.5855,0.63381,0
3536,24,North,Salaried,Retail,2025Q2,121106.0,678.0,67.79,81.83,44.16,62695.0,0.1953,0.80551,0
3537,64,South,Salaried,Retail,2024Q4,65808.0,729.0,46.3,49.38,56.16,65424.0,0.4195,0.43354,1
3538,49,South,SelfEmployed,IT,2025Q4,64301.0,701.0,65.75,21.36,60.14,71805.0,0.2981,0.47521,0
3539,21,East,Salaried,IT,2024Q4,81010.0,672.0,51.43,74.12,68.52,46642.0,0.3332,0.75884,0
3540,50,North,SelfEmployed,Construction,2025Q2,66433.0,682.0,64.53,87.76,66.21,121034.0,0.3153,0.8545,0
3541,65,North,Salaried,Healthcare,2025Q3,110326.0,674.0,19.7,35.72,51.48,141476.0,0.4832,0.26174,0
3542,21,West,Salaried,IT,2025Q1,82517.0,709.0,58.93,75.47,69.74,171953.0,0.3734,0.75494,0
3543,23,North,SelfEmployed,Manufacturing,2024Q4,81381.0,710.0,21.8,29.64,90.92,53499.0,0.1813,0.30596,0
3544,42,South,Salaried,Healthcare,2024Q4,96083.0,680.0,11.65,89.83,41.49,33416.0,0.3958,0.46991,0
3545,28,West,Salaried,IT,2025Q4,83996.0,699.0,41.06,66.51,77.42,84937.0,0.3838,0.63814,1
3546,38,North,Salaried,Manufacturing,2025Q1,87631.0,607.0,29.1,56.23,74.36,94786.0,0.4762,0.65465,0
3547,45,North,SelfEmployed,Transport,2025Q4,86580.0,655.0,12.61,75.19,90.84,95170.0,0.3918,0.61879,0
3548,68,South,Salaried,Construction,2025Q4,76384.0,694.0,68.82,78.19,75.49,213948.0,0.169,0.84559,0
3549,40,South,Salaried,Manufacturing,2025Q3,57439.0,802.0,49.99,85.31,74.37,79027.0,0.4927,0.60645,0
3550,51,East,Salaried,IT,2024Q4,123976.0,745.0,64.11,86.1,82.34,317730.0,0.4885,0.81034,0
3551,50,West,Business,Retail,2025Q1,57357.0,656.0,69.94,9.74,54.73,135360.0,0.4143,0.50321,0
3552,36,North,Salaried,IT,2025Q3,121356.0,799.0,33.52,16.06,72.77,138316.0,0.3864,0.14283,0
3553,22,East,Salaried,Retail,2025Q3,88536.0,710.0,25.28,79.35,68.57,77752.0,0.3965,0.5477,0
3554,37,South,Salaried,Construction,2025Q3,64960.0,648.0,21.03,90.14,64.12,58802.0,0.4903,0.68257,0
3555,30,North,Salaried,Construction,2025Q2,93871.0,706.0,40.91,32.69,44.37,47703.0,0.515,0.30257,0
3556,27,East,Salaried,Healthcare,2025Q2,99648.0,764.0,46.36,5.77,56.09,83132.0,0.4157,0.16291,0
3557,62,South,Salaried,Healthcare,2025Q3,122955.0,648.0,38.35,34.04,55.4,135025.0,0.4279,0.43814,0
3558,29,South,Salaried,Retail,2025Q2,47109.0,653.0,33.24,39.46,79.83,63716.0,0.3757,0.51422,0
3559,37,North,SelfEmployed,Retail,2025Q1,76500.0,809.0,20.1,73.49,90.64,56419.0,0.6403,0.36008,0
3560,29,South,SelfEmployed,Construction,2024Q4,114430.0,726.0,36.51,9.28,52.69,35534.0,0.107,0.16902,0
3561,29,South,Salaried,Manufacturing,2025Q1,98664.0,684.0,15.11,24.14,44.1,104655.0,0.2724,0.16057,0
3562,57,West,SelfEmployed,Retail,2024Q4,92150.0,704.0,61.9,85.46,95.0,34617.0,0.2563,0.86821,1
3563,44,North,Salaried,Retail,2025Q2,116962.0,726.0,12.81,18.93,78.02,96624.0,0.6042,0.15741,0
3564,59,South,SelfEmployed,Manufacturing,2025Q1,75501.0,699.0,32.84,73.33,88.76,89168.0,0.3257,0.65812,0
3565,31,South,Salaried,Healthcare,2025Q4,20049.0,784.0,16.01,37.52,47.91,66354.0,0.1119,0.11537,0
3566,28,East,Salaried,Healthcare,2025Q3,70837.0,715.0,56.5,64.64,84.04,170024.0,0.2547,0.72072,0
3567,45,East,Business,Retail,2024Q4,130294.0,747.0,28.76,11.65,84.73,222580.0,0.419,0.19047,0
3568,66,East,SelfEmployed,Healthcare,2024Q4,87462.0,715.0,16.79,30.79,48.33,16738.0,0.356,0.16543,0
3569,22,West,Salaried,Healthcare,2025Q4,58939.0,708.0,41.89,43.23,48.88,25824.0,0.34,0.3792,0
3570,30,West,Salaried,Transport,2025Q4,113353.0,759.0,64.98,82.15,56.25,110114.0,0.3769,0.70555,0
3571,44,South,Salaried,Healthcare,2025Q3,101122.0,760.0,64.52,55.71,51.92,239244.0,0.4893,0.53125,0
3572,68,South,Salaried,Construction,2025Q2,83675.0,620.0,24.98,9.07,93.65,28193.0,0.4631,0.38216,0
3573,36,West,Salaried,IT,2025Q1,94628.0,709.0,53.18,77.17,59.96,98228.0,0.2545,0.70109,0
3574,39,West,Salaried,Retail,2025Q1,54569.0,823.0,11.82,9.91,81.87,21551.0,0.3879,0.06589,0
3575,51,West,SelfEmployed,Retail,2025Q1,70948.0,685.0,17.91,89.09,84.28,19989.0,0.5384,0.65591,0
3576,31,South,Salaried,Construction,2025Q2,78377.0,735.0,39.97,24.05,61.23,311139.0,0.3783,0.25712,0
3577,26,North,Salaried,IT,2025Q3,107479.0,779.0,23.73,48.91,77.54,96006.0,0.2814,0.26288,1
3578,26,South,Salaried,IT,2025Q1,66281.0,649.0,57.9,11.51,45.93,24925.0,0.2148,0.40637,0
3579,52,East,Salaried,Construction,2024Q4,79356.0,689.0,65.86,55.55,61.83,62873.0,0.3806,0.7061,0
3580,59,South,Salaried,Manufacturing,2024Q4,116025.0,624.0,10.26,49.75,93.2,42335.0,0.3266,0.5153,0
3581,68,South,Salaried,Manufacturing,2024Q4,143108.0,716.0,23.97,41.92,49.27,54234.0,0.3244,0.24608,0
3582,33,West,SelfEmployed,IT,2025Q4,58234.0,731.0,36.37,8.2,61.21,58728.0,0.3777,0.17728,0
3583,23,South,SelfEmployed,Manufacturing,2025Q4,83499.0,745.0,43.78,84.1,83.48,84779.0,0.269,0.69109,0
3584,61,West,Salaried,Manufacturing,2025Q2,42301.0,797.0,64.95,77.24,76.6,100161.0,0.5051,0.6805,0
3585,55,South,Salaried,Manufacturing,2025Q1,79637.0,713.0,63.51,61.97,74.73,45237.0,0.3415,0.72467,0
3586,58,South,Salaried,IT,2025Q4,72747.0,647.0,48.23,56.5,86.93,43653.0,0.5883,0.74848,0
3587,37,South,SelfEmployed,Manufacturing,2024Q4,111276.0,662.0,25.44,67.55,41.6,97056.0,0.474,0.47092,0
3588,23,West,SelfEmployed,Retail,2025Q4,50677.0,668.0,57.0,17.96,82.41,46371.0,0.3409,0.53756,0
3589,54,North,Salaried,Transport,2024Q4,47250.0,721.0,22.16,88.94,88.54,46126.0,0.1965,0.63296,0
3590,32,North,Salaried,IT,2025Q1,118023.0,839.0,67.91,30.62,40.89,78743.0,0.4296,0.23186,0
3591,44,West,SelfEmployed,Construction,2025Q2,64172.0,706.0,10.35,64.08,70.74,74712.0,0.4068,0.36019,0
3592,26,North,Salaried,Manufacturing,2025Q3,84936.0,786.0,44.19,59.61,59.17,53587.0,0.266,0.38197,0
3593,62,East,Salaried,Healthcare,2025Q3,87376.0,704.0,15.3,62.3,42.79,152759.0,0.2124,0.29495,0
3594,31,East,Business,IT,2024Q4,60317.0,646.0,34.46,84.11,62.98,103333.0,0.3484,0.73342,0
3595,68,South,SelfEmployed,Construction,2025Q4,60344.0,665.0,48.1,31.63,75.42,300338.0,0.3781,0.53599,0
3596,47,East,Salaried,Transport,2025Q4,108173.0,670.0,51.38,72.41,90.55,61459.0,0.3692,0.81006,1
3597,68,North,Salaried,Retail,2024Q4,96927.0,703.0,57.13,58.86,74.13,119816.0,0.3504,0.68377,0
3598,44,East,Salaried,Construction,2025Q1,79608.0,732.0,45.6,11.85,87.12,202885.0,0.4934,0.31271,0
3599,38,South,Salaried,Manufacturing,2024Q4,76580.0,674.0,25.08,42.27,46.69,39139.0,0.2737,0.31416,0
3600,47,East,Salaried,Healthcare,2025Q1,87915.0,753.0,63.36,80.42,51.58,56899.0,0.5775,0.68067,0
3601,61,North,Salaried,Manufacturing,2025Q2,89555.0,768.0,58.67,33.38,93.37,172539.0,0.15,0.48856,0
3602,41,East,SelfEmployed,Construction,2025Q2,111529.0,696.0,19.6,48.4,88.81,117164.0,0.2626,0.41731,0
3603,54,North,SelfEmployed,IT,2024Q4,79479.0,760.0,59.59,48.98,52.94,71969.0,0.2068,0.45568,0
3604,53,South,Salaried,Healthcare,2025Q2,91075.0,603.0,68.36,60.62,74.15,27802.0,0.3765,0.87579,0
3605,68,North,Salaried,Healthcare,2025Q4,97954.0,580.0,48.23,84.56,59.94,29479.0,0.3979,0.8719,0
3606,38,North,Salaried,Construction,2025Q1,98394.0,756.0,26.91,20.62,65.77,53251.0,0.5604,0.16286,0
3607,23,West,Salaried,Transport,2025Q3,116243.0,687.0,46.4,50.42,87.35,41691.0,0.3757,0.63833,0
3608,44,South,Salaried,Transport,2025Q3,79685.0,831.0,30.55,43.18,80.46,42379.0,0.4516,0.20645,0
3609,21,West,Salaried,Manufacturing,2025Q2,65853.0,705.0,50.56,31.63,53.11,20271.0,0.2194,0.39296,1
3610,26,West,SelfEmployed,Construction,2025Q1,71051.0,655.0,42.69,87.76,57.38,28295.0,0.1842,0.76774,0
3611,39,East,Salaried,Healthcare,2025Q4,96021.0,803.0,65.77,5.74,55.93,39468.0,0.507,0.20316,0
3612,42,North,Business,Construction,2025Q3,77297.0,746.0,47.07,15.99,82.94,79391.0,0.463,0.30735,0
3613,63,South,Business,Healthcare,2025Q4,137170.0,795.0,22.84,71.0,66.95,57479.0,0.3787,0.31068,0
3614,28,West,Salaried,Manufacturing,2025Q4,80315.0,678.0,53.51,28.71,92.29,76185.0,0.2449,0.59517,0
3615,25,South,Salaried,IT,2025Q3,56126.0,730.0,28.05,70.09,84.92,73902.0,0.6417,0.53174,0
3616,29,North,Business,IT,2025Q3,88068.0,662.0,26.34,79.9,51.62,22239.0,0.4495,0.59082,0
3617,67,East,Business,Construction,2025Q2,118470.0,614.0,33.51,27.92,83.23,153985.0,0.267,0.53486,0
3618,41,West,Salaried,Healthcare,2025Q1,59606.0,751.0,10.72,22.27,67.83,122165.0,0.3563,0.11809,0
3619,48,West,Salaried,IT,2024Q4,58884.0,685.0,68.15,18.08,53.95,75351.0,0.175,0.48168,1
3620,66,North,Salaried,Healthcare,2025Q1,75330.0,655.0,41.94,23.01,59.98,50483.0,0.3646,0.39922,0
3621,24,East,Business,Manufacturing,2024Q4,63852.0,634.0,56.41,29.05,93.47,189491.0,0.2943,0.70083,0
3622,44,North,Salaried,Construction,2025Q3,46245.0,720.0,25.47,83.19,66.62,35916.0,0.6365,0.54555,0
3623,28,North,Salaried,Healthcare,2025Q4,41479.0,714.0,54.8,74.3,79.58,145129.0,0.4414,0.74779,0
3624,37,West,SelfEmployed,Construction,2025Q1,85811.0,683.0,44.03,5.17,66.24,39814.0,0.05,0.28422,0
3625,54,North,Salaried,Healthcare,2025Q4,97876.0,673.0,35.45,83.67,60.44,183771.0,0.5709,0.68534,0
3626,40,South,Salaried,Transport,2025Q1,62471.0,752.0,68.24,12.09,83.8,101237.0,0.3984,0.42299,0
3627,36,North,Salaried,Transport,2025Q1,78237.0,573.0,39.63,63.97,86.66,136842.0,0.5348,0.83206,0
3628,30,West,SelfEmployed,Healthcare,2025Q4,84624.0,745.0,49.45,18.63,43.95,84834.0,0.3833,0.22286,0
3629,54,West,Salaried,Manufacturing,2025Q2,52369.0,736.0,10.92,10.6,55.34,99995.0,0.3682,0.08613,0
3630,63,East,Salaried,Construction,2025Q3,101472.0,642.0,28.09,73.38,67.93,74746.0,0.2498,0.65869,0
3631,30,West,Salaried,Retail,2025Q2,85298.0,604.0,63.32,47.05,57.41,35898.0,0.4284,0.76996,0
3632,50,North,Salaried,Healthcare,2025Q2,93112.0,742.0,55.54,58.92,83.1,157299.0,0.4807,0.63332,0
3633,50,South,Salaried,Healthcare,2025Q1,96999.0,645.0,42.21,43.28,46.31,60709.0,0.1396,0.49483,0
3634,45,South,Salaried,Transport,2025Q3,140644.0,797.0,64.01,11.05,83.88,78299.0,0.2516,0.30626,0
3635,66,North,Salaried,IT,2025Q1,54385.0,826.0,39.17,71.57,73.98,24085.0,0.2022,0.39225,0
3636,63,South,SelfEmployed,Transport,2024Q4,57681.0,733.0,43.99,78.83,55.92,64590.0,0.5642,0.58939,0
3637,61,West,SelfEmployed,Construction,2025Q1,122073.0,704.0,32.93,8.73,58.95,96566.0,0.4845,0.19075,1
3638,27,North,Salaried,Transport,2025Q4,96306.0,698.0,47.2,38.81,50.06,244774.0,0.3069,0.41428,0
3639,67,South,Salaried,Retail,2025Q1,81726.0,616.0,29.14,55.16,53.89,69884.0,0.4791,0.55778,0
3640,40,North,Salaried,Manufacturing,2024Q4,68048.0,694.0,33.13,59.47,79.45,57540.0,0.1858,0.55429,0
3641,37,North,SelfEmployed,Retail,2025Q1,74203.0,685.0,67.98,57.03,60.67,46107.0,0.3866,0.7305,0
3642,23,West,Salaried,Manufacturing,2024Q4,74688.0,675.0,16.68,67.36,77.81,46912.0,0.4621,0.51289,0
3643,67,South,Salaried,Retail,2025Q3,42626.0,732.0,16.32,92.01,68.28,255249.0,0.2851,0.51538,0
3644,66,South,Salaried,Transport,2025Q1,104330.0,717.0,12.6,40.15,47.99,34707.0,0.349,0.1771,0
3645,60,West,Salaried,Retail,2024Q4,29734.0,753.0,29.2,55.1,67.45,54718.0,0.4104,0.34058,0
3646,56,North,Salaried,Transport,2025Q3,58773.0,686.0,33.89,67.92,81.61,198082.0,0.4885,0.63506,0
3647,46,South,Salaried,Transport,2025Q4,69206.0,743.0,15.67,58.32,56.37,163877.0,0.1669,0.25512,0
3648,30,South,Salaried,Construction,2025Q2,133587.0,710.0,42.95,39.81,75.64,370000.0,0.3295,0.45879,0
3649,54,East,SelfEmployed,Transport,2024Q4,77480.0,743.0,45.0,61.17,50.95,154974.0,0.2397,0.45039,0
3650,34,West,Salaried,IT,2025Q4,87912.0,706.0,55.06,63.51,47.46,86811.0,0.4157,0.60007,0
3651,28,West,Salaried,Retail,2025Q3,58063.0,808.0,68.56,57.65,59.81,112852.0,0.3131,0.50819,0
3652,47,South,Salaried,Healthcare,2025Q4,101718.0,576.0,47.16,23.46,61.41,36021.0,0.4478,0.60271,0
3653,30,West,Salaried,Healthcare,2025Q1,153797.0,744.0,16.7,50.54,81.86,68171.0,0.1888,0.29671,1
3654,35,North,Salaried,Healthcare,2025Q2,92288.0,757.0,15.31,84.59,65.3,37206.0,0.2931,0.40056,0
3655,57,North,Salaried,IT,2024Q4,71612.0,640.0,56.65,83.17,44.47,198984.0,0.5904,0.80586,0
3656,42,North,Salaried,Transport,2025Q3,29207.0,810.0,49.02,72.57,74.87,26159.0,0.3256,0.50623,0
3657,65,South,Salaried,Retail,2025Q2,97342.0,711.0,19.71,67.75,65.81,61570.0,0.4798,0.42127,0
3658,51,South,Salaried,Manufacturing,2025Q3,55351.0,703.0,25.2,18.8,58.24,35070.0,0.2231,0.19378,0
3659,22,East,Salaried,Manufacturing,2025Q4,61106.0,730.0,55.01,46.35,84.12,148161.0,0.1715,0.5812,0
3660,65,West,SelfEmployed,Construction,2025Q3,103293.0,759.0,43.97,14.99,48.49,82370.0,0.5186,0.17517,1
3661,51,South,Salaried,IT,2025Q3,68159.0,717.0,45.1,78.56,90.23,71623.0,0.4467,0.73733,1
3662,34,South,Salaried,Retail,2025Q4,77646.0,716.0,22.6,31.19,58.37,31984.0,0.2999,0.21571,0
3663,30,North,Salaried,Transport,2025Q4,98745.0,756.0,47.74,74.02,65.35,198446.0,0.5461,0.57795,0
3664,50,North,Salaried,Healthcare,2025Q2,62348.0,763.0,56.24,78.31,91.11,38167.0,0.2755,0.73209,0
3665,56,East,Salaried,IT,2024Q4,47776.0,729.0,63.12,85.32,81.87,55077.0,0.2472,0.82149,0
3666,67,South,Salaried,IT,2025Q4,91608.0,625.0,54.2,72.84,44.09,72912.0,0.3519,0.7702,0
3667,60,West,SelfEmployed,Retail,2025Q2,98859.0,654.0,44.58,55.83,71.81,106512.0,0.3175,0.66338,0
3668,35,North,Salaried,Transport,2025Q3,65561.0,770.0,50.4,58.84,57.07,59769.0,0.2108,0.44561,0
3669,34,North,Salaried,Construction,2025Q3,64322.0,695.0,39.11,33.85,67.97,199952.0,0.3359,0.39684,1
3670,51,South,SelfEmployed,Transport,2025Q1,52498.0,677.0,23.61,20.93,80.86,76028.0,0.3803,0.29484,0
3671,49,North,Business,Construction,2025Q4,97837.0,734.0,62.93,16.76,67.29,234766.0,0.4496,0.38762,0
3672,47,North,Salaried,Construction,2025Q2,127972.0,727.0,41.96,21.38,43.91,38409.0,0.669,0.21974,1
3673,41,East,Salaried,Healthcare,2025Q2,103289.0,698.0,45.66,89.06,69.15,105836.0,0.4969,0.7594,0
3674,29,North,Salaried,Healthcare,2024Q4,77720.0,751.0,69.41,19.8,41.33,43597.0,0.2229,0.32958,0
3675,40,East,Salaried,Retail,2025Q2,97911.0,640.0,69.1,70.14,59.16,65559.0,0.6767,0.84446,0
3676,55,South,Salaried,Transport,2025Q4,59205.0,615.0,45.18,21.62,66.29,28778.0,0.3561,0.5181,0
3677,35,North,Salaried,Construction,2025Q2,89210.0,793.0,12.04,92.78,75.46,191447.0,0.3898,0.39442,0
3678,44,South,SelfEmployed,Retail,2025Q1,52868.0,648.0,33.77,37.99,67.84,191374.0,0.2685,0.47366,0
3679,69,West,Salaried,Construction,2025Q3,76945.0,629.0,66.24,42.09,48.36,172494.0,0.3489,0.69721,0
3680,36,South,Salaried,IT,2025Q3,106892.0,692.0,27.3,41.41,91.27,143368.0,0.347,0.44688,0
3681,56,West,Salaried,Manufacturing,2025Q2,100301.0,708.0,69.96,78.48,75.77,499861.0,0.4317,0.8362,1
3682,31,North,SelfEmployed,Manufacturing,2025Q2,94212.0,684.0,15.06,24.65,57.43,84802.0,0.459,0.19153,0
3683,28,West,Salaried,Construction,2025Q2,90407.0,697.0,44.09,79.79,93.13,238089.0,0.3045,0.77466,0
3684,23,North,Salaried,Retail,2025Q2,61597.0,632.0,40.93,64.14,88.54,72627.0,0.4931,0.76936,0
3685,39,East,Salaried,Healthcare,2025Q1,83562.0,749.0,25.32,24.83,47.89,112105.0,0.2845,0.14241,0
3686,66,East,Salaried,Transport,2025Q4,99582.0,626.0,66.92,10.89,76.05,130148.0,0.484,0.62561,0
3687,61,West,Salaried,Construction,2025Q1,73921.0,711.0,47.15,74.75,70.8,20556.0,0.2711,0.68035,0
3688,23,South,Salaried,Construction,2025Q1,74885.0,723.0,23.81,24.71,50.6,67583.0,0.214,0.16913,0
3689,56,North,Salaried,Transport,2025Q1,68244.0,746.0,33.04,85.02,52.84,62612.0,0.3143,0.51095,0
3690,45,North,Salaried,Healthcare,2025Q3,72876.0,723.0,53.27,16.68,71.01,71862.0,0.3204,0.35441,0
3691,56,West,Salaried,Construction,2025Q1,60667.0,650.0,27.86,60.47,57.67,44244.0,0.2318,0.52787,0
3692,31,South,Salaried,IT,2025Q2,80602.0,687.0,62.78,67.3,85.92,82101.0,0.3045,0.81082,0
3693,36,West,Salaried,Healthcare,2025Q1,71993.0,671.0,19.94,64.19,45.38,93885.0,0.285,0.40454,0
3694,37,North,Salaried,IT,2025Q2,43144.0,623.0,25.87,33.44,90.27,36198.0,0.3503,0.51959,0
3695,62,South,Salaried,Manufacturing,2025Q4,145024.0,734.0,18.69,83.8,86.23,75077.0,0.4157,0.54427,0
3696,44,North,Salaried,Transport,2025Q3,54064.0,668.0,16.25,74.28,80.62,61463.0,0.3401,0.57612,0
3697,37,West,Business,Healthcare,2025Q4,76633.0,718.0,28.02,50.92,54.44,170049.0,0.2379,0.32843,0
3698,68,East,Salaried,Healthcare,2025Q4,81529.0,704.0,69.95,59.3,79.32,109652.0,0.3063,0.7755,0
3699,40,West,Salaried,Retail,2025Q3,66628.0,648.0,15.66,55.97,64.13,42680.0,0.4689,0.43804,0
3700,42,South,Salaried,Retail,2025Q2,77757.0,644.0,22.78,90.2,74.86,145000.0,0.2705,0.73312,0
3701,26,East,Business,Transport,2025Q2,59536.0,692.0,26.3,85.68,57.19,70547.0,0.2346,0.5881,0
3702,27,East,SelfEmployed,Healthcare,2025Q2,98179.0,638.0,47.15,26.19,85.97,76436.0,0.1655,0.58827,0
3703,34,South,Salaried,Manufacturing,2025Q3,79444.0,764.0,54.72,28.65,42.23,38307.0,0.2679,0.2643,0
3704,31,West,Salaried,Construction,2025Q1,97960.0,784.0,55.12,93.33,78.03,84251.0,0.449,0.72818,0
3705,32,West,Salaried,Transport,2024Q4,116747.0,753.0,10.52,26.29,85.57,141676.0,0.2623,0.15868,0
3706,66,West,Salaried,Transport,2025Q1,72969.0,729.0,49.11,90.81,75.55,61795.0,0.3456,0.7583,0
3707,25,East,SelfEmployed,Retail,2025Q1,99336.0,713.0,47.84,63.48,50.56,221086.0,0.2912,0.54332,0
3708,25,South,Salaried,Manufacturing,2025Q4,118409.0,652.0,41.06,9.51,55.67,137606.0,0.2841,0.30697,0
3709,40,South,Salaried,Transport,2024Q4,76913.0,756.0,32.75,35.22,68.32,40779.0,0.5076,0.258,0
3710,35,West,SelfEmployed,Manufacturing,2025Q2,97277.0,785.0,57.85,47.85,58.12,87816.0,0.3321,0.40622,0
3711,46,North,SelfEmployed,Transport,2025Q1,68368.0,691.0,30.63,79.98,40.27,27899.0,0.1994,0.52295,0
3712,53,East,Salaried,Retail,2025Q3,109930.0,708.0,23.8,34.57,42.24,37183.0,0.1667,0.20552,0
3713,50,East,Salaried,Construction,2025Q1,67505.0,666.0,28.61,32.95,82.23,21629.0,0.2231,0.42332,0
3714,44,East,Salaried,Retail,2025Q2,97577.0,692.0,36.38,87.82,44.6,23760.0,0.2093,0.62756,1
3715,43,West,SelfEmployed,Transport,2025Q1,104878.0,641.0,22.84,12.11,91.04,59432.0,0.4534,0.33784,1
3716,29,South,SelfEmployed,Manufacturing,2025Q4,50526.0,694.0,46.45,54.64,64.35,64030.0,0.325,0.5676,0
3717,23,South,Salaried,IT,2025Q4,63332.0,734.0,63.05,50.38,81.7,85737.0,0.3579,0.64708,0
3718,56,North,Salaried,Retail,2025Q1,62320.0,728.0,45.73,10.16,46.9,39045.0,0.3199,0.19882,0
3719,68,South,SelfEmployed,Manufacturing,2025Q4,106998.0,724.0,36.8,12.9,90.96,131088.0,0.3258,0.28916,0
3720,27,South,Salaried,Retail,2025Q3,50616.0,576.0,57.81,39.38,41.86,62969.0,0.463,0.69864,0
3721,42,South,Salaried,Transport,2024Q4,88142.0,713.0,54.88,17.07,42.32,90867.0,0.4719,0.29049,0
3722,34,West,SelfEmployed,Manufacturing,2025Q1,98162.0,744.0,32.02,48.03,43.0,7667.0,0.5647,0.2605,0
3723,68,West,Salaried,Construction,2025Q3,84235.0,710.0,46.25,59.8,45.69,73285.0,0.2446,0.49791,1
3724,49,North,Salaried,Manufacturing,2025Q3,111868.0,772.0,53.79,67.23,66.78,126881.0,0.3031,0.55389,0
3725,36,South,SelfEmployed,Healthcare,2025Q3,31885.0,705.0,24.73,54.18,83.36,14862.0,0.3734,0.45279,0
3726,68,West,SelfEmployed,IT,2025Q2,95198.0,732.0,31.98,39.17,55.67,74838.0,0.5388,0.27267,0
3727,54,North,Salaried,Transport,2025Q1,75456.0,655.0,16.35,16.68,81.02,42093.0,0.2667,0.26577,0
3728,30,North,Salaried,Manufacturing,2025Q1,42372.0,742.0,69.26,27.27,82.57,215010.0,0.4635,0.54,0
3729,27,North,Salaried,Transport,2025Q1,52973.0,753.0,15.15,42.75,89.96,29702.0,0.2768,0.25854,0
3730,45,East,Salaried,Retail,2024Q4,119128.0,671.0,20.12,88.17,48.21,331966.0,0.4668,0.56585,0
3731,47,North,Salaried,Retail,2025Q3,95806.0,631.0,38.79,23.23,47.45,180699.0,0.3612,0.37879,0
3732,35,West,SelfEmployed,Manufacturing,2025Q1,100048.0,685.0,61.92,42.2,46.72,79183.0,0.2249,0.55764,0
3733,52,South,Salaried,Healthcare,2025Q4,103974.0,655.0,31.35,70.91,59.76,26772.0,0.3358,0.61512,0
3734,48,South,Salaried,Manufacturing,2025Q2,46079.0,743.0,56.12,68.47,66.92,53042.0,0.4237,0.6354,0
3735,29,North,Salaried,Construction,2024Q4,86143.0,683.0,50.56,91.9,65.39,118224.0,0.05,0.80696,1
3736,27,South,Business,Healthcare,2025Q2,107460.0,750.0,48.32,22.18,54.14,79000.0,0.4592,0.25352,1
3737,36,East,Salaried,Transport,2025Q3,69935.0,624.0,60.7,6.49,74.21,33896.0,0.1741,0.55092,0
3738,46,West,Salaried,Manufacturing,2025Q4,114061.0,664.0,10.85,34.01,58.61,158779.0,0.3238,0.23853,0
3739,55,West,Salaried,Transport,2025Q3,64685.0,668.0,65.75,18.47,60.13,68376.0,0.3369,0.52308,0
3740,37,East,Salaried,IT,2025Q1,83119.0,725.0,59.75,54.36,45.8,89134.0,0.05,0.53431,1
3741,43,West,Salaried,Healthcare,2025Q2,89938.0,596.0,66.27,85.89,72.57,146731.0,0.2763,0.92808,0
3742,28,West,Salaried,Manufacturing,2025Q4,98865.0,695.0,57.62,66.94,76.04,135615.0,0.4001,0.74714,1
3743,22,West,Salaried,IT,2025Q2,72807.0,690.0,62.72,17.22,81.69,155750.0,0.5736,0.52938,0
3744,51,North,Salaried,Manufacturing,2024Q4,105303.0,730.0,22.18,15.45,89.72,119257.0,0.4487,0.20726,0
3745,52,North,Salaried,Construction,2025Q4,90700.0,713.0,29.15,87.03,82.13,45764.0,0.4586,0.66377,0
3746,49,North,Salaried,Retail,2024Q4,39030.0,658.0,28.91,48.88,52.97,70997.0,0.091,0.43143,0
3747,23,East,Salaried,Transport,2025Q4,125914.0,586.0,16.55,88.13,52.96,188094.0,0.3138,0.7126,1
3748,28,South,Salaried,Manufacturing,2025Q1,56053.0,668.0,53.77,71.26,90.33,28446.0,0.5684,0.81888,0
3749,22,South,Salaried,Healthcare,2025Q2,127975.0,640.0,18.17,94.4,83.46,33203.0,0.4698,0.75665,1
3750,51,West,Salaried,Manufacturing,2025Q2,76058.0,644.0,13.15,83.41,83.02,106816.0,0.2885,0.66304,1
3751,69,West,Salaried,Manufacturing,2025Q3,71402.0,670.0,56.53,42.28,79.58,68654.0,0.3637,0.66594,0
3752,57,West,Salaried,Manufacturing,2025Q4,89981.0,755.0,64.28,73.24,54.7,22634.0,0.4676,0.65477,0
3753,40,South,Salaried,Manufacturing,2025Q4,62535.0,640.0,55.85,47.41,86.61,119285.0,0.4645,0.75736,0
3754,49,East,Salaried,Healthcare,2024Q4,32852.0,608.0,59.52,25.98,47.86,100413.0,0.3348,0.59607,0
3755,37,South,Business,Healthcare,2025Q4,77267.0,678.0,45.74,26.69,59.25,462337.0,0.3206,0.40208,1
3756,30,North,SelfEmployed,Manufacturing,2025Q2,89376.0,695.0,63.26,40.76,59.06,83753.0,0.403,0.58547,0
3757,61,North,Salaried,Retail,2025Q4,118444.0,691.0,39.8,15.03,70.81,322554.0,0.467,0.31086,1
3758,42,South,Salaried,Manufacturing,2025Q3,50216.0,674.0,69.3,21.0,65.49,145587.0,0.3029,0.57359,0
3759,26,South,Salaried,Transport,2025Q3,94506.0,697.0,16.2,50.05,65.29,19587.0,0.128,0.31963,0
3760,63,West,Salaried,Transport,2025Q2,77402.0,722.0,58.55,90.85,70.45,74713.0,0.3404,0.80372,0
3761,54,North,Salaried,Healthcare,2025Q2,80826.0,662.0,48.48,56.99,62.85,69915.0,0.1984,0.65151,0
3762,51,East,Salaried,Transport,2025Q2,104301.0,765.0,44.84,41.76,53.75,68711.0,0.582,0.30461,0
3763,32,South,Salaried,Transport,2025Q4,67214.0,700.0,53.55,26.84,76.53,39936.0,0.2356,0.4815,0
3764,32,South,SelfEmployed,Construction,2025Q4,84188.0,764.0,60.42,22.63,83.48,128198.0,0.3359,0.40604,0
3765,36,South,Salaried,Manufacturing,2025Q1,107248.0,724.0,61.77,64.26,66.34,57472.0,0.2648,0.6811,1
3766,45,South,SelfEmployed,Manufacturing,2024Q4,105740.0,641.0,20.52,81.35,75.72,166560.0,0.2878,0.6813,0
3767,42,East,SelfEmployed,Manufacturing,2025Q4,49493.0,602.0,21.82,40.9,69.44,150281.0,0.4501,0.49974,0
3768,47,South,Salaried,Manufacturing,2025Q1,64677.0,769.0,10.97,54.56,43.24,61873.0,0.4764,0.15357,0
3769,44,North,Salaried,IT,2025Q1,76407.0,660.0,17.91,68.61,63.27,47829.0,0.4287,0.50574,0
3770,32,North,Salaried,Manufacturing,2025Q3,100348.0,705.0,25.83,10.25,40.54,49471.0,0.4662,0.13034,0
3771,38,South,Salaried,Healthcare,2025Q4,73720.0,677.0,53.26,36.58,76.4,74523.0,0.2869,0.58507,0
3772,65,West,Salaried,Healthcare,2025Q1,82068.0,784.0,38.55,70.68,67.95,91632.0,0.2185,0.44322,0
3773,67,South,Salaried,IT,2025Q3,111258.0,706.0,55.47,66.62,46.98,53440.0,0.2601,0.61943,0
3774,36,East,Salaried,Manufacturing,2024Q4,71534.0,634.0,39.19,9.8,69.82,54695.0,0.4017,0.37647,0
3775,24,East,Business,Retail,2025Q3,116829.0,695.0,43.34,26.4,89.41,89290.0,0.496,0.45945,0
3776,32,West,Salaried,Manufacturing,2024Q4,39864.0,772.0,16.66,66.2,58.73,150719.0,0.2018,0.26132,0
3777,69,West,Business,Healthcare,2025Q2,70181.0,662.0,56.59,29.43,94.03,86706.0,0.3074,0.65628,1
3778,53,East,Salaried,Construction,2025Q2,45871.0,624.0,55.49,78.3,92.77,71717.0,0.3172,0.8929,0
3779,42,East,SelfEmployed,Transport,2025Q3,82917.0,750.0,28.45,7.66,83.19,86336.0,0.2572,0.16681,0
3780,38,West,Salaried,Construction,2025Q2,98775.0,656.0,29.71,22.13,84.76,20803.0,0.4216,0.39337,0
3781,68,South,Salaried,Retail,2025Q4,75970.0,617.0,23.18,30.32,62.58,62178.0,0.4698,0.39176,0
3782,53,South,SelfEmployed,Manufacturing,2025Q3,68139.0,658.0,58.83,88.28,62.14,30344.0,0.6444,0.85066,0
3783,47,North,Salaried,IT,2025Q1,46010.0,722.0,54.82,76.67,92.49,49928.0,0.587,0.7809,0
3784,62,West,Salaried,Manufacturing,2025Q4,122033.0,731.0,46.55,84.57,60.14,38545.0,0.4448,0.65987,0
3785,39,West,Salaried,Retail,2025Q3,79440.0,729.0,24.33,44.64,45.33,38181.0,0.2948,0.23051,0
3786,68,North,Salaried,Retail,2024Q4,68696.0,651.0,20.31,79.03,48.4,36697.0,0.4348,0.55122,1
3787,34,East,Salaried,Transport,2025Q2,119063.0,757.0,13.02,81.81,79.07,372405.0,0.1154,0.41807,0
3788,45,South,SelfEmployed,Retail,2025Q2,71199.0,748.0,12.74,41.0,61.06,70296.0,0.4294,0.17396,0
3789,54,North,Salaried,Construction,2025Q2,57241.0,734.0,21.23,94.5,50.96,169920.0,0.3939,0.49837,0
3790,44,West,Salaried,Transport,2025Q3,62243.0,649.0,16.03,81.61,84.76,124549.0,0.3592,0.66789,0
3791,58,North,SelfEmployed,Manufacturing,2025Q4,58569.0,674.0,43.37,92.67,66.88,118411.0,0.2562,0.7904,0
3792,43,North,Salaried,Manufacturing,2024Q4,53349.0,725.0,31.49,82.98,71.22,107007.0,0.4453,0.59474,0
3793,25,East,Salaried,IT,2025Q2,62664.0,740.0,36.7,74.86,48.47,314953.0,0.2312,0.46981,0
3794,64,East,SelfEmployed,Retail,2025Q4,140374.0,652.0,45.64,89.95,50.6,98643.0,0.4766,0.77852,1
3795,56,North,Salaried,Retail,2025Q1,51254.0,804.0,49.55,42.78,46.92,21030.0,0.4221,0.25428,0
3796,44,East,Salaried,Healthcare,2025Q1,42696.0,701.0,48.89,75.5,68.3,64735.0,0.4015,0.70545,0
3797,56,South,Salaried,Transport,2024Q4,86951.0,760.0,25.65,24.16,82.66,35158.0,0.2319,0.2026,0
3798,25,North,Salaried,Healthcare,2025Q2,78101.0,640.0,58.58,70.95,80.28,27447.0,0.2717,0.84754,0
3799,59,North,Salaried,Transport,2025Q1,96501.0,720.0,65.06,75.68,54.37,98929.0,0.1716,0.7315,0
3800,26,East,Salaried,Construction,2025Q4,66148.0,639.0,28.96,69.49,86.84,17120.0,0.4508,0.71069,0
3801,65,South,SelfEmployed,Transport,2025Q4,58287.0,717.0,11.02,81.48,45.81,78909.0,0.3544,0.35932,0
3802,56,West,Salaried,Manufacturing,2025Q1,121843.0,734.0,63.95,42.2,46.27,23080.0,0.2855,0.47435,0
3803,65,West,Salaried,IT,2025Q2,39708.0,737.0,65.41,54.03,86.71,64679.0,0.3336,0.69405,0
3804,24,West,Business,Transport,2024Q4,89015.0,668.0,13.06,5.96,53.44,125943.0,0.476,0.13013,0
3805,30,South,Salaried,Transport,2025Q2,97258.0,608.0,10.3,18.14,78.95,46300.0,0.2133,0.30583,0
3806,21,West,SelfEmployed,Transport,2025Q3,100543.0,726.0,58.98,62.98,40.5,31957.0,0.2974,0.56039,1
3807,41,South,Salaried,IT,2025Q1,72415.0,686.0,28.09,55.61,45.15,57619.0,0.1604,0.38193,0
3808,60,South,SelfEmployed,Retail,2025Q3,48794.0,686.0,64.87,22.76,73.51,112815.0,0.2237,0.55644,1
3809,59,North,Salaried,IT,2025Q1,117488.0,658.0,23.0,26.91,50.03,90436.0,0.3199,0.25968,1
3810,57,North,Salaried,Retail,2024Q4,68861.0,705.0,61.67,35.97,41.55,69553.0,0.4801,0.45745,0
3811,23,East,Salaried,Manufacturing,2025Q2,118250.0,708.0,14.12,69.48,65.68,40715.0,0.427,0.39675,0
3812,67,South,Salaried,IT,2025Q2,89202.0,766.0,25.64,59.87,58.18,55002.0,0.4687,0.29063,0
3813,51,North,SelfEmployed,Retail,2025Q1,67902.0,597.0,68.39,11.26,84.12,118513.0,0.4296,0.71413,1
3814,47,East,Salaried,Manufacturing,2025Q4,89836.0,636.0,23.87,73.39,85.04,66596.0,0.2347,0.69884,1
3815,37,South,Salaried,Manufacturing,2025Q3,108770.0,734.0,17.98,28.64,73.79,86632.0,0.5534,0.19673,0
3816,43,East,SelfEmployed,Retail,2025Q2,82052.0,587.0,61.42,65.46,56.12,56834.0,0.439,0.84849,0
3817,33,South,Salaried,Retail,2025Q2,61560.0,669.0,17.07,16.1,65.39,33153.0,0.5656,0.20533,0
3818,67,West,Salaried,Construction,2025Q1,35311.0,839.0,15.85,94.81,78.62,297095.0,0.5509,0.35744,0
3819,47,West,Salaried,Manufacturing,2025Q4,69394.0,693.0,29.41,12.23,43.81,126615.0,0.339,0.16805,0
3820,40,South,Salaried,Retail,2025Q3,100191.0,747.0,48.12,71.76,58.29,88797.0,0.2913,0.55904,0
3821,66,South,Salaried,Manufacturing,2025Q4,54742.0,616.0,52.64,53.72,85.23,65181.0,0.0818,0.79802,0
3822,33,South,Business,IT,2025Q4,97029.0,747.0,62.87,12.73,62.33,197834.0,0.3699,0.32404,0
3823,64,West,Salaried,Healthcare,2025Q1,80705.0,688.0,42.45,7.41,74.36,41875.0,0.3453,0.30439,1
3824,44,South,Salaried,Healthcare,2025Q4,98637.0,724.0,33.61,37.64,45.3,116876.0,0.2733,0.25626,0
3825,61,North,SelfEmployed,Transport,2025Q3,21519.0,739.0,31.53,77.2,82.74,75091.0,0.2901,0.57571,0
3826,23,North,Salaried,Retail,2024Q4,44492.0,680.0,60.81,8.7,45.53,60855.0,0.4123,0.3508,0
3827,63,South,Salaried,Retail,2024Q4,68435.0,735.0,53.43,68.4,87.38,60221.0,0.1239,0.699,0
3828,30,South,Salaried,Manufacturing,2025Q3,126657.0,647.0,64.33,63.98,45.86,182423.0,0.5037,0.75834,0
3829,21,West,Salaried,Transport,2025Q1,61143.0,711.0,67.84,28.9,89.0,19735.0,0.455,0.62298,1
3830,69,North,Salaried,Retail,2025Q2,76830.0,737.0,28.0,11.97,60.01,234596.0,0.3072,0.14729,0
3831,33,South,Salaried,Manufacturing,2025Q1,133768.0,679.0,41.78,87.38,74.35,149742.0,0.3409,0.77271,0
3832,34,West,Salaried,Retail,2025Q3,90716.0,655.0,47.91,32.03,86.56,75070.0,0.3881,0.59707,0
3833,53,West,SelfEmployed,Manufacturing,2025Q4,101491.0,683.0,19.83,15.02,40.56,61947.0,0.4478,0.14343,0
3834,22,South,Salaried,Retail,2024Q4,63942.0,768.0,13.2,66.34,54.61,72594.0,0.5935,0.23634,0
3835,22,South,Business,Construction,2025Q4,109475.0,760.0,62.07,24.5,89.96,102666.0,0.2869,0.4613,0
3836,59,South,Salaried,Manufacturing,2025Q1,113285.0,750.0,42.13,47.81,61.35,173527.0,0.5137,0.37234,0
3837,61,West,Salaried,Construction,2025Q3,92540.0,793.0,44.25,9.54,78.85,102614.0,0.3234,0.18319,0
3838,51,North,Salaried,Construction,2024Q4,77851.0,710.0,43.29,94.37,47.7,88838.0,0.3022,0.688,0
3839,24,West,Business,Construction,2025Q3,93986.0,720.0,55.3,45.29,77.31,74498.0,0.319,0.57281,0
3840,54,East,Salaried,Construction,2024Q4,39358.0,600.0,18.73,94.92,44.02,20126.0,0.48,0.70934,0
3841,39,South,Salaried,IT,2024Q4,107216.0,660.0,46.84,39.71,79.45,22879.0,0.2813,0.60115,0
3842,57,North,SelfEmployed,Transport,2024Q4,58772.0,738.0,38.17,36.31,57.81,157983.0,0.3628,0.29211,0
3843,29,South,Salaried,Healthcare,2025Q1,73035.0,758.0,63.82,87.31,65.62,101788.0,0.2884,0.75392,0
3844,44,South,SelfEmployed,IT,2025Q3,112939.0,639.0,41.18,34.65,49.14,130506.0,0.2986,0.457,0
3845,33,North,Salaried,Retail,2025Q2,107439.0,705.0,66.58,43.88,74.53,128838.0,0.5121,0.66223,0
3846,64,East,SelfEmployed,Retail,2025Q2,39472.0,829.0,31.2,12.03,58.57,112325.0,0.3487,0.08203,0
3847,50,West,Business,Transport,2025Q2,56317.0,705.0,68.01,90.99,61.09,134346.0,0.2701,0.84423,0
3848,39,East,Salaried,Healthcare,2025Q3,96003.0,789.0,62.51,12.66,75.87,40177.0,0.2979,0.29198,0
3849,61,East,Salaried,Healthcare,2025Q4,36515.0,729.0,45.06,74.41,49.84,108708.0,0.3835,0.55641,0
3850,30,North,Salaried,Healthcare,2025Q3,115484.0,741.0,31.22,53.48,86.86,100410.0,0.3437,0.43769,0
3851,62,South,Business,Construction,2024Q4,82948.0,660.0,32.56,10.53,80.66,184629.0,0.3503,0.32517,0
3852,64,North,Salaried,IT,2025Q4,115323.0,622.0,56.37,5.15,71.78,5804.0,0.3141,0.50609,0
3853,34,East,Salaried,Retail,2024Q4,61378.0,750.0,44.84,89.2,47.06,389622.0,0.4753,0.59463,0
3854,60,West,Salaried,IT,2024Q4,63596.0,727.0,34.1,71.8,77.79,132356.0,0.4192,0.56697,1
3855,68,East,Salaried,IT,2025Q3,105854.0,713.0,48.16,66.78,41.0,87498.0,0.323,0.53063,0
3856,69,North,Salaried,IT,2025Q2,72591.0,637.0,53.99,44.47,84.24,37539.0,0.3656,0.73089,0
3857,40,South,Salaried,Healthcare,2025Q4,48977.0,690.0,11.37,26.48,56.71,59625.0,0.2522,0.17232,0
3858,24,East,Salaried,Transport,2025Q1,94037.0,676.0,15.39,66.19,46.45,93228.0,0.3412,0.37859,0
3859,58,South,Salaried,Transport,2025Q2,40191.0,681.0,15.67,59.75,49.05,235459.0,0.2672,0.34247,0
3860,64,West,Salaried,Healthcare,2025Q1,116053.0,723.0,23.92,70.37,92.97,212772.0,0.3735,0.54756,0
3861,59,West,Salaried,Retail,2025Q3,84605.0,749.0,35.62,37.92,82.56,112768.0,0.3376,0.34622,0
3862,25,East,SelfEmployed,Retail,2025Q4,57759.0,726.0,58.22,93.82,53.08,121966.0,0.3211,0.7654,0
3863,62,South,SelfEmployed,Retail,2025Q3,108630.0,721.0,31.07,11.03,92.99,84052.0,0.3671,0.25675,0
3864,52,South,Salaried,Transport,2025Q1,109070.0,716.0,11.05,12.17,47.71,35913.0,0.3858,0.09291,0
3865,26,North,Salaried,Transport,2024Q4,80093.0,700.0,39.0,87.52,80.34,42282.0,0.4808,0.74271,0
3866,34,South,Salaried,IT,2025Q3,136885.0,664.0,69.8,63.29,76.12,143662.0,0.4434,0.83252,1
3867,26,South,Salaried,Healthcare,2025Q4,136309.0,713.0,30.94,34.37,85.18,119932.0,0.4641,0.36926,0
3868,34,East,Salaried,Construction,2025Q3,88084.0,751.0,67.68,73.58,60.99,47503.0,0.3078,0.70594,1
3869,32,East,Salaried,IT,2025Q2,106635.0,704.0,16.08,45.75,62.1,43070.0,0.3845,0.27456,0
3870,47,North,Salaried,Manufacturing,2025Q3,112720.0,659.0,20.39,6.9,74.35,115021.0,0.5582,0.21829,0
3871,46,South,Business,Transport,2025Q1,51627.0,644.0,53.45,63.6,61.9,59234.0,0.3384,0.74422,0
3872,32,North,Salaried,IT,2025Q3,87168.0,658.0,40.07,26.88,42.27,42063.0,0.3655,0.34253,0
3873,28,North,Salaried,Healthcare,2025Q4,62954.0,647.0,55.91,15.38,80.13,92907.0,0.3671,0.54661,0
3874,30,West,Salaried,Manufacturing,2025Q3,59427.0,850.0,61.81,25.27,75.25,117405.0,0.3375,0.25257,0
3875,36,North,Business,IT,2025Q3,83040.0,662.0,25.07,47.85,63.3,33802.0,0.5046,0.42655,0
3876,46,South,Salaried,Healthcare,2025Q4,84919.0,708.0,50.97,9.49,56.66,57696.0,0.2969,0.27949,0
3877,28,North,Salaried,Healthcare,2025Q3,39700.0,705.0,46.46,84.48,57.64,122012.0,0.4796,0.69605,0
3878,61,West,Salaried,Transport,2025Q4,88593.0,788.0,61.69,55.39,80.76,220164.0,0.4423,0.56096,1
3879,65,East,Salaried,Construction,2025Q1,73726.0,734.0,35.81,31.37,80.1,89731.0,0.3427,0.32983,0
3880,49,North,Salaried,IT,2025Q4,114948.0,733.0,13.11,66.83,85.04,51192.0,0.3007,0.39483,0
3881,40,South,Salaried,Healthcare,2025Q1,109068.0,720.0,44.45,77.38,81.92,40911.0,0.3461,0.69849,0
3882,37,East,Salaried,Retail,2025Q1,58600.0,725.0,67.53,60.25,81.69,73029.0,0.4891,0.74204,0
3883,39,West,Salaried,Healthcare,2025Q4,112818.0,728.0,10.88,23.22,53.85,71197.0,0.4792,0.11846,0
3884,37,North,Salaried,Construction,2025Q3,93399.0,675.0,24.42,14.93,45.59,16141.0,0.446,0.18027,0
3885,59,West,SelfEmployed,Healthcare,2025Q2,74543.0,660.0,28.96,82.39,81.9,22305.0,0.3396,0.72726,0
3886,21,West,Salaried,Transport,2025Q4,67196.0,713.0,55.95,26.12,45.42,14784.0,0.3552,0.35597,0
3887,49,West,SelfEmployed,IT,2025Q3,51309.0,680.0,29.4,6.81,94.02,73886.0,0.4252,0.29288,1
3888,34,East,Salaried,Transport,2025Q1,49550.0,720.0,24.35,62.86,88.13,152763.0,0.3216,0.49068,0
3889,37,East,Salaried,IT,2024Q4,34322.0,651.0,48.91,18.76,69.34,138409.0,0.4505,0.46789,0
3890,33,South,Salaried,Manufacturing,2025Q2,80522.0,629.0,12.78,94.19,59.37,29861.0,0.3682,0.66757,0
3891,49,West,Salaried,IT,2025Q3,28499.0,640.0,20.24,83.28,68.98,38493.0,0.4717,0.66963,0
3892,54,South,SelfEmployed,Manufacturing,2025Q2,58337.0,706.0,34.48,59.76,80.39,29397.0,0.1803,0.54656,0
3893,47,East,Business,Transport,2024Q4,96421.0,621.0,31.34,80.05,81.6,77829.0,0.2771,0.78518,0
3894,66,South,Salaried,Retail,2024Q4,117332.0,817.0,30.83,47.35,44.05,139754.0,0.31,0.15863,0
3895,53,East,Salaried,Construction,2024Q4,51290.0,817.0,16.51,75.96,84.27,162148.0,0.3995,0.31422,0
3896,49,West,Salaried,Retail,2025Q4,95240.0,759.0,31.65,63.19,75.28,45443.0,0.3049,0.42283,0
3897,57,North,Salaried,Manufacturing,2025Q2,72258.0,690.0,57.88,7.58,42.23,79003.0,0.6116,0.29773,0
3898,59,West,Salaried,Healthcare,2025Q4,67095.0,683.0,34.83,90.39,57.22,43437.0,0.2038,0.68907,0
3899,39,South,Salaried,Healthcare,2024Q4,83867.0,726.0,45.17,82.48,68.09,74320.0,0.4724,0.67436,0
3900,66,West,Business,Retail,2025Q3,63629.0,743.0,19.81,90.81,50.36,46910.0,0.4976,0.44462,1
3901,44,South,Salaried,Healthcare,2024Q4,77896.0,726.0,14.18,70.82,48.54,49426.0,0.4098,0.31298,0
3902,34,South,Business,Manufacturing,2025Q4,81773.0,638.0,62.8,42.09,40.79,28983.0,0.3121,0.63285,0
3903,67,West,SelfEmployed,Transport,2024Q4,109015.0,700.0,29.88,23.63,90.14,8916.0,0.3477,0.34136,1
3904,57,South,SelfEmployed,Construction,2024Q4,114437.0,739.0,31.02,21.2,43.09,55976.0,0.448,0.15346,0
3905,25,West,Salaried,IT,2025Q4,65036.0,580.0,62.66,18.04,60.13,92701.0,0.1582,0.6664,1
3906,44,South,Salaried,Manufacturing,2025Q4,73251.0,649.0,52.47,24.85,51.32,84359.0,0.2739,0.46791,0
3907,54,South,Salaried,Manufacturing,2025Q3,100105.0,739.0,55.38,54.56,80.76,25650.0,0.2855,0.60472,0
3908,51,South,Salaried,IT,2025Q4,75476.0,693.0,50.92,66.54,78.9,15071.0,0.4154,0.71744,0
3909,50,East,Salaried,IT,2025Q3,97858.0,693.0,16.35,33.27,84.34,69159.0,0.4807,0.29819,0
3910,29,South,Business,Construction,2025Q1,102555.0,771.0,67.48,54.39,73.92,32477.0,0.5877,0.60473,1
3911,47,North,SelfEmployed,Construction,2025Q1,105480.0,707.0,64.55,35.71,72.54,53356.0,0.1263,0.5893,0
3912,48,South,SelfEmployed,Construction,2025Q4,82194.0,684.0,24.17,67.69,62.39,32263.0,0.2267,0.49538,0
3913,62,North,SelfEmployed,Healthcare,2024Q4,50913.0,693.0,58.24,93.96,75.0,24607.0,0.3089,0.85533,0
3914,46,West,Salaried,Manufacturing,2025Q2,75802.0,695.0,34.56,67.01,46.34,165930.0,0.4167,0.48714,0
3915,38,West,Salaried,Transport,2024Q4,67318.0,664.0,51.03,10.31,77.65,100905.0,0.4417,0.43549,0
3916,56,South,Salaried,IT,2025Q4,99428.0,698.0,19.94,47.95,45.71,71870.0,0.2085,0.26904,0
3917,28,East,Salaried,Manufacturing,2025Q3,118137.0,647.0,42.31,74.33,87.4,136219.0,0.3952,0.7958,0
3918,38,South,SelfEmployed,Manufacturing,2024Q4,118841.0,692.0,17.6,53.8,67.81,74031.0,0.05,0.36744,0
3919,40,East,Salaried,Construction,2025Q1,102138.0,682.0,42.17,90.6,69.17,56110.0,0.385,0.77111,0
3920,52,West,Salaried,Construction,2025Q4,56630.0,723.0,24.62,9.93,72.17,233421.0,0.3469,0.16623,0
3921,49,West,Salaried,Manufacturing,2024Q4,115079.0,793.0,37.15,31.2,82.68,244301.0,0.338,0.24757,0
3922,69,South,Salaried,Construction,2024Q4,90663.0,724.0,50.08,24.86,66.32,36083.0,0.303,0.35997,0
3923,68,West,Salaried,Healthcare,2025Q3,59381.0,716.0,62.62,74.09,63.52,88513.0,0.3392,0.74236,0
3924,38,South,SelfEmployed,IT,2025Q3,101548.0,723.0,19.92,52.14,55.86,80869.0,0.3886,0.2801,0
3925,27,West,Salaried,Manufacturing,2025Q3,74474.0,663.0,63.6,17.45,47.04,133786.0,0.5493,0.46243,0
3926,21,North,Salaried,IT,2025Q2,31262.0,749.0,33.4,30.7,50.47,34846.0,0.1958,0.20389,1
3927,48,East,Salaried,Healthcare,2025Q4,55493.0,732.0,60.63,52.04,40.03,178648.0,0.3173,0.49036,0
3928,53,East,Salaried,Construction,2025Q4,78367.0,708.0,40.75,94.65,87.82,38279.0,0.4149,0.79347,0
3929,24,East,Salaried,Retail,2025Q1,77381.0,730.0,61.73,37.79,82.07,66544.0,0.3428,0.57237,0
3930,40,North,Business,Healthcare,2025Q1,53376.0,728.0,49.77,19.11,52.03,33008.0,0.3649,0.27432,0
3931,56,West,Salaried,Retail,2025Q4,98777.0,728.0,40.52,49.74,40.13,50288.0,0.2796,0.33986,0
3932,51,North,Salaried,IT,2024Q4,92994.0,765.0,28.75,32.92,67.07,35441.0,0.449,0.20982,0
3933,58,East,Salaried,Manufacturing,2025Q4,44106.0,668.0,68.13,55.94,62.69,37478.0,0.0893,0.75702,0
3934,48,North,Salaried,Construction,2025Q2,145835.0,782.0,58.05,47.0,82.68,125565.0,0.2309,0.5,1
3935,23,South,Salaried,Healthcare,2025Q1,49635.0,622.0,32.87,67.05,62.16,70923.0,0.5847,0.67262,1
3936,26,South,Salaried,Construction,2025Q1,68556.0,746.0,20.0,87.29,87.53,295347.0,0.2025,0.55575,0
3937,65,South,Salaried,Retail,2025Q1,89385.0,719.0,56.77,23.05,45.27,62770.0,0.2454,0.33283,0
3938,43,North,SelfEmployed,Retail,2025Q4,68636.0,657.0,69.4,78.91,60.12,42190.0,0.2555,0.85816,0
3939,27,North,Salaried,Transport,2025Q1,116357.0,767.0,26.74,90.43,91.37,50666.0,0.2851,0.59886,0
3940,56,South,Salaried,Manufacturing,2025Q1,75618.0,610.0,64.95,38.62,40.65,65639.0,0.3477,0.67739,0
3941,21,West,Salaried,Retail,2025Q4,56957.0,799.0,17.52,15.23,61.49,90976.0,0.4795,0.07826,0
3942,26,West,Salaried,Manufacturing,2024Q4,95363.0,834.0,67.13,78.97,54.28,55258.0,0.4073,0.55713,0
3943,44,North,SelfEmployed,Transport,2025Q1,20000.0,701.0,54.72,68.1,69.25,29675.0,0.3217,0.70572,0
3944,57,South,Business,Healthcare,2025Q1,93345.0,653.0,30.8,24.14,55.33,140587.0,0.5599,0.3164,0
3945,65,North,Salaried,Transport,2025Q1,112248.0,678.0,28.28,45.07,87.84,171652.0,0.2999,0.49174,0
3946,56,North,SelfEmployed,Manufacturing,2025Q2,22333.0,764.0,48.61,57.02,91.54,54281.0,0.3569,0.56162,0
3947,44,East,SelfEmployed,Retail,2025Q4,69900.0,692.0,45.61,20.29,86.7,206934.0,0.3643,0.43484,0
3948,58,East,Business,IT,2025Q1,38846.0,549.0,65.14,69.34,61.92,51361.0,0.4516,0.91118,0
3949,65,North,Salaried,Manufacturing,2025Q2,80328.0,731.0,55.97,67.09,94.45,151720.0,0.2119,0.73584,0
3950,49,North,Salaried,Construction,2024Q4,136088.0,759.0,42.42,84.84,80.43,37616.0,0.2271,0.65177,0
3951,57,North,Salaried,IT,2024Q4,85732.0,738.0,65.65,56.05,59.56,385154.0,0.4631,0.61255,0
3952,65,West,SelfEmployed,Manufacturing,2025Q2,74535.0,747.0,45.56,56.69,45.15,21356.0,0.5642,0.39775,1
3953,52,West,Salaried,Construction,2024Q4,20000.0,798.0,60.98,60.74,76.69,33854.0,0.3063,0.5529,0
3954,45,North,Salaried,Transport,2025Q3,52347.0,698.0,60.46,29.64,80.07,340630.0,0.1986,0.5668,0
3955,30,North,Salaried,IT,2024Q4,76675.0,805.0,65.15,73.27,46.74,22068.0,0.2072,0.53777,0
3956,55,West,Salaried,Manufacturing,2025Q3,82329.0,702.0,14.06,64.62,70.24,61502.0,0.4743,0.39622,0
3957,45,West,Salaried,Healthcare,2025Q2,88578.0,772.0,45.03,80.52,94.29,50519.0,0.1476,0.66876,1
3958,47,South,SelfEmployed,Transport,2025Q3,99202.0,702.0,38.1,74.17,57.94,74740.0,0.3577,0.58643,0
3959,65,North,Salaried,Construction,2024Q4,57358.0,822.0,39.43,62.47,56.6,87414.0,0.3289,0.29255,0
3960,52,North,SelfEmployed,Healthcare,2025Q1,81002.0,746.0,37.59,19.48,89.68,61875.0,0.2689,0.28802,0
3961,32,East,Salaried,Retail,2025Q3,67592.0,705.0,60.25,87.72,46.46,122819.0,0.247,0.76128,0
3962,24,South,Salaried,Transport,2024Q4,56541.0,644.0,29.11,38.05,91.34,196486.0,0.4335,0.53554,0
3963,62,North,Salaried,Transport,2025Q1,58204.0,721.0,37.77,91.79,82.87,48693.0,0.4433,0.73105,0
3964,46,East,Salaried,Manufacturing,2025Q2,93522.0,665.0,22.04,41.17,61.5,20927.0,0.4901,0.35283,0
3965,23,North,Salaried,Manufacturing,2025Q2,20000.0,734.0,25.1,18.13,44.6,45611.0,0.4081,0.13026,0
3966,37,West,Salaried,Construction,2025Q4,33623.0,746.0,49.63,84.64,41.05,90211.0,0.3509,0.58674,0
3967,29,South,Salaried,Transport,2025Q2,159180.0,767.0,17.02,76.56,60.67,81915.0,0.3696,0.33107,0
3968,49,North,SelfEmployed,Manufacturing,2025Q4,63387.0,740.0,21.27,75.77,78.79,135593.0,0.4689,0.47442,0
3969,21,East,Salaried,Retail,2025Q2,116722.0,714.0,41.68,13.05,66.81,269493.0,0.1451,0.26185,0
3970,38,South,Salaried,Manufacturing,2025Q2,78384.0,783.0,12.63,84.14,80.63,84809.0,0.4033,0.38432,0
3971,61,West,Salaried,Transport,2025Q2,65961.0,789.0,17.62,58.68,76.88,55016.0,0.2806,0.25631,0
3972,40,South,Salaried,IT,2025Q4,96430.0,652.0,61.8,47.33,71.51,43965.0,0.3951,0.72971,0
3973,61,South,Salaried,Healthcare,2025Q4,82015.0,807.0,60.77,87.19,93.21,64176.0,0.2263,0.73992,0
3974,54,East,Salaried,Transport,2025Q3,75523.0,778.0,30.87,64.94,80.06,132706.0,0.452,0.40848,0
3975,48,South,Salaried,Retail,2024Q4,78900.0,663.0,30.88,16.97,90.3,47924.0,0.4205,0.37769,0
3976,68,West,Salaried,Transport,2024Q4,89851.0,607.0,66.19,51.76,53.32,111028.0,0.2654,0.79023,0
3977,55,South,Salaried,Retail,2024Q4,62795.0,776.0,11.55,62.3,79.25,34229.0,0.294,0.26555,0
3978,36,South,SelfEmployed,Transport,2025Q2,67953.0,721.0,44.82,85.87,72.88,72184.0,0.2829,0.71376,0
3979,41,North,Salaried,Healthcare,2024Q4,55562.0,685.0,45.84,30.19,90.84,24725.0,0.3569,0.52821,0
3980,33,South,Salaried,Healthcare,2025Q4,49814.0,727.0,57.27,76.48,68.07,49151.0,0.5936,0.71773,0
3981,55,West,SelfEmployed,Retail,2025Q3,126252.0,775.0,67.11,76.98,55.38,205783.0,0.1319,0.66071,0
3982,62,West,Salaried,Transport,2025Q1,57344.0,598.0,31.35,16.52,61.17,87762.0,0.3891,0.39771,0
3983,52,North,Salaried,Healthcare,2025Q3,104965.0,717.0,36.27,6.55,52.04,66614.0,0.4017,0.16755,0
3984,58,North,Salaried,Construction,2024Q4,71104.0,713.0,50.28,57.33,52.1,88369.0,0.2863,0.5294,0
3985,26,West,Salaried,Transport,2024Q4,93512.0,792.0,68.04,76.05,65.87,104829.0,0.1492,0.66643,0
3986,58,West,Salaried,Healthcare,2025Q4,79952.0,756.0,63.45,54.9,89.09,91771.0,0.3259,0.66099,0
3987,58,North,Salaried,IT,2025Q3,35218.0,755.0,50.02,78.2,50.55,85812.0,0.2039,0.56797,0
3988,33,South,Business,IT,2025Q4,80724.0,686.0,61.4,61.01,55.83,36383.0,0.4168,0.69425,0
3989,66,South,SelfEmployed,Construction,2025Q4,95143.0,747.0,15.11,63.8,86.91,25972.0,0.1842,0.37224,0
3990,59,West,Salaried,Healthcare,2025Q1,56125.0,683.0,32.63,7.53,58.66,121625.0,0.344,0.21091,1
3991,33,North,Salaried,IT,2025Q4,138043.0,704.0,10.79,12.97,92.93,29258.0,0.2575,0.18388,0
3992,67,North,Salaried,Transport,2025Q4,100305.0,742.0,20.65,70.25,54.79,94439.0,0.484,0.3464,0
3993,32,West,Salaried,Manufacturing,2025Q1,100524.0,715.0,47.83,73.66,64.32,148070.0,0.5384,0.65101,1
3994,53,North,Salaried,Healthcare,2025Q2,103179.0,727.0,63.13,53.8,45.26,35543.0,0.3069,0.5495,0
3995,48,South,Salaried,Construction,2025Q2,21649.0,782.0,47.97,58.11,94.57,46192.0,0.2239,0.5381,0
3996,23,South,Salaried,Healthcare,2025Q1,97622.0,690.0,49.85,60.29,88.96,65677.0,0.5507,0.71458,0
3997,38,South,Salaried,Retail,2025Q4,136902.0,653.0,16.23,14.45,84.97,39302.0,0.3336,0.26877,0
3998,46,South,Business,Retail,2024Q4,98985.0,660.0,49.89,65.11,48.65,38867.0,0.3877,0.66225,0
3999,60,South,Salaried,IT,2025Q3,73430.0,648.0,37.26,48.06,93.31,50349.0,0.3354,0.65337,0
4000,22,North,Business,Retail,2024Q4,52117.0,798.0,49.09,59.23,91.1,42634.0,0.3253,0.50814,0
4001,24,East,Business,Construction,2024Q4,49704.0,746.0,29.57,55.68,63.96,102785.0,0.2909,0.34768,0
4002,48,West,Salaried,IT,2025Q4,46702.0,769.0,44.89,73.67,77.49,77247.0,0.1233,0.57438,1
4003,48,West,SelfEmployed,Construction,2025Q3,69989.0,759.0,35.44,33.67,94.59,26566.0,0.5621,0.34338,0
4004,45,North,Salaried,Transport,2025Q3,53297.0,699.0,43.52,38.62,62.54,245163.0,0.3738,0.42955,0
4005,46,North,Salaried,Construction,2025Q2,76201.0,800.0,18.83,40.24,46.22,59345.0,0.3402,0.11578,0
4006,65,South,Salaried,Retail,2025Q1,85098.0,672.0,33.75,73.62,87.73,69671.0,0.4614,0.70949,1
4007,67,South,Salaried,Transport,2025Q4,37004.0,821.0,32.46,43.8,66.21,50699.0,0.2829,0.19724,0
4008,22,South,Salaried,Retail,2025Q3,60873.0,717.0,54.18,20.94,94.28,72568.0,0.3944,0.48219,0
4009,62,East,Salaried,Construction,2025Q4,65524.0,808.0,52.38,93.47,70.3,38770.0,0.2576,0.6447,0
4010,54,North,Salaried,Retail,2025Q2,64818.0,652.0,64.53,49.4,41.62,28355.0,0.3086,0.66306,0
4011,50,North,Salaried,Retail,2024Q4,80448.0,686.0,47.92,14.83,67.04,57956.0,0.4201,0.35986,0
4012,41,South,Salaried,Retail,2025Q3,83120.0,622.0,28.87,65.32,79.49,199610.0,0.383,0.69359,0
4013,64,East,Salaried,Healthcare,2025Q2,69393.0,767.0,56.99,71.52,41.43,108468.0,0.3109,0.52019,0
4014,57,North,Salaried,Transport,2025Q4,63189.0,724.0,39.82,50.02,62.74,171573.0,0.4377,0.42428,0
4015,64,East,Salaried,Transport,2025Q2,79485.0,821.0,21.61,63.18,48.56,48895.0,0.2567,0.18077,0
4016,43,South,Salaried,Transport,2025Q2,116057.0,683.0,54.84,20.54,75.37,41293.0,0.2403,0.4806,0
4017,53,West,Salaried,Construction,2025Q2,43614.0,784.0,17.95,38.11,92.65,50989.0,0.2957,0.21634,0
4018,22,West,SelfEmployed,Manufacturing,2025Q2,108292.0,714.0,20.69,19.56,74.35,104781.0,0.3223,0.19939,0
4019,47,South,Salaried,Construction,2025Q2,39158.0,705.0,55.53,39.85,78.22,149362.0,0.3101,0.57361,0
4020,68,North,Salaried,Transport,2025Q2,89046.0,694.0,56.21,55.65,61.81,60263.0,0.2988,0.63461,0
4021,42,South,Salaried,IT,2025Q1,106240.0,664.0,57.45,44.83,70.97,27361.0,0.4584,0.66832,0
4022,54,North,SelfEmployed,Retail,2025Q4,46912.0,731.0,27.6,58.39,69.91,144623.0,0.5304,0.39933,0
4023,36,East,Salaried,Retail,2024Q4,88769.0,722.0,62.0,50.16,81.78,159040.0,0.3343,0.66094,0
4024,40,West,Salaried,Manufacturing,2025Q4,53844.0,624.0,53.36,33.6,87.13,104609.0,0.421,0.70262,1
4025,46,East,Salaried,IT,2025Q3,109258.0,572.0,60.04,17.91,76.46,198817.0,0.2618,0.71517,0
4026,36,West,Salaried,Healthcare,2025Q3,39998.0,693.0,52.52,27.74,93.89,19127.0,0.3386,0.5585,0
4027,26,South,Salaried,Construction,2025Q4,57688.0,774.0,44.78,23.06,85.56,38315.0,0.4056,0.29151,0
4028,65,North,Salaried,Healthcare,2025Q2,83284.0,722.0,16.56,68.67,46.86,74196.0,0.2491,0.31837,0
4029,64,East,Business,IT,2025Q1,97787.0,638.0,52.66,78.8,67.91,34877.0,0.44,0.82656,0
4030,43,South,Salaried,Manufacturing,2024Q4,82318.0,612.0,51.43,69.83,89.68,138993.0,0.2627,0.86228,0
4031,62,East,Salaried,IT,2025Q2,92379.0,774.0,28.75,62.94,91.92,32103.0,0.4726,0.43205,0
4032,57,South,SelfEmployed,Manufacturing,2025Q4,66270.0,619.0,54.15,32.71,60.91,187437.0,0.4519,0.6232,0
4033,28,North,Salaried,Healthcare,2025Q4,52722.0,752.0,43.03,68.99,79.91,40365.0,0.4839,0.57447,0
4034,26,West,SelfEmployed,Healthcare,2025Q1,116615.0,741.0,43.56,59.46,62.58,194821.0,0.4729,0.47544,0
4035,57,North,Salaried,IT,2025Q1,92469.0,800.0,32.06,9.22,46.8,41070.0,0.5819,0.08279,0
4036,42,West,SelfEmployed,IT,2025Q4,67807.0,675.0,17.01,86.69,88.65,13991.0,0.4109,0.66907,1
4037,26,West,Salaried,Retail,2025Q2,38656.0,762.0,23.02,12.2,91.26,80726.0,0.1764,0.16396,0
4038,52,West,SelfEmployed,Manufacturing,2025Q2,110579.0,787.0,56.13,50.24,67.76,117802.0,0.3655,0.4404,0
4039,37,East,SelfEmployed,Retail,2025Q2,111609.0,636.0,26.29,51.18,41.01,35366.0,0.2951,0.42347,0
4040,58,East,Salaried,Construction,2024Q4,74563.0,717.0,10.14,80.33,84.88,221805.0,0.1862,0.48675,0
4041,37,West,Salaried,Construction,2024Q4,63485.0,708.0,69.82,87.18,66.23,190616.0,0.5035,0.84623,1
4042,57,South,Salaried,IT,2025Q2,73518.0,651.0,22.64,89.57,44.13,64619.0,0.3133,0.61502,0
4043,43,South,Business,Healthcare,2025Q4,74730.0,725.0,49.32,56.27,50.42,91394.0,0.1711,0.4866,0
4044,69,East,Salaried,Construction,2025Q1,99238.0,646.0,65.62,66.11,48.37,73932.0,0.2726,0.78265,0
4045,69,South,Salaried,Construction,2025Q3,51554.0,731.0,45.98,12.97,77.75,115723.0,0.6218,0.29353,0
4046,33,South,Salaried,Retail,2025Q1,65410.0,830.0,57.94,48.91,56.47,132711.0,0.5141,0.32555,0
4047,52,South,Salaried,Retail,2025Q1,75408.0,699.0,68.58,85.81,47.02,22936.0,0.4375,0.805,1
4048,42,East,Salaried,Construction,2025Q3,86460.0,705.0,61.62,46.01,90.47,236541.0,0.4257,0.69377,0
4049,27,West,Business,IT,2025Q2,101659.0,788.0,43.47,11.26,92.61,167873.0,0.2416,0.22648,0
4050,42,North,Salaried,Retail,2025Q1,87775.0,779.0,31.82,23.06,47.62,35162.0,0.2326,0.13139,0
4051,41,West,SelfEmployed,Construction,2025Q3,123803.0,676.0,38.95,43.66,52.66,202089.0,0.417,0.43574,0
4052,26,East,Salaried,Healthcare,2025Q4,55211.0,748.0,60.51,26.38,72.57,278637.0,0.5406,0.42078,0
4053,34,West,Salaried,Retail,2025Q4,116541.0,548.0,61.2,40.31,48.28,22017.0,0.228,0.78364,0
4054,36,East,Salaried,Construction,2025Q4,56153.0,655.0,60.75,34.97,48.72,118320.0,0.3384,0.57184,1
4055,23,West,Salaried,Manufacturing,2025Q2,70117.0,769.0,45.83,33.7,58.51,139139.0,0.3781,0.27778,1
4056,29,North,Business,Retail,2025Q1,89681.0,682.0,38.62,13.2,92.2,94412.0,0.2922,0.38136,0
4057,67,West,SelfEmployed,Manufacturing,2025Q1,109447.0,699.0,28.68,84.44,92.93,165918.0,0.3289,0.70551,1
4058,41,North,Salaried,Retail,2024Q4,70159.0,659.0,10.2,67.34,86.3,84091.0,0.2266,0.52768,0
4059,50,West,Salaried,Retail,2025Q4,89813.0,650.0,55.87,61.1,78.26,103394.0,0.3871,0.78158,0
4060,50,West,Salaried,Transport,2025Q2,72109.0,573.0,26.62,59.58,79.64,19340.0,0.3707,0.73126,0
4061,62,South,Business,Transport,2025Q3,22611.0,690.0,29.78,40.69,65.83,46177.0,0.424,0.37232,0
4062,62,North,SelfEmployed,Manufacturing,2025Q2,79039.0,736.0,60.61,79.1,69.16,177329.0,0.3255,0.74044,0
4063,52,West,SelfEmployed,IT,2025Q1,48962.0,724.0,13.14,88.7,74.89,44924.0,0.4355,0.51161,0
4064,43,South,Salaried,Construction,2025Q4,111787.0,664.0,65.66,5.51,80.22,70293.0,0.3906,0.52417,0
4065,23,West,Salaried,IT,2024Q4,111960.0,631.0,10.08,12.13,45.33,33174.0,0.4982,0.159,0
4066,21,North,Salaried,IT,2025Q2,59100.0,689.0,66.35,65.75,52.37,45943.0,0.3182,0.73189,0
4067,23,North,Salaried,Transport,2024Q4,55258.0,637.0,37.29,26.25,92.96,92676.0,0.4631,0.54336,0
4068,57,West,Salaried,Construction,2025Q1,64275.0,668.0,16.13,87.05,58.43,66362.0,0.3231,0.57307,0
4069,27,East,Salaried,Transport,2025Q3,93310.0,717.0,50.45,65.07,54.77,20481.0,0.427,0.58051,0
4070,23,West,Salaried,Transport,2025Q2,93409.0,662.0,63.75,38.15,63.21,43082.0,0.5094,0.6497,0
4071,56,South,SelfEmployed,Transport,2025Q1,165201.0,781.0,36.28,42.38,56.0,193952.0,0.491,0.23902,0
4072,69,East,SelfEmployed,Healthcare,2025Q4,72283.0,652.0,51.48,67.18,45.01,154630.0,0.3255,0.68553,0
4073,23,East,Salaried,IT,2025Q2,82284.0,677.0,68.76,17.69,51.44,74787.0,0.2869,0.49067,0
4074,24,East,Salaried,IT,2024Q4,128293.0,757.0,24.44,84.51,75.21,92525.0,0.4665,0.50505,0
4075,51,East,Salaried,IT,2025Q2,87159.0,748.0,59.23,5.43,52.28,46512.0,0.2956,0.23378,0
4076,22,East,SelfEmployed,Healthcare,2025Q1,52798.0,738.0,27.71,93.11,75.62,192902.0,0.4688,0.61918,0
4077,34,South,SelfEmployed,Retail,2025Q1,88549.0,675.0,35.58,20.09,45.5,60848.0,0.2066,0.25979,0
4078,57,South,SelfEmployed,Manufacturing,2024Q4,97620.0,742.0,26.91,71.79,42.3,30882.0,0.4069,0.35422,0
4079,51,West,SelfEmployed,Manufacturing,2025Q1,71458.0,754.0,36.76,8.59,87.39,22218.0,0.3058,0.21415,0
4080,22,North,Salaried,Healthcare,2025Q2,99882.0,734.0,10.31,43.83,81.8,21614.0,0.1501,0.24187,0
4081,51,East,Salaried,IT,2024Q4,97657.0,708.0,28.21,61.73,76.63,41986.0,0.2571,0.49328,0
4082,67,North,Salaried,Manufacturing,2025Q1,68539.0,742.0,36.72,11.32,41.7,231634.0,0.3036,0.13897,0
4083,63,East,Salaried,Healthcare,2025Q1,118793.0,706.0,47.93,44.9,53.16,475184.0,0.581,0.45295,0
4084,42,East,SelfEmployed,Transport,2025Q2,60411.0,732.0,48.24,32.28,84.68,154518.0,0.05,0.44195,0
4085,30,North,Salaried,Construction,2025Q1,90933.0,714.0,45.03,49.84,47.96,21586.0,0.31,0.42638,0
4086,50,North,Salaried,Manufacturing,2025Q2,64947.0,627.0,27.58,50.41,84.71,33506.0,0.3081,0.60899,0
4087,53,North,Salaried,Construction,2025Q4,37677.0,678.0,66.84,75.67,72.13,33632.0,0.2336,0.83969,1
4088,39,East,Business,IT,2025Q2,88959.0,824.0,33.52,16.12,80.72,59855.0,0.3034,0.13283,0
4089,66,West,Salaried,Manufacturing,2025Q3,128233.0,603.0,23.01,12.44,75.45,40588.0,0.3323,0.35565,0
4090,45,North,Salaried,Healthcare,2025Q1,78654.0,795.0,43.27,41.17,62.93,113099.0,0.2696,0.2706,0
4091,66,East,Salaried,Retail,2025Q4,42664.0,744.0,54.94,84.88,56.06,59884.0,0.3929,0.68041,0
4092,21,South,Salaried,Manufacturing,2024Q4,85551.0,712.0,10.73,81.97,77.0,134909.0,0.5398,0.48284,0
4093,52,South,Salaried,Manufacturing,2025Q3,59533.0,618.0,26.58,55.4,84.38,110935.0,0.3441,0.64737,0
4094,45,West,SelfEmployed,Manufacturing,2024Q4,106345.0,710.0,59.5,84.99,42.46,183048.0,0.2676,0.72454,0
4095,61,South,Salaried,Manufacturing,2025Q3,74284.0,669.0,40.42,77.48,60.89,43874.0,0.3368,0.69242,0
4096,37,South,SelfEmployed,Healthcare,2025Q4,35686.0,775.0,34.51,30.01,59.29,142543.0,0.3082,0.19339,0
4097,34,North,Salaried,Healthcare,2025Q4,92713.0,673.0,65.85,20.31,70.77,43150.0,0.4816,0.56421,0
4098,65,North,Salaried,Retail,2025Q4,85222.0,695.0,15.37,32.1,46.27,70373.0,0.2943,0.18229,0
4099,33,South,Business,Healthcare,2025Q3,72503.0,724.0,46.93,25.44,91.34,40766.0,0.4085,0.43187,0
4100,58,North,Salaried,Healthcare,2025Q2,54030.0,675.0,30.53,61.04,70.17,93710.0,0.3847,0.54938,0
4101,59,East,Salaried,IT,2024Q4,124728.0,763.0,14.25,57.64,90.81,184888.0,0.3628,0.31622,0
4102,22,South,SelfEmployed,IT,2025Q2,68702.0,694.0,22.82,58.86,84.93,165919.0,0.2137,0.4951,0
4103,52,South,Salaried,Construction,2025Q2,102427.0,607.0,47.68,22.04,50.54,94057.0,0.2763,0.49672,0
4104,52,North,SelfEmployed,Retail,2025Q1,68418.0,718.0,11.7,76.27,47.28,66279.0,0.3272,0.33636,0
4105,60,South,Salaried,IT,2024Q4,97021.0,754.0,45.53,44.03,87.37,72221.0,0.2071,0.46058,0
4106,26,East,Salaried,Retail,2025Q3,81336.0,789.0,67.41,47.52,69.49,213056.0,0.2324,0.50997,0
4107,45,West,Salaried,Retail,2025Q1,80700.0,740.0,57.71,94.73,41.09,40574.0,0.2924,0.7094,0
4108,23,North,SelfEmployed,Manufacturing,2025Q1,59338.0,773.0,30.74,30.4,91.38,101347.0,0.391,0.26222,0
4109,38,West,Salaried,Transport,2025Q4,93204.0,737.0,18.29,40.47,66.02,160700.0,0.519,0.22355,0
4110,58,East,SelfEmployed,Transport,2025Q3,115128.0,657.0,37.9,65.88,56.55,72670.0,0.3821,0.61647,0
4111,63,East,Business,Transport,2025Q2,54141.0,667.0,33.58,84.24,68.41,139902.0,0.3652,0.7116,0
4112,23,South,Salaried,Retail,2025Q2,59193.0,584.0,68.3,16.41,85.26,345270.0,0.3584,0.7631,0
4113,68,North,Salaried,Manufacturing,2025Q2,153614.0,698.0,69.39,71.15,46.07,68549.0,0.3091,0.74403,0
4114,25,North,Salaried,Construction,2025Q4,54960.0,746.0,34.64,87.65,59.74,61188.0,0.3386,0.56441,0
4115,44,East,Salaried,Construction,2025Q2,66136.0,623.0,18.93,43.06,57.54,85367.0,0.4176,0.40654,1
4116,54,South,Salaried,Transport,2024Q4,114593.0,781.0,64.64,30.81,86.18,103075.0,0.4635,0.46322,0
4117,67,West,Salaried,Construction,2025Q2,115346.0,704.0,57.61,66.0,82.82,185936.0,0.0572,0.74758,0
4118,68,South,Business,Manufacturing,2025Q2,20000.0,661.0,40.68,27.15,62.01,176419.0,0.4366,0.4118,0
4119,59,North,Business,Transport,2024Q4,99136.0,623.0,31.92,39.59,76.55,92097.0,0.3147,0.5528,0
4120,68,East,SelfEmployed,Manufacturing,2025Q4,75125.0,801.0,36.89,85.72,61.69,18450.0,0.4093,0.46613,0
4121,44,South,SelfEmployed,Construction,2025Q1,76266.0,775.0,64.11,58.13,71.42,26512.0,0.3933,0.5861,0
4122,56,South,Salaried,Transport,2025Q3,109128.0,688.0,21.08,13.55,94.52,144176.0,0.3342,0.26626,0
4123,48,East,Salaried,Manufacturing,2025Q4,71296.0,761.0,58.41,34.67,69.46,47067.0,0.4131,0.41876,0
4124,68,West,SelfEmployed,Healthcare,2025Q2,67201.0,698.0,11.09,61.45,94.37,151781.0,0.3842,0.44939,0
4125,69,West,Salaried,Healthcare,2025Q1,71962.0,677.0,65.23,48.33,81.1,130267.0,0.3455,0.74418,0
4126,54,East,Business,Manufacturing,2025Q3,71272.0,674.0,40.02,64.43,46.64,64242.0,0.3369,0.55436,0
4127,36,East,Salaried,Manufacturing,2025Q3,88684.0,697.0,23.6,73.53,83.78,41049.0,0.2315,0.58059,0
4128,56,West,Salaried,IT,2025Q3,113083.0,688.0,10.17,48.26,48.87,64952.0,0.3517,0.23866,0
4129,27,South,SelfEmployed,IT,2024Q4,90689.0,713.0,43.57,93.83,69.28,84274.0,0.1111,0.74743,1
4130,38,North,Business,Retail,2024Q4,79678.0,798.0,24.67,87.32,73.73,27774.0,0.3845,0.4357,0
4131,26,South,Salaried,Transport,2025Q1,93660.0,835.0,47.88,10.39,89.07,140086.0,0.4399,0.17504,0
4132,48,North,SelfEmployed,Retail,2025Q2,99505.0,644.0,26.87,28.98,51.57,119503.0,0.1762,0.32154,0
4133,59,East,Salaried,Retail,2025Q1,94450.0,735.0,15.28,32.05,88.18,83363.0,0.3168,0.2315,0
4134,54,East,Salaried,Construction,2025Q2,63317.0,722.0,40.3,21.59,91.4,83576.0,0.5203,0.36528,0
4135,61,East,SelfEmployed,Healthcare,2025Q4,90615.0,739.0,43.87,33.08,44.92,197893.0,0.6119,0.26964,0
4136,49,North,Salaried,Construction,2025Q3,27011.0,685.0,37.16,43.23,88.69,43799.0,0.3384,0.53593,0
4137,24,East,Salaried,Transport,2025Q3,118348.0,740.0,37.48,9.64,54.25,56984.0,0.3575,0.16245,0
4138,34,South,Salaried,Manufacturing,2024Q4,118277.0,634.0,45.38,16.46,44.46,76399.0,0.3414,0.36974,0
4139,25,East,Salaried,IT,2025Q4,102235.0,850.0,41.58,13.66,92.72,48732.0,0.3681,0.15185,0
4140,45,East,Salaried,Transport,2025Q4,111148.0,726.0,17.95,9.17,61.57,66881.0,0.4983,0.11748,0
4141,59,South,Salaried,Manufacturing,2025Q2,78146.0,750.0,21.83,48.33,74.26,24274.0,0.3504,0.28412,0
4142,28,North,Salaried,Transport,2025Q4,61238.0,648.0,18.51,35.04,70.41,56022.0,0.1854,0.35421,0
4143,35,North,Business,Manufacturing,2024Q4,48652.0,672.0,51.6,89.19,51.73,67216.0,0.3809,0.78235,0
4144,39,West,Salaried,IT,2025Q2,105203.0,629.0,41.72,14.25,76.83,43301.0,0.3038,0.45667,0
4145,31,West,SelfEmployed,Manufacturing,2025Q1,61235.0,790.0,35.79,88.34,42.54,180943.0,0.2156,0.42546,0
4146,40,East,Salaried,Retail,2025Q2,70656.0,649.0,57.9,12.79,51.17,99310.0,0.2156,0.43354,0
4147,56,North,Salaried,Transport,2025Q1,85603.0,700.0,29.55,60.73,91.96,67735.0,0.3368,0.57129,0
4148,38,South,Salaried,IT,2025Q2,79063.0,702.0,44.09,27.3,92.44,48124.0,0.4252,0.46884,0
4149,34,East,Salaried,Manufacturing,2025Q3,86619.0,736.0,14.46,79.41,66.55,24890.0,0.4185,0.40835,0
4150,58,West,Salaried,Retail,2025Q1,34797.0,639.0,54.66,10.53,49.3,45356.0,0.4947,0.40888,0
4151,45,North,Salaried,Retail,2024Q4,74163.0,757.0,51.71,90.73,63.19,76607.0,0.2592,0.69192,0
4152,36,North,Salaried,Healthcare,2025Q1,100604.0,778.0,58.14,9.25,88.24,69554.0,0.3056,0.30394,0
4153,38,East,Salaried,Retail,2025Q1,69205.0,674.0,63.07,26.7,43.87,43261.0,0.4263,0.482,0
4154,21,South,Salaried,Construction,2025Q2,58446.0,708.0,55.48,46.78,47.03,235639.0,0.4365,0.49386,0
4155,60,South,Salaried,IT,2025Q3,103870.0,744.0,60.67,73.05,89.26,157520.0,0.2875,0.75574,1
4156,21,North,Salaried,IT,2025Q2,69394.0,724.0,30.74,90.6,62.85,53824.0,0.2676,0.60764,0
4157,21,South,Business,IT,2025Q2,84612.0,655.0,30.6,43.52,44.59,110119.0,0.4065,0.38576,0
4158,41,West,Salaried,Manufacturing,2025Q3,74739.0,749.0,66.66,73.16,47.66,181233.0,0.4555,0.65813,0
4159,45,West,Salaried,Transport,2025Q2,79989.0,793.0,64.87,70.44,88.53,93283.0,0.3215,0.68778,0
4160,47,East,Salaried,Manufacturing,2025Q3,118240.0,793.0,42.91,56.41,66.96,65109.0,0.4051,0.36762,0
4161,30,South,Business,Construction,2024Q4,94298.0,742.0,31.99,67.18,48.96,20552.0,0.3503,0.38716,0
4162,32,North,Salaried,Transport,2025Q3,49455.0,752.0,61.96,8.43,89.17,69770.0,0.2718,0.3752,0
4163,48,South,SelfEmployed,Retail,2025Q4,70698.0,689.0,29.4,44.74,86.49,43043.0,0.4382,0.47235,0
4164,69,South,Salaried,Manufacturing,2025Q3,69685.0,660.0,19.22,75.73,41.27,48248.0,0.3227,0.47809,0
4165,52,East,Business,Transport,2025Q3,85409.0,706.0,48.37,47.68,71.95,58444.0,0.1681,0.54305,0
4166,53,South,SelfEmployed,Retail,2025Q4,102720.0,835.0,12.56,83.62,53.44,62666.0,0.271,0.21288,0
4167,28,North,SelfEmployed,Transport,2025Q3,80796.0,681.0,32.75,80.03,69.32,56177.0,0.0801,0.66297,0
4168,62,North,Salaried,Retail,2025Q1,80062.0,734.0,58.46,82.71,55.36,28740.0,0.6745,0.70699,0
4169,46,South,Salaried,Transport,2025Q2,24211.0,731.0,27.71,16.7,57.37,21500.0,0.5059,0.16291,0
4170,62,North,Salaried,Manufacturing,2025Q2,113101.0,689.0,65.88,26.97,73.1,130155.0,0.1917,0.58223,0
4171,61,North,Salaried,Manufacturing,2024Q4,75803.0,792.0,67.35,7.66,69.64,240200.0,0.2792,0.27365,0
4172,22,West,SelfEmployed,Construction,2024Q4,86466.0,797.0,58.95,93.45,61.74,78671.0,0.377,0.67956,0
4173,55,South,Salaried,Healthcare,2025Q4,86407.0,850.0,69.26,26.25,45.92,33974.0,0.5419,0.21803,0
4174,54,South,Salaried,IT,2025Q1,60769.0,666.0,41.85,38.04,93.32,146236.0,0.4369,0.59325,0
4175,26,West,Salaried,Manufacturing,2024Q4,73902.0,732.0,44.15,29.74,49.6,311679.0,0.3765,0.2795,0
4176,51,West,Salaried,Manufacturing,2025Q2,60573.0,715.0,60.17,8.58,74.82,171006.0,0.2794,0.38296,1
4177,43,East,Salaried,Retail,2024Q4,114583.0,672.0,39.57,28.51,44.55,187566.0,0.4074,0.32964,0
4178,32,West,SelfEmployed,Healthcare,2024Q4,24404.0,673.0,34.4,13.84,77.86,32291.0,0.4026,0.32279,0
4179,48,South,Salaried,Manufacturing,2025Q3,56167.0,719.0,46.89,40.49,45.22,49281.0,0.3541,0.36437,1
4180,35,South,Salaried,Transport,2024Q4,71948.0,684.0,49.46,92.01,52.62,170230.0,0.3404,0.76834,1
4181,39,South,Salaried,Healthcare,2025Q4,117437.0,656.0,55.05,67.84,75.58,31405.0,0.2963,0.79126,0
4182,32,East,Salaried,IT,2025Q2,97695.0,717.0,50.09,68.62,55.56,49635.0,0.5044,0.60284,1
4183,68,East,Salaried,Transport,2025Q4,39049.0,649.0,54.74,45.79,69.31,83478.0,0.147,0.67553,1
4184,22,South,Salaried,Retail,2025Q4,77112.0,684.0,50.47,78.02,46.85,106579.0,0.387,0.68838,0
4185,31,North,SelfEmployed,Construction,2025Q1,98033.0,730.0,38.83,86.75,51.13,60323.0,0.352,0.58934,0
4186,64,East,SelfEmployed,Transport,2025Q3,135673.0,703.0,18.1,91.54,80.36,73660.0,0.1138,0.62625,0
4187,57,North,SelfEmployed,IT,2025Q4,71506.0,696.0,57.13,13.91,41.93,82096.0,0.3046,0.31514,0
4188,58,East,Salaried,Transport,2025Q1,50389.0,809.0,11.85,84.17,46.15,62386.0,0.2277,0.22722,0
4189,45,East,Business,Healthcare,2025Q2,88059.0,787.0,69.55,25.26,51.82,51449.0,0.2261,0.3314,0
4190,63,East,SelfEmployed,Healthcare,2025Q2,78918.0,715.0,59.71,40.75,41.11,67151.0,0.256,0.45275,0
4191,41,West,Business,IT,2025Q1,91583.0,654.0,50.25,36.09,45.25,50066.0,0.4994,0.48874,1
4192,62,West,Salaried,Healthcare,2025Q4,97262.0,755.0,68.0,65.76,55.48,136632.0,0.3429,0.64092,0
4193,56,South,Business,Transport,2025Q4,87998.0,849.0,46.75,58.81,45.11,90574.0,0.4394,0.24194,0
4194,29,East,SelfEmployed,Construction,2025Q3,93205.0,785.0,13.39,14.82,87.64,69475.0,0.2057,0.10968,0
4195,32,East,SelfEmployed,Transport,2025Q3,120892.0,638.0,43.56,75.45,43.63,61879.0,0.2757,0.69842,0
4196,30,North,Salaried,Construction,2025Q2,72724.0,699.0,26.63,44.57,87.35,151777.0,0.299,0.43302,0
4197,66,North,SelfEmployed,Healthcare,2025Q3,49389.0,670.0,32.17,5.2,85.26,56532.0,0.3692,0.29244,0
4198,25,South,Business,Transport,2025Q1,87849.0,659.0,37.58,42.31,45.54,121487.0,0.4138,0.42445,1
4199,53,South,Salaried,Healthcare,2025Q2,47967.0,772.0,56.48,51.47,41.39,167640.0,0.3825,0.38282,0
4200,25,East,Salaried,Construction,2025Q4,51960.0,771.0,40.18,11.2,42.75,103224.0,0.2531,0.12525,0
4201,36,West,Business,Healthcare,2025Q2,59447.0,808.0,38.48,18.6,72.47,23651.0,0.4388,0.16048,0
4202,57,North,Salaried,Manufacturing,2024Q4,48731.0,747.0,28.12,94.42,76.87,54359.0,0.2769,0.61743,0
4203,57,North,Salaried,Retail,2025Q2,109214.0,708.0,42.39,83.41,74.14,40210.0,0.382,0.71273,0
4204,49,West,Salaried,Transport,2025Q3,81223.0,720.0,24.9,17.0,69.78,31664.0,0.1851,0.19095,0
4205,38,North,Business,Manufacturing,2025Q1,97670.0,660.0,25.66,57.23,49.61,157001.0,0.3193,0.44104,0
4206,49,South,Salaried,Healthcare,2025Q4,92757.0,785.0,55.44,39.13,86.25,95316.0,0.4121,0.43839,0
4207,26,East,Salaried,Healthcare,2025Q4,74751.0,669.0,30.55,53.94,58.02,12145.0,0.3623,0.47038,0
4208,38,South,Salaried,Retail,2025Q3,104013.0,688.0,13.08,47.35,94.24,72559.0,0.2519,0.39882,0
4209,52,North,SelfEmployed,Healthcare,2025Q3,67936.0,693.0,30.62,9.33,61.17,45966.0,0.415,0.20151,0
4210,62,North,Salaried,Retail,2025Q3,75801.0,541.0,48.31,33.39,54.47,139904.0,0.2567,0.70523,0
4211,67,North,Business,Transport,2024Q4,62304.0,758.0,58.84,16.3,89.18,46048.0,0.1403,0.38903,0
4212,51,East,Business,Construction,2025Q1,115008.0,658.0,67.72,49.01,71.21,91292.0,0.474,0.76166,1
4213,31,South,Salaried,Retail,2024Q4,77322.0,748.0,54.77,86.66,79.7,90584.0,0.2296,0.75432,0
4214,46,North,Salaried,Retail,2025Q3,94951.0,685.0,35.73,94.6,62.46,41166.0,0.4447,0.72932,0
4215,48,East,Salaried,Manufacturing,2025Q1,65463.0,685.0,27.95,89.98,88.78,36131.0,0.3216,0.73903,1
4216,47,West,Salaried,Healthcare,2025Q3,101175.0,649.0,17.78,93.71,90.47,302258.0,0.4275,0.75803,0
4217,39,North,Salaried,Transport,2025Q1,99320.0,786.0,47.66,6.37,64.02,96210.0,0.2558,0.16227,0
4218,65,South,Business,Construction,2025Q4,39363.0,799.0,40.59,70.65,53.24,75754.0,0.4526,0.37606,0
4219,47,East,SelfEmployed,IT,2024Q4,80103.0,765.0,50.66,29.57,75.62,170578.0,0.2846,0.34828,0
4220,40,South,Salaried,Retail,2025Q3,82923.0,725.0,24.23,82.91,92.5,250245.0,0.3171,0.62019,0
4221,23,South,Salaried,IT,2025Q3,72507.0,717.0,29.42,78.24,74.23,209141.0,0.0913,0.57744,0
4222,36,East,Salaried,Healthcare,2025Q2,114618.0,770.0,27.53,43.13,92.48,27936.0,0.1556,0.31717,0
4223,59,West,Salaried,Retail,2025Q4,49569.0,703.0,57.86,47.59,58.91,74819.0,0.441,0.57066,0
4224,64,West,Salaried,IT,2025Q3,68793.0,782.0,20.27,28.86,90.33,60236.0,0.27,0.18616,0
4225,49,East,SelfEmployed,Manufacturing,2024Q4,58767.0,657.0,46.51,30.99,46.19,275599.0,0.1146,0.42714,0
4226,35,East,Business,IT,2025Q4,105748.0,764.0,13.08,93.31,59.74,120405.0,0.2751,0.40353,0
4227,50,South,Salaried,Manufacturing,2025Q3,54285.0,781.0,42.97,85.0,67.2,29539.0,0.4146,0.5687,1
4228,60,East,SelfEmployed,Construction,2024Q4,34185.0,650.0,13.83,22.27,75.92,20151.0,0.2064,0.27165,0
4229,69,South,Salaried,Healthcare,2025Q2,90785.0,664.0,20.55,29.8,56.18,227554.0,0.4743,0.26764,0
4230,21,North,SelfEmployed,Transport,2025Q2,76521.0,708.0,16.78,14.78,90.83,72500.0,0.2839,0.20998,0
4231,49,East,Salaried,IT,2024Q4,106009.0,733.0,30.8,94.0,89.69,71224.0,0.3038,0.70125,0
4232,50,East,Salaried,Retail,2025Q4,100309.0,676.0,30.62,86.65,83.96,57488.0,0.257,0.7381,0
4233,60,South,Business,Healthcare,2024Q4,78938.0,715.0,59.59,54.69,46.29,40875.0,0.1244,0.55689,0
4234,66,West,Salaried,IT,2024Q4,43921.0,596.0,23.54,67.36,44.31,75168.0,0.3127,0.59483,0
4235,52,North,SelfEmployed,Retail,2025Q2,50047.0,752.0,15.18,72.32,67.4,128635.0,0.3383,0.34474,0
4236,30,South,Salaried,Retail,2025Q2,35670.0,755.0,46.21,23.34,82.09,71706.0,0.393,0.32388,0
4237,47,North,Salaried,Transport,2025Q2,76543.0,794.0,51.25,89.12,46.78,152239.0,0.2558,0.55425,1
4238,28,West,Salaried,Transport,2025Q3,63532.0,742.0,27.69,52.41,75.28,118357.0,0.1514,0.36299,0
4239,56,East,Salaried,Retail,2025Q3,75482.0,690.0,46.17,13.32,69.03,137574.0,0.5532,0.33993,0
4240,62,South,Salaried,Transport,2025Q1,84339.0,654.0,56.56,40.74,79.93,83134.0,0.3692,0.68581,0
4241,55,East,Salaried,Retail,2025Q3,127458.0,665.0,30.85,59.15,63.95,65216.0,0.3381,0.53526,1
4242,56,South,Salaried,IT,2025Q4,94522.0,705.0,41.52,36.75,78.13,32678.0,0.4734,0.44906,0
4243,68,West,Salaried,Construction,2025Q4,81783.0,663.0,18.8,67.93,48.78,145761.0,0.2301,0.44681,1
4244,56,South,SelfEmployed,Transport,2025Q2,40880.0,668.0,11.42,84.38,51.8,87483.0,0.2105,0.49683,0
4245,45,South,Salaried,Manufacturing,2024Q4,80655.0,708.0,68.88,74.47,89.68,61185.0,0.4229,0.84685,0
4246,40,West,Business,Manufacturing,2025Q2,102046.0,621.0,27.98,62.84,58.12,33015.0,0.5625,0.60141,0
4247,65,South,Salaried,Manufacturing,2024Q4,89771.0,656.0,26.73,51.09,94.2,177657.0,0.1773,0.58622,1
4248,37,North,Salaried,Construction,2025Q2,53803.0,722.0,68.39,27.9,42.54,72429.0,0.3422,0.42834,0
4249,43,East,Salaried,Retail,2025Q2,70589.0,725.0,53.69,45.95,67.27,273180.0,0.3864,0.51781,0
4250,45,West,Salaried,Retail,2025Q4,81834.0,758.0,45.12,31.37,57.87,17155.0,0.3986,0.27793,0
4251,68,South,Salaried,Healthcare,2024Q4,69797.0,719.0,51.96,89.06,94.78,91035.0,0.3071,0.82619,0
4252,69,North,Salaried,Manufacturing,2025Q1,64572.0,712.0,52.6,86.66,94.45,28282.0,0.2338,0.82743,0
4253,51,South,Salaried,Manufacturing,2025Q1,26320.0,745.0,55.8,19.02,52.94,43797.0,0.0953,0.28565,0
4254,26,South,Salaried,Retail,2025Q2,60795.0,720.0,14.03,79.04,54.7,60252.0,0.585,0.39021,0
4255,55,North,SelfEmployed,Manufacturing,2025Q2,86279.0,657.0,34.77,68.26,81.23,113210.0,0.5355,0.69336,0
4256,24,East,Salaried,Retail,2025Q4,101878.0,666.0,27.71,92.77,88.93,88471.0,0.2634,0.77838,0
4257,60,West,Salaried,Retail,2024Q4,81904.0,802.0,14.23,46.7,76.5,49828.0,0.3448,0.17141,0
4258,40,South,Salaried,Transport,2025Q2,106486.0,850.0,34.76,70.0,87.56,45790.0,0.2694,0.35571,0
4259,61,South,SelfEmployed,Retail,2025Q1,78036.0,750.0,46.97,51.61,43.48,22008.0,0.3065,0.36533,1
4260,21,South,Salaried,IT,2024Q4,58057.0,655.0,20.71,11.25,75.23,47652.0,0.3251,0.24873,0
4261,65,North,Salaried,IT,2025Q2,68150.0,814.0,28.3,9.21,78.51,43443.0,0.1965,0.10353,0
4262,46,West,Salaried,IT,2024Q4,92475.0,686.0,48.35,15.99,50.47,168305.0,0.3336,0.31358,0
4263,54,South,Salaried,IT,2025Q4,73298.0,733.0,44.76,31.66,82.79,55351.0,0.3559,0.4035,1
4264,30,South,Salaried,Construction,2025Q1,63938.0,709.0,62.13,28.32,91.93,55676.0,0.1456,0.59383,1
4265,43,East,SelfEmployed,Healthcare,2024Q4,41062.0,720.0,57.47,70.55,89.39,84701.0,0.2559,0.76259,0
4266,69,South,Salaried,Healthcare,2025Q1,57671.0,686.0,67.94,69.43,53.47,190365.0,0.1736,0.7667,1
4267,44,East,Salaried,Retail,2025Q2,70073.0,781.0,45.83,92.43,57.82,187664.0,0.2166,0.59912,0
4268,33,North,Salaried,Manufacturing,2025Q3,65467.0,700.0,51.91,32.94,67.48,389964.0,0.3138,0.47351,0
4269,49,West,Salaried,IT,2024Q4,55635.0,744.0,61.63,89.46,48.71,27439.0,0.3238,0.72442,0
4270,66,West,Salaried,Healthcare,2025Q1,118934.0,743.0,60.4,60.16,92.47,82018.0,0.3247,0.70325,0
4271,47,East,Salaried,Healthcare,2024Q4,95010.0,704.0,53.12,49.58,48.89,67989.0,0.5937,0.50876,0
4272,51,West,Salaried,IT,2025Q2,134803.0,627.0,40.02,65.11,81.88,20407.0,0.3803,0.75738,0
4273,63,North,Salaried,Construction,2025Q2,39870.0,664.0,26.39,68.25,58.78,32310.0,0.3893,0.54084,0
4274,30,South,Salaried,Construction,2025Q1,87829.0,749.0,62.63,20.47,71.55,138282.0,0.3575,0.39434,0
4275,51,East,SelfEmployed,Healthcare,2025Q4,69135.0,727.0,56.6,72.65,42.59,105735.0,0.1704,0.60778,0
4276,59,East,Salaried,Construction,2024Q4,80491.0,665.0,60.27,70.27,51.28,105176.0,0.3287,0.75262,0
4277,30,South,Salaried,Transport,2024Q4,126269.0,712.0,18.45,94.78,64.44,100030.0,0.3442,0.57206,0
4278,44,South,Salaried,IT,2025Q2,36513.0,722.0,28.89,87.08,77.25,22490.0,0.4322,0.62948,0
4279,53,North,Salaried,Healthcare,2024Q4,65682.0,742.0,35.49,66.62,82.77,33909.0,0.2107,0.53379,0
4280,34,South,Salaried,IT,2025Q1,61297.0,810.0,60.3,69.11,41.66,50242.0,0.2757,0.44542,0
4281,55,North,Salaried,Construction,2025Q3,65749.0,584.0,63.57,90.14,48.39,130714.0,0.2134,0.90978,0
4282,65,East,Business,IT,2025Q2,27233.0,777.0,27.09,92.05,80.14,80194.0,0.2637,0.55066,0
4283,54,North,SelfEmployed,Construction,2025Q3,112134.0,722.0,51.19,79.43,84.72,137714.0,0.3083,0.75333,0
4284,37,North,Salaried,Construction,2024Q4,113127.0,653.0,14.67,74.07,53.01,287538.0,0.2002,0.49005,0
4285,41,East,SelfEmployed,IT,2025Q4,94547.0,719.0,34.57,15.02,52.63,24046.0,0.4431,0.18996,0
4286,52,East,SelfEmployed,Construction,2025Q1,46541.0,790.0,39.2,79.73,44.84,67268.0,0.2256,0.40744,0
4287,23,West,Salaried,Transport,2024Q4,86941.0,806.0,55.94,27.79,48.27,67477.0,0.4267,0.22248,0
4288,35,East,SelfEmployed,Retail,2025Q1,101650.0,654.0,63.52,55.74,40.44,40941.0,0.2905,0.6846,0
4289,28,South,Salaried,IT,2024Q4,89710.0,663.0,30.24,41.48,72.44,99517.0,0.2877,0.45616,0
4290,52,West,Salaried,Retail,2024Q4,78766.0,639.0,41.66,36.1,89.71,539752.0,0.447,0.61944,0
4291,58,South,Salaried,IT,2024Q4,115265.0,723.0,48.85,32.92,48.23,37660.0,0.421,0.33835,0
4292,46,North,Salaried,Construction,2025Q2,62272.0,726.0,29.72,81.99,81.33,111472.0,0.4004,0.61231,0
4293,50,East,Salaried,Construction,2025Q3,75779.0,764.0,69.13,74.22,71.55,35181.0,0.1383,0.72875,0
4294,29,West,Salaried,Healthcare,2025Q4,95640.0,734.0,62.55,52.11,91.7,20670.0,0.4928,0.68577,0
4295,52,South,Business,Transport,2025Q3,87946.0,759.0,27.78,64.8,83.9,47593.0,0.5222,0.4351,1
4296,31,South,Business,Healthcare,2025Q3,93999.0,634.0,40.48,93.61,86.9,88525.0,0.3145,0.86856,0
4297,42,North,SelfEmployed,Retail,2025Q1,93338.0,806.0,23.85,40.78,75.15,96704.0,0.2304,0.18408,0
4298,54,North,SelfEmployed,Construction,2025Q2,93122.0,781.0,40.87,54.6,84.62,253778.0,0.2007,0.42792,0
4299,61,South,Business,Healthcare,2025Q2,70880.0,681.0,51.0,53.02,59.3,88876.0,0.3098,0.59814,0
4300,38,East,Salaried,Construction,2024Q4,62562.0,667.0,15.13,89.24,51.5,73831.0,0.2148,0.55569,0
4301,39,North,Salaried,IT,2025Q3,83428.0,751.0,62.21,36.64,90.19,131012.0,0.3192,0.55644,0
4302,38,West,Salaried,Healthcare,2025Q4,117780.0,624.0,45.62,93.76,80.39,87004.0,0.2789,0.88347,0
4303,57,West,SelfEmployed,Retail,2025Q1,79378.0,670.0,69.38,32.42,44.99,71925.0,0.1853,0.57693,0
4304,38,East,Salaried,Healthcare,2025Q2,94985.0,653.0,11.54,14.8,87.68,64457.0,0.2648,0.2504,0
4305,32,West,SelfEmployed,Construction,2024Q4,82811.0,705.0,59.89,22.22,59.19,114145.0,0.3562,0.42623,0
4306,24,North,Salaried,Manufacturing,2025Q4,130843.0,686.0,57.52,43.36,56.41,105854.0,0.2363,0.56733,0
4307,67,South,Salaried,Manufacturing,2025Q3,76552.0,667.0,17.97,63.48,74.28,60779.0,0.3036,0.50148,0
4308,63,East,SelfEmployed,Transport,2025Q4,95071.0,661.0,30.12,51.51,71.27,200583.0,0.4532,0.51732,0
4309,47,West,Salaried,Construction,2025Q2,62028.0,675.0,63.09,38.87,69.6,131876.0,0.2557,0.64783,1
4310,25,West,Salaried,IT,2025Q1,51989.0,645.0,41.11,55.58,54.02,143440.0,0.2345,0.59308,0
4311,26,South,Salaried,Healthcare,2025Q3,79827.0,740.0,34.08,80.49,92.79,38587.0,0.3604,0.64741,0
4312,33,West,Salaried,Manufacturing,2025Q1,109527.0,772.0,64.33,80.5,92.26,51057.0,0.4854,0.77744,0
4313,43,North,SelfEmployed,IT,2025Q4,95840.0,732.0,15.6,70.36,40.23,211418.0,0.3979,0.28369,1
4314,62,West,Salaried,Construction,2025Q4,27840.0,786.0,38.39,90.72,58.58,151430.0,0.2654,0.52745,0
4315,45,West,Salaried,IT,2024Q4,98321.0,664.0,49.14,58.12,42.51,27166.0,0.265,0.58775,0
4316,66,North,Salaried,Construction,2025Q3,41716.0,669.0,46.51,5.69,86.76,92473.0,0.2875,0.39855,1
4317,24,East,SelfEmployed,Transport,2025Q4,101000.0,734.0,25.86,31.18,88.76,142989.0,0.3065,0.29154,0
4318,52,North,Salaried,Healthcare,2025Q2,93610.0,741.0,43.8,34.54,68.51,35659.0,0.6456,0.34825,0
4319,64,South,Salaried,IT,2025Q2,76255.0,711.0,52.51,54.26,86.18,148372.0,0.3611,0.65428,0
4320,35,South,SelfEmployed,Healthcare,2025Q1,98181.0,709.0,45.09,86.44,78.68,75809.0,0.5646,0.75491,0
4321,46,East,Salaried,IT,2025Q2,73397.0,651.0,51.07,80.43,67.48,209808.0,0.4483,0.80908,1
4322,62,West,SelfEmployed,Construction,2025Q4,83734.0,564.0,25.36,25.9,60.01,66884.0,0.05,0.4748,1
4323,31,East,Salaried,Construction,2025Q2,44044.0,741.0,59.97,51.75,54.64,26589.0,0.2884,0.52175,0
4324,29,South,Salaried,IT,2025Q3,73595.0,764.0,36.98,64.32,54.27,105865.0,0.3413,0.38215,0
4325,31,West,Salaried,Transport,2025Q1,103097.0,686.0,69.23,93.88,70.91,33303.0,0.3695,0.89086,0
4326,22,West,Business,Construction,2025Q3,46721.0,680.0,11.4,7.82,49.17,48982.0,0.3576,0.11283,0
4327,65,North,SelfEmployed,Retail,2025Q4,100466.0,674.0,32.82,46.75,49.61,20498.0,0.1429,0.40308,0
4328,47,West,Salaried,Retail,2025Q4,29532.0,689.0,20.83,93.93,40.57,41539.0,0.1383,0.54159,1
4329,46,North,Salaried,Healthcare,2025Q2,50260.0,765.0,43.34,92.95,73.73,187312.0,0.3443,0.66975,0
4330,28,West,SelfEmployed,Retail,2024Q4,72130.0,659.0,24.59,34.77,94.69,81072.0,0.3009,0.46469,0
4331,41,South,Salaried,Retail,2024Q4,83840.0,746.0,54.25,5.0,88.91,62151.0,0.5024,0.31477,0
4332,41,North,SelfEmployed,Transport,2025Q4,65682.0,683.0,62.91,57.81,78.81,39594.0,0.3503,0.76019,0
4333,28,South,Salaried,Transport,2025Q4,65000.0,600.0,22.65,83.02,83.2,84556.0,0.442,0.78594,1
4334,21,East,SelfEmployed,Manufacturing,2025Q1,107679.0,691.0,19.64,34.19,62.93,62642.0,0.4276,0.26093,0
4335,58,South,Salaried,Manufacturing,2025Q4,109717.0,800.0,62.52,89.08,56.39,389474.0,0.3414,0.65641,1
4336,33,North,Salaried,Transport,2025Q4,69390.0,672.0,31.68,34.94,60.27,74286.0,0.4822,0.36576,0
4337,29,East,Salaried,Manufacturing,2025Q1,70147.0,697.0,36.08,59.92,44.48,100463.0,0.294,0.44318,1
4338,48,West,Business,Transport,2025Q3,72824.0,710.0,23.26,69.98,74.86,46888.0,0.3434,0.49667,0
4339,26,South,Salaried,Manufacturing,2025Q3,135444.0,721.0,35.52,36.09,49.62,72255.0,0.358,0.27792,0
4340,67,North,Salaried,Construction,2025Q1,80424.0,795.0,23.88,36.7,81.96,101101.0,0.2483,0.19854,0
4341,43,South,Salaried,Transport,2025Q1,119275.0,666.0,49.96,47.3,50.45,38345.0,0.2106,0.55151,0
4342,68,North,Salaried,Healthcare,2025Q3,98300.0,711.0,39.93,80.17,52.55,110782.0,0.1952,0.60007,0
4343,56,West,SelfEmployed,Healthcare,2025Q3,77378.0,752.0,57.28,14.08,92.65,80077.0,0.2242,0.3885,0
4344,37,West,SelfEmployed,Transport,2025Q3,63815.0,671.0,28.76,61.83,45.8,14864.0,0.3335,0.45758,0
4345,29,East,Salaried,Retail,2025Q3,99480.0,714.0,40.34,65.96,67.44,130191.0,0.3866,0.56426,0
4346,32,South,Business,Healthcare,2025Q2,60347.0,764.0,25.57,55.21,43.45,102920.0,0.1988,0.22916,0
4347,42,West,SelfEmployed,Retail,2025Q1,70337.0,681.0,66.07,89.23,44.97,86393.0,0.3564,0.82288,0
4348,32,East,SelfEmployed,Healthcare,2024Q4,96471.0,700.0,41.32,59.18,74.84,46900.0,0.3192,0.58366,0
4349,26,West,Salaried,IT,2025Q2,73985.0,647.0,20.41,62.11,74.69,410722.0,0.4613,0.55282,0
4350,64,East,SelfEmployed,IT,2024Q4,70126.0,762.0,26.37,58.98,50.62,48452.0,0.2894,0.27451,0
4351,29,West,Salaried,Transport,2024Q4,72301.0,719.0,14.97,69.98,87.99,9019.0,0.5402,0.46725,0
4352,57,East,Salaried,Healthcare,2025Q4,62832.0,687.0,11.67,17.19,78.62,105045.0,0.4414,0.19251,0
4353,23,South,SelfEmployed,Construction,2025Q1,91237.0,693.0,41.56,85.48,56.53,66511.0,0.31,0.68728,0
4354,54,West,Salaried,Retail,2025Q2,80906.0,710.0,30.23,8.82,53.66,26637.0,0.2842,0.16196,0
4355,28,South,Salaried,Healthcare,2025Q1,46096.0,728.0,67.83,62.67,81.49,61266.0,0.4563,0.74964,1
4356,30,East,SelfEmployed,Transport,2025Q3,67813.0,674.0,20.28,60.39,80.35,69772.0,0.3099,0.50767,0
4357,67,North,SelfEmployed,Retail,2025Q1,70824.0,678.0,57.63,23.73,48.19,43089.0,0.3546,0.42989,0
4358,61,East,Salaried,Manufacturing,2024Q4,70649.0,696.0,28.96,8.66,59.21,79013.0,0.2887,0.18382,0
4359,62,East,SelfEmployed,Transport,2025Q3,94977.0,718.0,23.41,17.5,51.92,93796.0,0.2832,0.15085,0
4360,63,North,Salaried,Healthcare,2025Q1,62445.0,798.0,68.18,29.45,56.18,70801.0,0.2032,0.34022,0
4361,29,North,Salaried,Construction,2025Q1,147597.0,666.0,58.15,84.39,55.82,38338.0,0.5143,0.81227,0
4362,34,East,SelfEmployed,Manufacturing,2024Q4,114639.0,619.0,47.84,82.02,93.68,101525.0,0.3026,0.88473,0
4363,57,West,Salaried,Transport,2025Q3,114518.0,787.0,51.83,10.75,81.26,23560.0,0.3661,0.23984,0
4364,47,South,Salaried,Healthcare,2024Q4,54158.0,662.0,69.48,31.03,82.9,97196.0,0.4089,0.71303,0
4365,61,North,Salaried,IT,2025Q1,29236.0,791.0,45.59,85.04,55.26,90752.0,0.5128,0.5242,1
4366,52,East,Salaried,Healthcare,2025Q2,71523.0,778.0,16.11,26.3,40.03,62848.0,0.2829,0.08426,0
4367,24,North,Salaried,IT,2025Q2,87338.0,740.0,13.89,94.64,43.2,51148.0,0.0736,0.404,0
4368,22,South,SelfEmployed,IT,2025Q4,75951.0,777.0,50.0,28.12,70.41,30966.0,0.3609,0.29822,0
4369,53,North,SelfEmployed,Transport,2025Q2,66754.0,609.0,49.46,71.52,55.7,50389.0,0.4099,0.79135,0
4370,41,North,Salaried,Healthcare,2025Q3,36475.0,636.0,54.89,42.54,50.61,41380.0,0.2851,0.61877,0
4371,21,North,SelfEmployed,Healthcare,2025Q4,63196.0,726.0,16.53,17.26,42.73,36104.0,0.4158,0.10558,0
4372,64,South,Salaried,IT,2025Q3,73923.0,689.0,66.69,27.96,88.17,31476.0,0.3501,0.64856,0
4373,31,North,Salaried,Retail,2025Q2,67616.0,667.0,43.07,65.76,73.01,183466.0,0.3078,0.68925,0
4374,21,South,SelfEmployed,Manufacturing,2025Q2,67474.0,754.0,48.97,35.34,45.91,124848.0,0.5091,0.29021,0
4375,66,South,Salaried,Construction,2025Q1,60043.0,724.0,12.09,59.37,82.15,404189.0,0.3115,0.35115,0
4376,31,South,Salaried,Healthcare,2025Q3,121371.0,768.0,67.66,23.5,81.57,86260.0,0.5488,0.44993,0
4377,27,South,Salaried,Manufacturing,2024Q4,97711.0,690.0,43.76,45.37,55.92,121088.0,0.354,0.46739,0
4378,22,West,Salaried,Manufacturing,2025Q1,103900.0,709.0,43.8,51.1,50.36,69546.0,0.2502,0.44381,0
4379,35,North,SelfEmployed,Retail,2025Q3,86819.0,795.0,66.61,42.15,84.77,210728.0,0.1213,0.51656,0
4380,28,South,Salaried,Manufacturing,2025Q4,46623.0,639.0,65.76,22.81,58.13,70535.0,0.4929,0.59862,0
4381,67,North,Salaried,Healthcare,2025Q3,98461.0,705.0,23.22,46.54,86.61,144654.0,0.4646,0.40542,1
4382,46,North,Salaried,Transport,2025Q4,113706.0,662.0,65.87,67.36,42.4,83287.0,0.4455,0.7504,1
4383,60,East,Salaried,Transport,2025Q4,117351.0,803.0,54.2,91.84,67.46,265092.0,0.5041,0.64745,0
4384,62,East,Salaried,Manufacturing,2025Q2,95591.0,842.0,11.13,76.06,49.88,52189.0,0.5656,0.16044,0
4385,55,West,Salaried,Healthcare,2024Q4,80025.0,722.0,24.39,19.53,76.96,163333.0,0.0933,0.21452,0
4386,66,East,SelfEmployed,Healthcare,2025Q3,79953.0,737.0,34.78,29.54,94.85,67791.0,0.1376,0.35615,0
4387,61,West,Business,IT,2024Q4,92970.0,704.0,44.97,12.09,62.69,40727.0,0.3163,0.28037,0
4388,61,North,Salaried,Retail,2025Q4,38975.0,702.0,52.08,17.21,45.52,70554.0,0.4674,0.30111,0
4389,41,North,Salaried,Construction,2025Q2,95964.0,715.0,22.61,27.56,57.47,15158.0,0.3846,0.19984,0
4390,58,North,Salaried,IT,2024Q4,67858.0,636.0,60.2,22.96,89.03,140700.0,0.3849,0.67459,0
4391,28,North,Business,Construction,2025Q1,135237.0,746.0,60.74,24.23,82.12,116572.0,0.2966,0.4475,1
4392,63,South,Business,Healthcare,2025Q4,72488.0,656.0,48.1,25.77,52.77,276239.0,0.2485,0.43349,0
4393,52,East,Salaried,Transport,2025Q1,84863.0,691.0,65.27,32.06,92.45,37294.0,0.3383,0.67303,0
4394,28,North,SelfEmployed,IT,2024Q4,83618.0,712.0,58.78,16.3,74.22,43458.0,0.3195,0.42303,1
4395,64,West,Salaried,Manufacturing,2024Q4,62697.0,668.0,23.3,30.01,49.24,30209.0,0.2961,0.25789,0
4396,30,West,Salaried,Manufacturing,2024Q4,91433.0,743.0,57.92,66.96,71.48,94460.0,0.4255,0.65491,0
4397,43,South,Salaried,Construction,2025Q3,88552.0,684.0,67.19,26.28,64.82,54683.0,0.3488,0.56811,0
4398,24,North,Salaried,Healthcare,2025Q4,105570.0,769.0,18.26,20.47,85.08,41046.0,0.4031,0.15274,0
4399,68,North,Salaried,Transport,2025Q4,98011.0,662.0,68.72,11.09,58.93,96769.0,0.3366,0.50656,1
4400,58,North,Salaried,Construction,2025Q4,84679.0,701.0,11.5,50.0,88.12,158197.0,0.4324,0.35668,1
4401,50,North,Salaried,Transport,2025Q3,59530.0,651.0,41.33,80.78,84.66,78779.0,0.2175,0.80547,0
4402,61,South,Salaried,Retail,2024Q4,60257.0,764.0,56.43,10.31,77.1,52305.0,0.1803,0.28803,0
4403,43,North,Salaried,Transport,2024Q4,121425.0,693.0,57.43,53.81,54.22,166076.0,0.3096,0.60782,0
4404,25,South,Salaried,Manufacturing,2025Q1,82179.0,679.0,54.08,63.56,93.37,61213.0,0.4417,0.78193,0
4405,41,West,Salaried,IT,2025Q3,131914.0,700.0,41.76,58.32,70.18,60581.0,0.3065,0.56638,0
4406,26,East,Salaried,IT,2025Q2,59544.0,704.0,49.06,83.99,89.91,104722.0,0.5941,0.80032,0
4407,69,West,Salaried,IT,2025Q3,134845.0,732.0,52.0,82.98,51.87,45252.0,0.2277,0.65789,0
4408,37,North,Salaried,Transport,2025Q1,56412.0,740.0,39.67,10.16,94.09,149815.0,0.3268,0.27652,0
4409,45,South,Salaried,Manufacturing,2025Q1,69040.0,702.0,45.74,37.48,84.88,38473.0,0.1296,0.51732,0
4410,44,East,Salaried,Transport,2025Q1,91054.0,708.0,60.78,65.37,92.21,47712.0,0.5273,0.78213,0
4411,42,North,Salaried,Healthcare,2024Q4,104938.0,539.0,28.77,90.72,51.68,32638.0,0.3355,0.84467,0
4412,33,North,Salaried,Manufacturing,2025Q2,96952.0,685.0,41.39,77.42,63.69,133820.0,0.0675,0.6795,0
4413,37,East,SelfEmployed,Manufacturing,2025Q1,32172.0,789.0,10.51,20.89,45.37,188824.0,0.3121,0.06348,0
4414,34,East,Salaried,Transport,2025Q4,65690.0,735.0,51.25,30.13,47.53,65723.0,0.05,0.31565,0
4415,54,South,Salaried,Transport,2024Q4,51362.0,651.0,21.72,73.72,55.62,99969.0,0.4963,0.55508,0
4416,46,South,Salaried,IT,2025Q2,45467.0,689.0,38.86,47.43,92.34,94537.0,0.2407,0.58108,0
4417,39,South,Salaried,Manufacturing,2025Q4,79594.0,677.0,22.61,54.26,76.7,90014.0,0.3549,0.46699,0
4418,46,North,Salaried,IT,2025Q2,27211.0,769.0,11.41,59.81,57.3,32524.0,0.2611,0.20526,0
4419,23,South,Salaried,Healthcare,2025Q2,104998.0,763.0,38.99,14.3,92.5,46240.0,0.326,0.25134,1
4420,22,North,Salaried,Retail,2025Q4,98620.0,667.0,35.49,82.04,80.69,124496.0,0.4464,0.74829,1
4421,48,North,Business,IT,2025Q3,120485.0,711.0,35.51,82.68,89.88,171339.0,0.3014,0.71017,0
4422,22,West,Salaried,Transport,2025Q2,53334.0,648.0,22.53,47.14,91.0,142116.0,0.4169,0.5345,0
4423,42,East,Salaried,Construction,2025Q3,55794.0,676.0,66.83,61.42,81.29,73984.0,0.05,0.81084,0
4424,27,East,Salaried,Retail,2025Q2,106304.0,678.0,10.21,64.39,53.37,128220.0,0.1972,0.35347,0
4425,24,South,Business,Healthcare,2025Q4,108195.0,671.0,63.49,22.08,94.81,24929.0,0.3563,0.64745,0
4426,69,South,SelfEmployed,Transport,2025Q2,113716.0,730.0,54.21,15.13,57.88,17785.0,0.2638,0.29563,0
4427,58,North,Salaried,Retail,2025Q1,108854.0,784.0,20.32,6.86,76.94,27924.0,0.4909,0.09637,0
4428,59,North,SelfEmployed,Transport,2025Q1,85479.0,707.0,38.33,87.16,86.46,527046.0,0.4504,0.74506,0
4429,40,North,Salaried,IT,2025Q2,68498.0,652.0,69.33,36.11,49.63,313226.0,0.5136,0.64827,1
4430,26,West,SelfEmployed,Transport,2025Q4,98375.0,721.0,48.62,12.72,73.5,23904.0,0.3618,0.31167,0
4431,29,East,SelfEmployed,Healthcare,2025Q4,68954.0,722.0,17.64,46.92,60.63,62580.0,0.2608,0.25725,0
4432,51,South,Salaried,Construction,2024Q4,82632.0,700.0,37.46,11.81,53.44,54053.0,0.4235,0.21815,0
4433,46,South,SelfEmployed,IT,2025Q4,70455.0,812.0,38.09,12.67,40.65,181006.0,0.2234,0.08877,0
4434,56,West,Salaried,IT,2025Q3,86666.0,723.0,58.14,49.0,87.96,115649.0,0.3152,0.64589,0
4435,46,North,Salaried,Healthcare,2025Q2,111052.0,742.0,64.97,50.8,47.47,56140.0,0.399,0.52463,0
4436,48,South,Salaried,Healthcare,2025Q1,71264.0,587.0,14.93,57.21,88.3,108413.0,0.2654,0.6478,0
4437,25,South,SelfEmployed,Retail,2025Q4,67465.0,657.0,28.84,64.07,73.04,125645.0,0.6367,0.60018,0
4438,30,West,Salaried,Construction,2025Q1,77347.0,738.0,27.91,65.14,74.16,19862.0,0.4365,0.44326,0
4439,38,West,Salaried,Transport,2024Q4,50526.0,726.0,69.76,43.97,85.58,106125.0,0.2397,0.68371,0
4440,35,North,SelfEmployed,Retail,2025Q2,96603.0,689.0,43.55,62.92,68.02,72160.0,0.465,0.61925,0
4441,53,West,Salaried,Transport,2025Q4,82913.0,735.0,62.79,32.43,59.65,32801.0,0.546,0.45253,0
4442,25,West,Salaried,Transport,2025Q1,79115.0,761.0,35.56,44.72,47.63,48338.0,0.169,0.25186,0
4443,57,North,Salaried,Transport,2025Q4,88216.0,684.0,53.36,40.4,71.37,89187.0,0.5036,0.57677,0
4444,60,South,Salaried,Retail,2024Q4,43151.0,676.0,27.2,34.62,70.42,79804.0,0.1986,0.36166,0
4445,42,South,Salaried,IT,2025Q1,115016.0,696.0,64.71,26.47,56.16,64040.0,0.349,0.49452,0
4446,42,West,Salaried,Healthcare,2025Q1,67009.0,737.0,37.31,12.06,73.0,59208.0,0.371,0.21698,0
4447,42,North,Business,IT,2025Q2,70631.0,679.0,58.22,50.53,64.17,76032.0,0.2709,0.65575,0
4448,35,West,SelfEmployed,Construction,2025Q2,101626.0,757.0,25.35,53.36,84.3,23767.0,0.2705,0.35518,0
4449,37,South,Salaried,Retail,2025Q1,95281.0,683.0,51.62,35.25,70.77,242958.0,0.2473,0.53084,1
4450,65,East,Salaried,Construction,2025Q2,129972.0,679.0,34.31,92.83,91.35,56733.0,0.2852,0.80002,0
4451,48,South,Salaried,Healthcare,2025Q1,55871.0,839.0,11.89,55.13,68.49,104215.0,0.2307,0.13583,0
4452,42,East,Salaried,Healthcare,2025Q3,56559.0,642.0,34.78,85.01,88.81,226976.0,0.4836,0.81216,0
4453,41,West,Salaried,Manufacturing,2025Q4,50103.0,753.0,43.0,56.31,68.63,161841.0,0.1735,0.45096,0
4454,62,West,Salaried,Construction,2025Q3,83338.0,611.0,19.11,22.09,70.69,90330.0,0.5657,0.3545,0
4455,37,West,SelfEmployed,IT,2025Q3,73236.0,746.0,21.03,92.72,60.17,67722.0,0.334,0.49549,0
4456,25,North,Salaried,Construction,2025Q4,62618.0,850.0,37.89,84.68,62.01,71952.0,0.0986,0.37376,0
4457,38,East,Salaried,Retail,2025Q1,78358.0,768.0,30.56,47.41,91.32,23393.0,0.4427,0.36054,0
4458,37,North,SelfEmployed,Healthcare,2025Q1,54196.0,784.0,36.44,26.88,52.28,31135.0,0.3034,0.1653,0
4459,24,South,Salaried,Healthcare,2025Q2,118649.0,705.0,37.65,25.04,46.68,86522.0,0.2069,0.25312,0
4460,27,South,Salaried,Construction,2024Q4,62519.0,762.0,18.4,77.54,85.66,56126.0,0.309,0.44547,0
4461,45,South,Salaried,Construction,2025Q1,65721.0,724.0,20.87,11.22,71.73,25626.0,0.2571,0.15358,0
4462,57,South,Salaried,Transport,2025Q4,20327.0,821.0,60.89,62.43,55.66,89576.0,0.5045,0.43801,0
4463,60,West,SelfEmployed,Construction,2024Q4,38862.0,649.0,19.76,62.61,63.78,124068.0,0.2563,0.50546,0
4464,60,North,Salaried,Transport,2025Q4,65299.0,775.0,49.95,21.42,68.87,165319.0,0.1911,0.26206,0
4465,63,East,SelfEmployed,Retail,2025Q4,72363.0,734.0,35.11,68.44,72.57,106093.0,0.2649,0.52117,0
4466,29,South,Business,Retail,2025Q4,97985.0,660.0,68.09,68.49,85.16,47017.0,0.2309,0.8646,0
4467,39,North,Business,IT,2024Q4,42610.0,695.0,13.97,36.5,61.69,118063.0,0.4793,0.23106,0
4468,29,North,Business,Construction,2025Q3,91304.0,622.0,59.82,48.5,77.21,89043.0,0.3741,0.78412,0
4469,43,West,Salaried,IT,2025Q4,95605.0,530.0,39.49,79.95,85.91,38271.0,0.174,0.91121,0
4470,51,West,Salaried,Manufacturing,2025Q2,96924.0,644.0,10.32,52.08,86.41,37389.0,0.2233,0.46397,0
4471,52,West,Salaried,Retail,2025Q1,105891.0,689.0,25.82,60.63,53.98,132511.0,0.2966,0.42334,0
4472,51,West,Salaried,Healthcare,2025Q1,50952.0,714.0,34.46,42.15,59.26,91088.0,0.1289,0.34542,0
4473,37,North,SelfEmployed,Transport,2025Q1,93531.0,638.0,28.85,18.46,72.72,87585.0,0.2171,0.35761,0
4474,68,South,Salaried,Manufacturing,2024Q4,124129.0,693.0,31.75,94.83,88.72,76449.0,0.3889,0.77085,0
4475,59,East,Business,Healthcare,2025Q2,115007.0,723.0,65.0,52.84,83.47,111448.0,0.5677,0.69827,0
4476,42,South,SelfEmployed,Manufacturing,2025Q2,127299.0,678.0,31.66,35.28,72.12,51111.0,0.1295,0.39821,0
4477,55,South,Business,IT,2025Q2,86025.0,651.0,35.13,69.24,94.11,66896.0,0.6772,0.74877,0
4478,50,South,SelfEmployed,IT,2025Q2,65204.0,670.0,55.67,60.87,64.14,123195.0,0.395,0.71009,0
4479,60,East,Salaried,Transport,2025Q2,20000.0,784.0,57.63,25.96,86.33,75041.0,0.2139,0.37869,0
4480,57,East,Salaried,Retail,2025Q3,48932.0,615.0,15.05,83.92,85.01,43283.0,0.5333,0.73192,0
4481,46,North,Salaried,Transport,2025Q2,66865.0,773.0,52.24,11.38,89.94,45177.0,0.4002,0.29174,0
4482,26,South,Salaried,Healthcare,2025Q2,71372.0,785.0,38.95,59.51,94.32,75460.0,0.4515,0.47266,0
4483,54,East,Salaried,Manufacturing,2024Q4,60206.0,690.0,18.03,48.01,67.26,11973.0,0.449,0.3378,1
4484,52,East,SelfEmployed,Transport,2024Q4,88489.0,735.0,25.88,33.64,50.76,249119.0,0.479,0.19724,0
4485,45,North,SelfEmployed,Construction,2025Q2,84870.0,667.0,12.7,79.37,65.35,64752.0,0.1999,0.52729,0
4486,33,East,Salaried,Construction,2025Q3,81024.0,725.0,31.61,64.06,86.96,102730.0,0.4468,0.5391,0
4487,58,North,Salaried,Retail,2025Q2,99632.0,832.0,25.32,73.35,85.99,114235.0,0.3564,0.3371,0
4488,58,South,Salaried,Transport,2025Q2,68259.0,780.0,32.93,42.32,58.48,87240.0,0.4197,0.22858,0
4489,22,West,Salaried,Healthcare,2025Q2,107400.0,682.0,44.82,89.82,42.6,28108.0,0.269,0.70487,0
4490,25,East,Salaried,Construction,2025Q4,49905.0,637.0,53.94,36.03,68.04,34654.0,0.2724,0.63179,0
4491,31,South,Salaried,Retail,2025Q3,72411.0,694.0,46.32,52.79,66.08,25781.0,0.2805,0.56214,0
4492,31,East,Salaried,Transport,2025Q1,87964.0,725.0,50.7,89.03,44.72,157381.0,0.4377,0.67201,0
4493,44,East,Salaried,Retail,2025Q2,32033.0,750.0,61.94,12.49,83.72,24832.0,0.3399,0.38429,0
4494,34,West,Salaried,Healthcare,2025Q1,67403.0,704.0,62.43,14.79,55.6,45957.0,0.2853,0.38811,1
4495,65,East,Salaried,Construction,2025Q3,97794.0,808.0,61.64,94.48,75.52,182524.0,0.3095,0.72673,0
4496,50,East,Salaried,Construction,2025Q2,69316.0,712.0,19.19,92.43,45.58,33165.0,0.5001,0.49393,1
4497,60,South,Salaried,Construction,2025Q1,34435.0,684.0,25.06,74.45,87.34,81194.0,0.4093,0.63471,0
4498,67,North,Salaried,IT,2025Q1,57816.0,739.0,40.14,48.58,80.66,124432.0,0.405,0.45455,1
4499,64,South,Business,Construction,2025Q3,46372.0,749.0,31.52,50.55,61.36,70182.0,0.382,0.31904,0
4500,55,South,Salaried,Manufacturing,2025Q2,92405.0,668.0,17.9,28.15,74.62,81550.0,0.4786,0.29229,0
4501,41,East,Salaried,IT,2025Q4,82932.0,658.0,27.27,43.95,50.31,106203.0,0.2231,0.37854,0
4502,25,South,SelfEmployed,Transport,2025Q3,40963.0,620.0,68.53,43.82,94.2,255330.0,0.4563,0.84641,1
4503,58,South,Salaried,IT,2025Q4,39051.0,694.0,30.82,8.25,83.79,38025.0,0.3592,0.25628,0
4504,22,North,Business,IT,2025Q2,61879.0,777.0,35.13,45.78,83.39,53776.0,0.238,0.33943,0
4505,60,South,Salaried,IT,2025Q1,80782.0,747.0,10.38,48.18,48.44,113882.0,0.3477,0.16376,1
4506,57,South,Salaried,Retail,2025Q3,63203.0,772.0,53.16,64.92,40.98,63718.0,0.317,0.43982,0
4507,69,East,Salaried,Manufacturing,2025Q3,88756.0,674.0,34.81,51.48,72.2,49384.0,0.391,0.53053,0
4508,54,North,Salaried,Healthcare,2025Q3,87889.0,701.0,16.19,82.55,47.93,150498.0,0.4581,0.44034,0
4509,31,East,Salaried,Construction,2024Q4,93308.0,605.0,68.11,38.08,82.92,15400.0,0.2144,0.81725,0
4510,56,West,Salaried,IT,2025Q2,44667.0,765.0,56.65,41.87,62.88,161105.0,0.5561,0.41728,1
4511,31,North,Salaried,Healthcare,2024Q4,73105.0,784.0,53.57,56.43,58.62,222265.0,0.1483,0.43203,0
4512,29,South,Salaried,Retail,2025Q3,106886.0,651.0,67.47,23.25,44.05,63343.0,0.2611,0.53876,0
4513,26,North,Salaried,Healthcare,2025Q3,63203.0,799.0,34.45,40.41,94.78,29118.0,0.5865,0.3037,0
4514,54,East,Salaried,IT,2025Q4,59661.0,697.0,53.11,66.76,92.58,82799.0,0.1718,0.76389,0
4515,67,East,Salaried,Transport,2024Q4,67792.0,650.0,22.37,42.06,47.24,102450.0,0.279,0.33804,0
4516,57,South,Salaried,Manufacturing,2025Q1,67165.0,693.0,51.83,86.6,58.3,23190.0,0.2566,0.76011,0
4517,52,South,Salaried,Healthcare,2025Q2,83037.0,745.0,10.84,60.38,61.49,77457.0,0.0596,0.24986,0
4518,32,West,SelfEmployed,IT,2025Q1,65462.0,707.0,17.58,18.84,56.32,286288.0,0.3368,0.15276,0
4519,65,North,Salaried,IT,2025Q1,29505.0,678.0,35.52,48.87,91.4,176979.0,0.4033,0.58236,0
4520,52,North,Salaried,Construction,2025Q2,109633.0,743.0,10.73,73.83,79.67,105571.0,0.4029,0.38273,0
4521,37,West,Salaried,Transport,2025Q3,92661.0,748.0,37.72,62.9,92.58,97369.0,0.2786,0.55269,0
4522,24,East,Salaried,Construction,2025Q4,83727.0,700.0,41.37,84.67,88.1,75149.0,0.112,0.7642,0
4523,62,West,Business,Transport,2025Q3,77646.0,690.0,47.3,72.5,81.5,81270.0,0.2657,0.73708,0
4524,53,East,Salaried,Manufacturing,2025Q3,71932.0,680.0,16.02,10.55,78.33,68426.0,0.2409,0.19457,0
4525,63,West,Salaried,Construction,2024Q4,60001.0,736.0,20.86,15.13,87.64,84392.0,0.3796,0.18664,0
4526,68,South,Salaried,Manufacturing,2025Q1,33060.0,622.0,46.8,63.48,77.63,23338.0,0.2806,0.78264,0
4527,63,East,SelfEmployed,Retail,2025Q1,120686.0,668.0,49.49,26.46,50.38,16068.0,0.3967,0.41518,0
4528,29,West,Salaried,Retail,2025Q1,80522.0,701.0,11.55,57.91,75.65,43232.0,0.1164,0.35899,0
4529,54,East,Business,Transport,2025Q4,39722.0,667.0,42.42,76.3,68.33,150629.0,0.4229,0.72549,0
4530,59,North,Business,Transport,2025Q4,54346.0,724.0,57.1,56.92,94.0,110808.0,0.4082,0.70148,0
4531,50,South,Salaried,Construction,2025Q4,87612.0,719.0,14.15,42.39,68.05,132233.0,0.2144,0.24105,0
4532,40,North,Business,Retail,2025Q2,87113.0,846.0,34.79,63.16,42.12,78171.0,0.2599,0.19514,0
4533,59,North,Salaried,Healthcare,2025Q4,61312.0,668.0,29.59,17.93,54.53,171182.0,0.3072,0.25139,0
4534,43,South,SelfEmployed,Healthcare,2024Q4,53053.0,709.0,64.82,70.09,90.46,185860.0,0.4757,0.81435,0
4535,61,East,Salaried,Healthcare,2024Q4,65694.0,657.0,21.15,67.73,92.93,168773.0,0.3106,0.63709,0
4536,64,East,Salaried,Retail,2025Q3,31765.0,817.0,29.1,51.3,80.07,45377.0,0.3862,0.25407,0
4537,55,South,Salaried,Healthcare,2025Q3,68108.0,804.0,63.91,30.09,43.13,76001.0,0.3457,0.26657,0
4538,43,East,SelfEmployed,Manufacturing,2025Q3,68374.0,624.0,29.84,76.78,41.29,52874.0,0.4553,0.63274,0
4539,68,North,Salaried,IT,2025Q3,118166.0,701.0,41.88,50.95,66.38,205368.0,0.3663,0.50455,0
4540,59,North,Salaried,Transport,2024Q4,68733.0,712.0,11.98,10.33,94.98,160480.0,0.1971,0.17458,0
4541,43,North,Salaried,Construction,2025Q3,86321.0,691.0,69.09,87.68,87.81,100721.0,0.3151,0.89581,0
4542,57,South,Salaried,Manufacturing,2024Q4,119957.0,683.0,59.5,74.09,91.32,118460.0,0.4668,0.83753,0
4543,43,North,Salaried,Healthcare,2025Q4,53318.0,752.0,48.06,57.63,74.29,89702.0,0.3857,0.51948,0
4544,59,South,Salaried,IT,2025Q4,64383.0,808.0,13.65,44.31,87.25,38061.0,0.2,0.17644,0
4545,48,South,Salaried,Construction,2025Q2,66515.0,754.0,14.49,91.39,57.58,154897.0,0.5601,0.41294,0
4546,39,West,Salaried,Manufacturing,2025Q3,38135.0,758.0,42.7,74.75,41.51,300252.0,0.2742,0.45316,0
4547,69,North,Salaried,Construction,2025Q4,73463.0,690.0,27.1,53.15,90.5,104171.0,0.4585,0.51887,0
4548,68,East,Salaried,Transport,2025Q4,109085.0,766.0,47.37,63.78,52.01,67217.0,0.5171,0.44231,0
4549,50,East,Salaried,Retail,2025Q1,101139.0,766.0,45.89,30.27,80.07,43964.0,0.4748,0.33365,0
4550,41,West,Business,Healthcare,2025Q1,109557.0,684.0,60.32,22.61,76.24,61093.0,0.2422,0.53679,0
4551,44,West,Salaried,Manufacturing,2024Q4,64155.0,697.0,26.88,29.6,48.7,29963.0,0.4793,0.23138,1
4552,41,North,Business,Manufacturing,2025Q2,51770.0,623.0,44.67,31.38,50.77,38542.0,0.3774,0.49983,0
4553,46,North,SelfEmployed,IT,2025Q1,136401.0,636.0,56.64,71.58,58.1,65044.0,0.1904,0.79823,0
4554,56,West,Salaried,IT,2025Q2,85369.0,686.0,39.45,17.61,81.63,91261.0,0.339,0.36792,0
4555,46,South,Salaried,IT,2025Q4,39691.0,651.0,59.84,74.98,42.16,26033.0,0.2295,0.76724,0
4556,53,East,SelfEmployed,Construction,2024Q4,144010.0,754.0,17.88,52.11,62.39,83670.0,0.3965,0.23882,0
4557,56,East,Salaried,Healthcare,2025Q2,77751.0,701.0,54.03,39.61,76.58,221410.0,0.4442,0.56217,0
4558,24,East,Salaried,Construction,2025Q1,20000.0,739.0,66.58,32.04,49.43,99189.0,0.4847,0.43178,0
4559,29,West,Salaried,Healthcare,2025Q4,116363.0,643.0,29.91,51.19,46.57,103438.0,0.3405,0.45829,0
4560,28,West,Salaried,Manufacturing,2025Q3,22241.0,781.0,31.98,33.58,61.46,97159.0,0.2396,0.19299,0
4561,22,East,SelfEmployed,Construction,2025Q4,87210.0,737.0,15.01,43.65,55.76,23855.0,0.2052,0.19508,0
4562,49,South,Salaried,Construction,2025Q1,101061.0,732.0,48.49,71.51,75.7,25377.0,0.431,0.65022,0
4563,43,West,Salaried,Construction,2025Q1,97035.0,762.0,43.15,61.34,93.33,111154.0,0.4665,0.55754,0
4564,26,North,Salaried,Retail,2025Q3,118902.0,728.0,12.42,72.32,40.25,120230.0,0.4154,0.28171,0
4565,63,North,Salaried,Transport,2025Q4,105428.0,654.0,55.13,69.17,89.63,151959.0,0.2472,0.83111,1
4566,56,West,Salaried,Healthcare,2025Q2,126416.0,744.0,59.76,78.36,63.83,188185.0,0.2729,0.70124,0
4567,66,South,Salaried,Healthcare,2025Q2,77675.0,667.0,64.43,23.15,76.52,50942.0,0.2811,0.60489,0
4568,41,North,SelfEmployed,Construction,2025Q4,69660.0,722.0,42.74,94.56,86.81,144289.0,0.1695,0.78171,1
4569,42,North,Salaried,Retail,2025Q2,71334.0,667.0,37.15,47.82,71.54,142892.0,0.4102,0.53576,0
4570,29,West,SelfEmployed,Construction,2025Q4,114341.0,801.0,62.57,69.64,45.35,214347.0,0.3327,0.49674,0
4571,54,South,Salaried,Healthcare,2025Q4,64016.0,747.0,33.92,66.0,47.73,224625.0,0.5216,0.37964,0
4572,46,East,Salaried,Transport,2025Q1,101185.0,765.0,49.33,55.95,83.41,55672.0,0.2331,0.5266,0
4573,21,North,Salaried,Transport,2024Q4,58502.0,668.0,46.92,94.62,52.6,69169.0,0.3323,0.78857,0
4574,56,West,Salaried,Manufacturing,2025Q1,58954.0,726.0,32.33,24.56,71.3,84584.0,0.2003,0.25765,0
4575,64,West,Salaried,Retail,2025Q2,109607.0,720.0,15.21,42.96,63.54,40987.0,0.3041,0.23501,0
4576,25,South,Salaried,Transport,2024Q4,90917.0,716.0,11.28,16.5,56.7,158830.0,0.4447,0.11639,0
4577,61,South,SelfEmployed,Retail,2025Q4,26009.0,603.0,35.69,21.37,83.28,63037.0,0.3567,0.53163,0
4578,42,North,SelfEmployed,Construction,2025Q2,58655.0,818.0,38.87,69.17,80.22,165776.0,0.234,0.41443,0
4579,24,West,Salaried,Manufacturing,2025Q3,20000.0,708.0,59.36,5.44,75.54,210875.0,0.1701,0.37442,0
4580,68,East,Salaried,Healthcare,2025Q2,70612.0,738.0,34.86,85.08,60.5,60017.0,0.3098,0.56947,0
4581,22,West,Salaried,Transport,2024Q4,73164.0,638.0,26.87,61.99,52.46,21550.0,0.3747,0.53521,0
4582,36,South,Salaried,Transport,2024Q4,68149.0,791.0,37.73,44.68,68.37,71678.0,0.4484,0.27896,0
4583,36,West,Salaried,IT,2025Q4,110162.0,786.0,24.28,34.82,84.94,186470.0,0.2604,0.21184,0
4584,42,West,Salaried,Healthcare,2025Q3,90326.0,757.0,15.48,16.36,71.66,184773.0,0.2573,0.11842,0
4585,63,East,Business,Transport,2025Q4,141646.0,725.0,16.78,87.94,93.36,68163.0,0.6048,0.59924,0
4586,21,West,SelfEmployed,Transport,2025Q3,93353.0,838.0,29.15,69.11,40.85,79642.0,0.3471,0.19898,0
4587,35,South,Salaried,Healthcare,2025Q3,93813.0,764.0,10.76,35.28,94.91,65723.0,0.4644,0.20033,0
4588,44,North,Salaried,Manufacturing,2025Q4,86800.0,635.0,23.21,11.38,78.03,48264.0,0.1981,0.30417,0
4589,24,East,Salaried,Retail,2025Q2,73275.0,722.0,57.25,34.31,85.8,22005.0,0.3886,0.54575,0
4590,38,East,SelfEmployed,Healthcare,2025Q1,63759.0,742.0,24.08,21.62,58.42,105214.0,0.4386,0.15476,0
4591,37,East,Salaried,Retail,2025Q3,74125.0,716.0,16.64,75.76,67.96,52131.0,0.3569,0.44685,0
4592,27,North,Salaried,Manufacturing,2024Q4,75273.0,742.0,66.94,69.76,83.83,84992.0,0.1411,0.76455,0
4593,65,South,SelfEmployed,Manufacturing,2025Q4,77645.0,789.0,47.35,49.83,81.84,117541.0,0.2411,0.4206,0
4594,30,South,Salaried,Construction,2025Q2,95900.0,700.0,13.6,84.73,58.37,137664.0,0.3941,0.47621,0
4595,21,South,Salaried,IT,2025Q3,87502.0,689.0,13.73,21.26,57.84,45174.0,0.1582,0.16775,0
4596,22,East,Salaried,Manufacturing,2025Q2,67077.0,650.0,46.73,45.68,76.45,36912.0,0.654,0.64295,0
4597,69,East,Salaried,Manufacturing,2025Q4,61546.0,607.0,42.41,68.96,91.35,110419.0,0.4868,0.83305,1
4598,42,North,Salaried,Retail,2024Q4,85607.0,693.0,14.1,11.1,64.13,116167.0,0.1692,0.14431,0
4599,52,South,Salaried,Manufacturing,2025Q3,56832.0,673.0,23.46,38.54,59.41,49292.0,0.3815,0.32662,0
4600,49,South,Salaried,Healthcare,2025Q3,69328.0,699.0,65.74,56.45,89.21,146727.0,0.3591,0.77427,0
4601,55,North,Salaried,Construction,2025Q2,66716.0,678.0,44.32,38.01,77.57,71208.0,0.4807,0.5302,1
4602,37,West,SelfEmployed,Construction,2025Q4,140651.0,651.0,36.42,48.22,61.36,43470.0,0.0504,0.52775,0
4603,32,West,Salaried,Healthcare,2025Q1,48146.0,680.0,25.01,59.73,43.15,36747.0,0.3704,0.39008,0
4604,44,South,Salaried,Transport,2025Q3,60184.0,738.0,18.02,38.16,79.68,102924.0,0.2057,0.24676,0
4605,50,West,Salaried,Manufacturing,2024Q4,66111.0,681.0,34.16,14.54,59.41,86521.0,0.4027,0.25634,0
4606,64,West,SelfEmployed,IT,2025Q3,68701.0,700.0,65.34,17.55,43.88,95402.0,0.2195,0.3918,0
4607,50,West,SelfEmployed,Manufacturing,2025Q3,104995.0,825.0,12.92,52.43,73.68,33718.0,0.5143,0.15472,0
4608,40,North,Salaried,Construction,2025Q1,73640.0,769.0,69.46,20.73,57.77,15403.0,0.3871,0.35786,1
4609,62,West,Salaried,IT,2025Q1,46895.0,723.0,22.47,85.09,58.62,112143.0,0.1337,0.50004,0
4610,27,South,SelfEmployed,Transport,2025Q4,115773.0,724.0,34.53,80.08,66.35,169492.0,0.05,0.58375,0
4611,62,South,Salaried,Retail,2025Q3,86591.0,671.0,12.7,36.41,79.46,23542.0,0.4098,0.31343,0
4612,58,North,Salaried,Retail,2025Q3,90513.0,687.0,45.09,79.79,55.2,54471.0,0.2666,0.68569,0
4613,27,South,Business,Manufacturing,2025Q2,96271.0,695.0,39.01,52.99,44.45,463905.0,0.4188,0.4265,0
4614,69,North,Salaried,Manufacturing,2025Q2,49199.0,716.0,50.0,19.31,63.34,108468.0,0.2708,0.33334,0
4615,50,North,Business,IT,2024Q4,79828.0,708.0,42.56,60.28,43.02,182654.0,0.4944,0.46718,0
4616,32,South,SelfEmployed,IT,2024Q4,100531.0,648.0,33.89,66.15,78.35,228829.0,0.4711,0.68184,0
4617,69,West,Salaried,Transport,2025Q2,63993.0,743.0,54.27,12.55,92.76,52106.0,0.4018,0.37539,0
4618,51,West,Business,Manufacturing,2024Q4,87667.0,678.0,11.5,33.3,76.23,376557.0,0.2421,0.26764,0
4619,38,South,SelfEmployed,Construction,2025Q3,93588.0,816.0,42.46,5.48,55.15,21664.0,0.2797,0.10086,0
4620,66,West,Salaried,Retail,2025Q1,43501.0,779.0,16.83,33.48,49.99,104425.0,0.3189,0.11527,0
4621,63,West,Salaried,Transport,2025Q3,54189.0,619.0,36.16,35.19,52.8,93130.0,0.224,0.47694,1
4622,22,West,Salaried,IT,2025Q2,22881.0,696.0,57.47,61.72,52.19,33781.0,0.4294,0.64135,0
4623,53,North,Salaried,Construction,2025Q4,85668.0,798.0,18.55,22.91,57.26,43504.0,0.3109,0.09117,0
4624,31,East,SelfEmployed,Manufacturing,2025Q4,127124.0,746.0,66.15,7.71,45.35,47602.0,0.3282,0.26618,0
4625,54,West,Salaried,Healthcare,2025Q2,62695.0,715.0,63.31,33.41,89.26,26595.0,0.2876,0.61165,0
4626,36,East,Salaried,IT,2025Q3,75183.0,582.0,34.89,79.31,88.68,27191.0,0.3478,0.85849,0
4627,55,South,Salaried,Transport,2024Q4,105333.0,698.0,10.36,40.92,73.84,58409.0,0.3711,0.2606,0
4628,53,South,SelfEmployed,Healthcare,2024Q4,86647.0,722.0,57.38,42.36,43.41,52067.0,0.2843,0.44005,0
4629,41,East,Salaried,Construction,2025Q4,55658.0,597.0,62.85,47.21,84.22,46188.0,0.3216,0.83941,0
4630,40,South,Salaried,Retail,2025Q2,118158.0,744.0,20.48,72.66,43.4,130944.0,0.2941,0.31694,0
4631,28,North,Salaried,Construction,2025Q2,84933.0,671.0,64.97,48.2,45.85,43236.0,0.2944,0.63895,0
4632,46,South,Salaried,Retail,2025Q1,74195.0,727.0,64.85,13.22,57.89,88215.0,0.3525,0.3616,0
4633,53,West,Salaried,Construction,2025Q4,76264.0,717.0,38.28,23.58,63.73,73077.0,0.05,0.28003,0
4634,46,West,Salaried,IT,2025Q2,94772.0,696.0,57.88,21.91,59.46,58642.0,0.5183,0.42766,0
4635,57,North,Salaried,IT,2025Q1,64665.0,754.0,36.7,50.71,49.09,28067.0,0.4416,0.30505,0
4636,50,West,Salaried,Transport,2024Q4,119291.0,725.0,43.84,7.69,46.17,64889.0,0.3693,0.18188,0
4637,51,South,Business,Healthcare,2025Q4,111466.0,850.0,29.19,30.53,87.27,46671.0,0.4505,0.14778,0
4638,53,East,Salaried,Construction,2025Q4,80212.0,808.0,19.57,59.65,59.97,143352.0,0.1872,0.2003,0
4639,31,West,Salaried,Construction,2025Q2,81540.0,654.0,54.79,36.92,52.02,114346.0,0.1404,0.55294,0
4640,61,West,Salaried,Healthcare,2025Q2,58849.0,775.0,10.08,68.69,66.78,48455.0,0.1233,0.2534,0
4641,25,West,Salaried,Manufacturing,2025Q3,64067.0,669.0,44.77,40.21,42.03,39131.0,0.4019,0.43117,1
4642,22,South,Salaried,Transport,2024Q4,51615.0,645.0,61.88,93.13,73.02,39108.0,0.3669,0.90174,0
4643,33,West,Salaried,Construction,2024Q4,74898.0,629.0,23.28,91.88,53.67,61549.0,0.3932,0.70471,0
4644,38,North,Salaried,Transport,2025Q1,81559.0,690.0,29.97,76.99,72.9,152396.0,0.4623,0.62127,0
4645,46,East,Salaried,Construction,2025Q1,40248.0,765.0,45.25,90.9,73.78,167081.0,0.0651,0.67127,0
4646,45,East,Salaried,Construction,2025Q3,97223.0,719.0,24.81,23.43,84.51,11311.0,0.2058,0.25885,0
4647,64,East,SelfEmployed,Manufacturing,2024Q4,58228.0,738.0,60.85,72.58,52.64,211699.0,0.2716,0.65158,0
4648,34,South,Salaried,IT,2025Q1,90295.0,533.0,32.0,33.95,65.49,67335.0,0.4299,0.65269,0
4649,25,West,Salaried,Transport,2024Q4,100181.0,697.0,44.9,70.28,92.9,27924.0,0.3679,0.73461,0
4650,62,North,Salaried,Healthcare,2024Q4,112676.0,652.0,23.57,38.65,79.99,70557.0,0.666,0.43936,0
4651,22,North,Salaried,Transport,2025Q1,107426.0,623.0,12.48,31.05,93.64,41001.0,0.2188,0.41837,0
4652,24,East,Salaried,Manufacturing,2025Q2,121416.0,644.0,20.42,91.29,91.01,232495.0,0.4127,0.77025,0
4653,32,South,Salaried,Retail,2025Q2,100387.0,714.0,12.77,23.89,73.59,48746.0,0.464,0.17844,0
4654,31,West,Salaried,Retail,2025Q1,84193.0,746.0,38.12,73.27,54.52,37439.0,0.5258,0.48091,0
4655,24,South,Salaried,Manufacturing,2025Q3,68183.0,660.0,45.2,65.72,81.63,317858.0,0.3254,0.73962,0
4656,63,North,Salaried,Manufacturing,2025Q4,77014.0,742.0,12.68,32.31,78.4,96747.0,0.1937,0.18618,0
4657,29,West,Business,IT,2024Q4,120737.0,755.0,15.43,46.25,72.39,51173.0,0.4287,0.22544,0
4658,30,South,Salaried,Transport,2025Q4,75054.0,728.0,39.13,17.86,78.38,267541.0,0.385,0.28318,0
4659,47,North,Salaried,Transport,2025Q1,79871.0,663.0,57.95,87.91,73.75,182810.0,0.4191,0.86296,0
4660,26,East,SelfEmployed,Retail,2024Q4,116906.0,683.0,47.68,92.13,68.57,47556.0,0.5121,0.80234,0
4661,35,South,Salaried,Healthcare,2025Q4,74167.0,728.0,16.28,70.92,62.88,41618.0,0.3215,0.37296,0
4662,62,East,Salaried,Transport,2025Q2,60130.0,671.0,63.25,81.45,42.46,78364.0,0.2254,0.78677,0
4663,51,South,Salaried,Construction,2025Q3,108330.0,746.0,65.05,12.44,87.61,65282.0,0.418,0.42849,0
4664,42,West,Salaried,Construction,2025Q4,59312.0,649.0,29.5,39.56,87.6,44438.0,0.387,0.52384,0
4665,26,West,Salaried,IT,2025Q3,90095.0,731.0,46.96,34.77,72.67,72117.0,0.3119,0.40628,0
4666,53,East,SelfEmployed,IT,2025Q2,85721.0,760.0,39.54,55.85,54.73,248631.0,0.2287,0.35992,0
4667,49,North,Salaried,Retail,2025Q4,87893.0,721.0,66.52,21.5,41.55,152140.0,0.391,0.3757,0
4668,41,West,Salaried,Healthcare,2025Q1,20000.0,656.0,40.52,55.7,40.08,95967.0,0.4528,0.51633,0
4669,50,East,SelfEmployed,Healthcare,2024Q4,99512.0,620.0,67.6,63.89,44.01,57610.0,0.159,0.80578,1
4670,41,East,SelfEmployed,Manufacturing,2025Q2,78513.0,649.0,21.96,16.91,59.79,66903.0,0.3553,0.24707,0
4671,56,South,Salaried,IT,2025Q3,95407.0,737.0,30.73,16.85,50.36,118059.0,0.4208,0.15503,0
4672,42,West,Salaried,Transport,2025Q3,92520.0,699.0,56.88,8.19,54.58,111579.0,0.566,0.31874,0
4673,66,East,Salaried,Construction,2025Q2,87898.0,677.0,57.02,73.48,78.48,76556.0,0.358,0.8036,0
4674,40,North,Salaried,Transport,2025Q1,70071.0,732.0,53.93,34.79,92.75,156373.0,0.5366,0.53096,0
4675,42,South,Salaried,Construction,2025Q1,70346.0,601.0,61.58,25.29,51.37,32362.0,0.4506,0.63272,0
4676,60,West,Salaried,Retail,2025Q3,78643.0,696.0,52.15,75.03,65.61,145649.0,0.4531,0.72308,0
4677,31,North,Business,Construction,2025Q2,84287.0,649.0,48.17,17.89,94.53,112945.0,0.2533,0.55409,0
4678,67,West,Salaried,Transport,2025Q2,69400.0,636.0,37.54,43.45,91.24,26940.0,0.6472,0.64453,0
4679,51,East,Salaried,Transport,2024Q4,103573.0,682.0,38.03,72.03,59.38,46179.0,0.3575,0.61742,0
4680,60,East,Salaried,Healthcare,2025Q3,71804.0,846.0,34.37,56.64,57.58,208680.0,0.3744,0.20476,0
4681,33,South,Salaried,Healthcare,2025Q1,55504.0,745.0,47.21,54.86,53.32,105674.0,0.3524,0.43279,0
4682,38,North,Salaried,IT,2025Q4,94881.0,648.0,34.4,19.17,48.55,67454.0,0.4988,0.30089,0
4683,42,West,Salaried,Transport,2025Q1,127029.0,777.0,18.85,21.28,65.3,92068.0,0.585,0.11551,0
4684,37,South,SelfEmployed,Retail,2025Q1,50811.0,638.0,16.39,57.43,58.76,73773.0,0.4292,0.45112,0
4685,58,West,Salaried,Construction,2025Q4,76867.0,793.0,65.47,7.12,80.97,94111.0,0.3039,0.29089,0
4686,45,South,Salaried,IT,2025Q3,106598.0,662.0,11.48,83.22,53.03,140832.0,0.5538,0.50708,0
4687,52,North,Salaried,Manufacturing,2024Q4,94246.0,716.0,16.33,36.54,80.5,259780.0,0.1986,0.26555,0
4688,35,North,Salaried,Manufacturing,2025Q1,95531.0,825.0,36.72,42.5,55.85,36933.0,0.2665,0.18302,0
4689,33,South,Salaried,Construction,2025Q1,80762.0,691.0,25.78,28.26,72.6,165296.0,0.1835,0.29795,0
4690,46,West,SelfEmployed,Construction,2025Q3,20000.0,811.0,34.35,83.9,75.11,56393.0,0.306,0.46658,0
4691,31,South,Business,Construction,2025Q3,86446.0,706.0,17.05,62.83,76.95,30951.0,0.4705,0.42263,0
4692,33,South,Salaried,Healthcare,2025Q2,89337.0,705.0,17.85,45.49,49.64,182859.0,0.3232,0.24525,0
4693,53,South,Salaried,Construction,2025Q3,108146.0,661.0,58.04,57.68,55.55,45088.0,0.3571,0.69556,0
4694,57,South,SelfEmployed,Manufacturing,2025Q3,61226.0,788.0,55.55,39.23,53.54,147060.0,0.3937,0.32056,1
4695,58,South,Salaried,Construction,2025Q1,122070.0,683.0,16.26,46.9,71.69,155635.0,0.3226,0.34833,0
4696,21,West,Salaried,Transport,2024Q4,72239.0,815.0,50.07,37.19,44.17,285037.0,0.216,0.21014,0
4697,59,South,Salaried,Retail,2025Q1,67934.0,675.0,46.56,41.96,68.5,173643.0,0.1515,0.54229,1
4698,47,South,SelfEmployed,Manufacturing,2025Q3,61981.0,685.0,52.8,33.35,44.81,182104.0,0.5068,0.42806,0
4699,56,North,Salaried,Retail,2025Q2,106158.0,765.0,38.47,11.99,58.54,167002.0,0.2738,0.15578,0
4700,52,West,SelfEmployed,Manufacturing,2024Q4,52600.0,704.0,26.2,8.36,77.77,85645.0,0.2677,0.2025,0
4701,61,North,SelfEmployed,IT,2025Q2,95798.0,726.0,49.82,20.67,62.69,188860.0,0.1707,0.31969,0
4702,35,North,Salaried,Transport,2025Q4,59811.0,638.0,32.28,27.65,55.42,60851.0,0.3335,0.37446,0
4703,51,East,SelfEmployed,Manufacturing,2025Q2,78896.0,716.0,23.14,85.14,73.87,47264.0,0.4151,0.575,0
4704,26,East,SelfEmployed,Transport,2025Q2,41884.0,730.0,34.52,60.01,80.71,110898.0,0.3063,0.50082,0
4705,45,South,Salaried,Manufacturing,2025Q3,99634.0,805.0,55.8,91.25,54.0,174114.0,0.3921,0.60501,0
4706,69,South,Salaried,Retail,2025Q3,76249.0,684.0,38.55,35.57,56.47,64877.0,0.1129,0.383,1
4707,38,West,Salaried,Retail,2025Q3,93936.0,729.0,27.99,41.16,75.22,55477.0,0.3705,0.32485,0
4708,42,North,Salaried,Manufacturing,2025Q3,75527.0,777.0,59.91,69.78,93.09,26767.0,0.3009,0.69543,1
4709,51,West,Salaried,Manufacturing,2025Q3,93194.0,712.0,62.9,57.01,51.76,41124.0,0.1772,0.62009,0
4710,56,East,Salaried,Healthcare,2025Q2,78847.0,770.0,36.0,52.51,75.98,44916.0,0.1558,0.37155,0
4711,29,South,Salaried,Transport,2025Q4,98516.0,847.0,32.48,56.8,89.86,172493.0,0.2469,0.28154,0
4712,66,South,SelfEmployed,Transport,2025Q3,93345.0,712.0,46.76,57.57,65.41,55088.0,0.2043,0.55731,0
4713,23,South,Salaried,Transport,2025Q4,84906.0,783.0,13.48,73.92,57.43,102427.0,0.3917,0.25947,0
4714,53,West,Salaried,Transport,2025Q4,57496.0,738.0,51.48,65.13,76.68,25579.0,0.4022,0.62626,0
4715,47,South,Salaried,IT,2025Q1,69065.0,757.0,56.94,91.16,41.73,181737.0,0.3706,0.6583,0
4716,63,South,Salaried,IT,2025Q1,60695.0,749.0,33.85,90.32,59.81,86238.0,0.3952,0.5696,0
4717,21,East,Salaried,Construction,2024Q4,115717.0,769.0,20.48,42.97,54.19,28388.0,0.1615,0.1754,0
4718,64,West,Salaried,Manufacturing,2025Q1,99509.0,765.0,11.73,8.22,52.35,50875.0,0.411,0.06431,0
4719,29,South,Salaried,Manufacturing,2025Q3,80944.0,706.0,48.23,6.0,49.89,42504.0,0.43,0.2308,0
4720,25,West,SelfEmployed,Manufacturing,2025Q4,65946.0,679.0,26.14,16.09,80.54,86000.0,0.3829,0.28071,1
4721,35,South,SelfEmployed,Manufacturing,2024Q4,60256.0,733.0,37.83,11.74,92.53,56944.0,0.3382,0.27875,0
4722,29,North,Salaried,Transport,2025Q1,83062.0,630.0,33.18,38.6,61.16,59359.0,0.2609,0.48433,0
4723,65,North,SelfEmployed,Transport,2025Q2,126080.0,744.0,20.49,9.76,42.7,40700.0,0.3906,0.08683,0
4724,48,South,SelfEmployed,IT,2024Q4,80148.0,751.0,40.5,61.24,79.54,30956.0,0.3041,0.50776,0
4725,33,North,Salaried,Retail,2025Q3,110048.0,700.0,37.58,22.12,69.6,129897.0,0.4607,0.31494,0
4726,44,North,Business,Healthcare,2025Q4,86892.0,712.0,47.45,51.26,79.8,146922.0,0.3833,0.57504,0
4727,65,West,SelfEmployed,Transport,2025Q3,94064.0,760.0,25.11,14.28,75.63,45884.0,0.3298,0.14977,0
4728,30,West,Salaried,Transport,2025Q3,68102.0,751.0,22.88,79.5,89.8,103695.0,0.3089,0.52797,0
4729,62,East,Salaried,Transport,2025Q2,75073.0,761.0,58.86,75.2,47.72,39134.0,0.331,0.59238,1
4730,42,North,Salaried,Retail,2025Q2,59230.0,753.0,52.13,39.78,49.3,126697.0,0.3315,0.34892,0
4731,59,North,Salaried,Retail,2025Q4,87615.0,716.0,56.33,86.95,58.79,66519.0,0.3407,0.75377,0
4732,42,North,SelfEmployed,IT,2025Q1,73914.0,709.0,17.4,21.71,67.03,43582.0,0.195,0.18193,0
4733,57,East,Salaried,Transport,2025Q3,88997.0,733.0,23.44,78.25,90.91,35760.0,0.3786,0.56403,0
4734,59,West,SelfEmployed,Healthcare,2025Q1,55370.0,790.0,44.53,54.13,89.88,156989.0,0.3704,0.45459,0
4735,40,South,SelfEmployed,Manufacturing,2025Q4,91393.0,725.0,61.43,34.66,87.95,27624.0,0.2086,0.58238,1
4736,30,North,Salaried,Transport,2025Q3,84223.0,782.0,63.53,12.59,52.24,69219.0,0.3776,0.24048,0
4737,30,South,Salaried,IT,2025Q1,83422.0,598.0,59.91,20.42,80.13,19085.0,0.3486,0.69514,0
4738,46,South,Salaried,IT,2025Q3,89734.0,728.0,12.6,82.66,61.09,37245.0,0.2504,0.41082,1
4739,45,South,Salaried,Healthcare,2025Q2,74060.0,715.0,59.25,59.62,91.22,30036.0,0.4228,0.73496,0
4740,48,East,Salaried,Construction,2025Q2,175168.0,618.0,63.95,26.34,51.8,13162.0,0.5107,0.62405,0
4741,33,East,Salaried,IT,2024Q4,91711.0,627.0,13.4,49.63,47.77,50285.0,0.2813,0.36495,0
4742,35,North,Salaried,Retail,2025Q4,82628.0,735.0,34.98,14.71,86.33,57911.0,0.3626,0.2552,0
4743,26,North,SelfEmployed,Retail,2025Q1,98549.0,716.0,42.2,13.9,79.43,32196.0,0.4999,0.30526,1
4744,32,West,Salaried,Manufacturing,2025Q3,66969.0,753.0,23.97,86.7,85.18,47701.0,0.0869,0.5588,0
4745,39,North,Salaried,IT,2024Q4,66141.0,567.0,41.0,46.21,48.69,62137.0,0.5771,0.66332,0
4746,52,North,Salaried,Manufacturing,2025Q4,100009.0,769.0,63.16,37.54,88.66,19415.0,0.3596,0.52813,0
4747,31,North,SelfEmployed,IT,2025Q4,102229.0,769.0,62.02,90.42,77.27,74781.0,0.4409,0.77314,0
4748,58,North,Salaried,Healthcare,2025Q4,109794.0,634.0,66.39,40.91,75.84,111541.0,0.1458,0.76506,0
4749,53,South,Salaried,Transport,2025Q1,44371.0,787.0,39.05,35.26,72.04,89838.0,0.1862,0.25618,0
4750,22,West,Business,IT,2025Q2,76840.0,808.0,34.63,29.57,82.07,91096.0,0.2342,0.20448,0
4751,35,South,Salaried,Construction,2024Q4,88241.0,637.0,49.95,55.86,62.86,65677.0,0.2232,0.69941,0
4752,56,South,Salaried,Retail,2025Q1,98008.0,716.0,35.01,55.26,47.31,93354.0,0.0703,0.38079,0
4753,25,East,Salaried,Healthcare,2025Q3,93165.0,721.0,12.52,6.46,69.66,154400.0,0.2071,0.11053,0
4754,35,South,SelfEmployed,Transport,2025Q1,58723.0,611.0,53.2,63.87,81.15,424949.0,0.2503,0.83488,1
4755,63,West,Salaried,Transport,2025Q3,92869.0,692.0,26.86,75.95,48.45,35449.0,0.178,0.49911,0
4756,30,West,Salaried,Retail,2025Q3,88031.0,787.0,12.95,60.44,52.32,40912.0,0.5286,0.18039,0
4757,37,North,Salaried,Transport,2025Q4,87963.0,663.0,11.24,83.29,78.31,37065.0,0.4265,0.59686,0
4758,54,West,Business,Manufacturing,2025Q1,52589.0,811.0,65.88,29.88,54.83,178456.0,0.2617,0.3018,0
4759,44,South,Salaried,Healthcare,2025Q2,56638.0,730.0,25.12,22.28,49.35,217141.0,0.4196,0.15561,0
4760,30,West,Salaried,Construction,2025Q3,125306.0,666.0,36.87,67.76,88.92,124604.0,0.3903,0.71137,0
4761,50,South,Business,Retail,2025Q4,104653.0,712.0,67.03,21.97,48.85,28853.0,0.1433,0.42389,0
4762,23,West,Salaried,IT,2025Q2,78426.0,630.0,38.05,13.2,58.93,59223.0,0.4016,0.35879,0
4763,57,West,Business,IT,2025Q1,78853.0,734.0,14.72,13.7,63.56,93367.0,0.2999,0.11598,0
4764,23,North,Business,IT,2025Q2,135571.0,699.0,43.12,74.16,66.19,92880.0,0.4329,0.65583,0
4765,60,South,SelfEmployed,Healthcare,2025Q1,81133.0,687.0,15.29,7.59,59.87,283704.0,0.2201,0.13635,0
4766,25,West,Salaried,Construction,2025Q3,77080.0,630.0,15.71,31.05,90.19,153799.0,0.4153,0.41498,0
4767,48,West,Salaried,Transport,2024Q4,60165.0,706.0,61.09,16.63,76.22,148694.0,0.4762,0.4619,0
4768,64,North,SelfEmployed,Construction,2024Q4,74158.0,721.0,27.37,72.94,59.77,54450.0,0.3978,0.46775,0
4769,34,East,Business,Construction,2025Q3,37929.0,635.0,50.72,50.31,59.67,97835.0,0.135,0.66764,0
4770,59,South,Salaried,Retail,2025Q2,93020.0,769.0,40.54,23.49,67.66,23145.0,0.645,0.2249,0
4771,31,North,SelfEmployed,Healthcare,2025Q1,111481.0,725.0,23.34,72.54,41.85,77520.0,0.4214,0.36334,0
4772,28,South,Salaried,IT,2024Q4,111760.0,663.0,41.07,72.53,90.97,82800.0,0.3213,0.76908,1
4773,57,North,Salaried,Retail,2025Q1,62439.0,705.0,14.14,52.07,52.28,30443.0,0.4248,0.26351,0
4774,28,West,Salaried,Transport,2025Q3,22633.0,756.0,30.83,29.83,78.37,59319.0,0.6035,0.24935,0
4775,32,South,SelfEmployed,Construction,2025Q2,88482.0,785.0,41.37,57.76,82.77,204435.0,0.1804,0.4364,0
4776,35,West,Salaried,IT,2025Q1,112968.0,797.0,23.7,89.02,85.51,71212.0,0.4812,0.48523,0
4777,39,North,Salaried,Healthcare,2025Q2,39897.0,809.0,49.61,9.65,49.11,113201.0,0.33,0.12944,0
4778,68,South,Business,Manufacturing,2024Q4,70660.0,637.0,13.11,29.03,69.52,389563.0,0.3119,0.30302,0
4779,66,North,Salaried,Construction,2025Q1,88935.0,671.0,39.09,30.65,44.6,53192.0,0.3191,0.3408,0
4780,48,North,Salaried,Construction,2025Q4,58973.0,633.0,52.9,61.86,84.26,132628.0,0.099,0.80753,0
4781,27,North,Salaried,Construction,2024Q4,36796.0,770.0,35.8,63.6,66.75,64199.0,0.4077,0.40259,1
4782,60,North,Salaried,Construction,2025Q2,61407.0,700.0,62.48,23.57,48.72,158647.0,0.0587,0.42318,0
4783,27,East,Salaried,IT,2025Q3,65773.0,779.0,47.93,24.45,79.53,70927.0,0.2873,0.29038,0
4784,50,South,Business,Healthcare,2025Q4,32846.0,632.0,67.51,88.54,58.21,153156.0,0.2897,0.89619,0
4785,38,South,Salaried,Retail,2025Q1,106789.0,672.0,27.05,73.07,46.3,191271.0,0.3041,0.51395,0
4786,44,South,SelfEmployed,IT,2024Q4,118848.0,666.0,66.33,89.08,65.36,63422.0,0.0911,0.87746,1
4787,26,West,Salaried,Healthcare,2025Q1,80739.0,778.0,46.41,79.67,52.94,152939.0,0.4568,0.5133,0
4788,24,West,Salaried,Retail,2025Q1,98237.0,749.0,54.71,41.19,92.26,21968.0,0.1291,0.54157,0
4789,23,South,Salaried,Construction,2025Q4,43020.0,598.0,64.13,15.97,59.87,80047.0,0.2388,0.63043,0
4790,69,South,Salaried,Healthcare,2025Q4,76461.0,684.0,43.07,61.66,71.48,182795.0,0.2846,0.62972,0
4791,67,North,Salaried,Construction,2025Q4,65527.0,763.0,61.73,36.68,92.16,387040.0,0.3123,0.53722,0
4792,26,West,Salaried,Healthcare,2025Q4,90289.0,771.0,42.5,43.29,61.65,30223.0,0.3957,0.31262,0
4793,46,North,Salaried,Transport,2025Q3,20000.0,733.0,45.95,43.33,59.7,33199.0,0.3524,0.40017,1
4794,64,South,Salaried,Manufacturing,2025Q2,72398.0,720.0,36.71,89.29,48.93,50661.0,0.5817,0.60056,0
4795,58,South,Salaried,Construction,2025Q4,95710.0,659.0,18.74,11.2,91.61,82056.0,0.3918,0.27802,0
4796,31,South,Salaried,Construction,2024Q4,85955.0,769.0,43.21,22.38,84.04,46455.0,0.3831,0.28202,0
4797,49,North,Business,Construction,2025Q1,99573.0,644.0,68.65,59.71,52.16,136638.0,0.2809,0.78266,0
4798,40,West,Salaried,Transport,2025Q4,65041.0,621.0,57.23,84.54,58.3,60037.0,0.3864,0.86222,1
4799,30,North,Salaried,IT,2024Q4,20000.0,721.0,54.85,87.61,90.32,44408.0,0.2914,0.82044,0
4800,46,East,Business,Retail,2025Q3,107472.0,686.0,48.6,55.28,69.55,35240.0,0.2925,0.62206,0
4801,68,North,SelfEmployed,Construction,2024Q4,98979.0,750.0,30.87,8.11,70.6,76004.0,0.7305,0.15311,0
4802,47,North,Salaried,Construction,2024Q4,119219.0,737.0,20.18,37.66,75.65,100922.0,0.5351,0.24756,0
4803,34,West,Salaried,IT,2025Q3,81856.0,804.0,23.47,87.69,81.92,138055.0,0.2457,0.44867,0
4804,56,North,Salaried,IT,2025Q3,90406.0,732.0,10.38,49.99,91.66,55837.0,0.4279,0.30537,0
4805,32,West,Salaried,Manufacturing,2025Q1,138231.0,768.0,50.41,70.4,84.12,101874.0,0.3824,0.61955,0
4806,43,South,SelfEmployed,Healthcare,2025Q4,33725.0,663.0,58.71,29.23,91.4,220353.0,0.2705,0.65874,0
4807,41,North,SelfEmployed,Construction,2024Q4,91118.0,749.0,26.13,7.25,85.13,172950.0,0.6001,0.161,0
4808,28,West,Salaried,Healthcare,2025Q2,110443.0,695.0,15.51,57.05,42.55,54588.0,0.3259,0.28326,0
4809,59,North,Business,IT,2025Q2,85315.0,683.0,30.14,80.15,46.46,117731.0,0.5162,0.56029,0
4810,29,West,Salaried,IT,2025Q1,81658.0,660.0,27.52,94.12,88.67,64391.0,0.271,0.79017,0
4811,44,North,Salaried,Manufacturing,2025Q2,42911.0,795.0,37.05,81.2,41.52,53848.0,0.482,0.37888,0
4812,51,West,SelfEmployed,Retail,2025Q1,116681.0,710.0,25.85,54.86,83.68,38137.0,0.5103,0.45638,0
4813,45,North,Salaried,Transport,2025Q4,106724.0,667.0,30.38,59.79,86.74,253093.0,0.2336,0.61637,1
4814,37,South,SelfEmployed,Transport,2025Q1,112064.0,747.0,64.45,79.17,62.85,44663.0,0.3106,0.72659,0
4815,62,West,Business,Transport,2025Q3,79461.0,686.0,30.09,6.78,59.52,65493.0,0.3396,0.19444,0
4816,49,West,Salaried,IT,2025Q3,71982.0,666.0,57.13,90.65,50.69,19266.0,0.5461,0.81933,0
4817,23,West,Salaried,Construction,2025Q3,79832.0,850.0,47.55,52.81,42.69,157940.0,0.5364,0.212,0
4818,41,West,Salaried,Manufacturing,2025Q3,122483.0,644.0,30.25,90.68,81.0,71460.0,0.3025,0.79273,0
4819,28,West,Salaried,Retail,2025Q3,73492.0,813.0,59.07,73.81,44.05,167980.0,0.304,0.46938,0
4820,34,North,Salaried,Transport,2025Q3,117049.0,665.0,45.7,18.71,91.96,93645.0,0.3794,0.49869,1
4821,59,South,Salaried,Manufacturing,2025Q3,76323.0,744.0,10.52,19.87,56.32,80349.0,0.1614,0.09991,0
4822,36,South,SelfEmployed,IT,2025Q3,58569.0,704.0,14.12,36.83,83.68,131669.0,0.5027,0.28178,0
4823,38,South,Salaried,Transport,2025Q3,28069.0,751.0,55.16,28.76,43.28,72565.0,0.2464,0.29296,0
4824,51,South,Salaried,Retail,2025Q4,94353.0,634.0,36.79,44.54,69.5,20175.0,0.3617,0.57143,0
4825,31,South,Salaried,Healthcare,2025Q3,99203.0,627.0,34.33,59.35,59.2,88034.0,0.5182,0.61857,0
4826,58,North,SelfEmployed,Retail,2025Q1,51237.0,752.0,18.75,44.29,41.65,159254.0,0.4034,0.1648,0
4827,40,East,Salaried,Construction,2025Q4,116922.0,612.0,19.44,10.08,76.07,39968.0,0.3023,0.30564,0
4828,66,North,Salaried,Transport,2025Q2,45466.0,646.0,57.87,92.81,91.87,16737.0,0.2273,0.91439,0
4829,65,South,SelfEmployed,Transport,2024Q4,97711.0,705.0,59.74,43.26,40.59,44216.0,0.3434,0.48553,0
4830,24,South,Salaried,Healthcare,2025Q4,98937.0,639.0,43.6,81.6,54.87,92057.0,0.3153,0.76142,0
4831,40,West,Salaried,Healthcare,2025Q3,106829.0,646.0,27.71,11.66,78.7,32067.0,0.665,0.31788,1
4832,51,East,SelfEmployed,Transport,2025Q4,30730.0,687.0,65.96,77.91,87.92,67441.0,0.2534,0.86368,0
4833,40,East,Salaried,Construction,2024Q4,106672.0,590.0,47.44,20.61,50.49,97404.0,0.2862,0.51921,0
4834,31,North,Business,Healthcare,2024Q4,76379.0,633.0,57.8,66.15,43.89,39579.0,0.2297,0.74694,0
4835,21,South,Salaried,IT,2025Q3,71491.0,784.0,10.2,64.56,40.48,180599.0,0.3189,0.16212,0
4836,64,North,Salaried,Transport,2025Q3,100625.0,763.0,37.02,86.88,51.84,117551.0,0.4126,0.51478,1
4837,38,South,SelfEmployed,Retail,2025Q1,104017.0,835.0,62.26,33.86,43.92,36173.0,0.2364,0.23084,0
4838,59,South,Salaried,Retail,2024Q4,30284.0,743.0,30.29,14.81,59.77,119039.0,0.3923,0.15893,0
4839,64,North,SelfEmployed,Construction,2025Q3,47755.0,782.0,53.59,82.81,64.21,41021.0,0.2045,0.61974,0
4840,53,South,SelfEmployed,IT,2024Q4,109980.0,687.0,49.46,34.84,66.4,50991.0,0.4619,0.48907,0
4841,56,West,SelfEmployed,Healthcare,2025Q1,91875.0,700.0,19.13,25.93,47.83,75350.0,0.2951,0.17393,0
4842,38,West,Business,Transport,2025Q2,84544.0,733.0,56.49,48.76,65.52,130217.0,0.3108,0.53368,0
4843,67,South,Salaried,Retail,2024Q4,55358.0,606.0,16.75,18.15,40.5,70912.0,0.5188,0.23453,0
4844,51,North,SelfEmployed,Retail,2025Q1,90971.0,740.0,53.67,31.73,53.17,97677.0,0.2976,0.34996,0
4845,55,North,Salaried,Retail,2025Q1,110473.0,676.0,69.46,39.68,60.3,199483.0,0.3977,0.66253,0
4846,59,South,Salaried,Retail,2025Q1,137948.0,685.0,67.48,29.95,46.51,87806.0,0.4347,0.52287,0
4847,58,West,SelfEmployed,Manufacturing,2025Q4,71145.0,765.0,58.01,45.52,84.77,47019.0,0.5061,0.53277,0
4848,35,North,Salaried,Construction,2025Q3,101927.0,625.0,42.07,39.62,51.07,119171.0,0.3894,0.53034,0
4849,67,West,Salaried,Healthcare,2024Q4,126372.0,713.0,50.49,74.71,81.52,49881.0,0.312,0.73126,0
4850,26,North,Salaried,Transport,2025Q4,43783.0,735.0,53.69,87.66,66.06,59790.0,0.2874,0.73418,0
4851,28,West,Salaried,Transport,2024Q4,124978.0,681.0,10.5,14.08,66.39,108498.0,0.3878,0.15661,0
4852,60,South,Business,Transport,2025Q4,85016.0,712.0,16.14,79.1,75.49,110201.0,0.2589,0.49939,0
4853,42,West,Salaried,Healthcare,2025Q3,81872.0,715.0,45.82,88.86,42.44,64418.0,0.4148,0.64911,0
4854,21,South,Salaried,Construction,2025Q1,66457.0,759.0,10.39,66.8,44.33,58748.0,0.3741,0.20945,0
4855,33,East,SelfEmployed,IT,2024Q4,70903.0,700.0,64.53,94.68,57.98,262750.0,0.21,0.84196,1
4856,44,North,Salaried,Construction,2025Q1,61375.0,641.0,39.38,35.15,62.93,15761.0,0.2026,0.49378,0
4857,41,North,Salaried,Retail,2025Q3,56174.0,678.0,25.47,79.73,63.65,94408.0,0.3599,0.59536,0
4858,65,West,Salaried,Retail,2024Q4,91241.0,691.0,33.63,65.63,77.23,74007.0,0.3155,0.59426,0
4859,63,West,Salaried,Construction,2025Q2,107817.0,666.0,61.05,34.11,40.04,54422.0,0.4479,0.51428,1
4860,24,West,Salaried,Construction,2025Q2,53806.0,720.0,65.63,68.42,92.75,89479.0,0.2399,0.80335,0
4861,27,East,SelfEmployed,Healthcare,2025Q2,62621.0,718.0,16.97,50.87,49.6,36955.0,0.4378,0.24648,0
4862,32,West,Salaried,Healthcare,2025Q3,86409.0,715.0,56.68,22.01,53.67,29383.0,0.4412,0.36265,0
4863,33,North,Business,Manufacturing,2025Q2,52137.0,661.0,44.69,20.65,89.81,151565.0,0.2081,0.50477,0
4864,64,South,SelfEmployed,Transport,2024Q4,86103.0,717.0,45.13,69.21,40.3,45656.0,0.3233,0.51287,0
4865,36,South,Salaried,Manufacturing,2025Q2,73258.0,781.0,56.77,69.07,94.52,67121.0,0.514,0.66837,0
4866,26,East,Salaried,Transport,2024Q4,39051.0,726.0,23.37,52.77,41.98,15081.0,0.3981,0.25739,0
4867,34,South,Salaried,Retail,2025Q3,91791.0,769.0,41.86,50.13,46.63,21721.0,0.3382,0.30084,0
4868,68,North,Salaried,Manufacturing,2025Q1,65975.0,716.0,29.16,21.2,53.21,87282.0,0.453,0.19389,0
4869,51,East,Business,Manufacturing,2025Q4,105626.0,675.0,15.67,43.64,64.13,156139.0,0.291,0.31504,0
4870,56,West,Salaried,IT,2025Q2,75113.0,757.0,16.3,83.43,68.51,45238.0,0.3107,0.41192,1
4871,57,South,Salaried,Construction,2025Q4,62217.0,633.0,18.19,81.93,45.76,229222.0,0.3702,0.57917,0
4872,61,North,Salaried,Healthcare,2025Q1,79169.0,679.0,46.89,64.48,44.05,179928.0,0.5205,0.58548,0
4873,55,North,Salaried,Manufacturing,2025Q3,111049.0,702.0,16.35,94.76,41.75,135910.0,0.2395,0.492,0
4874,30,North,Salaried,Healthcare,2025Q3,126046.0,746.0,44.21,85.39,54.12,156171.0,0.4065,0.59999,0
4875,37,South,Salaried,Transport,2025Q1,94827.0,780.0,45.3,18.07,90.68,183537.0,0.302,0.27491,0
4876,62,East,Salaried,Manufacturing,2025Q4,65274.0,757.0,64.23,40.92,61.44,50811.0,0.4991,0.47982,0
4877,50,East,Salaried,Transport,2025Q2,80815.0,751.0,47.58,16.87,82.02,52532.0,0.4419,0.30393,0
4878,64,East,Salaried,Manufacturing,2024Q4,77540.0,758.0,69.14,46.95,50.46,119064.0,0.3408,0.51106,0
4879,27,South,SelfEmployed,Retail,2025Q3,76244.0,765.0,11.86,74.87,43.56,30623.0,0.4216,0.24218,0
4880,38,West,Salaried,IT,2025Q1,73640.0,647.0,52.25,19.02,70.49,92277.0,0.2808,0.50521,0
4881,39,North,Salaried,Transport,2025Q4,55864.0,831.0,11.59,84.24,85.22,100845.0,0.274,0.30613,0
4882,35,South,Salaried,Construction,2025Q2,104390.0,771.0,53.76,56.22,89.42,119292.0,0.6528,0.57229,0
4883,59,West,Salaried,Construction,2025Q4,101519.0,700.0,33.15,72.41,70.04,109253.0,0.3053,0.58781,0
4884,64,North,Business,Retail,2025Q2,80579.0,730.0,46.68,9.06,56.17,29691.0,0.3714,0.2186,0
4885,42,North,Salaried,Retail,2024Q4,111469.0,638.0,28.57,13.45,46.02,22161.0,0.3029,0.2463,0
4886,59,West,Salaried,Construction,2024Q4,94776.0,696.0,19.55,60.88,76.73,76584.0,0.1958,0.44858,0
4887,62,South,SelfEmployed,Transport,2025Q1,52089.0,691.0,53.41,80.44,55.42,405153.0,0.2275,0.73403,0
4888,50,East,SelfEmployed,Construction,2025Q1,71140.0,687.0,64.28,83.65,86.42,37316.0,0.3906,0.87242,0
4889,40,North,Salaried,IT,2025Q2,117009.0,755.0,21.01,66.95,73.28,58367.0,0.1806,0.36939,0
4890,52,East,Salaried,Manufacturing,2025Q2,70984.0,716.0,65.24,23.08,87.24,90089.0,0.2646,0.55406,0
4891,62,South,SelfEmployed,IT,2025Q2,62667.0,644.0,18.41,22.55,71.17,50149.0,0.4283,0.29508,0
4892,45,North,Salaried,Construction,2025Q2,98060.0,645.0,54.14,84.32,82.45,115699.0,0.3772,0.87059,0
4893,43,East,SelfEmployed,Manufacturing,2024Q4,72995.0,602.0,67.57,15.19,56.19,120286.0,0.3005,0.63044,0
4894,25,North,SelfEmployed,Construction,2025Q1,94020.0,758.0,18.84,66.75,67.67,215145.0,0.2968,0.32781,0
4895,61,South,SelfEmployed,IT,2025Q1,79097.0,698.0,36.11,53.02,41.07,107471.0,0.2264,0.38779,0
4896,50,North,Salaried,IT,2025Q3,60084.0,752.0,30.25,42.93,73.43,58034.0,0.6175,0.30365,0
4897,68,North,SelfEmployed,Transport,2025Q1,62672.0,850.0,33.31,44.63,69.36,134291.0,0.2321,0.17586,0
4898,59,South,Salaried,Transport,2025Q1,37856.0,661.0,55.19,90.07,81.54,71096.0,0.4713,0.87501,0
4899,47,North,SelfEmployed,IT,2025Q4,52370.0,728.0,49.67,82.53,80.09,56167.0,0.0848,0.73709,0
4900,62,West,Salaried,Manufacturing,2025Q4,95709.0,789.0,68.12,82.85,74.52,54744.0,0.455,0.73451,0
4901,57,North,Salaried,Transport,2025Q3,110144.0,683.0,21.13,41.6,43.12,51746.0,0.4673,0.26032,0
4902,27,South,Salaried,Transport,2025Q2,64739.0,691.0,42.6,14.63,89.67,156763.0,0.2381,0.39122,1
4903,25,North,Salaried,Healthcare,2025Q3,45625.0,739.0,36.95,94.81,40.99,155149.0,0.2759,0.56957,0
4904,35,South,Salaried,Healthcare,2025Q3,108446.0,850.0,65.13,18.08,84.18,89098.0,0.4782,0.26304,0
4905,62,West,Business,Transport,2024Q4,109186.0,745.0,10.64,51.4,66.36,53533.0,0.213,0.22091,0
4906,28,North,Salaried,Construction,2025Q1,98074.0,664.0,69.35,28.82,84.99,83406.0,0.4024,0.70403,0
4907,29,West,SelfEmployed,Manufacturing,2024Q4,43727.0,670.0,38.78,50.97,65.58,43716.0,0.2688,0.53967,1
4908,31,North,Salaried,Retail,2025Q1,92878.0,683.0,47.53,32.44,75.58,68554.0,0.4581,0.50142,0
4909,42,East,Salaried,Transport,2025Q3,93789.0,610.0,31.6,85.72,59.98,25384.0,0.5735,0.77055,1
4910,54,South,Salaried,Healthcare,2025Q1,102514.0,701.0,61.15,92.15,80.9,67525.0,0.2293,0.86318,0
4911,55,West,Salaried,Manufacturing,2025Q2,83775.0,710.0,43.72,41.91,53.98,134597.0,0.4207,0.39787,0
4912,33,East,Business,Manufacturing,2025Q2,61246.0,713.0,49.77,11.32,79.56,50382.0,0.4674,0.34733,0
4913,31,South,Salaried,Healthcare,2025Q3,69886.0,630.0,48.93,64.7,50.64,150290.0,0.1107,0.71157,1
4914,52,North,Salaried,Manufacturing,2025Q4,109426.0,729.0,31.84,38.9,79.72,112325.0,0.4705,0.35239,0
4915,62,North,Salaried,Manufacturing,2025Q2,89489.0,656.0,14.56,93.74,56.15,99220.0,0.3921,0.61667,0
4916,35,West,Business,Healthcare,2025Q3,47299.0,697.0,58.46,13.04,55.32,49320.0,0.4269,0.36238,0
4917,58,South,Salaried,IT,2024Q4,122662.0,669.0,27.38,15.72,84.63,38683.0,0.1309,0.31664,0
4918,21,South,Salaried,Transport,2025Q4,108889.0,774.0,60.94,67.95,84.75,147638.0,0.4393,0.67041,0
4919,66,West,Salaried,Construction,2025Q2,121562.0,672.0,46.52,73.28,78.03,32109.0,0.3281,0.75388,0
4920,44,South,Salaried,Retail,2025Q3,108358.0,784.0,31.22,47.4,90.81,55630.0,0.2133,0.33443,0
4921,63,West,Salaried,Construction,2025Q3,56790.0,717.0,45.65,29.95,48.59,86889.0,0.4341,0.31161,0
4922,60,East,SelfEmployed,IT,2024Q4,88250.0,733.0,48.73,32.88,54.81,396461.0,0.4473,0.34106,0
4923,42,East,Salaried,IT,2024Q4,95087.0,715.0,52.4,35.42,56.17,120859.0,0.3408,0.4215,0
4924,23,West,Salaried,Manufacturing,2025Q4,46392.0,663.0,59.34,25.28,56.79,46011.0,0.3935,0.51473,0
4925,34,North,Salaried,Construction,2025Q2,50690.0,732.0,19.59,81.56,58.04,72232.0,0.3306,0.43499,0
4926,22,South,Salaried,IT,2025Q3,98585.0,686.0,66.65,10.86,78.34,62109.0,0.185,0.51377,0
4927,52,South,Salaried,Construction,2025Q4,100567.0,727.0,34.65,41.66,54.89,91996.0,0.3327,0.30672,0
4928,68,North,Business,IT,2025Q4,139205.0,743.0,61.63,72.28,55.73,147025.0,0.494,0.65613,0
4929,58,East,SelfEmployed,Retail,2024Q4,73490.0,815.0,23.23,5.34,71.37,47420.0,0.4957,0.0746,0
4930,53,West,SelfEmployed,IT,2025Q3,37926.0,736.0,11.74,84.02,50.63,83814.0,0.2509,0.36012,1
4931,66,South,SelfEmployed,Construction,2025Q1,76222.0,763.0,44.4,68.57,60.07,144865.0,0.3787,0.48658,1
4932,62,South,Salaried,Manufacturing,2024Q4,101086.0,746.0,29.48,11.6,43.19,31616.0,0.3592,0.11422,0
4933,26,West,Salaried,Construction,2025Q3,70898.0,698.0,69.07,85.55,92.39,66392.0,0.4093,0.89241,0
4934,61,South,Salaried,Healthcare,2025Q4,82544.0,747.0,16.27,48.86,57.45,56528.0,0.3562,0.21289,0
4935,59,South,Salaried,Construction,2025Q4,63948.0,703.0,12.84,63.7,86.75,72141.0,0.4367,0.43872,0
4936,45,South,Salaried,Retail,2025Q2,109827.0,687.0,12.7,84.38,69.15,15476.0,0.3003,0.53233,0
4937,54,West,Salaried,Transport,2025Q1,98615.0,650.0,23.01,84.3,52.55,44688.0,0.4824,0.61912,0
4938,31,East,Salaried,Retail,2024Q4,59498.0,746.0,44.75,41.79,50.64,16691.0,0.2863,0.3273,0
4939,66,West,SelfEmployed,Retail,2025Q2,66952.0,679.0,40.33,26.39,78.22,34672.0,0.3731,0.42877,1
4940,57,West,SelfEmployed,IT,2025Q2,63013.0,745.0,31.0,28.17,93.07,80368.0,0.4299,0.30446,0
4941,61,South,Business,Retail,2025Q1,33509.0,710.0,15.33,73.93,50.07,97450.0,0.3761,0.37219,0
4942,27,South,Salaried,Construction,2024Q4,60950.0,694.0,24.02,88.65,46.35,55499.0,0.0689,0.54419,0
4943,66,West,Salaried,Transport,2024Q4,35678.0,663.0,21.05,11.5,61.29,16668.0,0.3859,0.20397,1
4944,68,South,Salaried,Manufacturing,2025Q4,103339.0,782.0,54.74,6.35,61.66,48497.0,0.4327,0.19365,0
4945,42,West,Salaried,Retail,2024Q4,105322.0,688.0,56.8,79.06,84.34,30381.0,0.3858,0.82324,0
4946,68,West,Salaried,Construction,2025Q2,72530.0,797.0,56.62,39.79,65.79,61169.0,0.463,0.35485,0
4947,59,East,Salaried,IT,2025Q4,85117.0,665.0,68.14,29.88,43.44,78223.0,0.4906,0.55548,0
4948,30,East,Salaried,IT,2024Q4,106775.0,793.0,63.05,21.95,90.64,23669.0,0.2666,0.39094,1
4949,41,West,Salaried,Manufacturing,2025Q1,99595.0,715.0,39.87,36.18,60.53,55919.0,0.1443,0.35242,0
4950,26,West,Salaried,Manufacturing,2025Q2,130117.0,757.0,34.9,92.43,76.77,15641.0,0.206,0.63425,0
4951,69,South,Salaried,Construction,2025Q3,86485.0,638.0,64.95,92.94,76.71,63908.0,0.3586,0.91794,1
4952,21,North,Salaried,Manufacturing,2025Q1,116316.0,638.0,46.67,34.84,43.1,63738.0,0.4236,0.478,0
4953,54,South,Salaried,Manufacturing,2025Q1,82378.0,724.0,27.66,91.73,40.2,25427.0,0.335,0.50817,0
4954,34,East,Salaried,IT,2024Q4,77013.0,654.0,43.87,31.99,44.84,26580.0,0.184,0.41446,0
4955,56,South,Salaried,Construction,2025Q4,96967.0,783.0,69.53,81.9,92.61,251667.0,0.3856,0.79541,0
4956,47,East,Salaried,Transport,2025Q4,93804.0,730.0,60.97,24.08,83.67,92846.0,0.3514,0.48649,0
4957,29,South,SelfEmployed,Manufacturing,2025Q2,64802.0,675.0,26.88,79.38,47.26,44835.0,0.3693,0.55064,0
4958,26,East,SelfEmployed,Construction,2024Q4,59399.0,659.0,67.18,36.84,73.82,57998.0,0.5672,0.70439,0
4959,51,North,Salaried,Retail,2025Q4,81869.0,694.0,68.89,22.62,73.66,31782.0,0.4482,0.57049,0
4960,37,East,Salaried,IT,2025Q3,32748.0,679.0,23.87,89.13,40.03,85497.0,0.3339,0.55346,0
4961,63,South,Salaried,Transport,2024Q4,72312.0,737.0,63.74,24.28,63.6,67435.0,0.1909,0.41947,0
4962,56,North,Salaried,IT,2024Q4,55442.0,706.0,62.99,94.27,79.15,121850.0,0.5114,0.86846,0
4963,41,South,Salaried,IT,2025Q4,65591.0,774.0,12.39,14.77,50.27,149992.0,0.138,0.06919,0
4964,47,East,Salaried,Healthcare,2025Q1,60532.0,745.0,50.18,5.9,86.8,188035.0,0.3162,0.28839,0
4965,61,South,Salaried,Construction,2024Q4,99198.0,662.0,28.32,83.37,76.32,133502.0,0.206,0.70682,0
4966,48,North,Salaried,Retail,2025Q1,91167.0,687.0,50.48,57.79,40.38,62844.0,0.301,0.54292,0
4967,36,West,SelfEmployed,Manufacturing,2025Q2,81324.0,662.0,64.81,42.95,87.02,28261.0,0.3391,0.75468,1
4968,55,East,Salaried,Retail,2025Q2,70416.0,663.0,39.93,12.38,41.07,59543.0,0.1921,0.25412,0
4969,56,West,SelfEmployed,Construction,2025Q4,105867.0,611.0,34.86,56.74,88.84,70690.0,0.0561,0.73242,0
4970,55,South,Salaried,IT,2025Q2,102516.0,762.0,65.29,40.44,58.35,96443.0,0.2341,0.46277,0
4971,65,South,Salaried,Healthcare,2025Q4,77221.0,781.0,68.45,48.53,78.43,49376.0,0.1875,0.57305,0
4972,39,West,Business,Construction,2025Q4,113869.0,656.0,13.73,61.74,83.31,31545.0,0.2352,0.51489,0
4973,41,South,Business,Transport,2025Q1,75261.0,650.0,65.37,62.59,55.47,87491.0,0.3161,0.77848,1
4974,53,East,Salaried,Transport,2025Q1,85118.0,741.0,14.97,91.45,59.6,397144.0,0.5326,0.45081,1
4975,43,South,Salaried,Construction,2025Q2,65645.0,665.0,30.24,63.95,68.02,198530.0,0.2781,0.57612,0
4976,26,South,Salaried,Manufacturing,2025Q1,70170.0,780.0,55.75,35.55,72.05,168334.0,0.2864,0.37787,0
4977,52,North,Salaried,Retail,2024Q4,64325.0,671.0,56.62,34.67,56.06,56473.0,0.3374,0.53535,0
4978,42,North,SelfEmployed,Retail,2025Q3,97190.0,592.0,53.55,47.94,94.58,43223.0,0.4294,0.82987,0
4979,23,North,Business,Manufacturing,2024Q4,89405.0,703.0,12.35,28.34,80.54,124686.0,0.4174,0.22517,0
4980,55,North,Salaried,Healthcare,2024Q4,53682.0,677.0,17.98,38.88,55.08,176748.0,0.1197,0.27252,0
4981,36,West,Salaried,IT,2025Q4,94161.0,718.0,66.17,80.79,75.22,60859.0,0.2246,0.81585,0
4982,62,North,Salaried,IT,2025Q3,124824.0,691.0,14.89,82.38,63.95,48579.0,0.4829,0.5097,0
4983,45,East,Salaried,Transport,2025Q4,63498.0,742.0,14.71,61.5,87.32,50232.0,0.2874,0.36703,0
4984,37,West,Business,Healthcare,2025Q1,62069.0,733.0,60.14,57.46,58.09,84970.0,0.4656,0.58559,0
4985,59,East,SelfEmployed,Manufacturing,2025Q1,80202.0,728.0,48.48,43.44,50.33,69804.0,0.4361,0.39458,0
4986,33,North,Salaried,Construction,2025Q3,114456.0,720.0,31.1,62.23,42.54,73881.0,0.0808,0.36886,0
4987,48,East,Salaried,Retail,2025Q2,69042.0,710.0,19.94,77.54,94.14,174508.0,0.1512,0.59127,0
4988,31,East,Salaried,Construction,2025Q1,126046.0,633.0,63.05,71.41,59.76,134067.0,0.31,0.83311,0
4989,30,East,Salaried,Retail,2024Q4,53574.0,731.0,69.31,8.19,52.13,64714.0,0.3981,0.3351,0
4990,59,West,SelfEmployed,Construction,2025Q3,84701.0,750.0,13.0,70.8,67.05,73081.0,0.3179,0.3238,0
4991,44,West,Salaried,Manufacturing,2025Q3,37468.0,729.0,43.25,69.8,56.04,148741.0,0.3266,0.53726,0
4992,58,East,Salaried,Manufacturing,2025Q1,56596.0,699.0,25.68,13.91,52.81,105868.0,0.3542,0.17064,0
4993,44,South,Salaried,Healthcare,2025Q1,74665.0,742.0,59.94,18.52,73.9,231811.0,0.3379,0.38464,0
4994,53,East,SelfEmployed,Construction,2025Q4,86755.0,723.0,30.76,75.91,44.12,117423.0,0.3461,0.44976,0
4995,37,North,Salaried,Construction,2025Q4,111018.0,749.0,52.88,55.31,67.99,87646.0,0.0655,0.52411,0
4996,64,West,SelfEmployed,Healthcare,2024Q4,62517.0,705.0,42.37,78.95,61.31,51819.0,0.3126,0.65089,0
4997,56,North,SelfEmployed,Healthcare,2025Q3,90516.0,631.0,42.49,21.63,69.29,24381.0,0.3115,0.47572,0
4998,55,South,Business,Manufacturing,2025Q2,46522.0,700.0,61.48,7.76,57.62,153631.0,0.2219,0.35464,0
4999,26,West,Salaried,Manufacturing,2025Q2,105246.0,658.0,38.22,19.57,71.37,154821.0,0.2581,0.38794,0
5000,36,East,Salaried,Transport,2025Q3,112760.0,685.0,60.74,45.73,44.5,190007.0,0.1498,0.56386,0
